file_name,source_dataset,original_split,original_label,esafe_label,source_family,charger_boxes,largest_charger_bbox_ratio,is_cross_split_family,low_prominence_flag,very_low_prominence_flag,duplicate_group,charger_subtype,review_notes,selection_status
image_1_jpg.rf.c1be7133e83b1248794da1a956e4e291.jpg,E-Waste Train Roboflow v1,train,charger,charger_adapter,image_1,1,0.10272779675642874,False,False,False,,,,REVIEW
image_10_jpg.rf.aa92940970b8bb0114a2a4f29cfa5610.jpg,E-Waste Train Roboflow v1,train,charger,charger_adapter,image_10,1,0.0843249414,False,False,False,,,,REVIEW
image_100_jpg.rf.d22117083c5d3def9d2fe4a12cb07dc8.jpg,E-Waste Train Roboflow v1,train,charger,charger_adapter,image_100,1,0.31167328013210494,False,False,False,,,,REVIEW
image_1003_jpg.rf.71b740d8a41cde81117520cf1d7b1a51.jpg,E-Waste Train Roboflow v1,train,charger,charger_adapter,image_1003,1,0.14888475,False,False,False,,,,REVIEW
image_1008_jpg.rf.983397f81256126b623d9a9fd3525565.jpg,E-Waste Train Roboflow v1,valid,charger,charger_adapter,image_1008,1,0.28971825,True,False,False,,,,REVIEW
image_1009_jpg.rf.f2e47e61398b6172db849dfb368b74a1.jpg,E-Waste Train Roboflow v1,train,charger,charger_adapter,image_1009,1,0.3577660960301345,True,False,False,,,,REVIEW
image_101_jpg.rf.a17ab599f90b8c9a68088e869f86e3ec.jpg,E-Waste Train Roboflow v1,train,charger,charger_adapter,image_101,1,0.28724959539118833,False,False,False,,,,REVIEW
image_1011_jpg.rf.0746a22bd106719f7cd156a556ad84f6.jpg,E-Waste Train Roboflow v1,train,charger,charger_adapter,image_1011,1,0.26560476158392077,False,False,False,,,,REVIEW
image_1012_jpg.rf.debf1922c6288b32c6976be1f0168134.jpg,E-Waste Train Roboflow v1,train,charger,charger_adapter,image_1012,1,0.17946847488111697,False,False,False,,,,REVIEW
image_1013_jpg.rf.3845770618a51ebb50ed5c83ac17ae84.jpg,E-Waste Train Roboflow v1,train,charger,charger_adapter,image_1013,1,0.17618850000000003,False,False,False,,,,REVIEW
image_1015_jpg.rf.57b671e9c295ba6ef23fc708a42a2a53.jpg,E-Waste Train Roboflow v1,train,charger,charger_adapter,image_1015,1,0.297616,True,False,False,,,,REVIEW
image_1017_jpg.rf.b2eaea863700177469d140f36769b8c3.jpg,E-Waste Train Roboflow v1,train,charger,charger_adapter,image_1017,1,0.3563522840162283,False,False,False,,,,REVIEW
image_102_jpg.rf.7b3b949107894102f4362b70dd97ac99.jpg,E-Waste Train Roboflow v1,train,charger,charger_adapter,image_102,1,0.3222613726244291,False,False,False,,,,REVIEW
image_1020_jpg.rf.58647dbdb15d34b0dad3993c7d23aef4.jpg,E-Waste Train Roboflow v1,train,charger,charger_adapter,image_1020,1,0.305613412658254,False,False,False,,,,REVIEW
image_1021_jpg.rf.9f29500cf0ff194058109c228ef08e9d.jpg,E-Waste Train Roboflow v1,valid,charger,charger_adapter,image_1021,1,0.10390624999999999,False,False,False,,,,REVIEW
image_1022_jpg.rf.a722593a0c5643a1ed73060118a82a1a.jpg,E-Waste Train Roboflow v1,train,charger,charger_adapter,image_1022,1,0.290559637337558,True,False,False,,,,REVIEW
image_1023_jpg.rf.a386c29d752b8ed2709b0142016f6a3f.jpg,E-Waste Train Roboflow v1,train,charger,charger_adapter,image_1023,1,0.13212787499999998,False,False,False,,,,REVIEW
image_1024_jpg.rf.e31153a5b17250043e1ce702d8f81f9e.jpg,E-Waste Train Roboflow v1,train,charger,charger_adapter,image_1024,1,0.294025875,False,False,False,,,,REVIEW
image_1026_jpg.rf.9e11bf721aab25d7fa54f5e3e6f93ca7.jpg,E-Waste Train Roboflow v1,train,charger,charger_adapter,image_1026,1,0.16932452394477246,False,False,False,,,,REVIEW
image_1027_jpg.rf.81473af929dc17314edd914a8b1a086c.jpg,E-Waste Train Roboflow v1,train,charger,charger_adapter,image_1027,1,0.27026476559999996,True,False,False,,,,REVIEW
image_1028_jpg.rf.671ebcfdd81c86fb8162bb1b991b9da8.jpg,E-Waste Train Roboflow v1,train,charger,charger_adapter,image_1028,1,0.15778862860290552,False,False,False,,,,REVIEW
image_1029_jpg.rf.5f229b56f14bf1bc694dab078fee0f31.jpg,E-Waste Train Roboflow v1,train,charger,charger_adapter,image_1029,1,0.28870650192846375,False,False,False,,,,REVIEW
image_103_jpg.rf.9f52b2816c557e01c6de01bf15aa5004.jpg,E-Waste Train Roboflow v1,train,charger,charger_adapter,image_103,1,0.1658671034923972,False,False,False,,,,REVIEW
image_1030_jpg.rf.77afd918821304237144b731de66be9f.jpg,E-Waste Train Roboflow v1,train,charger,charger_adapter,image_1030,1,0.45260917367210296,False,False,False,,,,REVIEW
image_1031_jpg.rf.81a70c964529019a01439a60b11905ba.jpg,E-Waste Train Roboflow v1,train,charger,charger_adapter,image_1031,1,0.3037890625,False,False,False,,,,REVIEW
image_1034_jpg.rf.7e1703c154db4a3df4f1b7fad38670ad.jpg,E-Waste Train Roboflow v1,train,charger,charger_adapter,image_1034,1,0.2895459708307207,False,False,False,,,,REVIEW
image_1037_jpg.rf.f4fe574c35e814288526e1b5655c3acd.jpg,E-Waste Train Roboflow v1,train,charger,charger_adapter,image_1037,1,0.16224377548391025,False,False,False,,,,REVIEW
image_104_jpg.rf.c1aeeb75156528f80d15a1c1bec5cf86.jpg,E-Waste Train Roboflow v1,train,charger,charger_adapter,image_104,1,0.045817125,False,False,False,,,,REVIEW
image_1040_jpg.rf.676c19ed8305c44e9db06d8c316f6e20.jpg,E-Waste Train Roboflow v1,train,charger,charger_adapter,image_1040,1,0.40888067062522065,False,False,False,,,,REVIEW
image_1042_jpg.rf.552d6dc3cf1f0e2de3b407d589882852.jpg,E-Waste Train Roboflow v1,train,charger,charger_adapter,image_1042,1,0.30879,False,False,False,,,,REVIEW
image_1043_jpg.rf.4ae24453dfd804d809de4ea7aa065184.jpg,E-Waste Train Roboflow v1,train,charger,charger_adapter,image_1043,1,0.43789200324649175,False,False,False,,,,REVIEW
image_1046_jpg.rf.607ef78605f2a64b7d6eaa61f59bc3a5.jpg,E-Waste Train Roboflow v1,train,charger,charger_adapter,image_1046,1,0.2531323164,False,False,False,,,,REVIEW
image_1048_jpg.rf.01786ee011b02f7fe2910cd6339b0640.jpg,E-Waste Train Roboflow v1,train,charger,charger_adapter,image_1048,1,0.1296558672,False,False,False,,,,REVIEW
image_1049_jpg.rf.3a3f5481b662d5300eff1a62fde9e122.jpg,E-Waste Train Roboflow v1,train,charger,charger_adapter,image_1049,1,0.3055996191843766,False,False,False,,,,REVIEW
image_105_jpg.rf.26000eecc09c397db202e7977a6ccabd.jpg,E-Waste Train Roboflow v1,valid,charger,charger_adapter,image_105,1,0.37760384678076236,True,False,False,,,,REVIEW
image_1050_jpg.rf.9d5f9929f18635740b32baad6937fcad.jpg,E-Waste Train Roboflow v1,train,charger,charger_adapter,image_1050,1,0.30830743506705477,False,False,False,,,,REVIEW
image_1056_jpg.rf.6261e3726cdd4e40388fcd61f43b338b.jpg,E-Waste Train Roboflow v1,train,charger,charger_adapter,image_1056,1,0.3441909375,False,False,False,,,,REVIEW
image_1059_jpg.rf.2ef1ec7e8353030a3f0f129c201efcd4.jpg,E-Waste Train Roboflow v1,train,charger,charger_adapter,image_1059,1,0.2576287283158078,False,False,False,,,,REVIEW
image_106_jpg.rf.140a5b45efc6ff0223d43f35b8922e27.jpg,E-Waste Train Roboflow v1,train,charger,charger_adapter,image_106,1,0.14773095854769847,False,False,False,,,,REVIEW
image_1061_jpg.rf.b6703a92f40988cd6c7197b5fefc9f81.jpg,E-Waste Train Roboflow v1,train,charger,charger_adapter,image_1061,1,0.054206609399999994,False,False,False,,,,REVIEW
image_1069_jpg.rf.04fdec6a69eddeafc1c5c334a23567ec.jpg,E-Waste Train Roboflow v1,train,charger,charger_adapter,image_1069,1,0.3061041183053758,False,False,False,,,,REVIEW
image_107_jpg.rf.899acced07bbdb227e2f57e2cb882ec6.jpg,E-Waste Train Roboflow v1,train,charger,charger_adapter,image_107,1,0.2849425897013426,False,False,False,,,,REVIEW
image_1070_jpg.rf.c1c3fdf2fdd5fc5e8344d2090aea6bbe.jpg,E-Waste Train Roboflow v1,train,charger,charger_adapter,image_1070,1,0.22007348690863968,True,False,False,,,,REVIEW
image_1073_jpg.rf.d1655788215b957a5fa4a83ea916221a.jpg,E-Waste Train Roboflow v1,train,charger,charger_adapter,image_1073,1,0.3523115809111508,False,False,False,,,,REVIEW
image_1075_jpg.rf.f596db14c9b5d9637c117a4ffe98ab22.jpg,E-Waste Train Roboflow v1,train,charger,charger_adapter,image_1075,1,0.290312202208438,False,False,False,,,,REVIEW
image_1076_jpg.rf.5e662dd06392f95d3e4068f739f86a15.jpg,E-Waste Train Roboflow v1,train,charger,charger_adapter,image_1076,1,0.1826744911302527,False,False,False,,,,REVIEW
image_1078_jpg.rf.cabd3db92b72d96b854e97f377ee9f17.jpg,E-Waste Train Roboflow v1,train,charger,charger_adapter,image_1078,1,0.261947792561071,False,False,False,,,,REVIEW
image_1079_jpg.rf.bb590a3960219ef278c9d8fc1e20b2ec.jpg,E-Waste Train Roboflow v1,train,charger,charger_adapter,image_1079,1,0.14075306249999997,False,False,False,,,,REVIEW
image_108_jpg.rf.ca109bd7340fe634265236ff3bab66ee.jpg,E-Waste Train Roboflow v1,valid,charger,charger_adapter,image_108,1,0.33685864002256344,True,False,False,,,,REVIEW
image_1080_jpg.rf.1b178b28d1e496fc790173a61e67a48b.jpg,E-Waste Train Roboflow v1,train,charger,charger_adapter,image_1080,1,0.46846639492420844,False,False,False,,,,REVIEW
image_1081_jpg.rf.c15fe6b7384d58e0e1adbb3f5f7bb138.jpg,E-Waste Train Roboflow v1,train,charger,charger_adapter,image_1081,1,0.26546134845724806,False,False,False,,,,REVIEW
image_1084_jpg.rf.c32bb91371d642734be5a7b59a207f2b.jpg,E-Waste Train Roboflow v1,train,charger,charger_adapter,image_1084,1,0.5366615,False,False,False,,,,REVIEW
image_1086_jpg.rf.84d9715cca33467e9391852d6b3e1cd4.jpg,E-Waste Train Roboflow v1,train,charger,charger_adapter,image_1086,1,0.3201831589745043,True,False,False,,,,REVIEW
image_109_jpg.rf.565261dfa5fccdac59a2134cf8a048d4.jpg,E-Waste Train Roboflow v1,valid,charger,charger_adapter,image_109,1,0.1920889922,False,False,False,,,,REVIEW
image_1090_jpg.rf.2f9d00838c59695830f4c45c936e61aa.jpg,E-Waste Train Roboflow v1,train,charger,charger_adapter,image_1090,1,0.4308398629938245,False,False,False,,,,REVIEW
image_1092_jpg.rf.8f5e08971ea1bd24a1dff24ff9981f12.jpg,E-Waste Train Roboflow v1,train,charger,charger_adapter,image_1092,1,0.2411170453446473,False,False,False,,,,REVIEW
image_1095_jpg.rf.deb9d4e1b7d4265bae82f343e5e068eb.jpg,E-Waste Train Roboflow v1,train,charger,charger_adapter,image_1095,1,0.2531092238253891,True,False,False,,,,REVIEW
image_11_jpg.rf.8e84b3c2bddfc2a72eb1ed1d70f6e4d3.jpg,E-Waste Train Roboflow v1,train,charger,charger_adapter,image_11,1,0.6152103645613981,False,False,False,,,,REVIEW
image_110_jpg.rf.8de8bd500781928062a6da248d849535.jpg,E-Waste Train Roboflow v1,train,charger,charger_adapter,image_110,1,0.20318037500000002,False,False,False,,,,REVIEW
image_1100_jpg.rf.f79f47d3facab88a07eed46e71aa403b.jpg,E-Waste Train Roboflow v1,train,charger,charger_adapter,image_1100,1,0.5787317389084297,False,False,False,,,,REVIEW
image_1103_jpg.rf.91a8162de6bdf980c22ba2b18a291049.jpg,E-Waste Train Roboflow v1,train,charger,charger_adapter,image_1103,1,0.1721521463957557,False,False,False,,,,REVIEW
image_1106_jpg.rf.f64c27006c86578f4c2090680833815c.jpg,E-Waste Train Roboflow v1,train,charger,charger_adapter,image_1106,1,0.1287746328,False,False,False,,,,REVIEW
image_1109_jpg.rf.a64532e74b8dad2e1b6129f90525a63e.jpg,E-Waste Train Roboflow v1,train,charger,charger_adapter,image_1109,1,0.289238213761221,False,False,False,,,,REVIEW
image_111_jpg.rf.148e6bfe729c4faca1ce294d4cb31130.jpg,E-Waste Train Roboflow v1,train,charger,charger_adapter,image_111,1,0.3605739363170464,True,False,False,,,,REVIEW
image_1114_jpg.rf.3be08e5d154ff1207e6d030a04042dc1.jpg,E-Waste Train Roboflow v1,train,charger,charger_adapter,image_1114,1,0.3248589336,False,False,False,,,,REVIEW
image_1116_jpg.rf.df818c951f67477e092eee7f999ef0f0.jpg,E-Waste Train Roboflow v1,train,charger,charger_adapter,image_1116,1,0.23311937573282832,False,False,False,,,,REVIEW
image_112_jpg.rf.4880d9266e8803ac153cf509f5350730.jpg,E-Waste Train Roboflow v1,train,charger,charger_adapter,image_112,1,0.37260687608175314,False,False,False,,,,REVIEW
image_113_jpg.rf.9aa280cff57df086c9881e5f9d288975.jpg,E-Waste Train Roboflow v1,train,charger,charger_adapter,image_113,1,0.32771472234164545,False,False,False,,,,REVIEW
image_1133_jpg.rf.f6de9ec3de177efc20f64c6b7b8ab180.jpg,E-Waste Train Roboflow v1,train,charger,charger_adapter,image_1133,1,0.1050860664,False,False,False,,,,REVIEW
image_1134_jpg.rf.d2e3354d32d5b52817585de31fa2b5a1.jpg,E-Waste Train Roboflow v1,train,charger,charger_adapter,image_1134,1,0.45404110141324566,False,False,False,,,,REVIEW
image_1135_jpg.rf.faf7e7b1b961964c8c1f269ccb8c6829.jpg,E-Waste Train Roboflow v1,train,charger,charger_adapter,image_1135,1,0.33929118213865095,False,False,False,,,,REVIEW
image_1139_jpg.rf.d31cb0c34ee3e69e02df9cb69ad6416f.jpg,E-Waste Train Roboflow v1,train,charger,charger_adapter,image_1139,1,0.025390625,False,True,False,,,,REVIEW
image_114_jpg.rf.3462e9ced10039c1c166118899079f6f.jpg,E-Waste Train Roboflow v1,train,charger,charger_adapter,image_114,1,0.3578696197311275,False,False,False,,,,REVIEW
image_1141_jpg.rf.24b034e760f144dd176ff0be6c2905de.jpg,E-Waste Train Roboflow v1,train,charger,charger_adapter,image_1141,1,0.05985607719332452,False,False,False,,,,REVIEW
image_1143_jpg.rf.e2dd93b84ee8ea16509b3fca9dd7310b.jpg,E-Waste Train Roboflow v1,train,charger,charger_adapter,image_1143,1,0.08929802642495384,False,False,False,,,,REVIEW
image_1144_jpg.rf.76eaf99851756c0f0165d734abbe398b.jpg,E-Waste Train Roboflow v1,train,charger,charger_adapter,image_1144,1,0.5030282856932782,False,False,False,,,,REVIEW
image_1145_jpg.rf.cc8bbc92f2f8b58777bc2c60c4ddea11.jpg,E-Waste Train Roboflow v1,train,charger,charger_adapter,image_1145,1,0.15506291670241543,False,False,False,,,,REVIEW
image_1146_jpg.rf.9cbc6076ff35e0f5279a79405e6d1c56.jpg,E-Waste Train Roboflow v1,train,charger,charger_adapter,image_1146,1,0.5722855460121368,False,False,False,,,,REVIEW
image_1147_jpg.rf.811bfe1c650b7b5c759e907f3654755b.jpg,E-Waste Train Roboflow v1,train,charger,charger_adapter,image_1147,1,0.0184603125,False,True,False,,,,REVIEW
image_1148_jpg.rf.bbbc3ff939472d3cd7320a4aebbbb1e6.jpg,E-Waste Train Roboflow v1,train,charger,charger_adapter,image_1148,1,0.18328561638720473,False,False,False,,,,REVIEW
image_1149_jpg.rf.955a1f913d8b12f6a6198d67e24c2650.jpg,E-Waste Train Roboflow v1,train,charger,charger_adapter,image_1149,1,0.13831815272029277,False,False,False,,,,REVIEW
image_1150_jpg.rf.2bfaf620ccb35938ef2ae6343463f2c3.jpg,E-Waste Train Roboflow v1,train,charger,charger_adapter,image_1150,1,0.5965314480039527,False,False,False,,,,REVIEW
image_1151_jpg.rf.34648c13382245a36a02bb2a10a8999e.jpg,E-Waste Train Roboflow v1,train,charger,charger_adapter,image_1151,1,0.06328199999999999,False,False,False,,,,REVIEW
image_1152_jpg.rf.4683a4374087b5b6ff4a0b311d124ddc.jpg,E-Waste Train Roboflow v1,train,charger,charger_adapter,image_1152,1,0.5755026547533436,False,False,False,,,,REVIEW
image_1153_jpg.rf.151279b6c872bc617c97d17642d2b73e.jpg,E-Waste Train Roboflow v1,train,charger,charger_adapter,image_1153,1,0.10494719140000001,False,False,False,,,,REVIEW
image_1154_jpg.rf.38e6f80f488bee841d8792d4e360695f.jpg,E-Waste Train Roboflow v1,train,charger,charger_adapter,image_1154,1,0.13709660348586084,False,False,False,,,,REVIEW
image_1155_jpg.rf.f600a997a0a0a3aefc6e4b0b1d53b2d1.jpg,E-Waste Train Roboflow v1,train,charger,charger_adapter,image_1155,1,0.2581388682685582,False,False,False,,,,REVIEW
image_1156_jpg.rf.786a8484a248176e6e1863f924a6c035.jpg,E-Waste Train Roboflow v1,train,charger,charger_adapter,image_1156,1,0.3784877016627967,False,False,False,,,,REVIEW
image_1157_jpg.rf.c09bfd4faa41bdf1ff7e843fd358e0cb.jpg,E-Waste Train Roboflow v1,train,charger,charger_adapter,image_1157,1,0.37349487443251095,False,False,False,,,,REVIEW
image_1158_jpg.rf.d5e2cfdab057e2ed6180b9b749b81461.jpg,E-Waste Train Roboflow v1,train,charger,charger_adapter,image_1158,1,0.6239473667705271,False,False,False,,,,REVIEW
image_1159_jpg.rf.8ff02a522bffceee10d0d428943f0528.jpg,E-Waste Train Roboflow v1,train,charger,charger_adapter,image_1159,1,0.6145684916517475,False,False,False,,,,REVIEW
image_116_jpg.rf.91e79009b921d5c84076de3ab8c0405e.jpg,E-Waste Train Roboflow v1,train,charger,charger_adapter,image_116,1,0.15265116569192888,False,False,False,,,,REVIEW
image_1160_jpg.rf.ac8f88e179786742bdb0da9c580a93a1.jpg,E-Waste Train Roboflow v1,train,charger,charger_adapter,image_1160,1,0.29806040458471944,False,False,False,,,,REVIEW
image_1161_jpg.rf.6a0a8fcd25b9815e87c379e0f145cb64.jpg,E-Waste Train Roboflow v1,train,charger,charger_adapter,image_1161,1,0.19999706665749148,False,False,False,,,,REVIEW
image_1162_jpg.rf.3dc8106d54eea05ad498fc4d9004aeac.jpg,E-Waste Train Roboflow v1,train,charger,charger_adapter,image_1162,1,0.1449437221128673,False,False,False,,,,REVIEW
image_1163_jpg.rf.ed6af0f3021402444eb315138d888ab1.jpg,E-Waste Train Roboflow v1,train,charger,charger_adapter,image_1163,1,0.47353598245810635,False,False,False,,,,REVIEW
image_1166_jpg.rf.095e23522253538df1f11bcda3d50e61.jpg,E-Waste Train Roboflow v1,valid,charger,charger_adapter,image_1166,1,0.747431441385042,True,False,False,,,,REVIEW
image_1168_jpg.rf.514a869d5c81bc523c933793f011ec70.jpg,E-Waste Train Roboflow v1,train,charger,charger_adapter,image_1168,1,0.6768383376647507,False,False,False,,,,REVIEW
image_117_jpg.rf.7b60f53871e4586146cb2d879d1f09ca.jpg,E-Waste Train Roboflow v1,train,charger,charger_adapter,image_117,1,0.31147298693634756,False,False,False,,,,REVIEW
image_1171_jpg.rf.6029edac0b73fc6665e3204ef30c7347.jpg,E-Waste Train Roboflow v1,train,charger,charger_adapter,image_1171,1,0.3345168024084471,False,False,False,,,,REVIEW
image_1172_jpg.rf.4975a67596be0d43904b72d3900bc779.jpg,E-Waste Train Roboflow v1,train,charger,charger_adapter,image_1172,1,0.09471476559999999,True,False,False,,,,REVIEW
image_1173_jpg.rf.a4721b9f4d48ddeefb6cea10da8d7c07.jpg,E-Waste Train Roboflow v1,train,charger,charger_adapter,image_1173,1,0.3609660104122925,False,False,False,,,,REVIEW
image_1174_jpg.rf.a18adafc171151863bd91f66cfa90905.jpg,E-Waste Train Roboflow v1,train,charger,charger_adapter,image_1174,1,0.022234546048502002,True,True,False,,,,REVIEW
image_1175_jpg.rf.b260436c53baf5324265e17aa8e6bee7.jpg,E-Waste Train Roboflow v1,train,charger,charger_adapter,image_1175,1,0.312452862079956,False,False,False,,,,REVIEW
image_1177_jpg.rf.c033cd04776b9362dc2e775fb3325820.jpg,E-Waste Train Roboflow v1,train,charger,charger_adapter,image_1177,1,0.046463624999999995,False,False,False,,,,REVIEW
image_1179_jpg.rf.a38eb95eb2bd40cac5fda364831b2927.jpg,E-Waste Train Roboflow v1,train,charger,charger_adapter,image_1179,1,0.36765929392834407,False,False,False,,,,REVIEW
image_118_jpg.rf.3694575de37b5792ede46b4a3dd9a16a.jpg,E-Waste Train Roboflow v1,train,charger,charger_adapter,image_118,1,0.33352779318107856,True,False,False,,,,REVIEW
image_1180_jpg.rf.e5e6a87381b90837aaf1e3a66461417d.jpg,E-Waste Train Roboflow v1,train,charger,charger_adapter,image_1180,1,0.23642088404412057,False,False,False,,,,REVIEW
image_1181_jpg.rf.a591c6e9c73a73de5ab2fff1ad0d81c5.jpg,E-Waste Train Roboflow v1,valid,charger,charger_adapter,image_1181,1,0.489368913179385,True,False,False,,,,REVIEW
image_1183_jpg.rf.a657c6436c301ed2ea4f91e51d12f729.jpg,E-Waste Train Roboflow v1,train,charger,charger_adapter,image_1183,1,0.11536963439389321,False,False,False,,,,REVIEW
image_1184_jpg.rf.93204983c87e2b7e4a17672f1ca06d60.jpg,E-Waste Train Roboflow v1,train,charger,charger_adapter,image_1184,1,0.760269889894824,False,False,False,,,,REVIEW
image_1186_jpg.rf.a139b430045faef42d086555a595e5a9.jpg,E-Waste Train Roboflow v1,train,charger,charger_adapter,image_1186,1,0.1577365692529677,True,False,False,,,,REVIEW
image_1189_jpg.rf.d474ffce01cb41b67f5b7b85f737777c.jpg,E-Waste Train Roboflow v1,valid,charger,charger_adapter,image_1189,1,0.11220868778698366,True,False,False,,,,REVIEW
image_119_jpg.rf.15f14d4b1b9273d5bf621be73be3483b.jpg,E-Waste Train Roboflow v1,train,charger,charger_adapter,image_119,1,0.1554025338809884,False,False,False,,,,REVIEW
image_1190_jpg.rf.a38f7ee226df6f98ad4229e28bfc5e01.jpg,E-Waste Train Roboflow v1,train,charger,charger_adapter,image_1190,1,0.05326882527474,False,False,False,,,,REVIEW
image_1191_jpg.rf.6c84a98f723a7f7afdf9fa28b792a796.jpg,E-Waste Train Roboflow v1,train,charger,charger_adapter,image_1191,1,0.2642315809141744,False,False,False,,,,REVIEW
image_1193_jpg.rf.47c004730fc5e12bc478c80d4350b0d8.jpg,E-Waste Train Roboflow v1,train,charger,charger_adapter,image_1193,1,0.3023475164717733,False,False,False,,,,REVIEW
image_1194_jpg.rf.62ddeefc2f29f9bc29f4c102fc1adc9c.jpg,E-Waste Train Roboflow v1,valid,charger,charger_adapter,image_1194,1,0.1171875,False,False,False,,,,REVIEW
image_1195_jpg.rf.d09aee6e367963995f82af7d6fe19951.jpg,E-Waste Train Roboflow v1,train,charger,charger_adapter,image_1195,1,0.014218999999999999,False,True,False,,,,REVIEW
image_1196_jpg.rf.487c248afcb57a1a159e5dcab6614c0b.jpg,E-Waste Train Roboflow v1,train,charger,charger_adapter,image_1196,1,0.029118954410707228,True,True,False,,,,REVIEW
image_1197_jpg.rf.3c8c7b9f0311c92ffefccef0fbff306d.jpg,E-Waste Train Roboflow v1,train,charger,charger_adapter,image_1197,1,0.35090917307975983,False,False,False,,,,REVIEW
image_1198_jpg.rf.d16e0ee85a64fdfd92eccbcda639c832.jpg,E-Waste Train Roboflow v1,train,charger,charger_adapter,image_1198,1,0.5149894924710352,False,False,False,,,,REVIEW
image_1199_jpg.rf.c948f64e7a07060a5dee0ca13762d425.jpg,E-Waste Train Roboflow v1,valid,charger,charger_adapter,image_1199,1,0.3774315897524051,True,False,False,,,,REVIEW
image_12_jpg.rf.d03cfbc11232970bf75327cc4f5387b4.jpg,E-Waste Train Roboflow v1,train,charger,charger_adapter,image_12,1,0.17573255682120456,False,False,False,,,,REVIEW
image_120_jpg.rf.78d9502504d1c3946afd7d67c54222d0.jpg,E-Waste Train Roboflow v1,train,charger,charger_adapter,image_120,1,0.38400703078292026,False,False,False,,,,REVIEW
image_1200_jpg.rf.710e603188fcd953554698693fe1f827.jpg,E-Waste Train Roboflow v1,train,charger,charger_adapter,image_1200,1,0.42803031383197326,False,False,False,,,,REVIEW
image_1202_jpg.rf.d6988eb08fb70c9e0a8cbdc9d8b20e56.jpg,E-Waste Train Roboflow v1,train,charger,charger_adapter,image_1202,1,0.4655844757380093,False,False,False,,,,REVIEW
image_1206_jpg.rf.ae3287b8f3833b723ff8b3f030f1946d.jpg,E-Waste Train Roboflow v1,train,charger,charger_adapter,image_1206,1,0.11816475000000001,False,False,False,,,,REVIEW
image_1208_jpg.rf.a0d60c51ccc2a2cbc4825fadb2d199e3.jpg,E-Waste Train Roboflow v1,train,charger,charger_adapter,image_1208,1,0.1044902871656296,False,False,False,,,,REVIEW
image_121_jpg.rf.72ff0ad3b75d9adad4301b336ccd187e.jpg,E-Waste Train Roboflow v1,train,charger,charger_adapter,image_121,1,0.3550057141433212,False,False,False,,,,REVIEW
image_1210_jpg.rf.1bf11dfff60d4af712073838df4db9da.jpg,E-Waste Train Roboflow v1,train,charger,charger_adapter,image_1210,1,0.15623676881338985,False,False,False,,,,REVIEW
image_1211_jpg.rf.733a81df07b33fd2ff5c77f4bf7eb97d.jpg,E-Waste Train Roboflow v1,train,charger,charger_adapter,image_1211,1,0.3132066313554985,False,False,False,,,,REVIEW
image_1212_jpg.rf.35995cdaa2a81c23fd380a9723b29535.jpg,E-Waste Train Roboflow v1,train,charger,charger_adapter,image_1212,1,0.488131984687426,False,False,False,,,,REVIEW
image_1213_jpg.rf.55729e14457cc482f37af2787a8d43fe.jpg,E-Waste Train Roboflow v1,train,charger,charger_adapter,image_1213,1,0.05725426559999999,False,False,False,,,,REVIEW
image_1214_jpg.rf.e3e6857d88bda7ab7152d3b6e57c2fe3.jpg,E-Waste Train Roboflow v1,train,charger,charger_adapter,image_1214,1,0.2166508921394548,False,False,False,,,,REVIEW
image_1216_jpg.rf.3f3a6351a4fd49f2468f05ddfcc78b7c.jpg,E-Waste Train Roboflow v1,train,charger,charger_adapter,image_1216,1,0.5298648182737618,False,False,False,,,,REVIEW
image_1217_jpg.rf.681e57f5ebe05064432cfb05943af213.jpg,E-Waste Train Roboflow v1,train,charger,charger_adapter,image_1217,1,0.03776024828497747,False,False,False,,,,REVIEW
image_1218_jpg.rf.801ca223fd1a2853d73df1147c6b1844.jpg,E-Waste Train Roboflow v1,train,charger,charger_adapter,image_1218,1,0.5490865142924516,False,False,False,,,,REVIEW
image_1219_jpg.rf.808e7cfdc49ff0e8492c287fb352439b.jpg,E-Waste Train Roboflow v1,train,charger,charger_adapter,image_1219,1,0.2875839646643672,False,False,False,,,,REVIEW
image_122_jpg.rf.f942e1c13785e5b971a35472a3e19920.jpg,E-Waste Train Roboflow v1,train,charger,charger_adapter,image_122,1,0.133456908924578,False,False,False,,,,REVIEW
image_1220_jpg.rf.909a3ec8973030a94c4b805a61b49506.jpg,E-Waste Train Roboflow v1,valid,charger,charger_adapter,image_1220,1,0.07471525678915848,True,False,False,,,,REVIEW
image_1221_jpg.rf.b664f4318da38ee0408b4fde2a645c00.jpg,E-Waste Train Roboflow v1,train,charger,charger_adapter,image_1221,1,0.5215909173326385,True,False,False,,,,REVIEW
image_1222_jpg.rf.152c6304bf4b63304576f328774784f0.jpg,E-Waste Train Roboflow v1,train,charger,charger_adapter,image_1222,1,0.16747987524769675,False,False,False,,,,REVIEW
image_1223_jpg.rf.8da5015fc041ee831cd61c1afaac2515.jpg,E-Waste Train Roboflow v1,train,charger,charger_adapter,image_1223,1,0.465380496532088,False,False,False,,,,REVIEW
image_1224_jpg.rf.353c5d7def3249f6c9fdf8827b73e260.jpg,E-Waste Train Roboflow v1,train,charger,charger_adapter,image_1224,1,0.773375089528494,False,False,False,,,,REVIEW
image_1225_jpg.rf.f3cd83aad6cc7f691ad6db47c4a41a4a.jpg,E-Waste Train Roboflow v1,train,charger,charger_adapter,image_1225,1,0.07740176686640245,False,False,False,,,,REVIEW
image_1227_jpg.rf.b478d218802ab53a9be1e86cf1c65424.jpg,E-Waste Train Roboflow v1,train,charger,charger_adapter,image_1227,1,0.2522152989118197,False,False,False,,,,REVIEW
image_1228_jpg.rf.1bd55b90f061a064ba91e0ac1dc4e9a5.jpg,E-Waste Train Roboflow v1,train,charger,charger_adapter,image_1228,1,0.48277036659731487,False,False,False,,,,REVIEW
image_1229_jpg.rf.2d74992228e4b2d86463bbbdc2f4b2a9.jpg,E-Waste Train Roboflow v1,train,charger,charger_adapter,image_1229,1,0.2898668609718936,False,False,False,,,,REVIEW
image_123_jpg.rf.8bfdbdb09d320bfa9b6623051c5edf2e.jpg,E-Waste Train Roboflow v1,train,charger,charger_adapter,image_123,1,0.1501704336,False,False,False,,,,REVIEW
image_1230_jpg.rf.3e08cc04d7a35e69fe79c0056a2ceb5a.jpg,E-Waste Train Roboflow v1,train,charger,charger_adapter,image_1230,1,0.4449600868219796,False,False,False,,,,REVIEW
image_1233_jpg.rf.fe57d405c078d577933e96f2663679c1.jpg,E-Waste Train Roboflow v1,train,charger,charger_adapter,image_1233,1,0.5627027205433701,False,False,False,,,,REVIEW
image_1234_jpg.rf.cdc0ad0b34468995314366f614a15be3.jpg,E-Waste Train Roboflow v1,train,charger,charger_adapter,image_1234,1,0.20525445473983497,True,False,False,,,,REVIEW
image_1237_jpg.rf.5130356b84a3eb3f32bf7890d76a4c0d.jpg,E-Waste Train Roboflow v1,train,charger,charger_adapter,image_1237,1,0.14899300315711786,False,False,False,,,,REVIEW
image_1239_jpg.rf.c02ec6bdc4408d91e6b6ab21cf6e3b2a.jpg,E-Waste Train Roboflow v1,train,charger,charger_adapter,image_1239,1,0.286153875,False,False,False,,,,REVIEW
image_124_jpg.rf.ef9eb5cca878fbd7a431dc91a18fecca.jpg,E-Waste Train Roboflow v1,train,charger,charger_adapter,image_124,1,0.3779633404647093,False,False,False,,,,REVIEW
image_1241_jpg.rf.1a5cf5509d9ec81a6c0ab1ec098bbf34.jpg,E-Waste Train Roboflow v1,train,charger,charger_adapter,image_1241,1,0.49382576526545074,False,False,False,,,,REVIEW
image_1242_jpg.rf.4ef6a15ecc10d81c8965cbb4e5f45ce1.jpg,E-Waste Train Roboflow v1,train,charger,charger_adapter,image_1242,1,0.3157117783416931,True,False,False,,,,REVIEW
image_1243_jpg.rf.3d8ea5d181a0db044d73e75b786c4ba8.jpg,E-Waste Train Roboflow v1,train,charger,charger_adapter,image_1243,1,0.19610341356758984,False,False,False,,,,REVIEW
image_1244_jpg.rf.12112e62e2063286c2fa58788814e971.jpg,E-Waste Train Roboflow v1,train,charger,charger_adapter,image_1244,1,0.40462081769896674,False,False,False,,,,REVIEW
image_1245_jpg.rf.f8f98780571973c7f72f44ac0c04cef6.jpg,E-Waste Train Roboflow v1,train,charger,charger_adapter,image_1245,1,0.1671963021601223,False,False,False,,,,REVIEW
image_1246_jpg.rf.ed50ebd950a3916cb88206a10cc78f7f.jpg,E-Waste Train Roboflow v1,train,charger,charger_adapter,image_1246,1,0.4047396005452473,False,False,False,,,,REVIEW
image_125_jpg.rf.126e1bdcf890f759ddd6f290b40a3fc3.jpg,E-Waste Train Roboflow v1,train,charger,charger_adapter,image_125,1,0.2689769410903465,False,False,False,,,,REVIEW
image_1250_jpg.rf.cd7d2281d9f48e00f10aff2ae4c78581.jpg,E-Waste Train Roboflow v1,train,charger,charger_adapter,image_1250,1,0.2838820586,False,False,False,,,,REVIEW
image_1251_jpg.rf.d19e5079c796aaa14f2aeb33e2b70bd8.jpg,E-Waste Train Roboflow v1,valid,charger,charger_adapter,image_1251,1,0.3041855088717042,True,False,False,,,,REVIEW
image_1253_jpg.rf.a718e5750125d3d6cc3ab411cca6be75.jpg,E-Waste Train Roboflow v1,train,charger,charger_adapter,image_1253,1,0.1730246328,False,False,False,,,,REVIEW
image_1254_jpg.rf.e0a209d10758ff97ee6ac686398665b4.jpg,E-Waste Train Roboflow v1,train,charger,charger_adapter,image_1254,1,0.358336288088566,False,False,False,,,,REVIEW
image_1255_jpg.rf.48992155d434788fc8a0f3360b33822e.jpg,E-Waste Train Roboflow v1,train,charger,charger_adapter,image_1255,1,0.3054985950765384,False,False,False,,,,REVIEW
image_1256_jpg.rf.6ee7af375d4a126692430d64c72e64d1.jpg,E-Waste Train Roboflow v1,valid,charger,charger_adapter,image_1256,1,0.3811730885387346,False,False,False,,,,REVIEW
image_1258_jpg.rf.19d937189fa6ed02cf2c5ff12a42908c.jpg,E-Waste Train Roboflow v1,train,charger,charger_adapter,image_1258,1,0.3575073498122172,False,False,False,,,,REVIEW
image_1259_jpg.rf.78b95edd8155c067d595992de8d4d295.jpg,E-Waste Train Roboflow v1,train,charger,charger_adapter,image_1259,1,0.43186010083872317,False,False,False,,,,REVIEW
image_1260_jpg.rf.19bc2d633b2b2348bfca76f7e9681212.jpg,E-Waste Train Roboflow v1,train,charger,charger_adapter,image_1260,1,0.29762670989362505,False,False,False,,,,REVIEW
image_127_jpg.rf.b535347dfffe37d531240f53bd0f1e02.jpg,E-Waste Train Roboflow v1,train,charger,charger_adapter,image_127,1,0.2513556796896211,False,False,False,,,,REVIEW
image_128_jpg.rf.23ab9e653534fd8d0d69fda71732dc86.jpg,E-Waste Train Roboflow v1,train,charger,charger_adapter,image_128,1,0.1619387359632747,False,False,False,,,,REVIEW
image_1282_jpg.rf.e9e77877e9a34708d56fbd0881947033.jpg,E-Waste Train Roboflow v1,train,charger,charger_adapter,image_1282,1,0.3141586620770664,False,False,False,,,,REVIEW
image_129_jpg.rf.a0a721ab31f964ce1e0bb6605b7fda84.jpg,E-Waste Train Roboflow v1,train,charger,charger_adapter,image_129,1,0.05952637758075395,False,False,False,,,,REVIEW
image_1290_jpg.rf.f99600c6ef96078c58075d47b34c053f.jpg,E-Waste Train Roboflow v1,train,charger,charger_adapter,image_1290,1,0.19275433485096288,False,False,False,,,,REVIEW
image_1293_jpg.rf.898414f978ca9f3ea2bd54d0a1ba774b.jpg,E-Waste Train Roboflow v1,train,charger,charger_adapter,image_1293,1,0.3272899942756756,False,False,False,,,,REVIEW
image_1297_jpg.rf.777a21aa7e12f70ee06f55faddb0f69f.jpg,E-Waste Train Roboflow v1,train,charger,charger_adapter,image_1297,1,0.0003396914534770313,False,True,True,,,,REVIEW
image_1299_jpg.rf.f599fd3780afcca2d946cb3e34eb679f.jpg,E-Waste Train Roboflow v1,test,charger,charger_adapter,image_1299,1,0.08559466099835925,False,False,False,,,,REVIEW
image_13_jpg.rf.4b3572bb62384e460da22ff3e3028e38.jpg,E-Waste Train Roboflow v1,train,charger,charger_adapter,image_13,1,0.17305110751062922,False,False,False,,,,REVIEW
image_130_jpg.rf.635813cdf69241f9d1c83addfa013188.jpg,E-Waste Train Roboflow v1,valid,charger,charger_adapter,image_130,1,0.3138061798337688,True,False,False,,,,REVIEW
image_1304_jpg.rf.0a63a10b8ee6518e89294760c99ae04f.jpg,E-Waste Train Roboflow v1,train,charger,charger_adapter,image_1304,1,0.3288877618262161,False,False,False,,,,REVIEW
image_131_jpg.rf.8ac38b340619ff8e426edf8bc91a8428.jpg,E-Waste Train Roboflow v1,train,charger,charger_adapter,image_131,1,0.4956435839904316,False,False,False,,,,REVIEW
image_1310_jpg.rf.9985907f4c4f39153f60db2c32c76904.jpg,E-Waste Train Roboflow v1,train,charger,charger_adapter,image_1310,1,0.009940571491107789,False,True,True,,,,REVIEW
image_1315_jpg.rf.57b30c840554681eff89c85631e69a5a.jpg,E-Waste Train Roboflow v1,train,charger,charger_adapter,image_1315,1,0.34248043093144526,False,False,False,,,,REVIEW
image_132_jpg.rf.97184b768cedf02b7f6c0719b78fc8cb.jpg,E-Waste Train Roboflow v1,train,charger,charger_adapter,image_132,1,0.3477036858708919,False,False,False,,,,REVIEW
image_1326_jpg.rf.4912da4944c64cd1bcdf713ed219f4a4.jpg,E-Waste Train Roboflow v1,valid,charger,charger_adapter,image_1326,1,0.2091940238185621,False,False,False,,,,REVIEW
image_1328_jpg.rf.187965cef5200929fdfd825716aadb63.jpg,E-Waste Train Roboflow v1,train,charger,charger_adapter,image_1328,1,0.34245646626248366,False,False,False,,,,REVIEW
image_1330_jpg.rf.4822570c9ced7302d67be3a391c7c3f5.jpg,E-Waste Train Roboflow v1,train,charger,charger_adapter,image_1330,1,0.30273014729797193,False,False,False,,,,REVIEW
image_1333_jpg.rf.019ecb0ea28451f4b1f81e7bcb2b1d7e.jpg,E-Waste Train Roboflow v1,train,charger,charger_adapter,image_1333,1,0.8232938772574269,True,False,False,,,,REVIEW
image_1336_jpg.rf.7825b8b11ec92b01fe99bd15af5f9d31.jpg,E-Waste Train Roboflow v1,train,charger,charger_adapter,image_1336,1,0.09057951437934082,False,False,False,,,,REVIEW
image_1337_jpg.rf.33d53bbf52d1a662d0c477e307fd537d.jpg,E-Waste Train Roboflow v1,train,charger,charger_adapter,image_1337,1,0.755242406698375,False,False,False,,,,REVIEW
image_1339_jpg.rf.7b150fce76b4f8323d68215dbebd6e74.jpg,E-Waste Train Roboflow v1,train,charger,charger_adapter,image_1339,1,0.03084190764712314,False,False,False,,,,REVIEW
image_134_jpg.rf.6c038c5d06b024686c258518843ed01c.jpg,E-Waste Train Roboflow v1,train,charger,charger_adapter,image_134,1,0.40890239888881325,False,False,False,,,,REVIEW
image_1340_jpg.rf.d89777974e2de17da294e896ce58342e.jpg,E-Waste Train Roboflow v1,train,charger,charger_adapter,image_1340,1,0.050447537450527526,False,False,False,,,,REVIEW
image_1341_jpg.rf.8c439c22499d3982f50d3b85bbb4b032.jpg,E-Waste Train Roboflow v1,train,charger,charger_adapter,image_1341,1,0.4682339226724409,False,False,False,,,,REVIEW
image_1342_jpg.rf.3887cf9b49e0765cea235ee24b9217bc.jpg,E-Waste Train Roboflow v1,train,charger,charger_adapter,image_1342,1,0.6135722734169541,True,False,False,,,,REVIEW
image_1344_jpg.rf.65e1e4322892b7eec0d00e0ec9ab3783.jpg,E-Waste Train Roboflow v1,train,charger,charger_adapter,image_1344,1,0.4041493846827569,False,False,False,,,,REVIEW
image_1345_jpg.rf.a8d65e2f70ae4eef1ec0b4b4ded258c2.jpg,E-Waste Train Roboflow v1,train,charger,charger_adapter,image_1345,1,0.3388845682194947,False,False,False,,,,REVIEW
image_1346_jpg.rf.d9e43dff8f18f9a5412851a983d1906a.jpg,E-Waste Train Roboflow v1,train,charger,charger_adapter,image_1346,1,0.1014420078,False,False,False,,,,REVIEW
image_1347_jpg.rf.48b139349114805dc78a9fb2dced1e74.jpg,E-Waste Train Roboflow v1,train,charger,charger_adapter,image_1347,1,0.18126504199158586,False,False,False,XDUP01,,,REVIEW
image_1348_jpg.rf.0f470ce7d36c95c897efdb089f003dcc.jpg,E-Waste Train Roboflow v1,train,charger,charger_adapter,image_1348,1,0.5902292271972656,False,False,False,,,,REVIEW
image_1349_jpg.rf.2958ec2548279ee410c820b90e0668f5.jpg,E-Waste Train Roboflow v1,train,charger,charger_adapter,image_1349,1,0.0373788489880299,False,False,False,XDUP01,,,REVIEW
image_135_jpg.rf.fb4b7236a0f44d2f71ab093de834f83a.jpg,E-Waste Train Roboflow v1,train,charger,charger_adapter,image_135,1,0.24032041635583815,False,False,False,,,,REVIEW
image_1351_jpg.rf.0eac734f15f47cff418c9807051cd4d2.jpg,E-Waste Train Roboflow v1,train,charger,charger_adapter,image_1351,1,0.33691311632935617,False,False,False,,,,REVIEW
image_1352_jpg.rf.ca244be49aac09f76d90753f69a745e2.jpg,E-Waste Train Roboflow v1,train,charger,charger_adapter,image_1352,1,0.056336804011391406,False,False,False,,,,REVIEW
image_1353_jpg.rf.ca297c686938b72d7a43de49c24f6885.jpg,E-Waste Train Roboflow v1,train,charger,charger_adapter,image_1353,1,0.5827168264161877,False,False,False,,,,REVIEW
image_1355_jpg.rf.085c2b81840c253690ae2cd4a0ba49d5.jpg,E-Waste Train Roboflow v1,train,charger,charger_adapter,image_1355,1,0.11031081407194779,True,False,False,,,,REVIEW
image_1356_jpg.rf.7867e74e11a20ab2dabdbe647b9f8627.jpg,E-Waste Train Roboflow v1,train,charger,charger_adapter,image_1356,1,0.5242708880284732,False,False,False,,,,REVIEW
image_1357_jpg.rf.c0b004f29cfa8745a28a9baffe45096f.jpg,E-Waste Train Roboflow v1,train,charger,charger_adapter,image_1357,1,0.100546875,False,False,False,,,,REVIEW
image_1358_jpg.rf.fd0ea474fb31bac6fe35aa75d7fc4280.jpg,E-Waste Train Roboflow v1,train,charger,charger_adapter,image_1358,1,0.09561457606937036,False,False,False,,,,REVIEW
image_136_jpg.rf.0ac9d2159acf36938a1df11062169bf4.jpg,E-Waste Train Roboflow v1,train,charger,charger_adapter,image_136,1,0.20987997576010564,True,False,False,,,,REVIEW
image_1360_jpg.rf.111f1c6bc507c1337283ee2284df1092.jpg,E-Waste Train Roboflow v1,train,charger,charger_adapter,image_1360,1,0.1423627539,False,False,False,,,,REVIEW
image_1361_jpg.rf.5a1db002ca3723998df744b5059d033e.jpg,E-Waste Train Roboflow v1,train,charger,charger_adapter,image_1361,1,0.327848644154066,False,False,False,,,,REVIEW
image_1365_jpg.rf.b9ee289a3a1d3e787d31e20b3b428e86.jpg,E-Waste Train Roboflow v1,train,charger,charger_adapter,image_1365,1,0.09907425168076527,False,False,False,,,,REVIEW
image_1371_jpg.rf.d98e431a9b38e48821f0058fea801f4a.jpg,E-Waste Train Roboflow v1,train,charger,charger_adapter,image_1371,1,0.07534260814352746,False,False,False,,,,REVIEW
image_1372_jpg.rf.508dc682106d5d5d6cf9d289d72be61b.jpg,E-Waste Train Roboflow v1,train,charger,charger_adapter,image_1372,1,0.02358619864326134,False,True,False,,,,REVIEW
image_1373_jpg.rf.6a5943ecba085ee3e7c953d9f74c562a.jpg,E-Waste Train Roboflow v1,train,charger,charger_adapter,image_1373,1,0.056601125,False,False,False,,,,REVIEW
image_1374_jpg.rf.57ce9f9893bc7170188bfd8aeeb1acce.jpg,E-Waste Train Roboflow v1,train,charger,charger_adapter,image_1374,1,0.3523006017246231,False,False,False,,,,REVIEW
image_1378_jpg.rf.1ff27a96a280fa46ae09c3df07433ecc.jpg,E-Waste Train Roboflow v1,train,charger,charger_adapter,image_1378,1,0.19711966383791532,False,False,False,,,,REVIEW
image_1379_jpg.rf.5339949ef530ab7ec8806a189d911bc1.jpg,E-Waste Train Roboflow v1,train,charger,charger_adapter,image_1379,1,0.1487456115020876,False,False,False,,,,REVIEW
image_1380_jpg.rf.181850a3cb9db0f92e2df206d227b48c.jpg,E-Waste Train Roboflow v1,train,charger,charger_adapter,image_1380,1,0.5812335162024931,False,False,False,,,,REVIEW
image_1381_jpg.rf.9556c58a2d882fc702f31a0ebd7d6c72.jpg,E-Waste Train Roboflow v1,train,charger,charger_adapter,image_1381,1,0.2847067461,False,False,False,,,,REVIEW
image_1383_jpg.rf.1f8ba19f5750ef66c5850c99d7cacc12.jpg,E-Waste Train Roboflow v1,train,charger,charger_adapter,image_1383,1,0.373660581882178,False,False,False,,,,REVIEW
image_1384_jpg.rf.808bb8f2d3b43a643083be9ca24ece32.jpg,E-Waste Train Roboflow v1,valid,charger,charger_adapter,image_1384,1,0.4105903892861395,True,False,False,,,,REVIEW
image_1385_jpg.rf.3826e5df5f07dde1cc487bd72f03bbdf.jpg,E-Waste Train Roboflow v1,train,charger,charger_adapter,image_1385,1,0.26803613071611276,False,False,False,,,,REVIEW
image_1386_jpg.rf.968b76956c522a69aefd0766b4e82285.jpg,E-Waste Train Roboflow v1,train,charger,charger_adapter,image_1386,1,0.1582596609701086,False,False,False,,,,REVIEW
image_1388_jpg.rf.7bc8b9c0f6b1a970df6eb670cc2f1710.jpg,E-Waste Train Roboflow v1,train,charger,charger_adapter,image_1388,1,0.2062781172,False,False,False,,,,REVIEW
image_1389_jpg.rf.0efc30d96ab2aaef60a56f94e488d1cb.jpg,E-Waste Train Roboflow v1,train,charger,charger_adapter,image_1389,1,0.2948181077237384,False,False,False,,,,REVIEW
image_139_jpg.rf.2864089cab10ba496ed6bf6d4d7bb922.jpg,E-Waste Train Roboflow v1,valid,charger,charger_adapter,image_139,1,0.3798315989574849,True,False,False,,,,REVIEW
image_1390_jpg.rf.2cb875f38ee36dc8590417c195dd9afe.jpg,E-Waste Train Roboflow v1,train,charger,charger_adapter,image_1390,1,0.25534312624957617,False,False,False,,,,REVIEW
image_1393_jpg.rf.5a1c4e3d23aab2b1e05204aba78a7481.jpg,E-Waste Train Roboflow v1,train,charger,charger_adapter,image_1393,1,0.085067875,False,False,False,,,,REVIEW
image_1395_jpg.rf.c748ee47552a9b69ab7e856d99b7033f.jpg,E-Waste Train Roboflow v1,train,charger,charger_adapter,image_1395,1,0.5364761564382222,False,False,False,,,,REVIEW
image_1397_jpg.rf.d3dbfefd940fab9966bf1f12c599af05.jpg,E-Waste Train Roboflow v1,train,charger,charger_adapter,image_1397,1,0.0032423291864398366,False,True,True,,,,REVIEW
image_1398_jpg.rf.5e5e3ba9219cb1b874b153bcca74bfa0.jpg,E-Waste Train Roboflow v1,valid,charger,charger_adapter,image_1398,1,0.082236,False,False,False,,,,REVIEW
image_14_jpg.rf.8b735ddfd95114554d041cda9ea2b683.jpg,E-Waste Train Roboflow v1,train,charger,charger_adapter,image_14,1,0.30102192530872607,False,False,False,,,,REVIEW
image_140_jpg.rf.198e7c3fb3664067bb62b9bad9fda167.jpg,E-Waste Train Roboflow v1,train,charger,charger_adapter,image_140,1,0.1526583672,False,False,False,,,,REVIEW
image_1400_jpg.rf.efc16cf9dd86b9ec768bac7a3dfbbfcd.jpg,E-Waste Train Roboflow v1,train,charger,charger_adapter,image_1400,1,0.08356227871108812,False,False,False,,,,REVIEW
image_1401_jpg.rf.6b9775b4b6c1f3f08ff9df47bd04a311.jpg,E-Waste Train Roboflow v1,train,charger,charger_adapter,image_1401,1,0.49828198393502493,False,False,False,,,,REVIEW
image_1402_jpg.rf.eb79f37e2d413e34dec7b552fb291371.jpg,E-Waste Train Roboflow v1,train,charger,charger_adapter,image_1402,1,0.028203614878610197,False,True,False,,,,REVIEW
image_1403_jpg.rf.84883c61d31abaef82ae2abf4da13ad2.jpg,E-Waste Train Roboflow v1,train,charger,charger_adapter,image_1403,1,0.48428024737169056,False,False,False,,,,REVIEW
image_1404_jpg.rf.8c21ec3a9e964ecfe774d22801459dab.jpg,E-Waste Train Roboflow v1,train,charger,charger_adapter,image_1404,1,0.096875,False,False,False,,,,REVIEW
image_1405_jpg.rf.f30eed5b469cc63eb5f4beef49794483.jpg,E-Waste Train Roboflow v1,train,charger,charger_adapter,image_1405,1,0.31693211495589363,False,False,False,,,,REVIEW
image_1407_jpg.rf.9bd110bbeea9aa0e96fbb17bc29873e6.jpg,E-Waste Train Roboflow v1,train,charger,charger_adapter,image_1407,1,0.5292058452224924,False,False,False,,,,REVIEW
image_1408_jpg.rf.f2d003bd6f394c6f2092c87109e86969.jpg,E-Waste Train Roboflow v1,train,charger,charger_adapter,image_1408,1,0.013774637276316695,False,True,False,,,,REVIEW
image_1409_jpg.rf.b9908eb4b22d0493e7cb5bb6344f5a4d.jpg,E-Waste Train Roboflow v1,train,charger,charger_adapter,image_1409,1,0.2664641126416006,False,False,False,,,,REVIEW
image_141_jpg.rf.e0dff7dcc0c95b16386b40a49909ef76.jpg,E-Waste Train Roboflow v1,train,charger,charger_adapter,image_141,1,0.18243666892236096,False,False,False,,,,REVIEW
image_1410_jpg.rf.b6947b0ef7c93b298f6d72b0f931c09c.jpg,E-Waste Train Roboflow v1,train,charger,charger_adapter,image_1410,1,0.2986646848279724,False,False,False,,,,REVIEW
image_1412_jpg.rf.469fba3de965d46b448561c6bdc197fc.jpg,E-Waste Train Roboflow v1,train,charger,charger_adapter,image_1412,1,0.2149398047,False,False,False,,,,REVIEW
image_1413_jpg.rf.edaf0155632add5b5d7b01412f18fe71.jpg,E-Waste Train Roboflow v1,train,charger,charger_adapter,image_1413,1,0.016073914323808218,True,True,False,,,,REVIEW
image_1414_jpg.rf.8b3c40fe1cbaae587000346ec43d8455.jpg,E-Waste Train Roboflow v1,train,charger,charger_adapter,image_1414,1,0.16435358498230163,False,False,False,,,,REVIEW
image_1415_jpg.rf.82df9c40ff0822066fd0923a8139d4cf.jpg,E-Waste Train Roboflow v1,train,charger,charger_adapter,image_1415,1,0.40922360944493946,False,False,False,,,,REVIEW
image_1417_jpg.rf.1da8fcc4bfb93bdf3f622a8c525ef480.jpg,E-Waste Train Roboflow v1,train,charger,charger_adapter,image_1417,1,0.5081809763966773,False,False,False,,,,REVIEW
image_1418_jpg.rf.fa4ad3ed9882ece69992540c556be98e.jpg,E-Waste Train Roboflow v1,train,charger,charger_adapter,image_1418,1,0.05664,False,False,False,,,,REVIEW
image_1419_jpg.rf.1892dd2aeaf8c662c11c86ee20e1b338.jpg,E-Waste Train Roboflow v1,train,charger,charger_adapter,image_1419,1,0.5505454037338551,False,False,False,,,,REVIEW
image_142_jpg.rf.fdbe6d61c7c76fb1494a08cc85a13c29.jpg,E-Waste Train Roboflow v1,train,charger,charger_adapter,image_142,1,0.17221933780610482,False,False,False,,,,REVIEW
image_1420_jpg.rf.f3cc1946b267761d6e81f8e2a51d2f84.jpg,E-Waste Train Roboflow v1,train,charger,charger_adapter,image_1420,1,0.782594356782324,False,False,False,,,,REVIEW
image_1421_jpg.rf.2d00100617291b558c7cb7e8846205c0.jpg,E-Waste Train Roboflow v1,train,charger,charger_adapter,image_1421,1,0.33049240470064783,False,False,False,,,,REVIEW
image_1422_jpg.rf.574ccb2404ae5ed7d1fdec7814f768e2.jpg,E-Waste Train Roboflow v1,train,charger,charger_adapter,image_1422,1,0.028758452485345937,False,True,False,,,,REVIEW
image_1424_jpg.rf.63d8349a87bc59e5c04537bc41e9aa36.jpg,E-Waste Train Roboflow v1,valid,charger,charger_adapter,image_1424,1,0.6962766556947491,True,False,False,,,,REVIEW
image_1425_jpg.rf.ff2c3ef0dd4e4fdf24a3ef4de08bb02c.jpg,E-Waste Train Roboflow v1,valid,charger,charger_adapter,image_1425,1,0.11752089497949994,True,False,False,,,,REVIEW
image_1426_jpg.rf.f05515162d168548db69f5da54c65503.jpg,E-Waste Train Roboflow v1,train,charger,charger_adapter,image_1426,1,0.0248910396016394,False,True,False,,,,REVIEW
image_1427_jpg.rf.0bc3fda479c2ce9ae8dad22ba94e89df.jpg,E-Waste Train Roboflow v1,train,charger,charger_adapter,image_1427,1,0.41539149343593007,False,False,False,,,,REVIEW
image_1428_jpg.rf.39f510427a9e73befc973ef49b961cbf.jpg,E-Waste Train Roboflow v1,train,charger,charger_adapter,image_1428,1,0.525956726252557,False,False,False,,,,REVIEW
image_1429_jpg.rf.8ed8d72e088eb60b95fc2eff3f5f0459.jpg,E-Waste Train Roboflow v1,train,charger,charger_adapter,image_1429,1,0.48273369653441905,False,False,False,,,,REVIEW
image_143_jpg.rf.c002f68195ef9a49079ebc6f5f250e30.jpg,E-Waste Train Roboflow v1,train,charger,charger_adapter,image_143,1,0.23779551814466543,False,False,False,,,,REVIEW
image_1430_jpg.rf.83712ead62abd6980d7ee67509cd9816.jpg,E-Waste Train Roboflow v1,train,charger,charger_adapter,image_1430,1,0.3485396113113325,False,False,False,,,,REVIEW
image_1431_jpg.rf.f905b64035d05e5f80ec686aadde90ee.jpg,E-Waste Train Roboflow v1,train,charger,charger_adapter,image_1431,1,0.38906555702479445,False,False,False,,,,REVIEW
image_1432_jpg.rf.bf5d86bd2643d4eb4943a4e4b60ca719.jpg,E-Waste Train Roboflow v1,train,charger,charger_adapter,image_1432,1,0.4425318461641888,False,False,False,,,,REVIEW
image_1433_jpg.rf.b4016d627332d371150816d3f4d545d4.jpg,E-Waste Train Roboflow v1,train,charger,charger_adapter,image_1433,1,0.3810767986017816,False,False,False,,,,REVIEW
image_1434_jpg.rf.610f2f3775739f752309cfd670a0110a.jpg,E-Waste Train Roboflow v1,train,charger,charger_adapter,image_1434,1,0.31487371166535044,False,False,False,,,,REVIEW
image_1436_jpg.rf.f1fe674532d17a18b9a56df36ed32e3b.jpg,E-Waste Train Roboflow v1,train,charger,charger_adapter,image_1436,1,0.001326,True,True,True,,,,REVIEW
image_1437_jpg.rf.00ad3606782271fd7003ae7de7b2e8f7.jpg,E-Waste Train Roboflow v1,train,charger,charger_adapter,image_1437,1,0.6217034102911579,False,False,False,,,,REVIEW
image_1438_jpg.rf.f70cd43c83edbc39397057a6d27e73ca.jpg,E-Waste Train Roboflow v1,train,charger,charger_adapter,image_1438,1,0.7843180878940622,False,False,False,,,,REVIEW
image_1439_jpg.rf.5f7449c57777b40d4a1c3e349a407b2f.jpg,E-Waste Train Roboflow v1,train,charger,charger_adapter,image_1439,1,0.5255911190540434,False,False,False,,,,REVIEW
image_144_jpg.rf.d56fa7bf25d70c99a1eb5a8fce093287.jpg,E-Waste Train Roboflow v1,train,charger,charger_adapter,image_144,1,0.2610500586,False,False,False,,,,REVIEW
image_1440_jpg.rf.1be8a2e6c890aac0cc849b2fb2ad3133.jpg,E-Waste Train Roboflow v1,train,charger,charger_adapter,image_1440,1,0.046445312499999995,False,False,False,,,,REVIEW
image_1442_jpg.rf.91fbdbf6fb93ff783d7d00ec8bda9baa.jpg,E-Waste Train Roboflow v1,train,charger,charger_adapter,image_1442,1,0.3519557833305584,False,False,False,,,,REVIEW
image_1443_jpg.rf.c6c7fee1fc5e83f6e5c8de8e9f8cadd9.jpg,E-Waste Train Roboflow v1,train,charger,charger_adapter,image_1443,1,0.0011248593999999999,True,True,True,,,,REVIEW
image_1444_jpg.rf.1a0568c418fbe2519d37d93c26e9cff3.jpg,E-Waste Train Roboflow v1,train,charger,charger_adapter,image_1444,1,0.7312864548982582,False,False,False,,,,REVIEW
image_1445_jpg.rf.49066172202061bd6cabc03631fde374.jpg,E-Waste Train Roboflow v1,valid,charger,charger_adapter,image_1445,1,0.4032581416916372,True,False,False,,,,REVIEW
image_1446_jpg.rf.e8325e95dffd67235df398482ece54ca.jpg,E-Waste Train Roboflow v1,train,charger,charger_adapter,image_1446,1,0.6212738728069693,False,False,False,,,,REVIEW
image_1448_jpg.rf.4ef96ec001c5ac6d0b9c7cadf0669ded.jpg,E-Waste Train Roboflow v1,train,charger,charger_adapter,image_1448,1,0.25854896602390626,False,False,False,,,,REVIEW
image_1449_jpg.rf.09aa1f41b2eefd861547837910bc02a2.jpg,E-Waste Train Roboflow v1,train,charger,charger_adapter,image_1449,1,0.004388516222921005,False,True,True,,,,REVIEW
image_145_jpg.rf.81818c23b59e246e7e1154862c6cd788.jpg,E-Waste Train Roboflow v1,train,charger,charger_adapter,image_145,1,0.1832117422,False,False,False,,,,REVIEW
image_1450_jpg.rf.f7ae1f3099aa34d662214f108c0adc19.jpg,E-Waste Train Roboflow v1,train,charger,charger_adapter,image_1450,1,0.2402284244320822,False,False,False,,,,REVIEW
image_1451_jpg.rf.9e19bdb3f8a3fb1e00c5583249d145b7.jpg,E-Waste Train Roboflow v1,test,charger,charger_adapter,image_1451,1,0.5156121236340749,True,False,False,,,,REVIEW
image_1452_jpg.rf.40bccb634f5601fcaeb6f3e208501fd1.jpg,E-Waste Train Roboflow v1,train,charger,charger_adapter,image_1452,1,0.5184089791781713,False,False,False,,,,REVIEW
image_1454_jpg.rf.f360241484d750c0b6cb91bd7aed24d8.jpg,E-Waste Train Roboflow v1,train,charger,charger_adapter,image_1454,1,0.7177494227453421,False,False,False,,,,REVIEW
image_1457_jpg.rf.a37b932836e92805a8f4bd50390c0c1f.jpg,E-Waste Train Roboflow v1,valid,charger,charger_adapter,image_1457,1,0.8649016796980136,True,False,False,,,,REVIEW
image_1458_jpg.rf.e4a7bb15a134fe16c575f2c97949f4da.jpg,E-Waste Train Roboflow v1,train,charger,charger_adapter,image_1458,1,0.7351594283078556,False,False,False,,,,REVIEW
image_1459_jpg.rf.d93b386941549e947d54904c0e012f65.jpg,E-Waste Train Roboflow v1,train,charger,charger_adapter,image_1459,1,0.181387875,False,False,False,,,,REVIEW
image_146_jpg.rf.39d0cade774bad32dbc30f8d3b0fd7f0.jpg,E-Waste Train Roboflow v1,train,charger,charger_adapter,image_146,1,0.27901451941690103,False,False,False,,,,REVIEW
image_1460_jpg.rf.fb888314d9a2aa3b90269be910c236fd.jpg,E-Waste Train Roboflow v1,train,charger,charger_adapter,image_1460,1,0.2466858120415411,False,False,False,,,,REVIEW
image_1462_jpg.rf.21d23136b1fec41660f5df6603d70bb4.jpg,E-Waste Train Roboflow v1,train,charger,charger_adapter,image_1462,1,0.3197116427364033,False,False,False,,,,REVIEW
image_1463_jpg.rf.b38f26eaac473fab607c1b78fad14aaf.jpg,E-Waste Train Roboflow v1,train,charger,charger_adapter,image_1463,1,0.06334339907309096,False,False,False,,,,REVIEW
image_1464_jpg.rf.9422e01e81189e236119a48c1b2898b6.jpg,E-Waste Train Roboflow v1,train,charger,charger_adapter,image_1464,1,0.4186055591829184,False,False,False,,,,REVIEW
image_1465_jpg.rf.4acf6e59c674aef5c1e49a0d59f4f116.jpg,E-Waste Train Roboflow v1,train,charger,charger_adapter,image_1465,1,0.28067011671400677,False,False,False,,,,REVIEW
image_1466_jpg.rf.c7c309d3f3ac538d1e254a1347913da3.jpg,E-Waste Train Roboflow v1,train,charger,charger_adapter,image_1466,1,0.47217952301104266,False,False,False,,,,REVIEW
image_1467_jpg.rf.62df091326823d326afc8cff03c63c9d.jpg,E-Waste Train Roboflow v1,train,charger,charger_adapter,image_1467,1,0.4769989228877194,False,False,False,,,,REVIEW
image_1468_jpg.rf.3d207c002bc5647f3c943fa451c69a0e.jpg,E-Waste Train Roboflow v1,valid,charger,charger_adapter,image_1468,1,0.6196727507381815,True,False,False,,,,REVIEW
image_1472_jpg.rf.cd4f477fb645d7dacfd08057fc184f2e.jpg,E-Waste Train Roboflow v1,train,charger,charger_adapter,image_1472,1,0.0037305,False,True,True,,,,REVIEW
image_1473_jpg.rf.91ec0ef4aae7aa53797476a68c120b96.jpg,E-Waste Train Roboflow v1,train,charger,charger_adapter,image_1473,1,0.031186535819711106,False,False,False,,,,REVIEW
image_1475_jpg.rf.260ac3bef6d510864db32f5e6faf3613.jpg,E-Waste Train Roboflow v1,train,charger,charger_adapter,image_1475,1,0.14260686720000001,False,False,False,,,,REVIEW
image_1476_jpg.rf.bd8c5bef61fb5bd9c1c86dc16f9f4eb7.jpg,E-Waste Train Roboflow v1,train,charger,charger_adapter,image_1476,1,0.0003963006997767823,False,True,True,,,,REVIEW
image_1477_jpg.rf.fe3360392cb3e43ce501c16a3dd66148.jpg,E-Waste Train Roboflow v1,train,charger,charger_adapter,image_1477,1,0.0020013125,False,True,True,,,,REVIEW
image_1478_jpg.rf.b674060ffb8f46ebf15629a1d5cce2cc.jpg,E-Waste Train Roboflow v1,train,charger,charger_adapter,image_1478,1,0.02067330894569657,False,True,False,,,,REVIEW
image_1479_jpg.rf.a02950e51abd830d8bebcc286f5c9fa0.jpg,E-Waste Train Roboflow v1,train,charger,charger_adapter,image_1479,1,0.0102515625,False,True,False,,,,REVIEW
image_148_jpg.rf.bb9bcafc1f449d502c6d55db69248e87.jpg,E-Waste Train Roboflow v1,train,charger,charger_adapter,image_148,1,0.22316693485711422,False,False,False,,,,REVIEW
image_1480_jpg.rf.7d62ed39bf32f63181ea57a1fb402936.jpg,E-Waste Train Roboflow v1,train,charger,charger_adapter,image_1480,1,0.7669018777711114,False,False,False,,,,REVIEW
image_1481_jpg.rf.201abd58116e95e8f8f7915ecc533570.jpg,E-Waste Train Roboflow v1,train,charger,charger_adapter,image_1481,1,0.42047479362888845,False,False,False,,,,REVIEW
image_1483_jpg.rf.de752f578e1664844c59ecc1c4441c89.jpg,E-Waste Train Roboflow v1,train,charger,charger_adapter,image_1483,1,0.04816425,False,False,False,,,,REVIEW
image_1484_jpg.rf.880301f3d025cd418929a336b895b653.jpg,E-Waste Train Roboflow v1,train,charger,charger_adapter,image_1484,1,0.371457609378268,False,False,False,,,,REVIEW
image_1485_jpg.rf.38bc3c8c87c57c57374b6d3d5b7f973a.jpg,E-Waste Train Roboflow v1,train,charger,charger_adapter,image_1485,1,0.3048782935002549,False,False,False,,,,REVIEW
image_1487_jpg.rf.af13118ff897dda1e195ec8d247225e2.jpg,E-Waste Train Roboflow v1,train,charger,charger_adapter,image_1487,1,0.32546987816338924,False,False,False,,,,REVIEW
image_1488_jpg.rf.d6bc908041931aacc5d678f4f2cb0b5d.jpg,E-Waste Train Roboflow v1,train,charger,charger_adapter,image_1488,1,0.46934244126277236,False,False,False,,,,REVIEW
image_1491_jpg.rf.49f742693fb7dc8b290856b72381718d.jpg,E-Waste Train Roboflow v1,train,charger,charger_adapter,image_1491,1,0.4670756960209074,False,False,False,,,,REVIEW
image_1492_jpg.rf.f4a81562b1ba41501da3d15ada189860.jpg,E-Waste Train Roboflow v1,train,charger,charger_adapter,image_1492,1,0.06090990687101633,False,False,False,,,,REVIEW
image_1494_jpg.rf.27dcffe14e09ed5772f26d857842c594.jpg,E-Waste Train Roboflow v1,train,charger,charger_adapter,image_1494,1,0.058623351946175996,False,False,False,,,,REVIEW
image_1495_jpg.rf.09f373891765f680c08b5c27a1cc6e10.jpg,E-Waste Train Roboflow v1,train,charger,charger_adapter,image_1495,1,0.01414075,False,True,False,,,,REVIEW
image_1496_jpg.rf.0189aef2f39d53dfacc108c3668b4261.jpg,E-Waste Train Roboflow v1,train,charger,charger_adapter,image_1496,1,0.21949772981986523,False,False,False,,,,REVIEW
image_1497_jpg.rf.5f4bb27a1122dd11bc6c3ab4df3df2c4.jpg,E-Waste Train Roboflow v1,train,charger,charger_adapter,image_1497,1,0.4911331158012909,False,False,False,,,,REVIEW
image_1499_jpg.rf.299a4d090b448a63aa2350ced94dfe69.jpg,E-Waste Train Roboflow v1,train,charger,charger_adapter,image_1499,1,0.3599439340669991,False,False,False,,,,REVIEW
image_15_jpg.rf.7ff44ab1f65a4a0a8478848caf841fc6.jpg,E-Waste Train Roboflow v1,train,charger,charger_adapter,image_15,1,0.6323951927313245,False,False,False,,,,REVIEW
image_150_jpg.rf.77b903943328a14f8b85e1ec1bcdbb6e.jpg,E-Waste Train Roboflow v1,train,charger,charger_adapter,image_150,1,0.1874713695913972,False,False,False,,,,REVIEW
image_1500_jpg.rf.01c03b73ecf13b4ac3ec20964e3542dd.jpg,E-Waste Train Roboflow v1,train,charger,charger_adapter,image_1500,1,0.7052319959865772,False,False,False,,,,REVIEW
image_1501_jpg.rf.427187e41585f0fd92584a9f5d8ece34.jpg,E-Waste Train Roboflow v1,train,charger,charger_adapter,image_1501,1,0.6139610543289,False,False,False,,,,REVIEW
image_1502_jpg.rf.c10abd768257cb630044a818d3948fbe.jpg,E-Waste Train Roboflow v1,train,charger,charger_adapter,image_1502,1,0.27561672088382977,False,False,False,,,,REVIEW
image_1503_jpg.rf.8eacfd9c6d6cb6993dab5dd58eb919ed.jpg,E-Waste Train Roboflow v1,train,charger,charger_adapter,image_1503,1,0.2228693150834,False,False,False,,,,REVIEW
image_1506_jpg.rf.81b2da46afccd7128bd2b1c832107d28.jpg,E-Waste Train Roboflow v1,train,charger,charger_adapter,image_1506,1,0.34874385840553973,False,False,False,,,,REVIEW
image_1508_jpg.rf.aeaf9ecc18bab23bcab91b2120295127.jpg,E-Waste Train Roboflow v1,train,charger,charger_adapter,image_1508,1,0.4488587761449169,False,False,False,,,,REVIEW
image_151_jpg.rf.982b16a9aef06c7c7e7bfdf09a16826f.jpg,E-Waste Train Roboflow v1,train,charger,charger_adapter,image_151,1,0.5308737988195413,True,False,False,,,,REVIEW
image_1511_jpg.rf.bd90e8417b610b5c0e9a6307189af47d.jpg,E-Waste Train Roboflow v1,train,charger,charger_adapter,image_1511,1,0.054140625000000005,False,False,False,,,,REVIEW
image_1512_jpg.rf.e8d2d2d41beda61f75ae0c60b40a830a.jpg,E-Waste Train Roboflow v1,train,charger,charger_adapter,image_1512,1,0.06273197285327871,False,False,False,,,,REVIEW
image_1513_jpg.rf.b66dcdfa46954170f5d3d8f9dd809d39.jpg,E-Waste Train Roboflow v1,train,charger,charger_adapter,image_1513,1,0.5041997471798463,False,False,False,,,,REVIEW
image_1514_jpg.rf.9f7ece4937466dda22e2168979b12f31.jpg,E-Waste Train Roboflow v1,train,charger,charger_adapter,image_1514,1,0.2011854575867375,False,False,False,,,,REVIEW
image_1515_jpg.rf.e01a889d69b40f4d4d216585e5647e66.jpg,E-Waste Train Roboflow v1,train,charger,charger_adapter,image_1515,1,0.5379223918893491,False,False,False,,,,REVIEW
image_1516_jpg.rf.0c67a1748ee0dcfe558eab54bc2f5f96.jpg,E-Waste Train Roboflow v1,train,charger,charger_adapter,image_1516,1,0.3358474299474403,False,False,False,,,,REVIEW
image_1517_jpg.rf.53798d41340de74f3806087560ca75a3.jpg,E-Waste Train Roboflow v1,train,charger,charger_adapter,image_1517,1,0.41238815339511736,False,False,False,,,,REVIEW
image_1519_jpg.rf.3f733b20bffdedec11e0a72622da604b.jpg,E-Waste Train Roboflow v1,train,charger,charger_adapter,image_1519,1,0.4037476368103258,False,False,False,,,,REVIEW
image_152_jpg.rf.31964b3e95b213f705c9898d4303a934.jpg,E-Waste Train Roboflow v1,train,charger,charger_adapter,image_152,1,0.4360099817078273,False,False,False,,,,REVIEW
image_1520_jpg.rf.855cf4d8ec49d551cc6fe21645aef72f.jpg,E-Waste Train Roboflow v1,train,charger,charger_adapter,image_1520,1,0.4106258658907736,False,False,False,,,,REVIEW
image_1521_jpg.rf.a92030d87518b38ea349bc4db5d5a0a9.jpg,E-Waste Train Roboflow v1,train,charger,charger_adapter,image_1521,1,0.27878906249999996,False,False,False,,,,REVIEW
image_1523_jpg.rf.5c444fe7dd6a5f5678c7802a354644c7.jpg,E-Waste Train Roboflow v1,train,charger,charger_adapter,image_1523,1,0.22802117000613492,False,False,False,,,,REVIEW
image_1524_jpg.rf.7c9c0a84a5f4382291c56480be634fa6.jpg,E-Waste Train Roboflow v1,train,charger,charger_adapter,image_1524,1,0.5425488020600961,False,False,False,,,,REVIEW
image_1525_jpg.rf.db5c1e890f0fd217ed13bdef8e2fbe44.jpg,E-Waste Train Roboflow v1,train,charger,charger_adapter,image_1525,1,0.3464360983317289,False,False,False,,,,REVIEW
image_1526_jpg.rf.9bbfab68bedd4dac0a92b39bb307512c.jpg,E-Waste Train Roboflow v1,train,charger,charger_adapter,image_1526,1,0.4389644423897114,False,False,False,,,,REVIEW
image_1527_jpg.rf.ea3aa3acaf5c971ee2eea40bae5d3e92.jpg,E-Waste Train Roboflow v1,train,charger,charger_adapter,image_1527,1,0.25725917537253934,False,False,False,,,,REVIEW
image_1528_jpg.rf.bbb1c450c7f33fa0616595bd83ffbe33.jpg,E-Waste Train Roboflow v1,train,charger,charger_adapter,image_1528,1,0.4294057679077872,False,False,False,,,,REVIEW
image_1529_jpg.rf.8d15236346ba4bf0efde2393867df6c8.jpg,E-Waste Train Roboflow v1,train,charger,charger_adapter,image_1529,1,0.47165479235541957,True,False,False,,,,REVIEW
image_153_jpg.rf.9ee9882ba4ae4881609049e51a4fd1e5.jpg,E-Waste Train Roboflow v1,train,charger,charger_adapter,image_153,1,0.35626408680404054,False,False,False,,,,REVIEW
image_1530_jpg.rf.29a9a26b9e0856dee799925c6926bea6.jpg,E-Waste Train Roboflow v1,train,charger,charger_adapter,image_1530,1,0.6381243460479823,False,False,False,,,,REVIEW
image_1531_jpg.rf.40e02bba792ad3fdfbb43459429dfbbd.jpg,E-Waste Train Roboflow v1,train,charger,charger_adapter,image_1531,1,0.7321431853561443,False,False,False,,,,REVIEW
image_1532_jpg.rf.ed582f96d14c331e373e73345ad8bd5d.jpg,E-Waste Train Roboflow v1,train,charger,charger_adapter,image_1532,1,0.42805862020031304,False,False,False,,,,REVIEW
image_1533_jpg.rf.0369f2358aaaad9d9e6e7aff1c04f5a3.jpg,E-Waste Train Roboflow v1,train,charger,charger_adapter,image_1533,1,0.06293283510479127,False,False,False,,,,REVIEW
image_1535_jpg.rf.33d4f84bb5670fce9cf2d6193b28599c.jpg,E-Waste Train Roboflow v1,train,charger,charger_adapter,image_1535,1,0.3629760913216329,False,False,False,,,,REVIEW
image_1536_jpg.rf.e9707d4673ed453bbd9b5d620a8db4c4.jpg,E-Waste Train Roboflow v1,train,charger,charger_adapter,image_1536,1,0.056397895814830144,False,False,False,,,,REVIEW
image_1537_jpg.rf.024d51336ed869e453bf5566d3d7d415.jpg,E-Waste Train Roboflow v1,train,charger,charger_adapter,image_1537,1,0.2633345564904269,False,False,False,,,,REVIEW
image_1538_jpg.rf.5dfdf7b4fef184b3b957c50f34822ca6.jpg,E-Waste Train Roboflow v1,train,charger,charger_adapter,image_1538,1,0.0759634910400242,False,False,False,,,,REVIEW
image_1539_jpg.rf.859f4e93557fa553c42bcc04a24ea82d.jpg,E-Waste Train Roboflow v1,train,charger,charger_adapter,image_1539,1,0.49288411875739024,False,False,False,,,,REVIEW
image_154_jpg.rf.b27965abbed7d6ea236ad501e399c05b.jpg,E-Waste Train Roboflow v1,train,charger,charger_adapter,image_154,1,0.45714397823738073,False,False,False,,,,REVIEW
image_1540_jpg.rf.b0c4b9735844680dde0c2a280f20b9b9.jpg,E-Waste Train Roboflow v1,valid,charger,charger_adapter,image_1540,1,0.4911843349990435,True,False,False,,,,REVIEW
image_1541_jpg.rf.74145cb6521eac788f832b70ea54bccf.jpg,E-Waste Train Roboflow v1,train,charger,charger_adapter,image_1541,1,0.11050341013205557,False,False,False,,,,REVIEW
image_1542_jpg.rf.00ff9ab684514b940517d756e5e671e2.jpg,E-Waste Train Roboflow v1,train,charger,charger_adapter,image_1542,1,0.03152662662423292,False,False,False,,,,REVIEW
image_1543_jpg.rf.24d8427e2cc12bf8b265da87ae78fa2b.jpg,E-Waste Train Roboflow v1,train,charger,charger_adapter,image_1543,1,0.760632626733456,False,False,False,,,,REVIEW
image_1544_jpg.rf.48844bca544a64526ae0ce2a1998a42b.jpg,E-Waste Train Roboflow v1,valid,charger,charger_adapter,image_1544,1,0.003566835189372876,True,True,True,,,,REVIEW
image_1545_jpg.rf.4154b585183401427eacbd23c0996c97.jpg,E-Waste Train Roboflow v1,train,charger,charger_adapter,image_1545,1,0.035742499999999996,False,False,False,,,,REVIEW
image_1547_jpg.rf.9f7f0394fec0384fa57ad833d1181558.jpg,E-Waste Train Roboflow v1,train,charger,charger_adapter,image_1547,1,0.038474260047389484,False,False,False,,,,REVIEW
image_1548_jpg.rf.36642fc764afbb92cc380731c7e46e2d.jpg,E-Waste Train Roboflow v1,train,charger,charger_adapter,image_1548,1,0.18896625,False,False,False,,,,REVIEW
image_1549_jpg.rf.64ad22ea63cb44ed7e291222026ec359.jpg,E-Waste Train Roboflow v1,valid,charger,charger_adapter,image_1549,1,0.676162346779418,True,False,False,,,,REVIEW
image_155_jpg.rf.db1b523f18380d497a698ff6e7b48176.jpg,E-Waste Train Roboflow v1,test,charger,charger_adapter,image_155,1,0.15513525,True,False,False,,,,REVIEW
image_1550_jpg.rf.5c1227da9e821d321c38a99bee030c5d.jpg,E-Waste Train Roboflow v1,train,charger,charger_adapter,image_1550,1,0.08114085639589558,False,False,False,,,,REVIEW
image_1551_jpg.rf.d64eabb555a8071c3a5c61038295a1a1.jpg,E-Waste Train Roboflow v1,train,charger,charger_adapter,image_1551,1,0.5441734301629292,True,False,False,,,,REVIEW
image_1552_jpg.rf.014446e0b6f27cbad4cbfc1bdb840fb8.jpg,E-Waste Train Roboflow v1,valid,charger,charger_adapter,image_1552,1,0.38087135954153867,True,False,False,,,,REVIEW
image_1553_jpg.rf.9cf54b9f5ebd691a000d21cca0e109bd.jpg,E-Waste Train Roboflow v1,train,charger,charger_adapter,image_1553,1,0.3638267909558412,False,False,False,,,,REVIEW
image_1554_jpg.rf.81204737c1549de2e247b49a34ddd8aa.jpg,E-Waste Train Roboflow v1,train,charger,charger_adapter,image_1554,1,0.42390630859351014,True,False,False,,,,REVIEW
image_1555_jpg.rf.e18910bb47a25e87bc3e3e7bd6f4c9b3.jpg,E-Waste Train Roboflow v1,train,charger,charger_adapter,image_1555,1,0.4463848765622656,False,False,False,,,,REVIEW
image_1556_jpg.rf.fb84d3f1d2aa5ce5fa97e4768b79dd70.jpg,E-Waste Train Roboflow v1,train,charger,charger_adapter,image_1556,1,0.02188271858863722,False,True,False,,,,REVIEW
image_1557_jpg.rf.a9b7c76eb8af0fdff2aaee16a6463553.jpg,E-Waste Train Roboflow v1,train,charger,charger_adapter,image_1557,1,0.6448606055470778,False,False,False,,,,REVIEW
image_1558_jpg.rf.746fa14b8da8d93505409f06d0fbf060.jpg,E-Waste Train Roboflow v1,train,charger,charger_adapter,image_1558,1,0.09254875,False,False,False,,,,REVIEW
image_1559_jpg.rf.be6d88320630ba1e2d20e913f9c36346.jpg,E-Waste Train Roboflow v1,train,charger,charger_adapter,image_1559,1,0.08886768360000001,False,False,False,,,,REVIEW
image_156_jpg.rf.aca597c71b71790c64a2829959b11239.jpg,E-Waste Train Roboflow v1,train,charger,charger_adapter,image_156,1,0.3796311309935203,False,False,False,,,,REVIEW
image_1565_jpg.rf.8e94aed8d94751478fdbf537ed47ffef.jpg,E-Waste Train Roboflow v1,train,charger,charger_adapter,image_1565,1,0.22233451094789727,False,False,False,,,,REVIEW
image_1568_jpg.rf.f61accd4116189a6bf33f5bbeb6d2d92.jpg,E-Waste Train Roboflow v1,train,charger,charger_adapter,image_1568,1,0.29636316138748814,True,False,False,,,,REVIEW
image_1569_jpg.rf.4d027129484da86c4b09292a265fe04e.jpg,E-Waste Train Roboflow v1,train,charger,charger_adapter,image_1569,1,0.731960156103807,True,False,False,,,,REVIEW
image_157_jpg.rf.f29f6e3801cc5819430d1a5e104f9fcf.jpg,E-Waste Train Roboflow v1,train,charger,charger_adapter,image_157,1,0.21114268360000002,False,False,False,,,,REVIEW
image_1570_jpg.rf.ea775686b972169282f10de2d7339b22.jpg,E-Waste Train Roboflow v1,train,charger,charger_adapter,image_1570,1,0.11294581468623753,False,False,False,,,,REVIEW
image_1573_jpg.rf.39913999dcedd15fa9aa29d9eae7d7b4.jpg,E-Waste Train Roboflow v1,train,charger,charger_adapter,image_1573,1,0.5317366491205872,False,False,False,,,,REVIEW
image_1574_jpg.rf.67ad6f2abae0d734df2ae75f90446418.jpg,E-Waste Train Roboflow v1,train,charger,charger_adapter,image_1574,1,0.7540987069089056,False,False,False,,,,REVIEW
image_1575_jpg.rf.701ccc139f6c83532ec1b3226ec5f495.jpg,E-Waste Train Roboflow v1,train,charger,charger_adapter,image_1575,1,0.09558572316697662,False,False,False,,,,REVIEW
image_1577_jpg.rf.19d29efe524a897aebab18400bede90a.jpg,E-Waste Train Roboflow v1,train,charger,charger_adapter,image_1577,1,0.8421330232076766,False,False,False,,,,REVIEW
image_1578_jpg.rf.95725db858a3ca1865ccbbb8a43d0418.jpg,E-Waste Train Roboflow v1,train,charger,charger_adapter,image_1578,1,0.3498131831052277,False,False,False,,,,REVIEW
image_1579_jpg.rf.682cf0c74414b0388ae69ea30145d9dc.jpg,E-Waste Train Roboflow v1,train,charger,charger_adapter,image_1579,1,0.4765055972534239,False,False,False,,,,REVIEW
image_158_jpg.rf.3538be193584e442a515895868b43868.jpg,E-Waste Train Roboflow v1,train,charger,charger_adapter,image_158,1,0.23409036719999998,False,False,False,,,,REVIEW
image_1580_jpg.rf.1575a65c6ebc8c8c2e6be536d82326e2.jpg,E-Waste Train Roboflow v1,valid,charger,charger_adapter,image_1580,1,0.14593201383325957,True,False,False,,,,REVIEW
image_1581_jpg.rf.884c8c410cddbf46403e289c8b2d828f.jpg,E-Waste Train Roboflow v1,train,charger,charger_adapter,image_1581,1,0.5135206490544745,False,False,False,,,,REVIEW
image_1582_jpg.rf.8c3e5c3812babdbbe7b4170698454f5c.jpg,E-Waste Train Roboflow v1,train,charger,charger_adapter,image_1582,1,0.4290871789616952,True,False,False,,,,REVIEW
image_1583_jpg.rf.1f774b20ed5228503334fe3fa2e905dc.jpg,E-Waste Train Roboflow v1,train,charger,charger_adapter,image_1583,1,0.129493125,False,False,False,,,,REVIEW
image_1584_jpg.rf.72fb127ddcd91edb60726407cbbbd4d6.jpg,E-Waste Train Roboflow v1,train,charger,charger_adapter,image_1584,1,0.38606584347568346,False,False,False,,,,REVIEW
image_1586_jpg.rf.443e5ef483ae4d60ebcf88885c44391f.jpg,E-Waste Train Roboflow v1,train,charger,charger_adapter,image_1586,1,0.2546605121387898,False,False,False,,,,REVIEW
image_1587_jpg.rf.1bb6996539410ab3fd038708e7ced611.jpg,E-Waste Train Roboflow v1,train,charger,charger_adapter,image_1587,1,0.1926909829580632,False,False,False,,,,REVIEW
image_1588_jpg.rf.b334fa10016e2e8cdafc263ab8d42034.jpg,E-Waste Train Roboflow v1,valid,charger,charger_adapter,image_1588,1,0.40516877489260966,True,False,False,,,,REVIEW
image_1589_jpg.rf.70005cf07d699a4d79ed0fe10332ddef.jpg,E-Waste Train Roboflow v1,train,charger,charger_adapter,image_1589,1,0.38362192771506043,True,False,False,,,,REVIEW
image_159_jpg.rf.9804e49e7a320ac351a350e27289848a.jpg,E-Waste Train Roboflow v1,train,charger,charger_adapter,image_159,1,0.13490149020514092,False,False,False,,,,REVIEW
image_1590_jpg.rf.e62cc2800c10f594646977067e7bd5df.jpg,E-Waste Train Roboflow v1,train,charger,charger_adapter,image_1590,1,0.23939825,False,False,False,,,,REVIEW
image_1591_jpg.rf.05d022523051000d356ead56d24436de.jpg,E-Waste Train Roboflow v1,train,charger,charger_adapter,image_1591,1,0.3653731188863406,False,False,False,,,,REVIEW
image_1592_jpg.rf.5a45aa68a48e70506d9ae37d91cc96cc.jpg,E-Waste Train Roboflow v1,train,charger,charger_adapter,image_1592,1,0.2053177375916187,False,False,False,,,,REVIEW
image_1593_jpg.rf.d33efc325c1af606c7c58bc214a63938.jpg,E-Waste Train Roboflow v1,train,charger,charger_adapter,image_1593,1,0.16775949484105612,False,False,False,,,,REVIEW
image_1594_jpg.rf.21de4e37a7e1d405948f5030a1e9b333.jpg,E-Waste Train Roboflow v1,train,charger,charger_adapter,image_1594,1,0.050125095502174935,False,False,False,,,,REVIEW
image_1595_jpg.rf.6459123c1e61395abd3dd6309306d171.jpg,E-Waste Train Roboflow v1,train,charger,charger_adapter,image_1595,1,0.11811937873256982,False,False,False,,,,REVIEW
image_1596_jpg.rf.15ac58b3720dd269ba3f7b6f164264ba.jpg,E-Waste Train Roboflow v1,train,charger,charger_adapter,image_1596,1,0.21246674837038843,False,False,False,,,,REVIEW
image_1599_jpg.rf.f11c28bb29d59521ab73dfd337cd613f.jpg,E-Waste Train Roboflow v1,train,charger,charger_adapter,image_1599,1,0.6419809261947333,False,False,False,,,,REVIEW
image_16_jpg.rf.855df4dfee385c54f3fe18ab4ffbdbe4.jpg,E-Waste Train Roboflow v1,train,charger,charger_adapter,image_16,1,0.5054779461941589,False,False,False,,,,REVIEW
image_1600_jpg.rf.fd561f4caeaf8ceec66884db00650bc0.jpg,E-Waste Train Roboflow v1,train,charger,charger_adapter,image_1600,1,0.07792403036901345,False,False,False,,,,REVIEW
image_1601_jpg.rf.87200730cfb72616a4b6be87b3befbfe.jpg,E-Waste Train Roboflow v1,train,charger,charger_adapter,image_1601,1,0.7013517612579812,False,False,False,,,,REVIEW
image_1602_jpg.rf.323b1523b362eaa6065bd547f724ce01.jpg,E-Waste Train Roboflow v1,train,charger,charger_adapter,image_1602,1,0.5499975662543088,False,False,False,,,,REVIEW
image_1603_jpg.rf.0190295922636a60baa67355874048c8.jpg,E-Waste Train Roboflow v1,train,charger,charger_adapter,image_1603,1,0.5566372679548074,False,False,False,,,,REVIEW
image_1604_jpg.rf.47d95bf5536d918fd98ff998aeda79b0.jpg,E-Waste Train Roboflow v1,train,charger,charger_adapter,image_1604,1,0.6092432303134653,True,False,False,,,,REVIEW
image_1605_jpg.rf.06ec90c8abf34289f2b2692f3c9095aa.jpg,E-Waste Train Roboflow v1,train,charger,charger_adapter,image_1605,1,0.35527813340697983,False,False,False,,,,REVIEW
image_1606_jpg.rf.05eff8855608c0111827cc0d0873adb5.jpg,E-Waste Train Roboflow v1,train,charger,charger_adapter,image_1606,1,0.12634268550763364,False,False,False,,,,REVIEW
image_1607_jpg.rf.21ed4d2fba950269394c280e93b8357f.jpg,E-Waste Train Roboflow v1,train,charger,charger_adapter,image_1607,1,0.42050228053864663,False,False,False,,,,REVIEW
image_1608_jpg.rf.f769a43cf407b058d9061f466230064e.jpg,E-Waste Train Roboflow v1,train,charger,charger_adapter,image_1608,1,0.3710679117415799,False,False,False,,,,REVIEW
image_161_jpg.rf.7e3fca923da62ab9af447601b3974fed.jpg,E-Waste Train Roboflow v1,train,charger,charger_adapter,image_161,1,0.47612161187202723,False,False,False,,,,REVIEW
image_1610_jpg.rf.9e9231c9fa00b7adbcb20ab6f6359ab7.jpg,E-Waste Train Roboflow v1,train,charger,charger_adapter,image_1610,1,0.24687389004543894,False,False,False,,,,REVIEW
image_1611_jpg.rf.01f856616b6097cdd38cc2b83af32844.jpg,E-Waste Train Roboflow v1,train,charger,charger_adapter,image_1611,1,0.16652097358955714,False,False,False,,,,REVIEW
image_1612_jpg.rf.c0169f3714c04f544efb74e7040606ca.jpg,E-Waste Train Roboflow v1,train,charger,charger_adapter,image_1612,1,0.13751363950344164,False,False,False,,,,REVIEW
image_1613_jpg.rf.ebf8d866b46768d8fb3873d35e72f9eb.jpg,E-Waste Train Roboflow v1,train,charger,charger_adapter,image_1613,1,0.1866330813476544,False,False,False,,,,REVIEW
image_1614_jpg.rf.d64fe9834fedc671a8338ed0b6fb4f12.jpg,E-Waste Train Roboflow v1,train,charger,charger_adapter,image_1614,1,0.10561459505371242,False,False,False,,,,REVIEW
image_1615_jpg.rf.f76948fb822d3804aa21ce78a9c7f21a.jpg,E-Waste Train Roboflow v1,train,charger,charger_adapter,image_1615,1,0.06506033076215666,False,False,False,,,,REVIEW
image_1617_jpg.rf.a72b07441d129395464f4594712627ab.jpg,E-Waste Train Roboflow v1,train,charger,charger_adapter,image_1617,1,0.24990651987633622,False,False,False,,,,REVIEW
image_1618_jpg.rf.13e42b5edabf297e559664d136819930.jpg,E-Waste Train Roboflow v1,train,charger,charger_adapter,image_1618,1,0.4573598972678932,True,False,False,,,,REVIEW
image_1619_jpg.rf.f00d1e521220de8646cc34d45fe0e089.jpg,E-Waste Train Roboflow v1,train,charger,charger_adapter,image_1619,1,0.4101817940800927,True,False,False,,,,REVIEW
image_162_jpg.rf.de772349b83d367027247beac09d386e.jpg,E-Waste Train Roboflow v1,train,charger,charger_adapter,image_162,1,0.19128833317098506,False,False,False,,,,REVIEW
image_1620_jpg.rf.2da63247ac46a4192d5cbda6023b7a87.jpg,E-Waste Train Roboflow v1,train,charger,charger_adapter,image_1620,1,0.4884751483049241,False,False,False,,,,REVIEW
image_1622_jpg.rf.4a37c75fee7bb89e61770465e73bf31e.jpg,E-Waste Train Roboflow v1,train,charger,charger_adapter,image_1622,1,0.19919377772677094,True,False,False,,,,REVIEW
image_1623_jpg.rf.4c295f303970b067d5b7938a4b1252ce.jpg,E-Waste Train Roboflow v1,train,charger,charger_adapter,image_1623,1,0.035228433600000005,False,False,False,,,,REVIEW
image_1624_jpg.rf.ac676f0bfb8d099dc5b702d1b046d315.jpg,E-Waste Train Roboflow v1,train,charger,charger_adapter,image_1624,1,0.025755840969194987,False,True,False,,,,REVIEW
image_1625_jpg.rf.b6942231805f5485bdd920130f7f0b4c.jpg,E-Waste Train Roboflow v1,train,charger,charger_adapter,image_1625,1,0.5086998323918043,True,False,False,,,,REVIEW
image_1626_jpg.rf.946abe72fad6bc94bcc3ba3371e73f3a.jpg,E-Waste Train Roboflow v1,train,charger,charger_adapter,image_1626,1,0.4898998673680217,True,False,False,,,,REVIEW
image_1628_jpg.rf.b2d28df5136e48f1552e6b77490f59e8.jpg,E-Waste Train Roboflow v1,train,charger,charger_adapter,image_1628,1,0.007666012350152696,False,True,True,,,,REVIEW
image_1629_jpg.rf.f1c8faffcbddceaece281365560d8e7c.jpg,E-Waste Train Roboflow v1,train,charger,charger_adapter,image_1629,1,0.606606197125953,True,False,False,,,,REVIEW
image_163_jpg.rf.8586c910f7f7d1cdf6f7ad5891da5ae3.jpg,E-Waste Train Roboflow v1,train,charger,charger_adapter,image_163,1,0.39204341960219363,False,False,False,,,,REVIEW
image_1630_jpg.rf.70c74cdb5b241b45a2ce916167e8a72e.jpg,E-Waste Train Roboflow v1,train,charger,charger_adapter,image_1630,1,0.1648162591688106,False,False,False,,,,REVIEW
image_1631_jpg.rf.2ef3229369df3e537e9f8257dc556f3e.jpg,E-Waste Train Roboflow v1,train,charger,charger_adapter,image_1631,1,0.2644548194138307,False,False,False,,,,REVIEW
image_1632_jpg.rf.55231dd8864c87c3125179a4f191dbc0.jpg,E-Waste Train Roboflow v1,train,charger,charger_adapter,image_1632,1,0.5067968090285211,False,False,False,,,,REVIEW
image_1634_jpg.rf.b6d6f2e4c47408b2f44c56d47623171b.jpg,E-Waste Train Roboflow v1,train,charger,charger_adapter,image_1634,1,0.05878875,False,False,False,,,,REVIEW
image_1635_jpg.rf.617eb2b1aadc33fe5f9c3689d09eb2af.jpg,E-Waste Train Roboflow v1,train,charger,charger_adapter,image_1635,1,0.268369445376525,False,False,False,,,,REVIEW
image_1636_jpg.rf.f2d370a78486d3c8cf0c4e42a28547ea.jpg,E-Waste Train Roboflow v1,train,charger,charger_adapter,image_1636,1,0.1500662295300248,False,False,False,,,,REVIEW
image_1638_jpg.rf.fb17105f4a42bf748445f3143d38c237.jpg,E-Waste Train Roboflow v1,train,charger,charger_adapter,image_1638,1,0.18367398267372803,False,False,False,,,,REVIEW
image_1639_jpg.rf.4bf752795006513ce81b55311412408d.jpg,E-Waste Train Roboflow v1,train,charger,charger_adapter,image_1639,1,0.3378545707347264,False,False,False,,,,REVIEW
image_164_jpg.rf.624cec5679cee4843dc3d6d8b862d8a6.jpg,E-Waste Train Roboflow v1,train,charger,charger_adapter,image_164,1,0.4524267313845271,False,False,False,,,,REVIEW
image_1640_jpg.rf.c21e0f0d688c6854dd4fde59bd98fde0.jpg,E-Waste Train Roboflow v1,train,charger,charger_adapter,image_1640,1,0.4412878761065728,False,False,False,,,,REVIEW
image_1642_jpg.rf.8ac8565d2186ef988250c2ffc65aa95e.jpg,E-Waste Train Roboflow v1,train,charger,charger_adapter,image_1642,1,0.08271375,False,False,False,,,,REVIEW
image_1643_jpg.rf.e16aed61d315be1280a378ff770cab4f.jpg,E-Waste Train Roboflow v1,train,charger,charger_adapter,image_1643,1,0.10345989277491056,False,False,False,,,,REVIEW
image_1644_jpg.rf.7f29076e86f3e99ecc0d752a55c582a7.jpg,E-Waste Train Roboflow v1,train,charger,charger_adapter,image_1644,1,0.48591175390303626,False,False,False,,,,REVIEW
image_1646_jpg.rf.e9c9000fa8a033cfca6b971ee23b5deb.jpg,E-Waste Train Roboflow v1,valid,charger,charger_adapter,image_1646,1,0.4613314424033727,True,False,False,,,,REVIEW
image_1647_jpg.rf.cc8797503059a101471217d1d271c523.jpg,E-Waste Train Roboflow v1,train,charger,charger_adapter,image_1647,1,0.3576060828185512,False,False,False,,,,REVIEW
image_1648_jpg.rf.3090c3049cec4efbde1c2c2ab45c51d4.jpg,E-Waste Train Roboflow v1,train,charger,charger_adapter,image_1648,1,0.6473199791594844,False,False,False,,,,REVIEW
image_1649_jpg.rf.6a5216f49ccecc71eb0daf3ee812aa20.jpg,E-Waste Train Roboflow v1,train,charger,charger_adapter,image_1649,1,0.1675775,False,False,False,,,,REVIEW
image_1651_jpg.rf.d8732f205aa5e5d1712885c88fa7fed9.jpg,E-Waste Train Roboflow v1,train,charger,charger_adapter,image_1651,1,0.1019279219,False,False,False,,,,REVIEW
image_1652_jpg.rf.3bf1cef75723cbc850dc1a4ec82c2fcd.jpg,E-Waste Train Roboflow v1,train,charger,charger_adapter,image_1652,1,0.1124905890017926,False,False,False,,,,REVIEW
image_1653_jpg.rf.0ad56a9e18afda5d7ac2219c1e424ea2.jpg,E-Waste Train Roboflow v1,train,charger,charger_adapter,image_1653,1,0.12573276560000002,False,False,False,,,,REVIEW
image_1654_jpg.rf.aabd6c3e3787e550e83ae06463f7c6a5.jpg,E-Waste Train Roboflow v1,train,charger,charger_adapter,image_1654,1,0.13241999999999998,False,False,False,,,,REVIEW
image_1655_jpg.rf.e13e8155639e5e61c9ba6302a1cb9f96.jpg,E-Waste Train Roboflow v1,train,charger,charger_adapter,image_1655,1,0.13352223348603035,False,False,False,,,,REVIEW
image_1656_jpg.rf.cfd5115e09cf394885c499e7ab3b6c6e.jpg,E-Waste Train Roboflow v1,train,charger,charger_adapter,image_1656,1,0.02043108740602465,True,True,False,,,,REVIEW
image_1658_jpg.rf.5bb58712c816996fc07dd312d921095b.jpg,E-Waste Train Roboflow v1,train,charger,charger_adapter,image_1658,1,0.5212100562171318,False,False,False,,,,REVIEW
image_1659_jpg.rf.004b6c249f47cd56eecac7079988e8f6.jpg,E-Waste Train Roboflow v1,train,charger,charger_adapter,image_1659,1,0.4917316265594361,False,False,False,,,,REVIEW
image_1662_jpg.rf.d84eebf9a3ff7a0ddb1fc63fae64761a.jpg,E-Waste Train Roboflow v1,train,charger,charger_adapter,image_1662,1,0.4918798267777626,False,False,False,,,,REVIEW
image_1663_jpg.rf.011ecd6c5912eab2e53f7a570fd1bf06.jpg,E-Waste Train Roboflow v1,train,charger,charger_adapter,image_1663,1,0.0062391914,False,True,True,,,,REVIEW
image_1664_jpg.rf.611c77c564259d68b1cfb325daa7e1db.jpg,E-Waste Train Roboflow v1,train,charger,charger_adapter,image_1664,1,0.3064786867806743,False,False,False,,,,REVIEW
image_1667_jpg.rf.ccc9514be444ce435778d4c9c2fa1396.jpg,E-Waste Train Roboflow v1,train,charger,charger_adapter,image_1667,1,0.6490817256279636,False,False,False,,,,REVIEW
image_1668_jpg.rf.8800f60f4e232e0c5d8f35335581f6e9.jpg,E-Waste Train Roboflow v1,train,charger,charger_adapter,image_1668,1,0.14303828337752444,False,False,False,,,,REVIEW
image_167_jpg.rf.898b69c31f15383343e17498fc985161.jpg,E-Waste Train Roboflow v1,train,charger,charger_adapter,image_167,1,0.14141940127198205,False,False,False,,,,REVIEW
image_1670_jpg.rf.01ad51490314b9b4fffa1596fbd3f4f8.jpg,E-Waste Train Roboflow v1,train,charger,charger_adapter,image_1670,1,0.4662396736639535,False,False,False,,,,REVIEW
image_1671_jpg.rf.3a1654352bc274540f76571d26549136.jpg,E-Waste Train Roboflow v1,train,charger,charger_adapter,image_1671,1,0.05485919452216711,False,False,False,,,,REVIEW
image_1672_jpg.rf.581b1779eaaeeaabc862e9cbffd57a5c.jpg,E-Waste Train Roboflow v1,train,charger,charger_adapter,image_1672,1,0.1693315095349265,False,False,False,,,,REVIEW
image_1673_jpg.rf.3d8da7cd8b8b7c6ad6a319c5f17586bb.jpg,E-Waste Train Roboflow v1,valid,charger,charger_adapter,image_1673,1,0.493383492564299,True,False,False,,,,REVIEW
image_1674_jpg.rf.ba0f5f1f63beef0782a28e70e499a20d.jpg,E-Waste Train Roboflow v1,valid,charger,charger_adapter,image_1674,1,0.0017878822006888917,False,True,True,,,,REVIEW
image_1675_jpg.rf.b0c1061a733105669fa57ce48797c4b8.jpg,E-Waste Train Roboflow v1,train,charger,charger_adapter,image_1675,1,0.1473318672,False,False,False,,,,REVIEW
image_1676_jpg.rf.51a54482f6577ccc3b5bca09e548cd7f.jpg,E-Waste Train Roboflow v1,train,charger,charger_adapter,image_1676,1,0.5841248891488391,False,False,False,,,,REVIEW
image_1677_jpg.rf.5334481a50f462555540754b3ffea777.jpg,E-Waste Train Roboflow v1,train,charger,charger_adapter,image_1677,1,0.12002632809999998,False,False,False,,,,REVIEW
image_1678_jpg.rf.a853b168bd93ee30117fc13966d6a0af.jpg,E-Waste Train Roboflow v1,train,charger,charger_adapter,image_1678,1,0.42211743608231017,False,False,False,,,,REVIEW
image_1679_jpg.rf.bf9a58e1680fe5977ec21cb6e813adcc.jpg,E-Waste Train Roboflow v1,train,charger,charger_adapter,image_1679,1,0.31571225044087203,False,False,False,,,,REVIEW
image_168_jpg.rf.85a77d27d618a46fcc9ef2527822fd44.jpg,E-Waste Train Roboflow v1,train,charger,charger_adapter,image_168,1,0.2950357819361765,False,False,False,,,,REVIEW
image_1681_jpg.rf.6fe31258b178f354b1e066eebe400704.jpg,E-Waste Train Roboflow v1,train,charger,charger_adapter,image_1681,1,0.34509830778680173,False,False,False,,,,REVIEW
image_1682_jpg.rf.81480679c4be2c9eb2b7fc9907529afe.jpg,E-Waste Train Roboflow v1,train,charger,charger_adapter,image_1682,1,0.5275261023927195,False,False,False,,,,REVIEW
image_1686_jpg.rf.cb45bf8ee96ca45a075f4325f289534c.jpg,E-Waste Train Roboflow v1,train,charger,charger_adapter,image_1686,1,0.28277845569234356,False,False,False,,,,REVIEW
image_1688_jpg.rf.e3e7e8d4038ef187617ef5235ac83b00.jpg,E-Waste Train Roboflow v1,train,charger,charger_adapter,image_1688,1,0.5425688001196773,False,False,False,,,,REVIEW
image_1689_jpg.rf.b043d3af233001ba97bf4c78ca9b96f9.jpg,E-Waste Train Roboflow v1,train,charger,charger_adapter,image_1689,1,0.5759916562180807,False,False,False,,,,REVIEW
image_169_jpg.rf.fc8dd35430610a6da2b6abcb71e815bc.jpg,E-Waste Train Roboflow v1,train,charger,charger_adapter,image_169,1,0.14270459106503974,True,False,False,,,,REVIEW
image_1691_jpg.rf.dca42d6507c71e4af6c30a537e29bbdc.jpg,E-Waste Train Roboflow v1,train,charger,charger_adapter,image_1691,1,0.4943793555146642,False,False,False,,,,REVIEW
image_1693_jpg.rf.ac54ae3c1027684dd57a9d6a9aefbc7d.jpg,E-Waste Train Roboflow v1,train,charger,charger_adapter,image_1693,1,0.34254231475910285,False,False,False,,,,REVIEW
image_1694_jpg.rf.f614a96caea8b3c1b9feb483521a2a9e.jpg,E-Waste Train Roboflow v1,train,charger,charger_adapter,image_1694,1,0.1591765524414409,False,False,False,,,,REVIEW
image_1695_jpg.rf.2f8d8fac2128d172df2d02b5ec2b3724.jpg,E-Waste Train Roboflow v1,train,charger,charger_adapter,image_1695,1,0.5911664265737611,False,False,False,,,,REVIEW
image_1696_jpg.rf.9f4e65d1b17d5778fd821bc9de8db41f.jpg,E-Waste Train Roboflow v1,train,charger,charger_adapter,image_1696,1,0.41466670917940435,False,False,False,,,,REVIEW
image_1698_jpg.rf.a756741366b674542af27994f63afc67.jpg,E-Waste Train Roboflow v1,train,charger,charger_adapter,image_1698,1,0.1516022043306858,False,False,False,,,,REVIEW
image_1699_jpg.rf.f4e65a66cc15510fb2d662897f4b92c0.jpg,E-Waste Train Roboflow v1,train,charger,charger_adapter,image_1699,1,0.1875078906,False,False,False,,,,REVIEW
image_17_jpg.rf.5f93eccbe185e3d6e039e2f6cad1aa44.jpg,E-Waste Train Roboflow v1,valid,charger,charger_adapter,image_17,1,0.5766198181385177,True,False,False,,,,REVIEW
image_170_jpg.rf.558ca919fda1b5dea09a8ecf21c05980.jpg,E-Waste Train Roboflow v1,train,charger,charger_adapter,image_170,1,0.3534180656766567,False,False,False,,,,REVIEW
image_1700_jpg.rf.3af4d362498d764bbae3a4d254e81157.jpg,E-Waste Train Roboflow v1,train,charger,charger_adapter,image_1700,1,0.28460971953535413,False,False,False,,,,REVIEW
image_1702_jpg.rf.c5da8780d5d331af36e27054484e343a.jpg,E-Waste Train Roboflow v1,train,charger,charger_adapter,image_1702,1,0.06978620312827646,False,False,False,,,,REVIEW
image_1703_jpg.rf.cc029463acf4a1151bda4b52d36161a7.jpg,E-Waste Train Roboflow v1,train,charger,charger_adapter,image_1703,1,0.5361915293153982,False,False,False,,,,REVIEW
image_1704_jpg.rf.82ca0622f1d1bfedbf188f4ce09ab5ff.jpg,E-Waste Train Roboflow v1,train,charger,charger_adapter,image_1704,1,0.32725847533452607,False,False,False,,,,REVIEW
image_1707_jpg.rf.9487c35d49afa8e535035a3c4ac5c431.jpg,E-Waste Train Roboflow v1,train,charger,charger_adapter,image_1707,1,0.29861102265877265,True,False,False,,,,REVIEW
image_1708_jpg.rf.6c5f5344f6d12f88722e2123433e2c75.jpg,E-Waste Train Roboflow v1,train,charger,charger_adapter,image_1708,1,0.22429871716867836,False,False,False,,,,REVIEW
image_1710_jpg.rf.bb74607fc2c5194daa2e3f43b13b947a.jpg,E-Waste Train Roboflow v1,train,charger,charger_adapter,image_1710,1,0.33331204260996355,False,False,False,,,,REVIEW
image_1712_jpg.rf.896d228b8e2229aee1a882b9dfb8377b.jpg,E-Waste Train Roboflow v1,train,charger,charger_adapter,image_1712,1,0.41915713345392486,True,False,False,,,,REVIEW
image_1713_jpg.rf.7f28d3310f0073b8ca508b7017d266ab.jpg,E-Waste Train Roboflow v1,train,charger,charger_adapter,image_1713,1,0.48207505125083905,False,False,False,,,,REVIEW
image_1715_jpg.rf.7729084c11678279f8c82a319019754e.jpg,E-Waste Train Roboflow v1,train,charger,charger_adapter,image_1715,1,0.5055973053402035,False,False,False,,,,REVIEW
image_1716_jpg.rf.4078e47e024d002188d05dfac45d416e.jpg,E-Waste Train Roboflow v1,train,charger,charger_adapter,image_1716,1,0.057911447926514356,False,False,False,,,,REVIEW
image_1718_jpg.rf.915d9b94358cbeb99665a3420032791e.jpg,E-Waste Train Roboflow v1,train,charger,charger_adapter,image_1718,1,0.00826025,False,True,True,,,,REVIEW
image_1720_jpg.rf.2dcf5f383cd47a5c59b4a60e81ad81ab.jpg,E-Waste Train Roboflow v1,train,charger,charger_adapter,image_1720,1,0.49628071169876997,False,False,False,,,,REVIEW
image_1722_jpg.rf.ffda1a891bcaf1e40f4a1732ea6315e7.jpg,E-Waste Train Roboflow v1,train,charger,charger_adapter,image_1722,1,0.0004445145913043847,False,True,True,,,,REVIEW
image_1723_jpg.rf.439721c1bca21ac34a4577da262e763e.jpg,E-Waste Train Roboflow v1,train,charger,charger_adapter,image_1723,1,0.08639828745754509,False,False,False,,,,REVIEW
image_1724_jpg.rf.1e4393dbc27f5a51bd37f47806ce6c40.jpg,E-Waste Train Roboflow v1,train,charger,charger_adapter,image_1724,1,0.36254273439999996,False,False,False,,,,REVIEW
image_1725_jpg.rf.1f1700993365944285995eadf5791caa.jpg,E-Waste Train Roboflow v1,train,charger,charger_adapter,image_1725,1,0.3090992030333201,False,False,False,,,,REVIEW
image_1726_jpg.rf.56749d137ed0fa927b32b2a06c6cfbb2.jpg,E-Waste Train Roboflow v1,train,charger,charger_adapter,image_1726,1,0.01181625,False,True,False,,,,REVIEW
image_1728_jpg.rf.5c70fd8209811d36c925d56f8127abd0.jpg,E-Waste Train Roboflow v1,train,charger,charger_adapter,image_1728,1,0.5755545634784351,False,False,False,,,,REVIEW
image_1730_jpg.rf.0af905916a31aa5ceb8656d0ddd73626.jpg,E-Waste Train Roboflow v1,valid,charger,charger_adapter,image_1730,1,0.0848735586,False,False,False,,,,REVIEW
image_1731_jpg.rf.63a0e7c45648ddac07797383dbd20e35.jpg,E-Waste Train Roboflow v1,train,charger,charger_adapter,image_1731,1,0.0416311875,False,False,False,,,,REVIEW
image_1732_jpg.rf.a17a84c93d56c82a9e987ec22d0fe9a4.jpg,E-Waste Train Roboflow v1,train,charger,charger_adapter,image_1732,1,0.5848178727320592,False,False,False,,,,REVIEW
image_1733_jpg.rf.b896e78efd95f54d8d60654f579c50a7.jpg,E-Waste Train Roboflow v1,train,charger,charger_adapter,image_1733,1,0.24902865679837496,False,False,False,,,,REVIEW
image_1734_jpg.rf.9bec178a7d5dc6b80fa3832fbb0f0049.jpg,E-Waste Train Roboflow v1,train,charger,charger_adapter,image_1734,1,0.5198190118717169,False,False,False,,,,REVIEW
image_1735_jpg.rf.790005f16585fd45df42029bbb1b3878.jpg,E-Waste Train Roboflow v1,train,charger,charger_adapter,image_1735,1,0.3858800010446466,False,False,False,,,,REVIEW
image_1736_jpg.rf.634c7e18794d1d9534907fd2deadf8cf.jpg,E-Waste Train Roboflow v1,train,charger,charger_adapter,image_1736,1,0.11980138583229127,False,False,False,,,,REVIEW
image_1737_jpg.rf.dc13f89ff942555c4001348a4610a9e0.jpg,E-Waste Train Roboflow v1,train,charger,charger_adapter,image_1737,1,0.45314934057251227,False,False,False,,,,REVIEW
image_1738_jpg.rf.f67742728d7f3004f266e2bd85233a7c.jpg,E-Waste Train Roboflow v1,train,charger,charger_adapter,image_1738,1,0.5323851957933105,False,False,False,,,,REVIEW
image_1739_jpg.rf.5b5a9ec4288ad234aa9dde5916635c9b.jpg,E-Waste Train Roboflow v1,train,charger,charger_adapter,image_1739,1,0.10226799523290588,False,False,False,,,,REVIEW
image_1740_jpg.rf.bfabd327c9c31ef82a8aeb4e8005fcd6.jpg,E-Waste Train Roboflow v1,train,charger,charger_adapter,image_1740,1,0.492166324974468,False,False,False,,,,REVIEW
image_1741_jpg.rf.0b46501e69cb06ad18732c0f450f88b2.jpg,E-Waste Train Roboflow v1,train,charger,charger_adapter,image_1741,1,0.0943888086,False,False,False,,,,REVIEW
image_1742_jpg.rf.74da1471cb8d556bd1e0d0736e92791a.jpg,E-Waste Train Roboflow v1,train,charger,charger_adapter,image_1742,1,0.21914932961517689,False,False,False,,,,REVIEW
image_1743_jpg.rf.16746bb9812e7084bcc65819d1b7fb1b.jpg,E-Waste Train Roboflow v1,train,charger,charger_adapter,image_1743,1,0.43138915436938047,False,False,False,,,,REVIEW
image_1744_jpg.rf.e2e71e40c70dc882d34bf208553a6e41.jpg,E-Waste Train Roboflow v1,train,charger,charger_adapter,image_1744,1,0.4005146316235979,False,False,False,,,,REVIEW
image_1745_jpg.rf.511966af5833e3da30c4a843b5aeb60e.jpg,E-Waste Train Roboflow v1,train,charger,charger_adapter,image_1745,1,0.499422711354991,False,False,False,,,,REVIEW
image_1746_jpg.rf.a6d46988cec6a3ba0e983610c9feb462.jpg,E-Waste Train Roboflow v1,train,charger,charger_adapter,image_1746,1,0.3067922559410748,False,False,False,,,,REVIEW
image_1747_jpg.rf.84d359d1697bf619349dab39ecc7a147.jpg,E-Waste Train Roboflow v1,train,charger,charger_adapter,image_1747,1,0.1575447578,False,False,False,,,,REVIEW
image_1748_jpg.rf.0f2e32b279525a85dfc0e94022c10716.jpg,E-Waste Train Roboflow v1,train,charger,charger_adapter,image_1748,1,0.4648860375264431,False,False,False,,,,REVIEW
image_1749_jpg.rf.ee7f162116fb7fbd5789e2398c0f2641.jpg,E-Waste Train Roboflow v1,train,charger,charger_adapter,image_1749,1,0.5926922725371425,False,False,False,,,,REVIEW
image_1750_jpg.rf.3d660f62c96c98c1d032e161073f1306.jpg,E-Waste Train Roboflow v1,train,charger,charger_adapter,image_1750,1,0.6576708903080486,False,False,False,,,,REVIEW
image_1751_jpg.rf.0e19acf38e7bdeb9a9777a49ea04f831.jpg,E-Waste Train Roboflow v1,train,charger,charger_adapter,image_1751,1,0.35019931439330754,False,False,False,,,,REVIEW
image_1752_jpg.rf.3f7ab2c5c0a0796c61ce1209a740a314.jpg,E-Waste Train Roboflow v1,train,charger,charger_adapter,image_1752,1,0.00015184934260684813,False,True,True,,,,REVIEW
image_1753_jpg.rf.6ffff23bb4a5390919ad694c618732aa.jpg,E-Waste Train Roboflow v1,train,charger,charger_adapter,image_1753,1,0.26777792301296227,False,False,False,,,,REVIEW
image_1754_jpg.rf.8da85193f1b09e1e286d00fc39313f1b.jpg,E-Waste Train Roboflow v1,train,charger,charger_adapter,image_1754,1,0.0257489414,False,True,False,,,,REVIEW
image_1755_jpg.rf.a727bf24f32596a76edf1f8b894ff82c.jpg,E-Waste Train Roboflow v1,train,charger,charger_adapter,image_1755,1,0.3979513975083445,False,False,False,,,,REVIEW
image_1756_jpg.rf.f13ba2badae284d34931466fbb3b83df.jpg,E-Waste Train Roboflow v1,train,charger,charger_adapter,image_1756,1,0.33997271786101335,False,False,False,,,,REVIEW
image_1757_jpg.rf.646f70e379ddb6ec345165b239f3a642.jpg,E-Waste Train Roboflow v1,train,charger,charger_adapter,image_1757,1,0.7993764740190723,False,False,False,,,,REVIEW
image_1758_jpg.rf.6260cbc58b2d83f182a8d87b5af7336d.jpg,E-Waste Train Roboflow v1,train,charger,charger_adapter,image_1758,1,0.20828198833204417,False,False,False,,,,REVIEW
image_1759_jpg.rf.3364dbdc8f4f02acd77454d4111eeddc.jpg,E-Waste Train Roboflow v1,train,charger,charger_adapter,image_1759,1,0.0353461836,False,False,False,,,,REVIEW
image_1760_jpg.rf.62811d64ee793befe493fa235fdf1056.jpg,E-Waste Train Roboflow v1,train,charger,charger_adapter,image_1760,1,0.5769261433492991,False,False,False,,,,REVIEW
image_1761_jpg.rf.590c47e7d2d41066afa24797df2d16bc.jpg,E-Waste Train Roboflow v1,train,charger,charger_adapter,image_1761,1,0.29996128030549496,False,False,False,,,,REVIEW
image_1762_jpg.rf.c55657c94a2f456c0339ffd26953b3c5.jpg,E-Waste Train Roboflow v1,train,charger,charger_adapter,image_1762,1,0.12470114835686195,False,False,False,,,,REVIEW
image_1763_jpg.rf.63d12548d97f182c561c631a20ed8127.jpg,E-Waste Train Roboflow v1,train,charger,charger_adapter,image_1763,1,0.32891155943132033,False,False,False,,,,REVIEW
image_1764_jpg.rf.b76b9c6519aee9b37f8594cd910380dc.jpg,E-Waste Train Roboflow v1,train,charger,charger_adapter,image_1764,1,0.27036783199294945,False,False,False,,,,REVIEW
image_1765_jpg.rf.b30712a58162174f75ef1380bef4100f.jpg,E-Waste Train Roboflow v1,train,charger,charger_adapter,image_1765,1,0.3557081545302294,False,False,False,,,,REVIEW
image_1766_jpg.rf.e31aa30ef4d684bc0f9822d8fe270c21.jpg,E-Waste Train Roboflow v1,valid,charger,charger_adapter,image_1766,1,0.44595925429100436,True,False,False,,,,REVIEW
image_1767_jpg.rf.49f8ce23d5689e2e75a11988ece4831b.jpg,E-Waste Train Roboflow v1,valid,charger,charger_adapter,image_1767,1,0.16227070732983293,True,False,False,,,,REVIEW
image_1768_jpg.rf.11d432b4329f19251e310acd82927953.jpg,E-Waste Train Roboflow v1,train,charger,charger_adapter,image_1768,1,0.2938001799153289,False,False,False,,,,REVIEW
image_1769_jpg.rf.cebd80accacd336a786ccbeb0a3bd197.jpg,E-Waste Train Roboflow v1,train,charger,charger_adapter,image_1769,1,0.4373593154245187,False,False,False,,,,REVIEW
image_1770_jpg.rf.a7cda4f32d4ce82ef603ca59a87c0a32.jpg,E-Waste Train Roboflow v1,train,charger,charger_adapter,image_1770,1,0.732164641084087,False,False,False,,,,REVIEW
image_1771_jpg.rf.399763234ac70a2d739e517333f1ca88.jpg,E-Waste Train Roboflow v1,train,charger,charger_adapter,image_1771,1,0.2083736910339277,True,False,False,,,,REVIEW
image_1772_jpg.rf.6c792ec2e9183344951bf8e0232388d0.jpg,E-Waste Train Roboflow v1,train,charger,charger_adapter,image_1772,1,0.28169145082135943,False,False,False,,,,REVIEW
image_1773_jpg.rf.72b426c4d96c70e820c700fb6a98295c.jpg,E-Waste Train Roboflow v1,train,charger,charger_adapter,image_1773,1,0.17913224872550804,False,False,False,,,,REVIEW
image_1774_jpg.rf.68bfafe6573d888afedb8dd4ba77c3b1.jpg,E-Waste Train Roboflow v1,train,charger,charger_adapter,image_1774,1,0.5645444247568637,False,False,False,,,,REVIEW
image_1775_jpg.rf.c07bed898a9fb5a79147a9fb81f6c2b1.jpg,E-Waste Train Roboflow v1,train,charger,charger_adapter,image_1775,1,0.6767799493706443,False,False,False,,,,REVIEW
image_1776_jpg.rf.b782b7b299f70ebd0397fe6a585a0a80.jpg,E-Waste Train Roboflow v1,valid,charger,charger_adapter,image_1776,1,0.31138712133716495,True,False,False,,,,REVIEW
image_1777_jpg.rf.5b6449f1faf9f4c71b6794ec48c4492c.jpg,E-Waste Train Roboflow v1,train,charger,charger_adapter,image_1777,1,0.4384083552979261,False,False,False,,,,REVIEW
image_1778_jpg.rf.7a65f1e4dddc88161f7adbb468ebc447.jpg,E-Waste Train Roboflow v1,train,charger,charger_adapter,image_1778,1,0.5230513993864827,False,False,False,,,,REVIEW
image_1779_jpg.rf.de3133370713be9cc8a920495e6bf5e3.jpg,E-Waste Train Roboflow v1,train,charger,charger_adapter,image_1779,1,0.06946558313896767,False,False,False,,,,REVIEW
image_1780_jpg.rf.610d031572181add9fe4c49802c6c87d.jpg,E-Waste Train Roboflow v1,train,charger,charger_adapter,image_1780,1,0.3957513843100538,False,False,False,,,,REVIEW
image_1781_jpg.rf.078324adaa8e81911ba717112771da08.jpg,E-Waste Train Roboflow v1,train,charger,charger_adapter,image_1781,1,0.023232081852893497,False,True,False,,,,REVIEW
image_1782_jpg.rf.1338dd64240e79a0ff57c93d9027b397.jpg,E-Waste Train Roboflow v1,train,charger,charger_adapter,image_1782,1,0.44441419434958074,False,False,False,,,,REVIEW
image_1783_jpg.rf.14a84dadae4b03edf85f6dd378f2d8ac.jpg,E-Waste Train Roboflow v1,train,charger,charger_adapter,image_1783,1,0.17043318552102873,False,False,False,,,,REVIEW
image_1785_jpg.rf.13077bcc0bf8f5cf6a7b3c77e94a360b.jpg,E-Waste Train Roboflow v1,train,charger,charger_adapter,image_1785,1,0.1257122899659204,False,False,False,,,,REVIEW
image_1786_jpg.rf.ffc88c0fa60517a9d9c6edee555231b9.jpg,E-Waste Train Roboflow v1,train,charger,charger_adapter,image_1786,1,0.29157157418875107,False,False,False,,,,REVIEW
image_1787_jpg.rf.91251be3c76bf8156346467e2b390ed6.jpg,E-Waste Train Roboflow v1,train,charger,charger_adapter,image_1787,1,0.2806210260530489,False,False,False,,,,REVIEW
image_1788_jpg.rf.cededf9b461d62556c6b658d0e15095b.jpg,E-Waste Train Roboflow v1,train,charger,charger_adapter,image_1788,1,0.11942293608092541,True,False,False,,,,REVIEW
image_1789_jpg.rf.48c2bd2c20379f0149ea455577e6e48d.jpg,E-Waste Train Roboflow v1,train,charger,charger_adapter,image_1789,1,0.4140649941458778,False,False,False,,,,REVIEW
image_1790_jpg.rf.575917f0796e570ef498f3ab24a3a903.jpg,E-Waste Train Roboflow v1,train,charger,charger_adapter,image_1790,1,0.3186115538800432,False,False,False,,,,REVIEW
image_1791_jpg.rf.945b79dc9119f4ebc802a6491657d65f.jpg,E-Waste Train Roboflow v1,train,charger,charger_adapter,image_1791,1,0.3453461944529668,False,False,False,,,,REVIEW
image_1792_jpg.rf.effd0e1ce6e8d33910dabec1bd4d6c1c.jpg,E-Waste Train Roboflow v1,train,charger,charger_adapter,image_1792,1,0.5105832851442174,False,False,False,,,,REVIEW
image_1793_jpg.rf.909817afc2940040823fb08542bb5d89.jpg,E-Waste Train Roboflow v1,train,charger,charger_adapter,image_1793,1,0.4695483250747971,False,False,False,,,,REVIEW
image_1794_jpg.rf.7ea32d76c1a5ea0d3e5e56fdf811e4db.jpg,E-Waste Train Roboflow v1,train,charger,charger_adapter,image_1794,1,0.6013986550794785,False,False,False,,,,REVIEW
image_1795_jpg.rf.f00272aed2227b0b2cf5ea86f490129c.jpg,E-Waste Train Roboflow v1,train,charger,charger_adapter,image_1795,1,0.0369454922,False,False,False,,,,REVIEW
image_1796_jpg.rf.20953ddabf1c41639cccc1e064704e36.jpg,E-Waste Train Roboflow v1,train,charger,charger_adapter,image_1796,1,0.053362207021210244,False,False,False,,,,REVIEW
image_1797_jpg.rf.2e049042e5a07cc45609540e3c18a83f.jpg,E-Waste Train Roboflow v1,train,charger,charger_adapter,image_1797,1,0.30907002778109743,False,False,False,,,,REVIEW
image_1798_jpg.rf.41de4c9845b504e430591d0c950526da.jpg,E-Waste Train Roboflow v1,train,charger,charger_adapter,image_1798,1,0.6128048608150845,False,False,False,,,,REVIEW
image_1799_jpg.rf.fc0cc992bbb650b766279a62037d8bcf.jpg,E-Waste Train Roboflow v1,valid,charger,charger_adapter,image_1799,1,0.15797617087733734,True,False,False,,,,REVIEW
image_18_jpg.rf.6f9a4ff2101225be3905b0e48fd1226a.jpg,E-Waste Train Roboflow v1,train,charger,charger_adapter,image_18,1,0.2534617344,False,False,False,,,,REVIEW
image_1801_jpg.rf.d227b48b52270174fdba690a29e1db9b.jpg,E-Waste Train Roboflow v1,train,charger,charger_adapter,image_1801,1,0.5145737574131043,False,False,False,,,,REVIEW
image_1804_jpg.rf.bd1f0d85a284fe47886fe7b3809bcc71.jpg,E-Waste Train Roboflow v1,train,charger,charger_adapter,image_1804,1,0.46263987164030496,False,False,False,,,,REVIEW
image_1806_jpg.rf.656f022312fe2dc7f6d5addcc2951db5.jpg,E-Waste Train Roboflow v1,train,charger,charger_adapter,image_1806,1,0.4258261708849142,False,False,False,,,,REVIEW
image_1807_jpg.rf.3d454a7ba804edb0424a928a84999059.jpg,E-Waste Train Roboflow v1,train,charger,charger_adapter,image_1807,1,0.2265246051886075,False,False,False,,,,REVIEW
image_1808_jpg.rf.0179deb260dbbad69e3714dd29729483.jpg,E-Waste Train Roboflow v1,train,charger,charger_adapter,image_1808,1,0.08018421226902366,False,False,False,,,,REVIEW
image_1809_jpg.rf.37ab0bc0b23288b2d229bfca3c344039.jpg,E-Waste Train Roboflow v1,valid,charger,charger_adapter,image_1809,1,0.06951085345071199,True,False,False,,,,REVIEW
image_1810_jpg.rf.a0fea8da7d0f5be0b4eee94350aa3eaf.jpg,E-Waste Train Roboflow v1,train,charger,charger_adapter,image_1810,1,0.10349657977749999,False,False,False,,,,REVIEW
image_1811_jpg.rf.ee68e91426bb4dc7d0faa8d8dac69814.jpg,E-Waste Train Roboflow v1,train,charger,charger_adapter,image_1811,1,0.24852477047683827,False,False,False,,,,REVIEW
image_1812_jpg.rf.9fada6559bde3bb04a86b1d92dae4a3f.jpg,E-Waste Train Roboflow v1,train,charger,charger_adapter,image_1812,1,0.3816811828064806,False,False,False,,,,REVIEW
image_1813_jpg.rf.4b4dc82a0e56467347b5c14f95ffd8c2.jpg,E-Waste Train Roboflow v1,train,charger,charger_adapter,image_1813,1,0.030810155135262588,False,False,False,,,,REVIEW
image_1814_jpg.rf.cadf8f3161b980704cc8d92f8c57d44b.jpg,E-Waste Train Roboflow v1,train,charger,charger_adapter,image_1814,1,0.012363375,False,True,False,,,,REVIEW
image_1815_jpg.rf.fd07addf458112a54df6a79299d1ca70.jpg,E-Waste Train Roboflow v1,train,charger,charger_adapter,image_1815,1,0.05056068360000001,False,False,False,,,,REVIEW
image_1817_jpg.rf.be85a2c3b524d998a342cf34ecbe861c.jpg,E-Waste Train Roboflow v1,train,charger,charger_adapter,image_1817,1,0.24864844279508927,False,False,False,,,,REVIEW
image_1823_jpg.rf.b267401eed58ed7828b5bf3b4aaee1c4.jpg,E-Waste Train Roboflow v1,train,charger,charger_adapter,image_1823,1,0.05832032491655254,False,False,False,,,,REVIEW
image_1824_jpg.rf.cfe8c9fe940e967873c4d4d21fad40f8.jpg,E-Waste Train Roboflow v1,train,charger,charger_adapter,image_1824,1,0.326325379841625,False,False,False,,,,REVIEW
image_1825_jpg.rf.9a32a997cd2c07a1208b12c9b8eee786.jpg,E-Waste Train Roboflow v1,train,charger,charger_adapter,image_1825,1,0.020439250000000003,False,True,False,,,,REVIEW
image_1826_jpg.rf.b8e30da01f143c2ee9eeed162bd4e9a9.jpg,E-Waste Train Roboflow v1,train,charger,charger_adapter,image_1826,1,0.3069183079494217,False,False,False,,,,REVIEW
image_1827_jpg.rf.f9517e3d193f7665611aefe1e1ae9af4.jpg,E-Waste Train Roboflow v1,train,charger,charger_adapter,image_1827,1,0.25102465742656105,False,False,False,,,,REVIEW
image_1828_jpg.rf.4a5995f9deaa9cc745a81710f40bacf5.jpg,E-Waste Train Roboflow v1,train,charger,charger_adapter,image_1828,1,0.03976912109999999,False,False,False,,,,REVIEW
image_1829_jpg.rf.2dc573ee334baa6a77e6afc102b99632.jpg,E-Waste Train Roboflow v1,train,charger,charger_adapter,image_1829,1,0.24647578887686813,False,False,False,,,,REVIEW
image_1830_jpg.rf.37f424fa02b48ba74b59a01897c6cbc8.jpg,E-Waste Train Roboflow v1,train,charger,charger_adapter,image_1830,1,0.22124800000000003,True,False,False,,,,REVIEW
image_1831_jpg.rf.43b512b1fa07102343cded5fac4e72ab.jpg,E-Waste Train Roboflow v1,train,charger,charger_adapter,image_1831,1,0.3801687520298186,False,False,False,,,,REVIEW
image_1832_jpg.rf.5fba116b57ef48d320e0c0af2d1c128d.jpg,E-Waste Train Roboflow v1,train,charger,charger_adapter,image_1832,1,0.5018899553251045,False,False,False,,,,REVIEW
image_1833_jpg.rf.b97d2a51c6437255ffce9b05bbc9e4d3.jpg,E-Waste Train Roboflow v1,train,charger,charger_adapter,image_1833,1,0.016542595922259987,False,True,False,,,,REVIEW
image_1834_jpg.rf.75d74c755807773d52f4d4f18a7e2aae.jpg,E-Waste Train Roboflow v1,train,charger,charger_adapter,image_1834,1,0.2613696850606406,False,False,False,,,,REVIEW
image_1835_jpg.rf.7e83e729d0c317589f3f3c3b79fa3906.jpg,E-Waste Train Roboflow v1,train,charger,charger_adapter,image_1835,1,0.2025,False,False,False,,,,REVIEW
image_1836_jpg.rf.d8f48110d805ba5a3984cecef4b08857.jpg,E-Waste Train Roboflow v1,train,charger,charger_adapter,image_1836,1,0.0311050586,False,False,False,,,,REVIEW
image_1838_jpg.rf.f162e75e90810ecd4eac93c0e1f3ef84.jpg,E-Waste Train Roboflow v1,train,charger,charger_adapter,image_1838,1,0.5685979334707496,False,False,False,,,,REVIEW
image_1839_jpg.rf.d712f9fb1866684a50e2d95f75590fcc.jpg,E-Waste Train Roboflow v1,train,charger,charger_adapter,image_1839,1,0.09848187207165408,False,False,False,,,,REVIEW
image_184_jpg.rf.61f534c9ac152480687e070a57ec952b.jpg,E-Waste Train Roboflow v1,train,charger,charger_adapter,image_184,1,0.14028090972620483,False,False,False,,,,REVIEW
image_1840_jpg.rf.27ad38d9ecb95a4b2e49883c72c87a44.jpg,E-Waste Train Roboflow v1,train,charger,charger_adapter,image_1840,1,0.12471282897352728,False,False,False,,,,REVIEW
image_1842_jpg.rf.be68f137e350c4f69b6b9ad8aa2f19f3.jpg,E-Waste Train Roboflow v1,train,charger,charger_adapter,image_1842,1,0.0655702461,False,False,False,,,,REVIEW
image_1843_jpg.rf.efa43fb5a56b7306e0a02b02c2acb813.jpg,E-Waste Train Roboflow v1,train,charger,charger_adapter,image_1843,1,0.536255891980308,False,False,False,,,,REVIEW
image_1844_jpg.rf.49bc216475165c8512b1c39b40fad6cf.jpg,E-Waste Train Roboflow v1,train,charger,charger_adapter,image_1844,1,0.24165128444494527,False,False,False,,,,REVIEW
image_1845_jpg.rf.183b44a2ad46142bf5fef1747c6cd923.jpg,E-Waste Train Roboflow v1,train,charger,charger_adapter,image_1845,1,0.3950669158641965,False,False,False,,,,REVIEW
image_1846_jpg.rf.ac835b39884be1a887ddbf156dc525be.jpg,E-Waste Train Roboflow v1,train,charger,charger_adapter,image_1846,1,0.104688,False,False,False,,,,REVIEW
image_1847_jpg.rf.c399e3143b04459e99819ad73e28be67.jpg,E-Waste Train Roboflow v1,train,charger,charger_adapter,image_1847,1,0.17967027447786096,False,False,False,,,,REVIEW
image_1849_jpg.rf.6f6272980bdc2e45cfd40930301f1a3c.jpg,E-Waste Train Roboflow v1,train,charger,charger_adapter,image_1849,1,0.3194080350098127,False,False,False,,,,REVIEW
image_1850_jpg.rf.47e6d144d04180d284dad8a872f07f38.jpg,E-Waste Train Roboflow v1,train,charger,charger_adapter,image_1850,1,0.15590093274384814,False,False,False,,,,REVIEW
image_1851_jpg.rf.271bfc983ceea9470ff0e70199a1779b.jpg,E-Waste Train Roboflow v1,train,charger,charger_adapter,image_1851,1,0.0022091078778302296,False,True,True,,,,REVIEW
image_1852_jpg.rf.04d0c97d7e34cbce2cdec445c37bd7e8.jpg,E-Waste Train Roboflow v1,train,charger,charger_adapter,image_1852,1,0.03811288389016227,False,False,False,,,,REVIEW
image_1854_jpg.rf.548e18733b11109c30f895728eaeee13.jpg,E-Waste Train Roboflow v1,valid,charger,charger_adapter,image_1854,1,0.19344282029999998,False,False,False,,,,REVIEW
image_1855_jpg.rf.9249c2920c0cbaa351c9ca71f5359b5c.jpg,E-Waste Train Roboflow v1,train,charger,charger_adapter,image_1855,1,0.13422578709692495,False,False,False,,,,REVIEW
image_1856_jpg.rf.c1139804692b1adec973cf1f4aa487a9.jpg,E-Waste Train Roboflow v1,train,charger,charger_adapter,image_1856,1,0.1445784375,False,False,False,,,,REVIEW
image_1857_jpg.rf.00fe905956e3fbb8b830a08eeb3a4fe3.jpg,E-Waste Train Roboflow v1,train,charger,charger_adapter,image_1857,1,0.2709375697886402,False,False,False,,,,REVIEW
image_1858_jpg.rf.add553ead76da5d440407c6286e1ba7e.jpg,E-Waste Train Roboflow v1,train,charger,charger_adapter,image_1858,1,0.08278127348188782,False,False,False,,,,REVIEW
image_186_jpg.rf.c883e3903f35ef02ac38546d4758704a.jpg,E-Waste Train Roboflow v1,train,charger,charger_adapter,image_186,1,0.30812413889929857,False,False,False,,,,REVIEW
image_1860_jpg.rf.f7580bbaea051c57b82a87bb5f4c24eb.jpg,E-Waste Train Roboflow v1,valid,charger,charger_adapter,image_1860,1,0.2421674922,True,False,False,,,,REVIEW
image_1861_jpg.rf.7e4c8438b831abfd7911986ebda16a02.jpg,E-Waste Train Roboflow v1,train,charger,charger_adapter,image_1861,1,0.3344023370713837,False,False,False,,,,REVIEW
image_1863_jpg.rf.0fc51469dc977999695fe9bd2e860c8d.jpg,E-Waste Train Roboflow v1,train,charger,charger_adapter,image_1863,1,0.09731739197044134,False,False,False,,,,REVIEW
image_1864_jpg.rf.49c2ccc25d70d3db16105082e0b0aeec.jpg,E-Waste Train Roboflow v1,train,charger,charger_adapter,image_1864,1,0.6018929907982625,False,False,False,,,,REVIEW
image_1866_jpg.rf.5468cd4153b25650fdb0e5a322f844dc.jpg,E-Waste Train Roboflow v1,train,charger,charger_adapter,image_1866,1,0.3167106888826275,False,False,False,,,,REVIEW
image_1868_jpg.rf.8eac4eb50de40952f308b65edd9edffd.jpg,E-Waste Train Roboflow v1,train,charger,charger_adapter,image_1868,1,0.43827404639414375,True,False,False,,,,REVIEW
image_1869_jpg.rf.d98165df6819a5f30fd8272bc7fd0180.jpg,E-Waste Train Roboflow v1,train,charger,charger_adapter,image_1869,1,0.3603600170883795,False,False,False,,,,REVIEW
image_187_jpg.rf.3ef6aaea3e2f31b36bf2d426d41891ce.jpg,E-Waste Train Roboflow v1,train,charger,charger_adapter,image_187,1,0.440027916579242,False,False,False,,,,REVIEW
image_1871_jpg.rf.ce99bd517c0469ff7cc6180c4f11d8de.jpg,E-Waste Train Roboflow v1,train,charger,charger_adapter,image_1871,1,0.32389716895994813,False,False,False,,,,REVIEW
image_1872_jpg.rf.4517355440657012ae71baef24f0a27a.jpg,E-Waste Train Roboflow v1,train,charger,charger_adapter,image_1872,1,0.7863768892126181,False,False,False,,,,REVIEW
image_1873_jpg.rf.5a57850dc7971cdbd456c01a330caa83.jpg,E-Waste Train Roboflow v1,train,charger,charger_adapter,image_1873,1,0.3413975834951655,False,False,False,,,,REVIEW
image_1874_jpg.rf.7d40dc34b2b1045aa436283bad16422b.jpg,E-Waste Train Roboflow v1,valid,charger,charger_adapter,image_1874,1,0.19201200812335556,False,False,False,,,,REVIEW
image_1875_jpg.rf.c5a14b278b548877f875fa5f748f5c85.jpg,E-Waste Train Roboflow v1,train,charger,charger_adapter,image_1875,1,0.8276916514640877,False,False,False,,,,REVIEW
image_1876_jpg.rf.0d292893a228b5d6149a6fd916aab8dd.jpg,E-Waste Train Roboflow v1,train,charger,charger_adapter,image_1876,1,0.5596063789000001,True,False,False,,,,REVIEW
image_1878_jpg.rf.8d374c28e0388e2d8bf61604aa5a2748.jpg,E-Waste Train Roboflow v1,train,charger,charger_adapter,image_1878,1,0.15434095404369566,False,False,False,,,,REVIEW
image_1879_jpg.rf.451b1d4a4a041c91d5c1c6e4c7a87f0a.jpg,E-Waste Train Roboflow v1,train,charger,charger_adapter,image_1879,1,0.3208327717552387,False,False,False,,,,REVIEW
image_188_jpg.rf.abe440f9853060a27a09fbcea36c24e4.jpg,E-Waste Train Roboflow v1,train,charger,charger_adapter,image_188,1,0.34734243872129655,False,False,False,,,,REVIEW
image_1882_jpg.rf.25d37b96d7e06d12c14ab7a1cfa1b32c.jpg,E-Waste Train Roboflow v1,train,charger,charger_adapter,image_1882,1,0.4449032597548747,False,False,False,,,,REVIEW
image_1883_jpg.rf.48a7c3183813f0f6ff3999eb2128eaed.jpg,E-Waste Train Roboflow v1,train,charger,charger_adapter,image_1883,1,0.5413728541642259,True,False,False,,,,REVIEW
image_1884_jpg.rf.03ee8305b4866754b2a3f5b916acb03b.jpg,E-Waste Train Roboflow v1,train,charger,charger_adapter,image_1884,1,0.29928794612896614,False,False,False,,,,REVIEW
image_1886_jpg.rf.90bab111559dc287c3d5f44f55395929.jpg,E-Waste Train Roboflow v1,train,charger,charger_adapter,image_1886,1,0.2781108661698999,False,False,False,,,,REVIEW
image_1887_jpg.rf.ff2dc2df3e19ceb90a16b1470fdad37b.jpg,E-Waste Train Roboflow v1,train,charger,charger_adapter,image_1887,1,0.07851749999999999,False,False,False,,,,REVIEW
image_1888_jpg.rf.574e8f053905f6dde1adbba4772f7503.jpg,E-Waste Train Roboflow v1,train,charger,charger_adapter,image_1888,1,0.5418628831280633,False,False,False,,,,REVIEW
image_1889_jpg.rf.de50264fb5e2846ec4ddd6077e063bde.jpg,E-Waste Train Roboflow v1,train,charger,charger_adapter,image_1889,1,0.07410353145165686,False,False,False,,,,REVIEW
image_189_jpg.rf.0c12c24c23062573f947be100f3a444d.jpg,E-Waste Train Roboflow v1,train,charger,charger_adapter,image_189,1,0.33808606890772935,False,False,False,,,,REVIEW
image_1890_jpg.rf.6a12bff2c9a690e120c815e601c564b2.jpg,E-Waste Train Roboflow v1,train,charger,charger_adapter,image_1890,1,0.4313055876341467,False,False,False,,,,REVIEW
image_1892_jpg.rf.76b2952073d4ea3acd222bd43b318c4f.jpg,E-Waste Train Roboflow v1,train,charger,charger_adapter,image_1892,1,0.10296630469999998,False,False,False,,,,REVIEW
image_1893_jpg.rf.90987bca12a3bb5e99302c766821a7e2.jpg,E-Waste Train Roboflow v1,train,charger,charger_adapter,image_1893,1,0.3965553431667419,False,False,False,,,,REVIEW
image_1894_jpg.rf.48de9c4509014897b8a8d872d09bf1ed.jpg,E-Waste Train Roboflow v1,train,charger,charger_adapter,image_1894,1,0.6223424483900316,False,False,False,,,,REVIEW
image_1895_jpg.rf.a567715a7a914ab29ae9a45cdb5b425f.jpg,E-Waste Train Roboflow v1,train,charger,charger_adapter,image_1895,1,0.08448716004636404,False,False,False,,,,REVIEW
image_1896_jpg.rf.7324a7ea3775eaad72e1d904bfc44e58.jpg,E-Waste Train Roboflow v1,train,charger,charger_adapter,image_1896,1,0.4152857100354491,False,False,False,,,,REVIEW
image_1897_jpg.rf.038aec1c7c081266820591b275f49351.jpg,E-Waste Train Roboflow v1,train,charger,charger_adapter,image_1897,1,0.323133067346086,False,False,False,,,,REVIEW
image_1898_jpg.rf.62f960b5f56a474b4f0997ea7df58e13.jpg,E-Waste Train Roboflow v1,train,charger,charger_adapter,image_1898,1,0.06451433092671868,False,False,False,,,,REVIEW
image_1899_jpg.rf.086aa2faf70c55a5e730e6b81cf5bb8a.jpg,E-Waste Train Roboflow v1,train,charger,charger_adapter,image_1899,1,0.21745583399049637,False,False,False,,,,REVIEW
image_190_jpg.rf.9dfa60643cea6dd77102170bedeffb6e.jpg,E-Waste Train Roboflow v1,train,charger,charger_adapter,image_190,1,0.3342610688105795,False,False,False,,,,REVIEW
image_1900_jpg.rf.d1a282f5663f85e0614a6d6f5a1e4938.jpg,E-Waste Train Roboflow v1,train,charger,charger_adapter,image_1900,1,0.05304974219999999,False,False,False,,,,REVIEW
image_1903_jpg.rf.69cc9edc9ba5c79b9f32288f6c041a39.jpg,E-Waste Train Roboflow v1,train,charger,charger_adapter,image_1903,1,0.4374217422,False,False,False,,,,REVIEW
image_1904_jpg.rf.0d406d965712b13632f0eb945f4faff2.jpg,E-Waste Train Roboflow v1,train,charger,charger_adapter,image_1904,1,0.42744974999999996,False,False,False,,,,REVIEW
image_1905_jpg.rf.030bd7603a77473c6bdb1f15de79715b.jpg,E-Waste Train Roboflow v1,train,charger,charger_adapter,image_1905,1,0.298833571658284,False,False,False,,,,REVIEW
image_1906_jpg.rf.ac520d83445902083c8fdfca50016155.jpg,E-Waste Train Roboflow v1,train,charger,charger_adapter,image_1906,1,0.10970167412279931,False,False,False,,,,REVIEW
image_1907_jpg.rf.a64efeaed243b8be6162366678dc3a4b.jpg,E-Waste Train Roboflow v1,train,charger,charger_adapter,image_1907,1,0.12380367664572305,False,False,False,,,,REVIEW
image_1908_jpg.rf.c290298300f657f4a61808b8b40abe21.jpg,E-Waste Train Roboflow v1,train,charger,charger_adapter,image_1908,1,0.2666567304564811,False,False,False,,,,REVIEW
image_1909_jpg.rf.5dfc2b639a952203bd315634213b58b8.jpg,E-Waste Train Roboflow v1,train,charger,charger_adapter,image_1909,1,0.3863934169568047,False,False,False,,,,REVIEW
image_191_jpg.rf.908f42b7268f82c6b2711e84a92f291c.jpg,E-Waste Train Roboflow v1,train,charger,charger_adapter,image_191,1,0.20931918813903203,False,False,False,,,,REVIEW
image_1910_jpg.rf.0349d274a57fe5e5aef36ddcf6e2267a.jpg,E-Waste Train Roboflow v1,train,charger,charger_adapter,image_1910,1,0.582293871969709,False,False,False,,,,REVIEW
image_1911_jpg.rf.5d7b1bda83683adf78479b2661c1c6f8.jpg,E-Waste Train Roboflow v1,train,charger,charger_adapter,image_1911,1,0.18123060533805146,False,False,False,,,,REVIEW
image_1912_jpg.rf.60db43633b3572936074cb04c2b6c83e.jpg,E-Waste Train Roboflow v1,train,charger,charger_adapter,image_1912,1,0.13750218623463875,False,False,False,,,,REVIEW
image_1915_jpg.rf.1c6313abff980a9b7f42014d0686f030.jpg,E-Waste Train Roboflow v1,train,charger,charger_adapter,image_1915,1,0.157911875,False,False,False,,,,REVIEW
image_1916_jpg.rf.4a028006ac69d46e3d3f28ba05bbe67a.jpg,E-Waste Train Roboflow v1,valid,charger,charger_adapter,image_1916,1,0.14862234291428522,False,False,False,,,,REVIEW
image_1917_jpg.rf.2c8a22044ed71141537f997bd36fc955.jpg,E-Waste Train Roboflow v1,train,charger,charger_adapter,image_1917,1,0.14586601134515864,False,False,False,,,,REVIEW
image_1918_jpg.rf.828614d03a4c7841ba03979b90d8489d.jpg,E-Waste Train Roboflow v1,train,charger,charger_adapter,image_1918,1,0.03886239868326847,False,False,False,,,,REVIEW
image_192_jpg.rf.21ce806a9ea4ba25b5e4907a43b5f519.jpg,E-Waste Train Roboflow v1,train,charger,charger_adapter,image_192,1,0.3559453427411297,False,False,False,,,,REVIEW
image_1923_jpg.rf.1980af55d7503001ac85d0242eaf3342.jpg,E-Waste Train Roboflow v1,train,charger,charger_adapter,image_1923,1,0.14780395058002765,False,False,False,,,,REVIEW
image_1924_jpg.rf.a365d9246667938ffb1c404b668362bc.jpg,E-Waste Train Roboflow v1,train,charger,charger_adapter,image_1924,1,0.3663611328,False,False,False,,,,REVIEW
image_1926_jpg.rf.5b7f4a9aa340350c060066f62975d04b.jpg,E-Waste Train Roboflow v1,train,charger,charger_adapter,image_1926,1,0.5691646628428462,False,False,False,,,,REVIEW
image_1927_jpg.rf.d059f3a5992918285a906ca937e937e1.jpg,E-Waste Train Roboflow v1,train,charger,charger_adapter,image_1927,1,0.5692266002948752,False,False,False,,,,REVIEW
image_1928_jpg.rf.4edcdaedf02e4e43c052a6c14bb4878c.jpg,E-Waste Train Roboflow v1,train,charger,charger_adapter,image_1928,1,0.37079631423751874,False,False,False,,,,REVIEW
image_193_jpg.rf.fa4ac6ea65d7205e582cf13f7b2f0246.jpg,E-Waste Train Roboflow v1,train,charger,charger_adapter,image_193,1,0.7147527146219931,False,False,False,,,,REVIEW
image_1935_jpg.rf.f822a694d013265a417bb5b067692065.jpg,E-Waste Train Roboflow v1,train,charger,charger_adapter,image_1935,1,0.27018416536637513,False,False,False,,,,REVIEW
image_1937_jpg.rf.eeb1eb886972c002e597e6d02ff9a1cb.jpg,E-Waste Train Roboflow v1,train,charger,charger_adapter,image_1937,1,0.003587967594907832,False,True,True,,,,REVIEW
image_194_jpg.rf.0983da0a62e1f3cd778f3b1767e2d751.jpg,E-Waste Train Roboflow v1,train,charger,charger_adapter,image_194,1,0.23976031087691496,False,False,False,,,,REVIEW
image_1940_jpg.rf.ea991aef9f1f90ae6b691c2464e72115.jpg,E-Waste Train Roboflow v1,train,charger,charger_adapter,image_1940,1,0.3153878861887885,True,False,False,,,,REVIEW
image_1941_jpg.rf.d591252e2920afa3afd568c3addf88e9.jpg,E-Waste Train Roboflow v1,train,charger,charger_adapter,image_1941,1,0.014965050014913122,True,True,False,,,,REVIEW
image_1942_jpg.rf.a7c92786ee81a6f3e27f06ebfd0b84a1.jpg,E-Waste Train Roboflow v1,valid,charger,charger_adapter,image_1942,1,0.741843660129915,True,False,False,,,,REVIEW
image_1943_jpg.rf.3a879f72fa3f5d6f79423ed884c62a6a.jpg,E-Waste Train Roboflow v1,train,charger,charger_adapter,image_1943,1,0.0003052211147649536,False,True,True,,,,REVIEW
image_1944_jpg.rf.ef5af8fea2788ba7ce14fa3101d284dc.jpg,E-Waste Train Roboflow v1,train,charger,charger_adapter,image_1944,1,0.027124382800000003,False,True,False,,,,REVIEW
image_1945_jpg.rf.bf05ed7092a613b19c71cb28d178c651.jpg,E-Waste Train Roboflow v1,train,charger,charger_adapter,image_1945,1,0.34988563477006795,False,False,False,,,,REVIEW
image_1946_jpg.rf.96ba2737fe7a51b0bb446cae7d788b27.jpg,E-Waste Train Roboflow v1,train,charger,charger_adapter,image_1946,1,0.2692576740552958,False,False,False,,,,REVIEW
image_1948_jpg.rf.9a5dadddbef3ba48f4e6a24283bdd7fb.jpg,E-Waste Train Roboflow v1,train,charger,charger_adapter,image_1948,1,0.14518104101300938,False,False,False,,,,REVIEW
image_1949_jpg.rf.6d5e0763a9ca33c889bb7ed53fff169b.jpg,E-Waste Train Roboflow v1,train,charger,charger_adapter,image_1949,1,0.36763187509348744,False,False,False,,,,REVIEW
image_195_jpg.rf.e20233bf1f9e2fe5b89973b614c388a1.jpg,E-Waste Train Roboflow v1,train,charger,charger_adapter,image_195,1,0.5157938608300787,False,False,False,,,,REVIEW
image_1950_jpg.rf.6ca35080e56446ed60b3a84c4a00e4f0.jpg,E-Waste Train Roboflow v1,train,charger,charger_adapter,image_1950,1,0.22353906229077053,False,False,False,,,,REVIEW
image_1951_jpg.rf.d7b2104aec18af1dd2d250326a49ecc8.jpg,E-Waste Train Roboflow v1,train,charger,charger_adapter,image_1951,1,0.4615061577947633,False,False,False,,,,REVIEW
image_1952_jpg.rf.0af8670f6de35c622482c01e0085ef13.jpg,E-Waste Train Roboflow v1,train,charger,charger_adapter,image_1952,1,0.2965608789,False,False,False,,,,REVIEW
image_1953_jpg.rf.f4ee5b6154356c347027eb195c20df1f.jpg,E-Waste Train Roboflow v1,train,charger,charger_adapter,image_1953,1,0.0867720066994154,False,False,False,,,,REVIEW
image_1955_jpg.rf.92022dd71387e5da7135b11c305023bc.jpg,E-Waste Train Roboflow v1,train,charger,charger_adapter,image_1955,1,0.060672418780975415,False,False,False,,,,REVIEW
image_1956_jpg.rf.ca57e871e639bedffa5f36203108a950.jpg,E-Waste Train Roboflow v1,train,charger,charger_adapter,image_1956,1,0.4782966162002011,False,False,False,,,,REVIEW
image_1957_jpg.rf.f526ef1676028f3fe32256a85cd6c5d1.jpg,E-Waste Train Roboflow v1,train,charger,charger_adapter,image_1957,1,0.44936319537619673,False,False,False,,,,REVIEW
image_1959_jpg.rf.c34c96d7d5a2e36dc7375510fa4b25a3.jpg,E-Waste Train Roboflow v1,train,charger,charger_adapter,image_1959,1,0.1676645,False,False,False,,,,REVIEW
image_196_jpg.rf.9b0151574cd59b445a27e8f813645b78.jpg,E-Waste Train Roboflow v1,train,charger,charger_adapter,image_196,1,0.2613945628355336,False,False,False,,,,REVIEW
image_1960_jpg.rf.aa2c7947037855b29cf7735603a19c31.jpg,E-Waste Train Roboflow v1,train,charger,charger_adapter,image_1960,1,0.44584197065296766,False,False,False,,,,REVIEW
image_1961_jpg.rf.acf87087e2d9a8f8562c53d795b6a7e6.jpg,E-Waste Train Roboflow v1,train,charger,charger_adapter,image_1961,1,0.4867869603254091,False,False,False,,,,REVIEW
image_1962_jpg.rf.9fa3f977ce20130ca2719f4cdc29d01e.jpg,E-Waste Train Roboflow v1,train,charger,charger_adapter,image_1962,1,0.6236682477589907,False,False,False,,,,REVIEW
image_1963_jpg.rf.376ce4f4f3f7024e28c28d6dbebb2636.jpg,E-Waste Train Roboflow v1,valid,charger,charger_adapter,image_1963,1,0.45417054570696186,True,False,False,,,,REVIEW
image_1964_jpg.rf.9396c7298d90921552f3b1f506d367de.jpg,E-Waste Train Roboflow v1,train,charger,charger_adapter,image_1964,1,0.25171799999999994,False,False,False,,,,REVIEW
image_1965_jpg.rf.ab57beab54c4d448d0de4c115d580653.jpg,E-Waste Train Roboflow v1,train,charger,charger_adapter,image_1965,1,0.35943321617225604,False,False,False,,,,REVIEW
image_1966_jpg.rf.78fa4ef8acc0a28c7ffef00f875ccde6.jpg,E-Waste Train Roboflow v1,train,charger,charger_adapter,image_1966,1,0.0005289336000000001,False,True,True,,,,REVIEW
image_1967_jpg.rf.0befd3db262bbc8b3480d70da9b09eca.jpg,E-Waste Train Roboflow v1,valid,charger,charger_adapter,image_1967,1,0.13405746914421648,False,False,False,,,,REVIEW
image_1968_jpg.rf.9c080d3da4275be1986cfae819407678.jpg,E-Waste Train Roboflow v1,train,charger,charger_adapter,image_1968,1,0.4782388163543237,False,False,False,,,,REVIEW
image_197_jpg.rf.7f701035962d7db08257653b5c1ed510.jpg,E-Waste Train Roboflow v1,train,charger,charger_adapter,image_197,1,0.1086265620917745,True,False,False,,,,REVIEW
image_1970_jpg.rf.4ce8f3319e55f3b3b4d1fbaf5449423c.jpg,E-Waste Train Roboflow v1,train,charger,charger_adapter,image_1970,1,0.4153303490156023,False,False,False,,,,REVIEW
image_1971_jpg.rf.1bf076b6ea94ddc97bfd79fb77875bd0.jpg,E-Waste Train Roboflow v1,train,charger,charger_adapter,image_1971,1,0.10255293359999999,False,False,False,,,,REVIEW
image_1972_jpg.rf.6f77537d498a25b5970dc36d19ccca92.jpg,E-Waste Train Roboflow v1,train,charger,charger_adapter,image_1972,1,0.354134575402577,False,False,False,,,,REVIEW
image_1973_jpg.rf.539475db597826a6e31553c68a923801.jpg,E-Waste Train Roboflow v1,train,charger,charger_adapter,image_1973,1,0.11012962565244945,True,False,False,,,,REVIEW
image_1974_jpg.rf.b49c397117c62071951f1a8438f80ca0.jpg,E-Waste Train Roboflow v1,train,charger,charger_adapter,image_1974,1,0.33612370523295493,False,False,False,,,,REVIEW
image_1975_jpg.rf.b338b76c1c4b2a94a214bffeef910a6c.jpg,E-Waste Train Roboflow v1,train,charger,charger_adapter,image_1975,1,0.4752248153351724,False,False,False,,,,REVIEW
image_1976_jpg.rf.b70d75984ac95fd46b88d27fd830c5ad.jpg,E-Waste Train Roboflow v1,valid,charger,charger_adapter,image_1976,1,0.11212269614138856,True,False,False,,,,REVIEW
image_1977_jpg.rf.ae883d74e5aeeeff3f493dca45e3b4c4.jpg,E-Waste Train Roboflow v1,valid,charger,charger_adapter,image_1977,1,0.058056187499999995,False,False,False,,,,REVIEW
image_198_jpg.rf.606904e9c784b75e17109383ae1cb47e.jpg,E-Waste Train Roboflow v1,train,charger,charger_adapter,image_198,1,0.4595368510527065,False,False,False,,,,REVIEW
image_1984_jpg.rf.5eabf32f0a38fc9890289c197e4a5c68.jpg,E-Waste Train Roboflow v1,train,charger,charger_adapter,image_1984,1,0.6028608758412591,False,False,False,,,,REVIEW
image_1985_jpg.rf.2001ed076b67da2b1659098f2ee92fb0.jpg,E-Waste Train Roboflow v1,train,charger,charger_adapter,image_1985,1,0.2541525971881205,False,False,False,,,,REVIEW
image_1986_jpg.rf.3259005daadb2da7869796d30e59f69e.jpg,E-Waste Train Roboflow v1,train,charger,charger_adapter,image_1986,1,0.33102407493943375,False,False,False,,,,REVIEW
image_1987_jpg.rf.bcc8fd46e774e8b5c03911121e76f239.jpg,E-Waste Train Roboflow v1,train,charger,charger_adapter,image_1987,1,0.4081886944016641,False,False,False,,,,REVIEW
image_1988_jpg.rf.c587d6dfd13bbe1a8cf6cc0b0b6e8bac.jpg,E-Waste Train Roboflow v1,train,charger,charger_adapter,image_1988,1,0.5773474339972214,False,False,False,,,,REVIEW
image_1989_jpg.rf.8aff92970fc45b37685b9b80c0c90c6f.jpg,E-Waste Train Roboflow v1,train,charger,charger_adapter,image_1989,1,0.6327946075123734,False,False,False,,,,REVIEW
image_199_jpg.rf.5953dc955c8e3d9a45ea0048d5bc9a42.jpg,E-Waste Train Roboflow v1,train,charger,charger_adapter,image_199,1,0.5500358897328751,False,False,False,,,,REVIEW
image_1990_jpg.rf.575b60cb2fa18256a6e5bc8772fb02b8.jpg,E-Waste Train Roboflow v1,train,charger,charger_adapter,image_1990,1,0.10940969134724059,False,False,False,,,,REVIEW
image_1992_jpg.rf.6986126351af3985c993366ae1f7e66c.jpg,E-Waste Train Roboflow v1,train,charger,charger_adapter,image_1992,1,0.4404743540749031,False,False,False,,,,REVIEW
image_1993_jpg.rf.6e8f0578b418ae3227eae5ce19fb82ef.jpg,E-Waste Train Roboflow v1,train,charger,charger_adapter,image_1993,1,0.1194545,False,False,False,,,,REVIEW
image_1994_jpg.rf.3f0d28748aae5b54e66e1f67e8fa5e11.jpg,E-Waste Train Roboflow v1,train,charger,charger_adapter,image_1994,1,0.3644745596511496,False,False,False,,,,REVIEW
image_1995_jpg.rf.7a989e5503866d34e6c4af77d17f65a5.jpg,E-Waste Train Roboflow v1,train,charger,charger_adapter,image_1995,1,0.30447469530000004,False,False,False,,,,REVIEW
image_1996_jpg.rf.b2332c23d845ed67078e9f420dff083c.jpg,E-Waste Train Roboflow v1,train,charger,charger_adapter,image_1996,1,0.06440686683346578,False,False,False,,,,REVIEW
image_1997_jpg.rf.3755ff4b402f0bc035cc0312a0217cfe.jpg,E-Waste Train Roboflow v1,train,charger,charger_adapter,image_1997,1,0.09898843360000001,False,False,False,,,,REVIEW
image_1998_jpg.rf.2871c25b71b0e7ea6f03a3234e25294b.jpg,E-Waste Train Roboflow v1,train,charger,charger_adapter,image_1998,1,0.10729639971784181,False,False,False,,,,REVIEW
image_1999_jpg.rf.4a87023ecb4f7a06b9b7e15338b4d113.jpg,E-Waste Train Roboflow v1,train,charger,charger_adapter,image_1999,1,0.5536796541427046,False,False,False,,,,REVIEW
image_2_jpg.rf.4977d71b5d4a193d98850e32ac0a4abe.jpg,E-Waste Train Roboflow v1,train,charger,charger_adapter,image_2,1,0.0623838711,False,False,False,,,,REVIEW
image_20_jpg.rf.efcad4178d3fdd30236a8e2bfce52a87.jpg,E-Waste Train Roboflow v1,train,charger,charger_adapter,image_20,1,0.26287050252481986,True,False,False,,,,REVIEW
image_200_jpg.rf.5b77db190877f6830a8d501078f9bf34.jpg,E-Waste Train Roboflow v1,train,charger,charger_adapter,image_200,1,0.1938257992804559,False,False,False,,,,REVIEW
image_2000_jpg.rf.9d1480749b2f5da0c330b33568ab690b.jpg,E-Waste Train Roboflow v1,train,charger,charger_adapter,image_2000,1,0.4980708054171197,False,False,False,,,,REVIEW
image_2001_jpg.rf.970f66111fd70a79e65930a95466f1a6.jpg,E-Waste Train Roboflow v1,train,charger,charger_adapter,image_2001,1,0.40234375,False,False,False,,,,REVIEW
image_2004_jpg.rf.6207d2ff2bbafe086331a0f7e8dc9128.jpg,E-Waste Train Roboflow v1,train,charger,charger_adapter,image_2004,1,0.4671357510016531,False,False,False,,,,REVIEW
image_2005_jpg.rf.25eef8253662009f5d1eaddd1b840380.jpg,E-Waste Train Roboflow v1,train,charger,charger_adapter,image_2005,1,0.4900091419323172,False,False,False,,,,REVIEW
image_2006_jpg.rf.21e00f065b8675efd8356a633b23fbfc.jpg,E-Waste Train Roboflow v1,train,charger,charger_adapter,image_2006,1,0.39704763280000005,False,False,False,,,,REVIEW
image_2007_jpg.rf.29668ebf9cd938f40e44a12b35026d2d.jpg,E-Waste Train Roboflow v1,train,charger,charger_adapter,image_2007,1,0.4491108033732797,True,False,False,,,,REVIEW
image_2008_jpg.rf.e0510add92e6c1918ce95fcafa292e26.jpg,E-Waste Train Roboflow v1,train,charger,charger_adapter,image_2008,1,0.40415291621046645,False,False,False,,,,REVIEW
image_2009_jpg.rf.291980a116c29580ae6f167dd49e7078.jpg,E-Waste Train Roboflow v1,train,charger,charger_adapter,image_2009,1,0.043292183600000006,False,False,False,,,,REVIEW
image_201_jpg.rf.ab3f1ad3045916ca9a70b709dc065716.jpg,E-Waste Train Roboflow v1,train,charger,charger_adapter,image_201,1,0.16717120066604055,False,False,False,,,,REVIEW
image_2010_jpg.rf.c75d9b2256e65aea84e4d6cc83e6ba26.jpg,E-Waste Train Roboflow v1,valid,charger,charger_adapter,image_2010,1,0.6783755828358,True,False,False,,,,REVIEW
image_2012_jpg.rf.d33531556809ef98ebb2a4ad9c14554b.jpg,E-Waste Train Roboflow v1,train,charger,charger_adapter,image_2012,1,0.5003142647589568,False,False,False,,,,REVIEW
image_2014_jpg.rf.c1918619a6e082fda314468502db23e7.jpg,E-Waste Train Roboflow v1,train,charger,charger_adapter,image_2014,1,0.5847609995308732,False,False,False,,,,REVIEW
image_2015_jpg.rf.bf5ed63f05af5cf4f7746f79631152e4.jpg,E-Waste Train Roboflow v1,train,charger,charger_adapter,image_2015,1,0.28026338974666093,False,False,False,,,,REVIEW
image_2016_jpg.rf.0724cdb208801224d791972b6f38e152.jpg,E-Waste Train Roboflow v1,train,charger,charger_adapter,image_2016,1,0.4319845524011259,False,False,False,,,,REVIEW
image_2017_jpg.rf.3fbf9f3d677fa81ee58726be5a13d92d.jpg,E-Waste Train Roboflow v1,train,charger,charger_adapter,image_2017,1,0.24566525,False,False,False,,,,REVIEW
image_2018_jpg.rf.9507d18e281f7d0e5f6be0ac90cdb0cc.jpg,E-Waste Train Roboflow v1,train,charger,charger_adapter,image_2018,1,0.2016977775425635,False,False,False,,,,REVIEW
image_2019_jpg.rf.868d6439d5b54f7b78166beece7ecba9.jpg,E-Waste Train Roboflow v1,train,charger,charger_adapter,image_2019,1,0.37966031283419865,True,False,False,,,,REVIEW
image_202_jpg.rf.51cbb0047937cf4b35f61b5b17311dff.jpg,E-Waste Train Roboflow v1,train,charger,charger_adapter,image_202,1,0.23443185547964948,False,False,False,,,,REVIEW
image_2020_jpg.rf.850879a55bebc3db26ceba5ff56d004a.jpg,E-Waste Train Roboflow v1,train,charger,charger_adapter,image_2020,1,0.24879768749999998,False,False,False,,,,REVIEW
image_2021_jpg.rf.0097e96da1454a0879a51ddb21fc85fc.jpg,E-Waste Train Roboflow v1,train,charger,charger_adapter,image_2021,1,0.18838708115746666,False,False,False,,,,REVIEW
image_2022_jpg.rf.b54f34b585069f2f57d9f7d9772f8c14.jpg,E-Waste Train Roboflow v1,train,charger,charger_adapter,image_2022,1,0.3312500602026992,False,False,False,,,,REVIEW
image_2023_jpg.rf.0052da8c22da92cab59e13182ee7c045.jpg,E-Waste Train Roboflow v1,train,charger,charger_adapter,image_2023,1,0.28876889113972654,False,False,False,,,,REVIEW
image_2026_jpg.rf.d965c6e48d6768a122adfdaf49c578ec.jpg,E-Waste Train Roboflow v1,train,charger,charger_adapter,image_2026,1,0.2952873828,True,False,False,,,,REVIEW
image_2027_jpg.rf.7f87e6fb9ae83e9259e84b1996f97a2a.jpg,E-Waste Train Roboflow v1,train,charger,charger_adapter,image_2027,1,0.2712766914,False,False,False,,,,REVIEW
image_2028_jpg.rf.f18517866600d0dd81aa39f6058025d7.jpg,E-Waste Train Roboflow v1,train,charger,charger_adapter,image_2028,1,0.1641366328,False,False,False,,,,REVIEW
image_2029_jpg.rf.c26a1454f058d8fc4e490493cc167845.jpg,E-Waste Train Roboflow v1,train,charger,charger_adapter,image_2029,1,0.27169141094126537,False,False,False,,,,REVIEW
image_203_jpg.rf.0df6b41d6e5d85b2ad4e8bb89f7fa681.jpg,E-Waste Train Roboflow v1,train,charger,charger_adapter,image_203,1,0.257827781067475,False,False,False,,,,REVIEW
image_2030_jpg.rf.ba22a6700fe5de69cf95764ef0c80bf8.jpg,E-Waste Train Roboflow v1,train,charger,charger_adapter,image_2030,1,0.2337447578,False,False,False,,,,REVIEW
image_2031_jpg.rf.b7631707f441582deee03f70c883f2bc.jpg,E-Waste Train Roboflow v1,train,charger,charger_adapter,image_2031,1,0.3059389940248021,False,False,False,,,,REVIEW
image_2032_jpg.rf.879d7c843441f01228fe2d34ca017fdc.jpg,E-Waste Train Roboflow v1,train,charger,charger_adapter,image_2032,1,0.21201956981935122,False,False,False,,,,REVIEW
image_2033_jpg.rf.d4d4bf0b10cd4006680e4bc3c4a9480f.jpg,E-Waste Train Roboflow v1,train,charger,charger_adapter,image_2033,1,0.3639810135574927,False,False,False,,,,REVIEW
image_2034_jpg.rf.abe7e1ff2b59032c7e4b456a6a0d9f93.jpg,E-Waste Train Roboflow v1,train,charger,charger_adapter,image_2034,1,0.1924121836,False,False,False,,,,REVIEW
image_2035_jpg.rf.455044c1023663f084540ee208859234.jpg,E-Waste Train Roboflow v1,train,charger,charger_adapter,image_2035,1,0.3146034952743423,False,False,False,,,,REVIEW
image_2037_jpg.rf.9ff33e82a1d11786a9c3017f7e1b3e7b.jpg,E-Waste Train Roboflow v1,train,charger,charger_adapter,image_2037,1,0.30954554314341864,False,False,False,,,,REVIEW
image_2038_jpg.rf.9844b1efa2fd6f07227e4a86295b41f4.jpg,E-Waste Train Roboflow v1,train,charger,charger_adapter,image_2038,1,0.2779444882998714,False,False,False,,,,REVIEW
image_2039_jpg.rf.7eba885908da28e6402df0b977ef6217.jpg,E-Waste Train Roboflow v1,train,charger,charger_adapter,image_2039,1,0.3911410394530558,False,False,False,,,,REVIEW
image_2040_jpg.rf.1b60ac6dea8ad374dfd6972661e7ec02.jpg,E-Waste Train Roboflow v1,train,charger,charger_adapter,image_2040,1,0.2117222901590571,False,False,False,,,,REVIEW
image_2041_jpg.rf.17e20eb7792239ea431bb770ba6cb570.jpg,E-Waste Train Roboflow v1,train,charger,charger_adapter,image_2041,1,0.26256098831730634,False,False,False,,,,REVIEW
image_2042_jpg.rf.8ab68f3bda623cf58002a6bcb5c21113.jpg,E-Waste Train Roboflow v1,train,charger,charger_adapter,image_2042,1,0.2681850361103223,False,False,False,,,,REVIEW
image_2043_jpg.rf.9b6790385924f01d5f8a69512f1e9759.jpg,E-Waste Train Roboflow v1,train,charger,charger_adapter,image_2043,1,0.2892610197431766,False,False,False,,,,REVIEW
image_2044_jpg.rf.029be88863dde5ae64ec4512e2e4f3e0.jpg,E-Waste Train Roboflow v1,valid,charger,charger_adapter,image_2044,1,0.22345867605185338,True,False,False,,,,REVIEW
image_2045_jpg.rf.78fc248e171a90696d82ef9d66ea3084.jpg,E-Waste Train Roboflow v1,train,charger,charger_adapter,image_2045,1,0.22064156640000002,False,False,False,,,,REVIEW
image_2046_jpg.rf.c70cc3f925908e4a5a4b4cefe9b0e455.jpg,E-Waste Train Roboflow v1,train,charger,charger_adapter,image_2046,1,0.26781991126266824,False,False,False,,,,REVIEW
image_2048_jpg.rf.d099826152ef41d45f1c7ee7e562fe84.jpg,E-Waste Train Roboflow v1,train,charger,charger_adapter,image_2048,1,0.17634031647866052,False,False,False,,,,REVIEW
image_2049_jpg.rf.c015170d2922e27afdae2d87681c506a.jpg,E-Waste Train Roboflow v1,train,charger,charger_adapter,image_2049,1,0.3355102603687865,False,False,False,,,,REVIEW
image_205_jpg.rf.9e7afd109219cc3c17070b06d4f0db1b.jpg,E-Waste Train Roboflow v1,train,charger,charger_adapter,image_205,1,0.2922587923784355,False,False,False,,,,REVIEW
image_2050_jpg.rf.1d9ac2fac54b4a3bc25a57b5c7738f19.jpg,E-Waste Train Roboflow v1,train,charger,charger_adapter,image_2050,1,0.2832218569796564,False,False,False,,,,REVIEW
image_2051_jpg.rf.07952e17ed4ac06c80048d4893b5328e.jpg,E-Waste Train Roboflow v1,train,charger,charger_adapter,image_2051,1,0.33441569426103646,False,False,False,,,,REVIEW
image_2052_jpg.rf.29d0686c11687517335a9f8acab5cc5d.jpg,E-Waste Train Roboflow v1,train,charger,charger_adapter,image_2052,1,0.38336301708366705,False,False,False,,,,REVIEW
image_2053_jpg.rf.15768bb53bd3c075c2e55be7bfe32529.jpg,E-Waste Train Roboflow v1,train,charger,charger_adapter,image_2053,1,0.3400856751411669,False,False,False,,,,REVIEW
image_2054_jpg.rf.a7dd366a12b68677a135bcd89bf74441.jpg,E-Waste Train Roboflow v1,train,charger,charger_adapter,image_2054,1,0.19742214919971798,False,False,False,,,,REVIEW
image_2055_jpg.rf.f60ffa1d35f7141cabbdb3120b28c8e2.jpg,E-Waste Train Roboflow v1,train,charger,charger_adapter,image_2055,1,0.3279684922,False,False,False,,,,REVIEW
image_2057_jpg.rf.bd41de309f88a834e428fb4abbcea764.jpg,E-Waste Train Roboflow v1,train,charger,charger_adapter,image_2057,1,0.016776766033155033,False,True,False,,,,REVIEW
image_206_jpg.rf.6ffff4c5dccddcb664ddcaf26d07d0bc.jpg,E-Waste Train Roboflow v1,train,charger,charger_adapter,image_206,1,0.1170295,False,False,False,,,,REVIEW
image_2064_jpg.rf.03405669b662a692efe8d97bbcf035d4.jpg,E-Waste Train Roboflow v1,train,charger,charger_adapter,image_2064,1,0.0904402046601626,False,False,False,,,,REVIEW
image_207_jpg.rf.ffe580415b92ab11f1ea684abba2d9d8.jpg,E-Waste Train Roboflow v1,train,charger,charger_adapter,image_207,1,0.22489915971350705,False,False,False,,,,REVIEW
image_2078_jpg.rf.e828c4a37f7fa9412a196f82b997275b.jpg,E-Waste Train Roboflow v1,train,charger,charger_adapter,image_2078,1,0.422867517214209,False,False,False,,,,REVIEW
image_208_jpg.rf.ad4f1ffae999c5a9aff79644f8b8008f.jpg,E-Waste Train Roboflow v1,train,charger,charger_adapter,image_208,1,0.36450419143710616,False,False,False,,,,REVIEW
image_2081_jpg.rf.46c7fce2c596e30275c2b8e9f27393ad.jpg,E-Waste Train Roboflow v1,train,charger,charger_adapter,image_2081,1,0.031176828937040595,False,False,False,,,,REVIEW
image_2082_jpg.rf.dfeb79b911419f5c10e99a4c67e55da0.jpg,E-Waste Train Roboflow v1,train,charger,charger_adapter,image_2082,1,0.1878666328,False,False,False,,,,REVIEW
image_2083_jpg.rf.9d6283a98377688b75f30f2641e9a8c9.jpg,E-Waste Train Roboflow v1,train,charger,charger_adapter,image_2083,1,0.22525954500111037,False,False,False,,,,REVIEW
image_2084_jpg.rf.23d4e6994eeceeae2d70fa29239884fa.jpg,E-Waste Train Roboflow v1,train,charger,charger_adapter,image_2084,1,0.5963653843204043,False,False,False,,,,REVIEW
image_2085_jpg.rf.a5ec081cdf964cfadf86086746e57a93.jpg,E-Waste Train Roboflow v1,train,charger,charger_adapter,image_2085,1,0.0048203828,False,True,True,,,,REVIEW
image_2087_jpg.rf.cdc6427aa896ea80e4cd16f86c5bda62.jpg,E-Waste Train Roboflow v1,train,charger,charger_adapter,image_2087,1,0.6869708081175157,False,False,False,,,,REVIEW
image_2088_jpg.rf.7dc905ab1869ea0c35687c41705e4193.jpg,E-Waste Train Roboflow v1,train,charger,charger_adapter,image_2088,1,0.043438000000000004,False,False,False,,,,REVIEW
image_2089_jpg.rf.be9d99046f2c0d0447547ec1916ef359.jpg,E-Waste Train Roboflow v1,train,charger,charger_adapter,image_2089,1,0.42461596876213076,False,False,False,,,,REVIEW
image_209_jpg.rf.04a2a269132714a7c577c3366409fbfe.jpg,E-Waste Train Roboflow v1,train,charger,charger_adapter,image_209,1,0.4376337797784325,True,False,False,,,,REVIEW
image_2090_jpg.rf.604033d2021f0cf23c64444233f31c7a.jpg,E-Waste Train Roboflow v1,train,charger,charger_adapter,image_2090,1,0.7203954222420199,False,False,False,,,,REVIEW
image_2092_jpg.rf.6c0abeec684058da933e47bf0f0154a3.jpg,E-Waste Train Roboflow v1,train,charger,charger_adapter,image_2092,1,0.7203053730421837,False,False,False,,,,REVIEW
image_2093_jpg.rf.ef6d0da0378c1c463278b50c4e30f1ad.jpg,E-Waste Train Roboflow v1,train,charger,charger_adapter,image_2093,1,0.7285586223195311,False,False,False,,,,REVIEW
image_2095_jpg.rf.5f64148f351e719627653ab4a93622c1.jpg,E-Waste Train Roboflow v1,train,charger,charger_adapter,image_2095,1,0.40546053209640814,False,False,False,,,,REVIEW
image_2096_jpg.rf.a763f74656f85b79662227df3bf441e5.jpg,E-Waste Train Roboflow v1,train,charger,charger_adapter,image_2096,1,0.0885025653114449,True,False,False,,,,REVIEW
image_2097_jpg.rf.9f03206abda7f9ea6ab5728c4275e77f.jpg,E-Waste Train Roboflow v1,train,charger,charger_adapter,image_2097,1,0.6325916049753078,False,False,False,,,,REVIEW
image_2098_jpg.rf.08104db3814d21bd0725b593b887762d.jpg,E-Waste Train Roboflow v1,train,charger,charger_adapter,image_2098,1,0.05055672786539291,False,False,False,,,,REVIEW
image_2099_jpg.rf.74c338b11df54591628cd5407c84b351.jpg,E-Waste Train Roboflow v1,train,charger,charger_adapter,image_2099,1,0.568153559748245,False,False,False,,,,REVIEW
image_21_jpg.rf.378bdfdd0db09719e06ad1cec7aa341c.jpg,E-Waste Train Roboflow v1,train,charger,charger_adapter,image_21,1,0.12419468464540961,False,False,False,,,,REVIEW
image_210_jpg.rf.441830d37bb40d01a261d61995dac785.jpg,E-Waste Train Roboflow v1,train,charger,charger_adapter,image_210,1,0.42340176854174355,True,False,False,,,,REVIEW
image_2103_jpg.rf.cc72a97f4b57e79f886589ef54310986.jpg,E-Waste Train Roboflow v1,train,charger,charger_adapter,image_2103,1,0.0810062656,False,False,False,,,,REVIEW
image_2104_jpg.rf.749b387141805d6ea83d34cc1dba0000.jpg,E-Waste Train Roboflow v1,train,charger,charger_adapter,image_2104,1,0.0979751914,False,False,False,,,,REVIEW
image_2105_jpg.rf.fcf1b91d5796ec41d266dd9e0f11c0f3.jpg,E-Waste Train Roboflow v1,train,charger,charger_adapter,image_2105,1,0.3379828242259426,False,False,False,,,,REVIEW
image_2106_jpg.rf.85f9238a8e90d1bf1b71a103b3da09c0.jpg,E-Waste Train Roboflow v1,train,charger,charger_adapter,image_2106,1,0.5515632922240551,True,False,False,,,,REVIEW
image_2107_jpg.rf.99290743f39c06dd375d09e5a406993e.jpg,E-Waste Train Roboflow v1,train,charger,charger_adapter,image_2107,1,0.4046424356888754,False,False,False,,,,REVIEW
image_2109_jpg.rf.8f1f16497304d14fff61fe0eac08754b.jpg,E-Waste Train Roboflow v1,train,charger,charger_adapter,image_2109,1,0.1347163125,False,False,False,,,,REVIEW
image_211_jpg.rf.05b5e6cbdada847e15f21bd140a60bec.jpg,E-Waste Train Roboflow v1,train,charger,charger_adapter,image_211,1,0.05166168205013681,False,False,False,,,,REVIEW
image_2110_jpg.rf.8785abf6dc8e2053298a8168492b6ac2.jpg,E-Waste Train Roboflow v1,train,charger,charger_adapter,image_2110,1,0.12235695725541665,False,False,False,,,,REVIEW
image_2111_jpg.rf.ca31f33580883c5ef69aecf4633cece8.jpg,E-Waste Train Roboflow v1,train,charger,charger_adapter,image_2111,1,0.34211891196567906,False,False,False,,,,REVIEW
image_2112_jpg.rf.a487bc66e44b2801bfb57f6b42a0985b.jpg,E-Waste Train Roboflow v1,train,charger,charger_adapter,image_2112,1,0.5869075568949579,False,False,False,,,,REVIEW
image_2114_jpg.rf.ca35a836bbfd1923b7d771d78e765bd4.jpg,E-Waste Train Roboflow v1,train,charger,charger_adapter,image_2114,1,0.043146760149225666,False,False,False,,,,REVIEW
image_2115_jpg.rf.b5d9f47e9665051a0e9a20853e6a82aa.jpg,E-Waste Train Roboflow v1,train,charger,charger_adapter,image_2115,1,0.5077422111797776,False,False,False,,,,REVIEW
image_2117_jpg.rf.87d06bf59c6ce6325f468be44b8c1cb3.jpg,E-Waste Train Roboflow v1,train,charger,charger_adapter,image_2117,1,0.6483797407385483,False,False,False,,,,REVIEW
image_2119_jpg.rf.44cd4d762723db429279119b418ce0fb.jpg,E-Waste Train Roboflow v1,train,charger,charger_adapter,image_2119,1,0.6754537991042834,False,False,False,,,,REVIEW
image_212_jpg.rf.65e1adcc1c7829035df001e09ec48bca.jpg,E-Waste Train Roboflow v1,train,charger,charger_adapter,image_212,1,0.5511172114585757,False,False,False,,,,REVIEW
image_2120_jpg.rf.0d4cecaaddd66a8d927201b53b6b90a5.jpg,E-Waste Train Roboflow v1,train,charger,charger_adapter,image_2120,1,0.29484375,False,False,False,,,,REVIEW
image_2121_jpg.rf.6af2ffb90225b19467d463de6781a5a1.jpg,E-Waste Train Roboflow v1,train,charger,charger_adapter,image_2121,1,0.4106277772543697,False,False,False,,,,REVIEW
image_2123_jpg.rf.5e238e2239ba934f04c8d5e17a0979c3.jpg,E-Waste Train Roboflow v1,train,charger,charger_adapter,image_2123,1,0.15644018359999998,False,False,False,,,,REVIEW
image_2125_jpg.rf.33b41e8f6013bb6c9f8a037228e3ecbc.jpg,E-Waste Train Roboflow v1,train,charger,charger_adapter,image_2125,1,0.49707919447696036,False,False,False,,,,REVIEW
image_2126_jpg.rf.91bc3adb2929be483b8240196f86bcdd.jpg,E-Waste Train Roboflow v1,train,charger,charger_adapter,image_2126,1,0.27773437500000003,True,False,False,,,,REVIEW
image_2128_jpg.rf.1960019d340226377bdb26486f3db7cd.jpg,E-Waste Train Roboflow v1,train,charger,charger_adapter,image_2128,1,0.35187468422826207,False,False,False,,,,REVIEW
image_2129_jpg.rf.d237861f4bc4ac8256ba11864a6eee8b.jpg,E-Waste Train Roboflow v1,train,charger,charger_adapter,image_2129,1,0.235207647807557,False,False,False,,,,REVIEW
image_213_jpg.rf.820786f5c3c18d2a63af08258adb3d8b.jpg,E-Waste Train Roboflow v1,train,charger,charger_adapter,image_213,1,0.19753313034825737,False,False,False,,,,REVIEW
image_2131_jpg.rf.27b176cb6157394467898dbfc2c1264e.jpg,E-Waste Train Roboflow v1,train,charger,charger_adapter,image_2131,1,0.211409,False,False,False,,,,REVIEW
image_2132_jpg.rf.ee1793cf13df203c5e23fcdbf487cb52.jpg,E-Waste Train Roboflow v1,train,charger,charger_adapter,image_2132,1,0.40159615993337855,False,False,False,,,,REVIEW
image_2133_jpg.rf.de4a11e7fc599049b48207478d74eba3.jpg,E-Waste Train Roboflow v1,train,charger,charger_adapter,image_2133,1,0.3432064491492674,True,False,False,,,,REVIEW
image_2137_jpg.rf.e60c4a4ed44b9c039cdb0b49f1077dac.jpg,E-Waste Train Roboflow v1,train,charger,charger_adapter,image_2137,1,0.35256192995162267,False,False,False,,,,REVIEW
image_2138_jpg.rf.9e84647e3b1f842f265e6ff36e4e18b6.jpg,E-Waste Train Roboflow v1,train,charger,charger_adapter,image_2138,1,0.22629189413113424,False,False,False,,,,REVIEW
image_214_jpg.rf.cb779b07228b5ad62ecb8ff5da67ba3c.jpg,E-Waste Train Roboflow v1,train,charger,charger_adapter,image_214,1,0.18433961545354108,False,False,False,,,,REVIEW
image_2140_jpg.rf.96308f10f3b78586f10371bf7b3bff0d.jpg,E-Waste Train Roboflow v1,train,charger,charger_adapter,image_2140,1,0.17845173304264642,False,False,False,,,,REVIEW
image_2141_jpg.rf.a57dbc5660fde6960c25542500ce0890.jpg,E-Waste Train Roboflow v1,train,charger,charger_adapter,image_2141,1,0.2870656836,False,False,False,,,,REVIEW
image_2142_jpg.rf.b7a4cd305e092b2e39391766f94095f7.jpg,E-Waste Train Roboflow v1,train,charger,charger_adapter,image_2142,1,0.3001956273487173,True,False,False,,,,REVIEW
image_2144_jpg.rf.712395779678e259cdb99d281830c7ee.jpg,E-Waste Train Roboflow v1,train,charger,charger_adapter,image_2144,1,0.41698701489537643,False,False,False,,,,REVIEW
image_2145_jpg.rf.5245847807a75509a19b38a398d13004.jpg,E-Waste Train Roboflow v1,train,charger,charger_adapter,image_2145,1,0.3377381826958423,False,False,False,,,,REVIEW
image_2146_jpg.rf.3c732b6c82f0f59c3fa564dd73c3e268.jpg,E-Waste Train Roboflow v1,train,charger,charger_adapter,image_2146,1,0.22976617997105747,False,False,False,,,,REVIEW
image_2151_jpg.rf.e328b265f8fe67eef723de042b4ed057.jpg,E-Waste Train Roboflow v1,valid,charger,charger_adapter,image_2151,1,0.6022189030919967,False,False,False,,,,REVIEW
image_2153_jpg.rf.341958fd236b4b378f7137f9907181f7.jpg,E-Waste Train Roboflow v1,train,charger,charger_adapter,image_2153,1,0.7017383185856694,False,False,False,,,,REVIEW
image_2154_jpg.rf.eba010fc2802fb876adc0362f7b682c1.jpg,E-Waste Train Roboflow v1,train,charger,charger_adapter,image_2154,1,0.6068093325275146,False,False,False,,,,REVIEW
image_2156_jpg.rf.bfff101042474db9aad04a690075d7ee.jpg,E-Waste Train Roboflow v1,train,charger,charger_adapter,image_2156,1,0.154454251382882,False,False,False,,,,REVIEW
image_2157_jpg.rf.ccd6acb7275589ab1720870ba20377f6.jpg,E-Waste Train Roboflow v1,train,charger,charger_adapter,image_2157,1,0.10067709137100447,False,False,False,,,,REVIEW
image_2159_jpg.rf.741e6887cea5638bb31d4f5840372979.jpg,E-Waste Train Roboflow v1,train,charger,charger_adapter,image_2159,1,0.5301407643623129,False,False,False,,,,REVIEW
image_216_jpg.rf.0ec03b5f575279b91cbf298a4711c04c.jpg,E-Waste Train Roboflow v1,train,charger,charger_adapter,image_216,1,0.2537166183168219,True,False,False,,,,REVIEW
image_2160_jpg.rf.ea41e7f5bae72015d81f450638e17e2e.jpg,E-Waste Train Roboflow v1,train,charger,charger_adapter,image_2160,1,0.465447750258214,False,False,False,,,,REVIEW
image_2161_jpg.rf.b7fd6d25d55894de633bbb18f20abf03.jpg,E-Waste Train Roboflow v1,train,charger,charger_adapter,image_2161,1,0.04694425349932764,True,False,False,,,,REVIEW
image_2163_jpg.rf.adb6c1995ebaad195ee9bdce27ac51eb.jpg,E-Waste Train Roboflow v1,train,charger,charger_adapter,image_2163,1,0.23903512500000001,False,False,False,,,,REVIEW
image_2164_jpg.rf.e243a858558a0799e8f52cfd7bee1527.jpg,E-Waste Train Roboflow v1,train,charger,charger_adapter,image_2164,1,0.17903527337886774,False,False,False,,,,REVIEW
image_2165_jpg.rf.874c3878f2649899a8ad7301b9c292c1.jpg,E-Waste Train Roboflow v1,train,charger,charger_adapter,image_2165,1,0.09986743359999999,False,False,False,,,,REVIEW
image_2166_jpg.rf.bdc1809120e6551f573183a5d3c6bf17.jpg,E-Waste Train Roboflow v1,train,charger,charger_adapter,image_2166,1,0.1420374007619862,False,False,False,,,,REVIEW
image_2167_jpg.rf.e7b60ce806215131a4e88a9eed6a42ec.jpg,E-Waste Train Roboflow v1,train,charger,charger_adapter,image_2167,1,0.05713974448737253,False,False,False,,,,REVIEW
image_217_jpg.rf.512287df10c5cf1620c7456db4c7fbef.jpg,E-Waste Train Roboflow v1,train,charger,charger_adapter,image_217,1,0.4745165076814751,False,False,False,,,,REVIEW
image_2176_jpg.rf.3bf745df9e8e35a74928469d5df23375.jpg,E-Waste Train Roboflow v1,train,charger,charger_adapter,image_2176,1,0.44059114347317396,False,False,False,,,,REVIEW
image_2178_jpg.rf.4c6526bb5d7fcd078167b01ad7948059.jpg,E-Waste Train Roboflow v1,train,charger,charger_adapter,image_2178,1,0.22726657867749153,False,False,False,,,,REVIEW
image_2179_jpg.rf.bd8e307ac0fc9eb2726b868ed0e497b7.jpg,E-Waste Train Roboflow v1,train,charger,charger_adapter,image_2179,1,0.0628606875,False,False,False,,,,REVIEW
image_218_jpg.rf.5cd1ec6b8063dbeeb5d8f679c60745e7.jpg,E-Waste Train Roboflow v1,train,charger,charger_adapter,image_218,1,0.17651652377075464,False,False,False,,,,REVIEW
image_2181_jpg.rf.670b1b29a6ae1839d209c7a664cc4fe8.jpg,E-Waste Train Roboflow v1,train,charger,charger_adapter,image_2181,1,0.029112762802737186,False,True,False,,,,REVIEW
image_2182_jpg.rf.078f8cfbebc9990ccdee0cf18fb4b9e1.jpg,E-Waste Train Roboflow v1,train,charger,charger_adapter,image_2182,1,0.021238457156972708,False,True,False,,,,REVIEW
image_2185_jpg.rf.e9bfd1481c38444946ec29c64446667d.jpg,E-Waste Train Roboflow v1,train,charger,charger_adapter,image_2185,1,0.19746854070614506,False,False,False,,,,REVIEW
image_2186_jpg.rf.a71811d049ed7853f9b599c463ab2ab7.jpg,E-Waste Train Roboflow v1,train,charger,charger_adapter,image_2186,1,0.0971648828,False,False,False,,,,REVIEW
image_2187_jpg.rf.7a71a4a817d5424c9414e363a3041587.jpg,E-Waste Train Roboflow v1,train,charger,charger_adapter,image_2187,1,0.07312500000000001,False,False,False,,,,REVIEW
image_2188_jpg.rf.147fc0500e0e84a60eef07e4a4008f64.jpg,E-Waste Train Roboflow v1,train,charger,charger_adapter,image_2188,1,0.026264535010194413,False,True,False,,,,REVIEW
image_2190_jpg.rf.b85c04ca5292ce6b5e8983c92bf3f3f6.jpg,E-Waste Train Roboflow v1,train,charger,charger_adapter,image_2190,1,0.6826926621876995,False,False,False,,,,REVIEW
image_2192_jpg.rf.92bb6f151cd78e5d7afe1679044858ca.jpg,E-Waste Train Roboflow v1,valid,charger,charger_adapter,image_2192,1,0.582960058590455,False,False,False,,,,REVIEW
image_2193_jpg.rf.7493d513c637d66e1a7499ceba78ad76.jpg,E-Waste Train Roboflow v1,train,charger,charger_adapter,image_2193,1,0.39161688407842166,False,False,False,,,,REVIEW
image_2194_jpg.rf.a89ddbe57835101e62bfcd62c5c6fb47.jpg,E-Waste Train Roboflow v1,train,charger,charger_adapter,image_2194,1,0.5347886691802632,False,False,False,,,,REVIEW
image_2196_jpg.rf.48e165b944963d1ff2b5fc2dc1dc790e.jpg,E-Waste Train Roboflow v1,train,charger,charger_adapter,image_2196,1,0.6104119994288244,False,False,False,,,,REVIEW
image_2197_jpg.rf.607cd62a79c0104c04fee00cb1deadbd.jpg,E-Waste Train Roboflow v1,valid,charger,charger_adapter,image_2197,1,0.3184785,True,False,False,,,,REVIEW
image_2198_jpg.rf.0cef64684adc8a2e6001a2c2dd289bc8.jpg,E-Waste Train Roboflow v1,train,charger,charger_adapter,image_2198,1,0.11526447150741745,False,False,False,,,,REVIEW
image_2199_jpg.rf.c881d164ffa49d4b7078832688a08209.jpg,E-Waste Train Roboflow v1,train,charger,charger_adapter,image_2199,1,0.20578640110234342,False,False,False,,,,REVIEW
image_22_jpg.rf.391b5eaad6cf98a672dda93cc4e32588.jpg,E-Waste Train Roboflow v1,train,charger,charger_adapter,image_22,1,0.5119335340122163,True,False,False,,,,REVIEW
image_220_jpg.rf.cef71a1efd912e7b7227f3bab396f6d3.jpg,E-Waste Train Roboflow v1,train,charger,charger_adapter,image_220,1,0.12710895826044422,False,False,False,,,,REVIEW
image_2200_jpg.rf.d4a8fa43e719d86cc5ca8709595e5941.jpg,E-Waste Train Roboflow v1,train,charger,charger_adapter,image_2200,1,0.3308201376718835,False,False,False,,,,REVIEW
image_2201_jpg.rf.4b7b1546d60fbf530d93c6cd1f93f291.jpg,E-Waste Train Roboflow v1,train,charger,charger_adapter,image_2201,1,0.35629805757807625,False,False,False,,,,REVIEW
image_2203_jpg.rf.03e26113c6890a366591abc0334fbd03.jpg,E-Waste Train Roboflow v1,train,charger,charger_adapter,image_2203,1,0.0916901836,False,False,False,,,,REVIEW
image_2204_jpg.rf.82e91ffc58ffd9e8e3ddbbf967b5a6bb.jpg,E-Waste Train Roboflow v1,train,charger,charger_adapter,image_2204,1,0.12450019139999999,False,False,False,,,,REVIEW
image_2205_jpg.rf.5c5b39eb2af1ecf79709fb0ee18f3f57.jpg,E-Waste Train Roboflow v1,train,charger,charger_adapter,image_2205,1,0.2352244336,False,False,False,,,,REVIEW
image_2207_jpg.rf.db19898382b674c151f1f25c13929f38.jpg,E-Waste Train Roboflow v1,train,charger,charger_adapter,image_2207,1,0.1400239137791369,False,False,False,,,,REVIEW
image_2208_jpg.rf.0f705135af4bc1ae88b9bbf2e3c6b904.jpg,E-Waste Train Roboflow v1,train,charger,charger_adapter,image_2208,1,0.16284648571158056,False,False,False,,,,REVIEW
image_221_jpg.rf.fef248a832311c83f52c10bf9a5cd254.jpg,E-Waste Train Roboflow v1,train,charger,charger_adapter,image_221,1,0.3185210499721907,False,False,False,,,,REVIEW
image_2210_jpg.rf.fad3b5dcd81dd65168b5ac3ef6094d57.jpg,E-Waste Train Roboflow v1,train,charger,charger_adapter,image_2210,1,0.6015924563944492,False,False,False,,,,REVIEW
image_2211_jpg.rf.de639463565e6533448ff009b08791d7.jpg,E-Waste Train Roboflow v1,train,charger,charger_adapter,image_2211,1,0.33742993750000005,False,False,False,,,,REVIEW
image_2212_jpg.rf.87104e84fc007aed937c95720316a820.jpg,E-Waste Train Roboflow v1,train,charger,charger_adapter,image_2212,1,0.5149517013954477,False,False,False,,,,REVIEW
image_2214_jpg.rf.89b0b8feaafc158b9bcdc558d2053fec.jpg,E-Waste Train Roboflow v1,valid,charger,charger_adapter,image_2214,1,0.5207698315286237,True,False,False,,,,REVIEW
image_2215_jpg.rf.45314beb69b554647b7601749e5e5f37.jpg,E-Waste Train Roboflow v1,train,charger,charger_adapter,image_2215,1,0.0644671328,False,False,False,,,,REVIEW
image_2216_jpg.rf.e4b108910ca58b3d5ea5b259ff8cf12a.jpg,E-Waste Train Roboflow v1,train,charger,charger_adapter,image_2216,1,0.13504803241912347,False,False,False,,,,REVIEW
image_2217_jpg.rf.24f9eddc64298ca350fd1f374172f55a.jpg,E-Waste Train Roboflow v1,train,charger,charger_adapter,image_2217,1,0.3478179567036553,False,False,False,,,,REVIEW
image_2218_jpg.rf.04e421fa8f1228cb40ec41f80a65d4f6.jpg,E-Waste Train Roboflow v1,train,charger,charger_adapter,image_2218,1,0.43609342776557636,True,False,False,,,,REVIEW
image_2219_jpg.rf.a06b937a0e4b2559a36cd5f0f2c0104f.jpg,E-Waste Train Roboflow v1,train,charger,charger_adapter,image_2219,1,0.2261505664,False,False,False,,,,REVIEW
image_222_jpg.rf.c52728a6bb35c434779967d3851cc950.jpg,E-Waste Train Roboflow v1,train,charger,charger_adapter,image_222,1,0.46229903549453166,False,False,False,,,,REVIEW
image_2220_jpg.rf.04c1f6713a8b688c91f8c04c9a59b7f1.jpg,E-Waste Train Roboflow v1,train,charger,charger_adapter,image_2220,1,0.06737780266481033,False,False,False,,,,REVIEW
image_2222_jpg.rf.b1cad42bb27b8357edf0586fc9dfa9d5.jpg,E-Waste Train Roboflow v1,train,charger,charger_adapter,image_2222,1,0.3682511140121093,False,False,False,,,,REVIEW
image_2223_jpg.rf.cbe7a678e80d2418d9b339452284adb6.jpg,E-Waste Train Roboflow v1,train,charger,charger_adapter,image_2223,1,0.2512705,False,False,False,,,,REVIEW
image_2225_jpg.rf.debbe10d69639db05ac59103093e15d7.jpg,E-Waste Train Roboflow v1,train,charger,charger_adapter,image_2225,1,0.2337974375,False,False,False,,,,REVIEW
image_2226_jpg.rf.a79c653ad1129bccbe81de8f02c5a405.jpg,E-Waste Train Roboflow v1,train,charger,charger_adapter,image_2226,1,0.3383160586,False,False,False,,,,REVIEW
image_2227_jpg.rf.8dd8ed611925c05e35eccd2560f829a1.jpg,E-Waste Train Roboflow v1,train,charger,charger_adapter,image_2227,1,0.11591508308131625,False,False,False,,,,REVIEW
image_2228_jpg.rf.e385870686433c3b7b4a6b01520233e2.jpg,E-Waste Train Roboflow v1,train,charger,charger_adapter,image_2228,1,0.2935926757551548,False,False,False,,,,REVIEW
image_223_jpg.rf.ae0638bbdc1c6ebbdfbf013f48928245.jpg,E-Waste Train Roboflow v1,train,charger,charger_adapter,image_223,1,0.21726815635067037,False,False,False,,,,REVIEW
image_2230_jpg.rf.49e8c5488bb85f123b3925226bc3a2ba.jpg,E-Waste Train Roboflow v1,train,charger,charger_adapter,image_2230,1,0.31829080138381827,False,False,False,,,,REVIEW
image_2231_jpg.rf.d80298834622776fcf81428e32b4d6b3.jpg,E-Waste Train Roboflow v1,train,charger,charger_adapter,image_2231,1,0.21406920834335783,False,False,False,,,,REVIEW
image_2232_jpg.rf.222808e1c8819e5eec290ef1055b88d6.jpg,E-Waste Train Roboflow v1,train,charger,charger_adapter,image_2232,1,0.2845780958400852,False,False,False,,,,REVIEW
image_2234_jpg.rf.74687ce26e79255458e83f0baf5ea963.jpg,E-Waste Train Roboflow v1,train,charger,charger_adapter,image_2234,1,0.19759978096810002,False,False,False,,,,REVIEW
image_2236_jpg.rf.5cee8ba65e42a874a065c2fb2a02d33e.jpg,E-Waste Train Roboflow v1,train,charger,charger_adapter,image_2236,1,0.3825687249183428,False,False,False,,,,REVIEW
image_2238_jpg.rf.1351f0f5d146b84ab8e517f3efe71848.jpg,E-Waste Train Roboflow v1,train,charger,charger_adapter,image_2238,1,0.1936438125,False,False,False,,,,REVIEW
image_224_jpg.rf.610b4f25240746efcdbff15b95117a08.jpg,E-Waste Train Roboflow v1,train,charger,charger_adapter,image_224,1,0.35202454244427317,False,False,False,,,,REVIEW
image_2241_jpg.rf.a690beabf03d95a79f6187ceb31de79b.jpg,E-Waste Train Roboflow v1,train,charger,charger_adapter,image_2241,1,0.2597211802834427,False,False,False,,,,REVIEW
image_2242_jpg.rf.1ef32fe3594a4dad41dff6a575bb670c.jpg,E-Waste Train Roboflow v1,train,charger,charger_adapter,image_2242,1,0.13941868359999998,False,False,False,,,,REVIEW
image_2243_jpg.rf.ac34d09d79e12ef7f89e1eb47a8c9b5f.jpg,E-Waste Train Roboflow v1,train,charger,charger_adapter,image_2243,1,0.13591296550667625,False,False,False,,,,REVIEW
image_2244_jpg.rf.89aa1d77be109e91fa93c4aedfaef1ef.jpg,E-Waste Train Roboflow v1,train,charger,charger_adapter,image_2244,1,0.5515674996177122,False,False,False,,,,REVIEW
image_2249_jpg.rf.842dc752ddddd31203ede1b1777ff658.jpg,E-Waste Train Roboflow v1,train,charger,charger_adapter,image_2249,1,0.3414772412731772,False,False,False,,,,REVIEW
image_225_jpg.rf.bf76557ce5f807d3602cd8965806b887.jpg,E-Waste Train Roboflow v1,valid,charger,charger_adapter,image_225,1,0.28590564568640414,True,False,False,,,,REVIEW
image_2250_jpg.rf.d8300e762dc93c3ae208cee8f1fbbac2.jpg,E-Waste Train Roboflow v1,train,charger,charger_adapter,image_2250,1,0.633185798674315,False,False,False,,,,REVIEW
image_2252_jpg.rf.ad2fb6cfe7ae78a0adb5de7831604862.jpg,E-Waste Train Roboflow v1,test,charger,charger_adapter,image_2252,1,0.1278656328,True,False,False,,,,REVIEW
image_2254_jpg.rf.de86735db739c70c5fc3a84b78c183e7.jpg,E-Waste Train Roboflow v1,train,charger,charger_adapter,image_2254,1,0.4739351777567662,False,False,False,,,,REVIEW
image_2256_jpg.rf.7ac914108e2420e61e22e2585352c5fa.jpg,E-Waste Train Roboflow v1,train,charger,charger_adapter,image_2256,1,0.5331082586523146,False,False,False,,,,REVIEW
image_2257_jpg.rf.c59334f0894bddb47260dcd16f2594bb.jpg,E-Waste Train Roboflow v1,train,charger,charger_adapter,image_2257,1,0.3742969660075885,False,False,False,,,,REVIEW
image_226_jpg.rf.d24413d398f57440557f82b8767f795e.jpg,E-Waste Train Roboflow v1,train,charger,charger_adapter,image_226,1,0.3978263083657121,False,False,False,,,,REVIEW
image_2261_jpg.rf.9f76ddf5a88e8cfe738d42faf7d94b31.jpg,E-Waste Train Roboflow v1,train,charger,charger_adapter,image_2261,1,0.13204227299511065,False,False,False,,,,REVIEW
image_2262_jpg.rf.cdbef47a1a39b15a64e4b8b7102c96f8.jpg,E-Waste Train Roboflow v1,train,charger,charger_adapter,image_2262,1,0.2885440781,False,False,False,,,,REVIEW
image_2264_jpg.rf.9b62c624ad8e6d58f5836979986d1da4.jpg,E-Waste Train Roboflow v1,train,charger,charger_adapter,image_2264,1,0.09418974403351342,False,False,False,,,,REVIEW
image_2265_jpg.rf.fb3017ff6be7804adccb5123955fcbd9.jpg,E-Waste Train Roboflow v1,train,charger,charger_adapter,image_2265,1,0.3591485297017799,False,False,False,,,,REVIEW
image_2266_jpg.rf.b12015e0de3d1c32cb8da37c9be03aaf.jpg,E-Waste Train Roboflow v1,valid,charger,charger_adapter,image_2266,1,0.018359375,True,True,False,,,,REVIEW
image_2267_jpg.rf.8cbe9a47d7e8a7ad51c6000da2d3b626.jpg,E-Waste Train Roboflow v1,train,charger,charger_adapter,image_2267,1,0.1869379782239056,False,False,False,,,,REVIEW
image_2268_jpg.rf.b3c0720e468395556d5622b49ab92dfb.jpg,E-Waste Train Roboflow v1,train,charger,charger_adapter,image_2268,1,0.5377575212737861,False,False,False,,,,REVIEW
image_227_jpg.rf.81fd222685da51871a7fc9751599989f.jpg,E-Waste Train Roboflow v1,train,charger,charger_adapter,image_227,1,0.1573832758649022,False,False,False,,,,REVIEW
image_2270_jpg.rf.4c17e0c0360d1e27668d688029c67651.jpg,E-Waste Train Roboflow v1,train,charger,charger_adapter,image_2270,1,0.4245298828314602,False,False,False,,,,REVIEW
image_2271_jpg.rf.346310e9e4c632a186c1487064f9642d.jpg,E-Waste Train Roboflow v1,train,charger,charger_adapter,image_2271,1,0.2048220664,False,False,False,,,,REVIEW
image_2272_jpg.rf.b0988adf8d57e9961d6150a63195d3ea.jpg,E-Waste Train Roboflow v1,train,charger,charger_adapter,image_2272,1,0.47173302103642994,False,False,False,,,,REVIEW
image_2273_jpg.rf.c1a1b32800f942dcd9c672632fc569a3.jpg,E-Waste Train Roboflow v1,train,charger,charger_adapter,image_2273,1,0.05399325,False,False,False,,,,REVIEW
image_2274_jpg.rf.751e9ba3c30d28047a82a301f2c38c1f.jpg,E-Waste Train Roboflow v1,train,charger,charger_adapter,image_2274,1,0.08162676694578556,False,False,False,,,,REVIEW
image_2276_jpg.rf.508ff12627bdbfe37f561731cb12e20b.jpg,E-Waste Train Roboflow v1,train,charger,charger_adapter,image_2276,1,0.5698985592264566,False,False,False,,,,REVIEW
image_2277_jpg.rf.6eb69ce2fe3dea90ef00c14e60371fc3.jpg,E-Waste Train Roboflow v1,train,charger,charger_adapter,image_2277,1,0.6558629539552703,False,False,False,,,,REVIEW
image_2278_jpg.rf.2d869e9d1fcbdf1895bd9d210522a6cd.jpg,E-Waste Train Roboflow v1,train,charger,charger_adapter,image_2278,1,0.35364327472681795,False,False,False,,,,REVIEW
image_2279_jpg.rf.78a4e18cb4b4b8bee219229e38ce11a7.jpg,E-Waste Train Roboflow v1,train,charger,charger_adapter,image_2279,1,0.6134370674602259,False,False,False,,,,REVIEW
image_228_jpg.rf.1f2f357bfb3c13ea606f62043f96844a.jpg,E-Waste Train Roboflow v1,train,charger,charger_adapter,image_228,1,0.31635667797361994,False,False,False,,,,REVIEW
image_2280_jpg.rf.f90f32f29da5d6cc1f4b33151f4bc319.jpg,E-Waste Train Roboflow v1,valid,charger,charger_adapter,image_2280,1,0.3973411014098417,True,False,False,,,,REVIEW
image_2281_jpg.rf.37d8c21949dc1f991a74b7d5880c2a61.jpg,E-Waste Train Roboflow v1,train,charger,charger_adapter,image_2281,1,0.002564022436263372,False,True,True,,,,REVIEW
image_2283_jpg.rf.d7380c21865edfceeb28454287ce7455.jpg,E-Waste Train Roboflow v1,train,charger,charger_adapter,image_2283,1,0.6604723145402623,False,False,False,,,,REVIEW
image_2284_jpg.rf.3ff71cca80fb091b41fcaf6155d7cf60.jpg,E-Waste Train Roboflow v1,train,charger,charger_adapter,image_2284,1,0.5609269137279579,False,False,False,,,,REVIEW
image_2285_jpg.rf.0a361807a92027673a98b27cce963424.jpg,E-Waste Train Roboflow v1,train,charger,charger_adapter,image_2285,1,0.10298963515735562,False,False,False,,,,REVIEW
image_2286_jpg.rf.54884f75053a1e471bf9234e65298f9b.jpg,E-Waste Train Roboflow v1,train,charger,charger_adapter,image_2286,1,0.31780523557202556,False,False,False,,,,REVIEW
image_2288_jpg.rf.2aeaa969695e861ea12b1eecdb6d4acc.jpg,E-Waste Train Roboflow v1,train,charger,charger_adapter,image_2288,1,0.4622365933297384,False,False,False,,,,REVIEW
image_2289_jpg.rf.26e69ff797f6ae986b03f9557d839c34.jpg,E-Waste Train Roboflow v1,train,charger,charger_adapter,image_2289,1,0.012448761411402188,False,True,False,,,,REVIEW
image_229_jpg.rf.c7049aa2148072f7fa91d502e547c842.jpg,E-Waste Train Roboflow v1,train,charger,charger_adapter,image_229,1,0.17207621517792573,False,False,False,,,,REVIEW
image_2290_jpg.rf.cd05e81389da7757d40f644117f7305f.jpg,E-Waste Train Roboflow v1,valid,charger,charger_adapter,image_2290,1,0.043424576954735956,True,False,False,,,,REVIEW
image_2292_jpg.rf.1cf8fc01a07107317f1d4ec03fe2bbbb.jpg,E-Waste Train Roboflow v1,train,charger,charger_adapter,image_2292,1,0.507016997892759,False,False,False,,,,REVIEW
image_2293_jpg.rf.78bcace727e8b1105c85f39b14c815f7.jpg,E-Waste Train Roboflow v1,train,charger,charger_adapter,image_2293,1,0.4474148127443365,False,False,False,,,,REVIEW
image_2295_jpg.rf.bba50e2f537fd652d46044422d5fa795.jpg,E-Waste Train Roboflow v1,train,charger,charger_adapter,image_2295,1,0.1053451610275226,True,False,False,,,,REVIEW
image_2296_jpg.rf.6b76e9f6d8b971d340aa077321fd03a5.jpg,E-Waste Train Roboflow v1,train,charger,charger_adapter,image_2296,1,0.3547548313628528,False,False,False,,,,REVIEW
image_2297_jpg.rf.16f552969497d3fca0c865a8b3af8ae1.jpg,E-Waste Train Roboflow v1,train,charger,charger_adapter,image_2297,1,0.035329956302785785,False,False,False,,,,REVIEW
image_2298_jpg.rf.1a3bc39dcfb82299e021ae7281acbe6a.jpg,E-Waste Train Roboflow v1,train,charger,charger_adapter,image_2298,1,0.5963683216776047,False,False,False,,,,REVIEW
image_2299_jpg.rf.27b31312170590fb2527da841e425040.jpg,E-Waste Train Roboflow v1,train,charger,charger_adapter,image_2299,1,0.12512533039545176,False,False,False,,,,REVIEW
image_230_jpg.rf.183e11e75bec7d1b85c094c61f38d98d.jpg,E-Waste Train Roboflow v1,train,charger,charger_adapter,image_230,1,0.17282739553172358,False,False,False,,,,REVIEW
image_2300_jpg.rf.a17fd8d61af2e8a272fd75dbe06514c0.jpg,E-Waste Train Roboflow v1,train,charger,charger_adapter,image_2300,1,0.1633877551924398,False,False,False,,,,REVIEW
image_2303_jpg.rf.a31939462ce6d5dd0f93ceb4afd83774.jpg,E-Waste Train Roboflow v1,train,charger,charger_adapter,image_2303,1,0.12175522415892301,False,False,False,,,,REVIEW
image_2304_jpg.rf.2cde7ffeb55a29a09ce0ebafabff541f.jpg,E-Waste Train Roboflow v1,train,charger,charger_adapter,image_2304,1,0.1256606289,False,False,False,,,,REVIEW
image_2305_jpg.rf.6b70fdb344a44dd6c0195c73eaed38c9.jpg,E-Waste Train Roboflow v1,valid,charger,charger_adapter,image_2305,1,0.43333755955394915,True,False,False,,,,REVIEW
image_2306_jpg.rf.d9cf2199b9ecc0bf4d72a46402fe5ec6.jpg,E-Waste Train Roboflow v1,train,charger,charger_adapter,image_2306,1,0.19736475,False,False,False,,,,REVIEW
image_2307_jpg.rf.02889124657a38ada5c4102fa768e4ec.jpg,E-Waste Train Roboflow v1,train,charger,charger_adapter,image_2307,1,0.27667192824881487,False,False,False,,,,REVIEW
image_2309_jpg.rf.927173f2f199129bc2a47f97d820d156.jpg,E-Waste Train Roboflow v1,train,charger,charger_adapter,image_2309,1,0.4427323895617119,False,False,False,,,,REVIEW
image_231_jpg.rf.1838fd1bb41e8c50f4ed51d192517f8c.jpg,E-Waste Train Roboflow v1,train,charger,charger_adapter,image_231,1,0.4281281001425706,False,False,False,,,,REVIEW
image_2310_jpg.rf.8b4c84c20bb651bc155e9ad770cdefcb.jpg,E-Waste Train Roboflow v1,train,charger,charger_adapter,image_2310,1,0.510361754809171,False,False,False,,,,REVIEW
image_2311_jpg.rf.6107414c3fb38ccaf758bc29f05edf82.jpg,E-Waste Train Roboflow v1,train,charger,charger_adapter,image_2311,1,0.28945566793909516,False,False,False,,,,REVIEW
image_2312_jpg.rf.3c76c3d5be31a483bbf08c4a5bcf0a43.jpg,E-Waste Train Roboflow v1,train,charger,charger_adapter,image_2312,1,0.008620390125125624,False,True,True,,,,REVIEW
image_2314_jpg.rf.b4bd751433d2592068da1a8ca5121c6c.jpg,E-Waste Train Roboflow v1,train,charger,charger_adapter,image_2314,1,0.03561107990338888,False,False,False,,,,REVIEW
image_2316_jpg.rf.2143034dd900ac1d6e223e50830d9d87.jpg,E-Waste Train Roboflow v1,train,charger,charger_adapter,image_2316,1,0.2052530711176971,True,False,False,,,,REVIEW
image_2317_jpg.rf.1a65e1aa9542d6d5216b4cfa49c5c5c9.jpg,E-Waste Train Roboflow v1,train,charger,charger_adapter,image_2317,1,0.026347189720225192,False,True,False,,,,REVIEW
image_2318_jpg.rf.abc6cfedb4641c3c087e336112380870.jpg,E-Waste Train Roboflow v1,valid,charger,charger_adapter,image_2318,1,0.4108284928654587,False,False,False,,,,REVIEW
image_2319_jpg.rf.c3226b33a381f957c1a644daa6f2ef0a.jpg,E-Waste Train Roboflow v1,train,charger,charger_adapter,image_2319,1,0.5512719091605678,True,False,False,,,,REVIEW
image_232_jpg.rf.7e650711ebd5c53433cdf5a969e20553.jpg,E-Waste Train Roboflow v1,train,charger,charger_adapter,image_232,1,0.3112678225963461,False,False,False,,,,REVIEW
image_2320_jpg.rf.1eade8239a0c5526c1128fa61890867c.jpg,E-Waste Train Roboflow v1,train,charger,charger_adapter,image_2320,1,0.46982720709298675,False,False,False,,,,REVIEW
image_2322_jpg.rf.dd76a65f15cf0334664d10e3e3bdf788.jpg,E-Waste Train Roboflow v1,train,charger,charger_adapter,image_2322,1,0.2960553032891526,False,False,False,,,,REVIEW
image_2325_jpg.rf.a6bee789ecedf354f172c73c5bd3ce47.jpg,E-Waste Train Roboflow v1,train,charger,charger_adapter,image_2325,1,0.0008409336,False,True,True,,,,REVIEW
image_2326_jpg.rf.96701a8c2460090d0e5861e108257366.jpg,E-Waste Train Roboflow v1,train,charger,charger_adapter,image_2326,1,0.3350635045988659,False,False,False,,,,REVIEW
image_2328_jpg.rf.494611cacebda9386efdb8ef15877d33.jpg,E-Waste Train Roboflow v1,train,charger,charger_adapter,image_2328,1,0.047656077868409134,True,False,False,,,,REVIEW
image_2329_jpg.rf.05f85211e8abe8e8d13216fd4c855c7e.jpg,E-Waste Train Roboflow v1,train,charger,charger_adapter,image_2329,1,0.48990940341312134,False,False,False,,,,REVIEW
image_233_jpg.rf.3aaf6a0eca28edf211572910d35d78df.jpg,E-Waste Train Roboflow v1,train,charger,charger_adapter,image_233,1,0.29509210201160674,False,False,False,,,,REVIEW
image_2330_jpg.rf.1b50ad34eee896e0457569ec109d0263.jpg,E-Waste Train Roboflow v1,train,charger,charger_adapter,image_2330,1,0.3688628674664003,False,False,False,,,,REVIEW
image_2331_jpg.rf.2e54dba424d66c32e06ccb7e43e3e7ee.jpg,E-Waste Train Roboflow v1,train,charger,charger_adapter,image_2331,1,0.6186211956047496,False,False,False,,,,REVIEW
image_2332_jpg.rf.eaa301d4824226bfe9026ae401a2bf87.jpg,E-Waste Train Roboflow v1,train,charger,charger_adapter,image_2332,1,0.46207104179702263,False,False,False,,,,REVIEW
image_2333_jpg.rf.fa1c1c566faf4ac850a5336acae43587.jpg,E-Waste Train Roboflow v1,train,charger,charger_adapter,image_2333,1,0.49995035694080653,False,False,False,,,,REVIEW
image_2336_jpg.rf.2968fa5fd5ec7db610648a573a8782ac.jpg,E-Waste Train Roboflow v1,train,charger,charger_adapter,image_2336,1,0.0640344375,False,False,False,,,,REVIEW
image_2337_jpg.rf.668b8266a7ea0716c26ae09adde05d32.jpg,E-Waste Train Roboflow v1,train,charger,charger_adapter,image_2337,1,0.0368979336,False,False,False,,,,REVIEW
image_2338_jpg.rf.49d179082f92aa0877b1c788844b4c3c.jpg,E-Waste Train Roboflow v1,train,charger,charger_adapter,image_2338,1,0.10182179643790591,False,False,False,,,,REVIEW
image_2339_jpg.rf.dbebbf53e888ee9fcd65813b3431c0ad.jpg,E-Waste Train Roboflow v1,valid,charger,charger_adapter,image_2339,1,0.027790367199999996,True,True,False,,,,REVIEW
image_234_jpg.rf.66a1c0f7188b85dbb08f034a9b149611.jpg,E-Waste Train Roboflow v1,train,charger,charger_adapter,image_234,1,0.3450255260494754,False,False,False,,,,REVIEW
image_2340_jpg.rf.0176ef2c780ac0ad5db776313611a7f9.jpg,E-Waste Train Roboflow v1,train,charger,charger_adapter,image_2340,1,0.053068843982952515,False,False,False,,,,REVIEW
image_2341_jpg.rf.38eedab37ab59c0ca0391855b1eaa189.jpg,E-Waste Train Roboflow v1,train,charger,charger_adapter,image_2341,1,0.036324929699999994,False,False,False,,,,REVIEW
image_2343_jpg.rf.e23d39829fcfeec8d7a4062e72a23b25.jpg,E-Waste Train Roboflow v1,train,charger,charger_adapter,image_2343,1,0.030294202127632803,False,False,False,,,,REVIEW
image_2344_jpg.rf.ff3a2b19221302d2d16749f8a441311d.jpg,E-Waste Train Roboflow v1,train,charger,charger_adapter,image_2344,1,0.48052775545912657,False,False,False,,,,REVIEW
image_2345_jpg.rf.34d8429b0dadde2476007172bc5cc1af.jpg,E-Waste Train Roboflow v1,train,charger,charger_adapter,image_2345,1,0.5186332123673068,False,False,False,,,,REVIEW
image_2348_jpg.rf.dae932db3c87f32d25adfe68079e6c52.jpg,E-Waste Train Roboflow v1,train,charger,charger_adapter,image_2348,1,0.09817110138080287,False,False,False,,,,REVIEW
image_2349_jpg.rf.0ef4da18d4e5ca22ff53e48d301df895.jpg,E-Waste Train Roboflow v1,train,charger,charger_adapter,image_2349,1,0.3545419230903343,False,False,False,,,,REVIEW
image_235_jpg.rf.bc74e4a820a4ca6191f241d64783e92f.jpg,E-Waste Train Roboflow v1,train,charger,charger_adapter,image_235,1,0.24028401559999998,False,False,False,,,,REVIEW
image_2350_jpg.rf.f9bdff41fb3da3d830375515bc01b5fb.jpg,E-Waste Train Roboflow v1,train,charger,charger_adapter,image_2350,1,0.30541380163277304,False,False,False,,,,REVIEW
image_236_jpg.rf.6207164e2431b2834c692868bfdaa8f3.jpg,E-Waste Train Roboflow v1,train,charger,charger_adapter,image_236,1,0.3894183831068313,False,False,False,,,,REVIEW
image_2361_jpg.rf.cd433ea553780e88350336c5b0b0ce11.jpg,E-Waste Train Roboflow v1,train,charger,charger_adapter,image_2361,1,0.2280552157342565,False,False,False,,,,REVIEW
image_2362_jpg.rf.86f4f6635cc5dcecbbfd22be2b0c7dc8.jpg,E-Waste Train Roboflow v1,train,charger,charger_adapter,image_2362,1,0.00862367311282808,False,True,True,,,,REVIEW
image_2363_jpg.rf.4ae6f60d96b478eda5268dc2a0b2db76.jpg,E-Waste Train Roboflow v1,train,charger,charger_adapter,image_2363,1,0.04704849999999999,False,False,False,,,,REVIEW
image_237_jpg.rf.7fdca195120a9e3c244af2e26bed4915.jpg,E-Waste Train Roboflow v1,train,charger,charger_adapter,image_237,1,0.27486916351161533,False,False,False,,,,REVIEW
image_2390_jpg.rf.5cdafdf03c02c6fa2bf8b01ffba4de39.jpg,E-Waste Train Roboflow v1,train,charger,charger_adapter,image_2390,1,0.1568225664,False,False,False,,,,REVIEW
image_2393_jpg.rf.4a23bcd5bcc7c1427825ff7b2e7e9e7d.jpg,E-Waste Train Roboflow v1,train,charger,charger_adapter,image_2393,1,0.062360783081662416,False,False,False,,,,REVIEW
image_2394_jpg.rf.05d8f7dfc39330cd706acd8cc634f607.jpg,E-Waste Train Roboflow v1,train,charger,charger_adapter,image_2394,1,0.13126518933639514,False,False,False,,,,REVIEW
image_2395_jpg.rf.93f71baf465bc9d57ea0b3294ab552a9.jpg,E-Waste Train Roboflow v1,train,charger,charger_adapter,image_2395,1,0.5341080799860707,False,False,False,,,,REVIEW
image_2396_jpg.rf.37f92497591a1f968fd7d9d8063b7a4a.jpg,E-Waste Train Roboflow v1,train,charger,charger_adapter,image_2396,1,0.3161684003035118,True,False,False,,,,REVIEW
image_2397_jpg.rf.7e39b22b6635ae5e124d951461180929.jpg,E-Waste Train Roboflow v1,train,charger,charger_adapter,image_2397,1,0.49017727852900017,False,False,False,,,,REVIEW
image_2399_jpg.rf.01e871c3ef933b4488124a148ace9421.jpg,E-Waste Train Roboflow v1,train,charger,charger_adapter,image_2399,1,0.3400675864156339,False,False,False,,,,REVIEW
image_24_jpg.rf.55e2f4f367fadaa2ebbcac94387ec13c.jpg,E-Waste Train Roboflow v1,train,charger,charger_adapter,image_24,1,0.46039767456137487,False,False,False,,,,REVIEW
image_240_jpg.rf.2372631dd70b849796003c27ab7830ba.jpg,E-Waste Train Roboflow v1,train,charger,charger_adapter,image_240,1,0.32329969937074204,True,False,False,,,,REVIEW
image_2400_jpg.rf.663f6b167fbba3aa3cbcb342d31a4f9d.jpg,E-Waste Train Roboflow v1,valid,charger,charger_adapter,image_2400,1,0.5481659318782047,True,False,False,,,,REVIEW
image_2401_jpg.rf.0d2fa93823a2c97ef7311f1c498bd80d.jpg,E-Waste Train Roboflow v1,train,charger,charger_adapter,image_2401,1,0.5776676281270663,False,False,False,,,,REVIEW
image_2403_jpg.rf.f4c37b1b8bffc76333d97281c3cf592c.jpg,E-Waste Train Roboflow v1,train,charger,charger_adapter,image_2403,1,0.5870915150393081,False,False,False,,,,REVIEW
image_2416_jpg.rf.dfd75b3958ae226e2a5328fbb7c8938b.jpg,E-Waste Train Roboflow v1,train,charger,charger_adapter,image_2416,1,0.2853292211727206,False,False,False,,,,REVIEW
image_2418_jpg.rf.0f95801d6d74dcf9e894dbea00772049.jpg,E-Waste Train Roboflow v1,train,charger,charger_adapter,image_2418,1,0.6033111453387978,False,False,False,,,,REVIEW
image_242_jpg.rf.dc11f001baa6b48201cf90297df3f15e.jpg,E-Waste Train Roboflow v1,train,charger,charger_adapter,image_242,1,0.25932720750579047,False,False,False,,,,REVIEW
image_2420_jpg.rf.b022bcfb511a3601b3afbbefb4892383.jpg,E-Waste Train Roboflow v1,train,charger,charger_adapter,image_2420,1,0.0611487539,False,False,False,,,,REVIEW
image_2422_jpg.rf.5dfc5afee6b32e8ae0fdf20788df3650.jpg,E-Waste Train Roboflow v1,train,charger,charger_adapter,image_2422,1,0.016704779299789686,False,True,False,,,,REVIEW
image_2423_jpg.rf.7471ede96eaa8eae32e2dc98d45079e7.jpg,E-Waste Train Roboflow v1,train,charger,charger_adapter,image_2423,1,0.22236156250000003,False,False,False,,,,REVIEW
image_2424_jpg.rf.418a7b9e73919afcc684d42c3dc28a2d.jpg,E-Waste Train Roboflow v1,train,charger,charger_adapter,image_2424,1,0.276518558065632,False,False,False,,,,REVIEW
image_2426_jpg.rf.d14417e5b092a27f46b9473a6c2dfa93.jpg,E-Waste Train Roboflow v1,train,charger,charger_adapter,image_2426,1,0.6009107050641833,False,False,False,,,,REVIEW
image_2427_jpg.rf.94f9168c02091f4c894f8aabd74c3654.jpg,E-Waste Train Roboflow v1,train,charger,charger_adapter,image_2427,1,0.4486556747987782,False,False,False,,,,REVIEW
image_2428_jpg.rf.920141037639443d1db09322fb557a2e.jpg,E-Waste Train Roboflow v1,train,charger,charger_adapter,image_2428,1,0.13627752083340683,False,False,False,,,,REVIEW
image_2429_jpg.rf.af32f3eb9bc56ef13ac65020105c5947.jpg,E-Waste Train Roboflow v1,train,charger,charger_adapter,image_2429,1,0.24514940575888694,False,False,False,,,,REVIEW
image_243_jpg.rf.88ae96903f4cc49a8f689f22609b333d.jpg,E-Waste Train Roboflow v1,train,charger,charger_adapter,image_243,1,0.2369654074035158,False,False,False,,,,REVIEW
image_2430_jpg.rf.e51d6c41da4fb99f7edd988d080f82e0.jpg,E-Waste Train Roboflow v1,train,charger,charger_adapter,image_2430,1,0.0014085,False,True,True,,,,REVIEW
image_244_jpg.rf.0222be490762ec97a809bab6a9f7b568.jpg,E-Waste Train Roboflow v1,train,charger,charger_adapter,image_244,1,0.16709849999999998,False,False,False,,,,REVIEW
image_2445_jpg.rf.1025245f929553549b1b5bd9ee84849e.jpg,E-Waste Train Roboflow v1,train,charger,charger_adapter,image_2445,1,0.0012373203,False,True,True,,,,REVIEW
image_2446_jpg.rf.173e310f8f3588a4127081065b84cc7a.jpg,E-Waste Train Roboflow v1,train,charger,charger_adapter,image_2446,1,0.5787628373899608,False,False,False,,,,REVIEW
image_2447_jpg.rf.324ba769fc67b4b8a77d0058db1b2291.jpg,E-Waste Train Roboflow v1,train,charger,charger_adapter,image_2447,1,0.6271275300605634,False,False,False,,,,REVIEW
image_2448_jpg.rf.ffa8190af836ff292cb6e6a976c5b2c7.jpg,E-Waste Train Roboflow v1,train,charger,charger_adapter,image_2448,1,0.4689601296109706,False,False,False,,,,REVIEW
image_245_jpg.rf.57cbfb99c59b89aa593426bac16135ce.jpg,E-Waste Train Roboflow v1,train,charger,charger_adapter,image_245,1,0.2675160664,False,False,False,,,,REVIEW
image_2450_jpg.rf.226f4045d982625afcc295b46bdd0a51.jpg,E-Waste Train Roboflow v1,train,charger,charger_adapter,image_2450,1,0.4979012198371299,False,False,False,,,,REVIEW
image_2451_jpg.rf.6639de3489eaf9276e5c6b92f28f4abb.jpg,E-Waste Train Roboflow v1,train,charger,charger_adapter,image_2451,1,0.201875,False,False,False,,,,REVIEW
image_2453_jpg.rf.1a786b5f6c4a145bcf21fa5a6abd7082.jpg,E-Waste Train Roboflow v1,train,charger,charger_adapter,image_2453,1,0.4029528621654391,False,False,False,,,,REVIEW
image_2454_jpg.rf.81f0bd71e48cddc00c57c44bffb35828.jpg,E-Waste Train Roboflow v1,train,charger,charger_adapter,image_2454,1,0.14459341537271292,False,False,False,,,,REVIEW
image_2456_jpg.rf.c42476ef1dfa0e1b7e88714d1579f840.jpg,E-Waste Train Roboflow v1,train,charger,charger_adapter,image_2456,1,0.46062220993551417,False,False,False,,,,REVIEW
image_2457_jpg.rf.f2106f254fce21787f7775a07c90586b.jpg,E-Waste Train Roboflow v1,train,charger,charger_adapter,image_2457,1,0.4332569798361747,False,False,False,,,,REVIEW
image_2458_jpg.rf.687941f102df0824ffe90fcf0b2bf101.jpg,E-Waste Train Roboflow v1,train,charger,charger_adapter,image_2458,1,0.06389560344019365,False,False,False,,,,REVIEW
image_2459_jpg.rf.7ef14b5bf3c198c2c64a179399a40aed.jpg,E-Waste Train Roboflow v1,train,charger,charger_adapter,image_2459,1,0.152752875,False,False,False,,,,REVIEW
image_246_jpg.rf.9c508205054751262c5c131836e697eb.jpg,E-Waste Train Roboflow v1,train,charger,charger_adapter,image_246,1,0.24690485814523752,False,False,False,,,,REVIEW
image_2460_jpg.rf.ccc42d1fdf80a3ec7fc04c2a19f73595.jpg,E-Waste Train Roboflow v1,train,charger,charger_adapter,image_2460,1,0.11167586360991494,False,False,False,,,,REVIEW
image_2462_jpg.rf.18be1ff3789fcbbeb5b99343032cd1d2.jpg,E-Waste Train Roboflow v1,train,charger,charger_adapter,image_2462,1,0.09657275,False,False,False,,,,REVIEW
image_2464_jpg.rf.4438e6966140d31c5886acc04c0e5e9e.jpg,E-Waste Train Roboflow v1,train,charger,charger_adapter,image_2464,1,0.3793167684514386,False,False,False,,,,REVIEW
image_2465_jpg.rf.ac66b42da000a037de983f05e58a14d8.jpg,E-Waste Train Roboflow v1,train,charger,charger_adapter,image_2465,1,0.073887125,False,False,False,,,,REVIEW
image_2466_jpg.rf.cd7ff643caa7af94723a950aa7dcce62.jpg,E-Waste Train Roboflow v1,train,charger,charger_adapter,image_2466,1,0.5487798691736843,False,False,False,,,,REVIEW
image_2469_jpg.rf.6c1df83994a0e520be20eb69f1e96cd4.jpg,E-Waste Train Roboflow v1,train,charger,charger_adapter,image_2469,1,0.6404730722597494,False,False,False,,,,REVIEW
image_247_jpg.rf.bbc63f012657d1378e99af88f68b8f3c.jpg,E-Waste Train Roboflow v1,train,charger,charger_adapter,image_247,1,0.23725621297054486,False,False,False,,,,REVIEW
image_2470_jpg.rf.6c2787e857841a850044ae7895aaa84f.jpg,E-Waste Train Roboflow v1,train,charger,charger_adapter,image_2470,1,0.3721657916775884,True,False,False,,,,REVIEW
image_2473_jpg.rf.95d76637ae3474d419713f7226a84e0c.jpg,E-Waste Train Roboflow v1,train,charger,charger_adapter,image_2473,1,0.0693971172,False,False,False,,,,REVIEW
image_2474_jpg.rf.1ca60bf0a911b1e4b5d9fa2f1ca9cf65.jpg,E-Waste Train Roboflow v1,train,charger,charger_adapter,image_2474,1,0.21370272002675508,False,False,False,XDUP02,,,REVIEW
image_2475_jpg.rf.866070842bc97ff6fb40f62d5dae6635.jpg,E-Waste Train Roboflow v1,train,charger,charger_adapter,image_2475,1,0.10967859558929643,False,False,False,XDUP02,,,REVIEW
image_2476_jpg.rf.688a25149709e418ac828120994b49ae.jpg,E-Waste Train Roboflow v1,train,charger,charger_adapter,image_2476,1,0.1923304643937391,False,False,False,,,,REVIEW
image_2478_jpg.rf.5e75b863c2f5017f6f5f0023b66a2364.jpg,E-Waste Train Roboflow v1,train,charger,charger_adapter,image_2478,1,0.28192699003925015,False,False,False,,,,REVIEW
image_2479_jpg.rf.1db512cf1db4fa3d5b99199871d7b380.jpg,E-Waste Train Roboflow v1,train,charger,charger_adapter,image_2479,1,0.1578510112363337,True,False,False,,,,REVIEW
image_248_jpg.rf.e1e5a3f2de64d153baa76423cb9e6ee9.jpg,E-Waste Train Roboflow v1,train,charger,charger_adapter,image_248,1,0.18321106980086646,False,False,False,,,,REVIEW
image_2480_jpg.rf.8b8124ac6e85708c0743796312018528.jpg,E-Waste Train Roboflow v1,train,charger,charger_adapter,image_2480,1,0.07072551141265425,False,False,False,,,,REVIEW
image_2481_jpg.rf.d1f9f85d4f14edb12c928e15cabde2bb.jpg,E-Waste Train Roboflow v1,train,charger,charger_adapter,image_2481,1,0.5926512902456369,False,False,False,,,,REVIEW
image_2482_jpg.rf.1290ab75a1d4b53e64cf856614a39172.jpg,E-Waste Train Roboflow v1,valid,charger,charger_adapter,image_2482,1,0.3986008829822131,False,False,False,,,,REVIEW
image_2483_jpg.rf.14938a3e2ad917a36bab25628da625c6.jpg,E-Waste Train Roboflow v1,train,charger,charger_adapter,image_2483,1,0.00368840595008436,False,True,True,,,,REVIEW
image_2484_jpg.rf.bdcdf7cb971463f5734b20ca0c8947e4.jpg,E-Waste Train Roboflow v1,train,charger,charger_adapter,image_2484,1,0.7751039711372285,False,False,False,,,,REVIEW
image_2486_jpg.rf.d069b882e0412d10546bbc58ce40705a.jpg,E-Waste Train Roboflow v1,train,charger,charger_adapter,image_2486,1,0.05526985434036381,False,False,False,,,,REVIEW
image_2489_jpg.rf.f651e27f99f5953d20f3102932d5ea8c.jpg,E-Waste Train Roboflow v1,train,charger,charger_adapter,image_2489,1,0.45171727486298235,False,False,False,,,,REVIEW
image_249_jpg.rf.3aae4619e2abf66066d9304b8926a3ce.jpg,E-Waste Train Roboflow v1,train,charger,charger_adapter,image_249,1,0.6020727427099466,True,False,False,,,,REVIEW
image_2490_jpg.rf.b0c632bb5fbf1727cc1d0393b55e799f.jpg,E-Waste Train Roboflow v1,train,charger,charger_adapter,image_2490,1,0.0005715525162231445,False,True,True,,,,REVIEW
image_2491_jpg.rf.e4531063807fb4dd8f85b24a2bcb2f22.jpg,E-Waste Train Roboflow v1,train,charger,charger_adapter,image_2491,1,0.36743765481212587,False,False,False,,,,REVIEW
image_2492_jpg.rf.ba35b57c1ffebacaacfbd81c9f0181b4.jpg,E-Waste Train Roboflow v1,train,charger,charger_adapter,image_2492,1,0.059832816399999995,False,False,False,,,,REVIEW
image_2493_jpg.rf.0890f0d1cc8af7c267d8b4d571ecd104.jpg,E-Waste Train Roboflow v1,train,charger,charger_adapter,image_2493,1,0.060252163094433105,False,False,False,,,,REVIEW
image_2494_jpg.rf.cb598af624ff7bb85bc5eb61d2266afd.jpg,E-Waste Train Roboflow v1,train,charger,charger_adapter,image_2494,1,0.37493953236243244,False,False,False,,,,REVIEW
image_25_jpg.rf.76f2a28d79ce3233bd2373bad7f0b0f6.jpg,E-Waste Train Roboflow v1,train,charger,charger_adapter,image_25,1,0.3855640790020532,False,False,False,,,,REVIEW
image_250_jpg.rf.739173b059d907a510704d73afca85f6.jpg,E-Waste Train Roboflow v1,train,charger,charger_adapter,image_250,1,0.5784495472086414,False,False,False,,,,REVIEW
image_2502_jpg.rf.fb2e1eeded90b85a736172c717345caf.jpg,E-Waste Train Roboflow v1,train,charger,charger_adapter,image_2502,1,0.3811187111874325,False,False,False,,,,REVIEW
image_2508_jpg.rf.9ec0e240005ab6b4a8bd8a3ce78f21c2.jpg,E-Waste Train Roboflow v1,train,charger,charger_adapter,image_2508,1,0.10320926559999999,False,False,False,,,,REVIEW
image_251_jpg.rf.90201bd0fb21d19bc8741cee893b6c20.jpg,E-Waste Train Roboflow v1,train,charger,charger_adapter,image_251,1,0.38749562896420575,False,False,False,,,,REVIEW
image_2516_jpg.rf.7a0d3431d03414ef092083c892bdc872.jpg,E-Waste Train Roboflow v1,train,charger,charger_adapter,image_2516,1,0.030890804700000003,False,False,False,,,,REVIEW
image_2518_jpg.rf.86b0564206546be1472bb107b488254d.jpg,E-Waste Train Roboflow v1,train,charger,charger_adapter,image_2518,1,0.46789971176393175,False,False,False,,,,REVIEW
image_252_jpg.rf.04c07baa3ed90651ad0eb7d805d41c8b.jpg,E-Waste Train Roboflow v1,valid,charger,charger_adapter,image_252,1,0.3354209692903413,False,False,False,,,,REVIEW
image_2520_jpg.rf.7f4cafd61e59ccc10ffe74d7aa6c537f.jpg,E-Waste Train Roboflow v1,train,charger,charger_adapter,image_2520,1,0.5993984263150535,False,False,False,,,,REVIEW
image_2521_jpg.rf.ac1f0e9ab5c406456dd52c5471a79524.jpg,E-Waste Train Roboflow v1,train,charger,charger_adapter,image_2521,1,0.37514331261912603,False,False,False,,,,REVIEW
image_2522_jpg.rf.1db503c915cf83694194648b98d67e74.jpg,E-Waste Train Roboflow v1,train,charger,charger_adapter,image_2522,1,0.3660153799944135,False,False,False,,,,REVIEW
image_2523_jpg.rf.2c103e1513e0942a8b432740469e0e2d.jpg,E-Waste Train Roboflow v1,train,charger,charger_adapter,image_2523,1,0.2709466072917425,False,False,False,,,,REVIEW
image_2524_jpg.rf.ee9c1c883e6a9b684a25985394c838b1.jpg,E-Waste Train Roboflow v1,train,charger,charger_adapter,image_2524,1,0.1509802339484423,False,False,False,,,,REVIEW
image_2526_jpg.rf.3cf1b2defb07a83f981e713e8354a36b.jpg,E-Waste Train Roboflow v1,train,charger,charger_adapter,image_2526,1,0.6456187015571437,False,False,False,,,,REVIEW
image_2528_jpg.rf.65a2f63e911d53d6979192aa664bab11.jpg,E-Waste Train Roboflow v1,train,charger,charger_adapter,image_2528,1,0.16838794958063563,False,False,False,,,,REVIEW
image_2529_jpg.rf.820e88823f0cae850bb84a455f2ff2de.jpg,E-Waste Train Roboflow v1,train,charger,charger_adapter,image_2529,1,0.38912401077157005,False,False,False,,,,REVIEW
image_253_jpg.rf.8882969e349fa426f4206229fb6ea2ab.jpg,E-Waste Train Roboflow v1,train,charger,charger_adapter,image_253,1,0.17133333609235146,False,False,False,,,,REVIEW
image_2530_jpg.rf.c8ce8b4910c8fc9ce95d584e0d1701d6.jpg,E-Waste Train Roboflow v1,train,charger,charger_adapter,image_2530,1,0.7035682730890097,True,False,False,,,,REVIEW
image_2534_jpg.rf.7c051b01d6989e14853dbac42a00e50d.jpg,E-Waste Train Roboflow v1,train,charger,charger_adapter,image_2534,1,0.35987954993199883,False,False,False,,,,REVIEW
image_2537_jpg.rf.c863ed1ec56fd20e3de91e45a059840e.jpg,E-Waste Train Roboflow v1,train,charger,charger_adapter,image_2537,1,0.25195162648687336,False,False,False,,,,REVIEW
image_2538_jpg.rf.e11e19a8d43ef9265cc6f37852bb4853.jpg,E-Waste Train Roboflow v1,train,charger,charger_adapter,image_2538,1,0.41694168241633467,False,False,False,,,,REVIEW
image_2539_jpg.rf.36e4a0044055dc374390274339377490.jpg,E-Waste Train Roboflow v1,train,charger,charger_adapter,image_2539,1,0.6250649371829498,False,False,False,,,,REVIEW
image_254_jpg.rf.73faadb690f09a331fceee3b42d61031.jpg,E-Waste Train Roboflow v1,valid,charger,charger_adapter,image_254,1,0.13641077540284108,True,False,False,,,,REVIEW
image_2542_jpg.rf.5732db0eee6ca83993702ede4a1b793f.jpg,E-Waste Train Roboflow v1,train,charger,charger_adapter,image_2542,1,0.36546344640750655,False,False,False,,,,REVIEW
image_2543_jpg.rf.d1e24584f3d928467f924700799d8ecd.jpg,E-Waste Train Roboflow v1,train,charger,charger_adapter,image_2543,1,0.447476736366628,False,False,False,,,,REVIEW
image_2544_jpg.rf.ff4376a436af52cfa1a280a6bb6759fd.jpg,E-Waste Train Roboflow v1,train,charger,charger_adapter,image_2544,1,0.1159184961,False,False,False,,,,REVIEW
image_2545_jpg.rf.cdf4b3a3d3d079abd6cb903d878f73d5.jpg,E-Waste Train Roboflow v1,train,charger,charger_adapter,image_2545,1,0.251942553783096,False,False,False,,,,REVIEW
image_2546_jpg.rf.021f8a8f88dee410ef3f52b089493651.jpg,E-Waste Train Roboflow v1,train,charger,charger_adapter,image_2546,2,0.29091119328553183,False,False,False,,,,REVIEW
image_2548_jpg.rf.71deadb3843ab64f98f844eed02466a1.jpg,E-Waste Train Roboflow v1,train,charger,charger_adapter,image_2548,1,0.0979360664,False,False,False,,,,REVIEW
image_2549_jpg.rf.46c02373b1ed5d01e9db3b5b7f24734b.jpg,E-Waste Train Roboflow v1,train,charger,charger_adapter,image_2549,1,0.051660874999999995,False,False,False,,,,REVIEW
image_255_jpg.rf.8e5b06cf005f7aa2705e009603982fd0.jpg,E-Waste Train Roboflow v1,train,charger,charger_adapter,image_255,1,0.2153773158126872,False,False,False,,,,REVIEW
image_2550_jpg.rf.65312ee58f0c2bb2ae1535963a3deefa.jpg,E-Waste Train Roboflow v1,train,charger,charger_adapter,image_2550,1,0.3920200551168941,False,False,False,,,,REVIEW
image_2551_jpg.rf.5de1fadd7d332c18eda2e3de42c47568.jpg,E-Waste Train Roboflow v1,train,charger,charger_adapter,image_2551,1,0.070342125,False,False,False,,,,REVIEW
image_2552_jpg.rf.dbd4cd10a2b99c0225e9654aece29da1.jpg,E-Waste Train Roboflow v1,train,charger,charger_adapter,image_2552,1,0.43028634134343746,False,False,False,,,,REVIEW
image_2553_jpg.rf.acbfd944ded849b33ad24667582d2da4.jpg,E-Waste Train Roboflow v1,train,charger,charger_adapter,image_2553,1,0.14395652679860296,False,False,False,,,,REVIEW
image_2555_jpg.rf.8211ff47ea230a54ad54d4270290501d.jpg,E-Waste Train Roboflow v1,train,charger,charger_adapter,image_2555,1,0.16942004943305108,False,False,False,,,,REVIEW
image_2558_jpg.rf.c1805ac69d56474e1335e3e71951e945.jpg,E-Waste Train Roboflow v1,train,charger,charger_adapter,image_2558,1,0.13707304295146686,False,False,False,,,,REVIEW
image_2559_jpg.rf.31f8b08a328fdf7b6066c527f7d968fe.jpg,E-Waste Train Roboflow v1,train,charger,charger_adapter,image_2559,1,0.1436759497682753,False,False,False,,,,REVIEW
image_256_jpg.rf.975df128be7f6e1549f85c601cc32168.jpg,E-Waste Train Roboflow v1,train,charger,charger_adapter,image_256,1,0.3524956657696783,False,False,False,,,,REVIEW
image_2561_jpg.rf.3f260f2dd293a03602370c2fff93e50a.jpg,E-Waste Train Roboflow v1,train,charger,charger_adapter,image_2561,1,0.09062454485625489,False,False,False,,,,REVIEW
image_2562_jpg.rf.e6b378a3180d306bfe05c7fb1af9cf67.jpg,E-Waste Train Roboflow v1,train,charger,charger_adapter,image_2562,1,0.15820808503302358,False,False,False,,,,REVIEW
image_2563_jpg.rf.13000be6b46071375deea1cab7386c1c.jpg,E-Waste Train Roboflow v1,train,charger,charger_adapter,image_2563,1,0.0088635078,False,True,True,,,,REVIEW
image_2564_jpg.rf.78f641a5e472fca54eae68a344bf5dc5.jpg,E-Waste Train Roboflow v1,train,charger,charger_adapter,image_2564,1,0.38660018618171027,False,False,False,,,,REVIEW
image_2565_jpg.rf.d472d2ab707b409172b9b0b72a9f7044.jpg,E-Waste Train Roboflow v1,train,charger,charger_adapter,image_2565,1,0.10916087499999998,False,False,False,,,,REVIEW
image_2566_jpg.rf.62531cf449398c33e885776a8b5d96dd.jpg,E-Waste Train Roboflow v1,train,charger,charger_adapter,image_2566,1,0.37415666177592183,False,False,False,,,,REVIEW
image_2569_jpg.rf.05d2033f85c6024222949ee199ef1387.jpg,E-Waste Train Roboflow v1,train,charger,charger_adapter,image_2569,1,0.14163031997693132,False,False,False,,,,REVIEW
image_257_jpg.rf.814e0ac2cea0c9f8eacb736692091ad7.jpg,E-Waste Train Roboflow v1,train,charger,charger_adapter,image_257,1,0.06379652026810811,False,False,False,,,,REVIEW
image_2570_jpg.rf.6857426c25a77b9c500381c7467882ae.jpg,E-Waste Train Roboflow v1,train,charger,charger_adapter,image_2570,1,0.24458499795199262,True,False,False,,,,REVIEW
image_2571_jpg.rf.fecd6fb018f8f1f24d15c9a93e46c3f3.jpg,E-Waste Train Roboflow v1,train,charger,charger_adapter,image_2571,1,0.0041317344,True,True,True,,,,REVIEW
image_2573_jpg.rf.0b7db3c79eaf9c8b504bc55f6437fbce.jpg,E-Waste Train Roboflow v1,train,charger,charger_adapter,image_2573,1,0.6773131548083033,False,False,False,,,,REVIEW
image_2575_jpg.rf.52fa7467c2a3de38e30f3c5d1d9f5950.jpg,E-Waste Train Roboflow v1,train,charger,charger_adapter,image_2575,1,0.5004767766567089,True,False,False,,,,REVIEW
image_2576_jpg.rf.149eab012a30d11b18f7c647fac2aec0.jpg,E-Waste Train Roboflow v1,train,charger,charger_adapter,image_2576,1,0.6276512048375732,False,False,False,,,,REVIEW
image_2577_jpg.rf.3a6bcd1c707cb0ff6aaa249f365fe593.jpg,E-Waste Train Roboflow v1,train,charger,charger_adapter,image_2577,1,0.005547045317723209,False,True,True,,,,REVIEW
image_2578_jpg.rf.e18c1b0bab7c5f3a2b71dab3dd13f734.jpg,E-Waste Train Roboflow v1,train,charger,charger_adapter,image_2578,1,0.044525911334942866,False,False,False,,,,REVIEW
image_258_jpg.rf.fbbcfb0e7657db722150096a1a107583.jpg,E-Waste Train Roboflow v1,valid,charger,charger_adapter,image_258,1,0.14210774219999997,True,False,False,,,,REVIEW
image_2582_jpg.rf.15a43c28486cfc5d41ad37a3d44a9a54.jpg,E-Waste Train Roboflow v1,train,charger,charger_adapter,image_2582,1,0.518737551518421,False,False,False,,,,REVIEW
image_2584_jpg.rf.ccbcfd12794142db71c7d6165e32fa71.jpg,E-Waste Train Roboflow v1,train,charger,charger_adapter,image_2584,1,0.1380817591436791,False,False,False,,,,REVIEW
image_2585_jpg.rf.e6b2261c67e7563df16083cb658fe1cf.jpg,E-Waste Train Roboflow v1,train,charger,charger_adapter,image_2585,1,0.5504453502442149,False,False,False,,,,REVIEW
image_2586_jpg.rf.8694a9da3c043198ece01f8003e8dce1.jpg,E-Waste Train Roboflow v1,train,charger,charger_adapter,image_2586,1,0.5677158712202348,False,False,False,,,,REVIEW
image_2587_jpg.rf.4d6677e307a3122c29d08c5d2516fa16.jpg,E-Waste Train Roboflow v1,train,charger,charger_adapter,image_2587,1,0.48425574658067405,False,False,False,,,,REVIEW
image_2589_jpg.rf.c9f86ff79f023a2c985be885fca38898.jpg,E-Waste Train Roboflow v1,train,charger,charger_adapter,image_2589,1,0.3420631867502088,False,False,False,,,,REVIEW
image_259_jpg.rf.b3e5688295673cebf78d8956d510fb4e.jpg,E-Waste Train Roboflow v1,valid,charger,charger_adapter,image_259,1,0.1765105664,False,False,False,,,,REVIEW
image_2590_jpg.rf.694fea838315eaf275fe383c52715ea1.jpg,E-Waste Train Roboflow v1,train,charger,charger_adapter,image_2590,1,0.04501751912572514,False,False,False,,,,REVIEW
image_2592_jpg.rf.3d845d4ec33ded8b8a80fe97c21a3639.jpg,E-Waste Train Roboflow v1,train,charger,charger_adapter,image_2592,1,0.2503339337909994,False,False,False,,,,REVIEW
image_2593_jpg.rf.4f2a3bd9234250276fe8181d819ca692.jpg,E-Waste Train Roboflow v1,train,charger,charger_adapter,image_2593,1,0.5088455616005583,False,False,False,,,,REVIEW
image_260_jpg.rf.eada648031df4e520fcee37bcb578edc.jpg,E-Waste Train Roboflow v1,train,charger,charger_adapter,image_260,1,0.32277085515728154,False,False,False,,,,REVIEW
image_2600_jpg.rf.61b7cfe947afb600ac5054d0be46fbdf.jpg,E-Waste Train Roboflow v1,train,charger,charger_adapter,image_2600,1,0.20142181082803343,False,False,False,,,,REVIEW
image_2603_jpg.rf.c7fae4a4e0781dd8f6a9ab072624eeb9.jpg,E-Waste Train Roboflow v1,train,charger,charger_adapter,image_2603,1,0.4073361622953065,False,False,False,,,,REVIEW
image_2604_jpg.rf.7ad008a6467980e078221b6ad23417bd.jpg,E-Waste Train Roboflow v1,train,charger,charger_adapter,image_2604,1,0.19501760608825555,True,False,False,,,,REVIEW
image_2605_jpg.rf.002352e55a97bcdaee8052d625be2952.jpg,E-Waste Train Roboflow v1,train,charger,charger_adapter,image_2605,1,0.46752589708277587,False,False,False,,,,REVIEW
image_2608_jpg.rf.d5047b309627f679a0c2d6ef9ccc68a4.jpg,E-Waste Train Roboflow v1,train,charger,charger_adapter,image_2608,1,0.47736376422168847,False,False,False,,,,REVIEW
image_261_jpg.rf.b3faef595a04e7d4c29bcfd7288e2932.jpg,E-Waste Train Roboflow v1,train,charger,charger_adapter,image_261,1,0.21041100000000001,False,False,False,,,,REVIEW
image_2610_jpg.rf.c148159f9fc3524ead5624a113a272c2.jpg,E-Waste Train Roboflow v1,train,charger,charger_adapter,image_2610,1,0.2223977400225243,True,False,False,,,,REVIEW
image_2611_jpg.rf.b8debb14d47ca78b443edbd4f40d751a.jpg,E-Waste Train Roboflow v1,train,charger,charger_adapter,image_2611,1,0.2819334887967989,False,False,False,,,,REVIEW
image_2612_jpg.rf.53323af1539a59d5186389df5a140163.jpg,E-Waste Train Roboflow v1,train,charger,charger_adapter,image_2612,1,0.3886508241984923,False,False,False,,,,REVIEW
image_2613_jpg.rf.d608465b1ccb37f9ef7f4282fa3b0898.jpg,E-Waste Train Roboflow v1,train,charger,charger_adapter,image_2613,1,0.06739032030000001,False,False,False,,,,REVIEW
image_2614_jpg.rf.b6c83a48d991802e4f41bcf61d7b55d3.jpg,E-Waste Train Roboflow v1,train,charger,charger_adapter,image_2614,1,0.6038845796666359,False,False,False,,,,REVIEW
image_2615_jpg.rf.d54655a3ff8be6e87b9a47d00a3c7d1d.jpg,E-Waste Train Roboflow v1,train,charger,charger_adapter,image_2615,1,0.5156224983509945,False,False,False,,,,REVIEW
image_2616_jpg.rf.16f9aae517fd518d2c7d1d303a3c06d9.jpg,E-Waste Train Roboflow v1,train,charger,charger_adapter,image_2616,1,0.3774466175974066,False,False,False,,,,REVIEW
image_2618_jpg.rf.08c9b8fb7d5f88fcde33767d4cb80a9c.jpg,E-Waste Train Roboflow v1,valid,charger,charger_adapter,image_2618,1,0.28396125339606415,True,False,False,,,,REVIEW
image_2619_jpg.rf.af7eb13a77c6c414e92c0f08a37546de.jpg,E-Waste Train Roboflow v1,train,charger,charger_adapter,image_2619,1,0.24509489577150753,True,False,False,,,,REVIEW
image_262_jpg.rf.11cfd1d761acaecbedddd817f7886352.jpg,E-Waste Train Roboflow v1,train,charger,charger_adapter,image_262,1,0.31583766276589464,False,False,False,,,,REVIEW
image_2620_jpg.rf.48118ef54fb9bd443346dc540cc3b18d.jpg,E-Waste Train Roboflow v1,train,charger,charger_adapter,image_2620,1,0.11206569786997089,False,False,False,,,,REVIEW
image_2621_jpg.rf.154a44289bf83ab2f06befd78c977930.jpg,E-Waste Train Roboflow v1,train,charger,charger_adapter,image_2621,1,0.31208573312044374,False,False,False,,,,REVIEW
image_2622_jpg.rf.9fd0665d9178dcca630355362ada80d5.jpg,E-Waste Train Roboflow v1,train,charger,charger_adapter,image_2622,1,0.1967955,False,False,False,,,,REVIEW
image_2624_jpg.rf.da03dbc58702cfa655118a5e53e36092.jpg,E-Waste Train Roboflow v1,train,charger,charger_adapter,image_2624,1,0.059473124999999995,True,False,False,,,,REVIEW
image_2625_jpg.rf.56125cda4c6477e65f05db31587be3fe.jpg,E-Waste Train Roboflow v1,train,charger,charger_adapter,image_2625,1,0.08539114545608308,False,False,False,,,,REVIEW
image_2626_jpg.rf.9d681d4e36ed4d4b68caf8700f755476.jpg,E-Waste Train Roboflow v1,train,charger,charger_adapter,image_2626,1,0.3903181468990113,False,False,False,,,,REVIEW
image_2627_jpg.rf.42b67f1262b015f213938f6348f65b3e.jpg,E-Waste Train Roboflow v1,valid,charger,charger_adapter,image_2627,1,0.0923820378350974,True,False,False,,,,REVIEW
image_2628_jpg.rf.b3cffc8618a8ad21100692882884600d.jpg,E-Waste Train Roboflow v1,train,charger,charger_adapter,image_2628,1,0.22139298163833088,False,False,False,,,,REVIEW
image_2629_jpg.rf.9b5d9c206f3335dcde631e8c20fd4c1a.jpg,E-Waste Train Roboflow v1,train,charger,charger_adapter,image_2629,1,0.08175024361650943,False,False,False,,,,REVIEW
image_2631_jpg.rf.a200913788ca50fa4bb4e13b2d30b817.jpg,E-Waste Train Roboflow v1,train,charger,charger_adapter,image_2631,1,0.49785471142374915,False,False,False,,,,REVIEW
image_2632_jpg.rf.b5e6d178283ad7474cfa50ccf5cba6f1.jpg,E-Waste Train Roboflow v1,train,charger,charger_adapter,image_2632,1,0.141691275700508,False,False,False,,,,REVIEW
image_2633_jpg.rf.f8da00e55ffec9ac68eadcd1bacb9ad9.jpg,E-Waste Train Roboflow v1,train,charger,charger_adapter,image_2633,1,0.3086568854200394,False,False,False,,,,REVIEW
image_2634_jpg.rf.953343e7a200419445c362ab8b31cf65.jpg,E-Waste Train Roboflow v1,train,charger,charger_adapter,image_2634,1,0.19561997977994122,False,False,False,,,,REVIEW
image_2635_jpg.rf.3719769566ed0aefcc5beac612bec37d.jpg,E-Waste Train Roboflow v1,train,charger,charger_adapter,image_2635,1,0.15369618276328537,False,False,False,,,,REVIEW
image_2636_jpg.rf.95d575ccd7246393750a5cc790e9f4b7.jpg,E-Waste Train Roboflow v1,train,charger,charger_adapter,image_2636,1,0.2601423010339607,False,False,False,,,,REVIEW
image_2637_jpg.rf.2c2949ef46121f45f914f9afb6c22c03.jpg,E-Waste Train Roboflow v1,train,charger,charger_adapter,image_2637,1,0.2904986044915744,False,False,False,,,,REVIEW
image_2638_jpg.rf.9a078b78a3268828af498f8ea5f3e224.jpg,E-Waste Train Roboflow v1,train,charger,charger_adapter,image_2638,1,0.39121130198038184,False,False,False,,,,REVIEW
image_2639_jpg.rf.fc302a0566686c645f9e6166b8929d37.jpg,E-Waste Train Roboflow v1,train,charger,charger_adapter,image_2639,1,0.2001523349620362,True,False,False,,,,REVIEW
image_264_jpg.rf.4f7cfda23f21252ce267a8960b934e87.jpg,E-Waste Train Roboflow v1,train,charger,charger_adapter,image_264,1,0.24160948724363251,False,False,False,,,,REVIEW
image_2640_jpg.rf.e98b450a2f6ec215ed1c20cef6df8429.jpg,E-Waste Train Roboflow v1,train,charger,charger_adapter,image_2640,1,0.14830183555747312,False,False,False,,,,REVIEW
image_2641_jpg.rf.dd7889b87743da87d8f5b303a82784ee.jpg,E-Waste Train Roboflow v1,train,charger,charger_adapter,image_2641,1,0.0742449414,False,False,False,,,,REVIEW
image_2642_jpg.rf.eafc24a785dac3064160736760dd9cc6.jpg,E-Waste Train Roboflow v1,train,charger,charger_adapter,image_2642,1,0.4430142513294404,False,False,False,,,,REVIEW
image_2645_jpg.rf.e5d7f0a11653212952ff2885f39ca927.jpg,E-Waste Train Roboflow v1,train,charger,charger_adapter,image_2645,1,0.6400430831829946,False,False,False,,,,REVIEW
image_2646_jpg.rf.a1140697e55375a8409859585370a376.jpg,E-Waste Train Roboflow v1,train,charger,charger_adapter,image_2646,1,0.075276,False,False,False,,,,REVIEW
image_2647_jpg.rf.d3ab08ffc76659fa7261a41e7e72ac22.jpg,E-Waste Train Roboflow v1,train,charger,charger_adapter,image_2647,1,0.0799931172,False,False,False,,,,REVIEW
image_2648_jpg.rf.dde020340b12f4dd709b2d0c642f855b.jpg,E-Waste Train Roboflow v1,train,charger,charger_adapter,image_2648,1,0.1161688164,False,False,False,,,,REVIEW
image_2650_jpg.rf.0395dccde98f76ef197945c1a435185b.jpg,E-Waste Train Roboflow v1,train,charger,charger_adapter,image_2650,1,0.14401568591599997,False,False,False,,,,REVIEW
image_2651_jpg.rf.3b19e4e208f7313464a888af52ade0bb.jpg,E-Waste Train Roboflow v1,train,charger,charger_adapter,image_2651,1,0.1436755518320242,False,False,False,,,,REVIEW
image_2653_jpg.rf.0857112185a928ea68e7ab256350218d.jpg,E-Waste Train Roboflow v1,train,charger,charger_adapter,image_2653,1,0.09164275,False,False,False,,,,REVIEW
image_2654_jpg.rf.f16043e92c9a324f17fcf7ef13735370.jpg,E-Waste Train Roboflow v1,train,charger,charger_adapter,image_2654,1,0.24345009184291766,False,False,False,,,,REVIEW
image_2655_jpg.rf.67c4e6b984aabd5388502bf3d2ade3b2.jpg,E-Waste Train Roboflow v1,train,charger,charger_adapter,image_2655,1,0.07813472457209332,False,False,False,,,,REVIEW
image_2657_jpg.rf.7683bad44b521231fc13efa15cdfa183.jpg,E-Waste Train Roboflow v1,train,charger,charger_adapter,image_2657,1,0.2194805060182371,False,False,False,,,,REVIEW
image_2658_jpg.rf.6a855d19375791e9e164903845d073ca.jpg,E-Waste Train Roboflow v1,train,charger,charger_adapter,image_2658,1,0.6366068392034334,False,False,False,,,,REVIEW
image_2659_jpg.rf.3b91d9a158552069fa2a04690431649c.jpg,E-Waste Train Roboflow v1,train,charger,charger_adapter,image_2659,1,0.04537156735040025,False,False,False,,,,REVIEW
image_266_jpg.rf.b31f9992dc819b69d9230b199b4b9c1b.jpg,E-Waste Train Roboflow v1,train,charger,charger_adapter,image_266,1,0.2864104096671501,False,False,False,,,,REVIEW
image_2660_jpg.rf.0e308756a57b259ca475da75e13ca2ef.jpg,E-Waste Train Roboflow v1,train,charger,charger_adapter,image_2660,1,0.0644785802950377,False,False,False,,,,REVIEW
image_2661_jpg.rf.f9bb1fe25d79d1f87623c5140ae68263.jpg,E-Waste Train Roboflow v1,train,charger,charger_adapter,image_2661,1,0.16830195517458107,False,False,False,,,,REVIEW
image_2663_jpg.rf.38fd853b0aa7074016308ea86e2b9ec1.jpg,E-Waste Train Roboflow v1,train,charger,charger_adapter,image_2663,1,0.20308470938551942,False,False,False,,,,REVIEW
image_2665_jpg.rf.d1541b3db9f1d9b01dcf1d71cfdd31ec.jpg,E-Waste Train Roboflow v1,train,charger,charger_adapter,image_2665,1,0.12175946973695521,False,False,False,,,,REVIEW
image_2666_jpg.rf.eb4b7678a5a238eedb25607d3544c08f.jpg,E-Waste Train Roboflow v1,train,charger,charger_adapter,image_2666,1,0.4259635022070117,True,False,False,,,,REVIEW
image_2667_jpg.rf.d567d155a38ce7b77b2e36287a9d40e8.jpg,E-Waste Train Roboflow v1,train,charger,charger_adapter,image_2667,1,0.16350281639999997,False,False,False,,,,REVIEW
image_2668_jpg.rf.d78ec67500d000b8c1ca78facd03bda8.jpg,E-Waste Train Roboflow v1,train,charger,charger_adapter,image_2668,1,0.3440356426926975,False,False,False,,,,REVIEW
image_267_jpg.rf.cc21d6cb0f45b5e6e8c11e382aab22ad.jpg,E-Waste Train Roboflow v1,train,charger,charger_adapter,image_267,1,0.3042833778294491,False,False,False,,,,REVIEW
image_2670_jpg.rf.0d7248e96eb3273e3244f09a2f440a2a.jpg,E-Waste Train Roboflow v1,train,charger,charger_adapter,image_2670,1,0.1265023125,False,False,False,,,,REVIEW
image_2671_jpg.rf.68f5bb822738f4ab85223318b0a7c901.jpg,E-Waste Train Roboflow v1,train,charger,charger_adapter,image_2671,1,0.05576452675125395,False,False,False,,,,REVIEW
image_2672_jpg.rf.3c975b55aa12c1b6dad14032706f4e44.jpg,E-Waste Train Roboflow v1,train,charger,charger_adapter,image_2672,1,0.5257108619142864,False,False,False,,,,REVIEW
image_2673_jpg.rf.3155f424c46a6735241ee5b0a304218c.jpg,E-Waste Train Roboflow v1,train,charger,charger_adapter,image_2673,1,0.4115582141503881,False,False,False,,,,REVIEW
image_2674_jpg.rf.febbce611934182c3af57516d5c1d89b.jpg,E-Waste Train Roboflow v1,train,charger,charger_adapter,image_2674,1,0.5426961711921258,False,False,False,,,,REVIEW
image_2675_jpg.rf.021f1bf7fadb5636497a57a083d812d3.jpg,E-Waste Train Roboflow v1,train,charger,charger_adapter,image_2675,1,0.5015837882001798,False,False,False,,,,REVIEW
image_2677_jpg.rf.aaeb0b9224edaae6f226060650414c4c.jpg,E-Waste Train Roboflow v1,train,charger,charger_adapter,image_2677,1,0.19438164380113393,False,False,False,,,,REVIEW
image_2678_jpg.rf.cbac080e896f85ed3bf4481cd93dccda.jpg,E-Waste Train Roboflow v1,train,charger,charger_adapter,image_2678,1,0.06148599303623162,False,False,False,,,,REVIEW
image_2679_jpg.rf.13e1aae510c40b3e04593b5b7b39eca8.jpg,E-Waste Train Roboflow v1,train,charger,charger_adapter,image_2679,1,0.5485146806492217,False,False,False,,,,REVIEW
image_268_jpg.rf.4653a92708ead1072b3f0f16328e40a1.jpg,E-Waste Train Roboflow v1,train,charger,charger_adapter,image_268,1,0.23179352478764348,False,False,False,,,,REVIEW
image_2680_jpg.rf.794a0ca07491d882489e3ea597787281.jpg,E-Waste Train Roboflow v1,train,charger,charger_adapter,image_2680,1,0.4978572978199768,False,False,False,,,,REVIEW
image_2681_jpg.rf.73a365568322b4104ec3868b91d75eb4.jpg,E-Waste Train Roboflow v1,train,charger,charger_adapter,image_2681,1,0.36693100550013397,False,False,False,,,,REVIEW
image_2682_jpg.rf.aef6b98ed8d6fd81f3b88502d2322d9d.jpg,E-Waste Train Roboflow v1,train,charger,charger_adapter,image_2682,1,0.39507480884536206,True,False,False,,,,REVIEW
image_2684_jpg.rf.fa11fe073c161f40c8ad2e6f51b97648.jpg,E-Waste Train Roboflow v1,train,charger,charger_adapter,image_2684,1,0.24986519784103792,False,False,False,,,,REVIEW
image_2685_jpg.rf.40632891ab0849306ad07f2b736de716.jpg,E-Waste Train Roboflow v1,train,charger,charger_adapter,image_2685,1,0.11630708817177011,False,False,False,,,,REVIEW
image_2686_jpg.rf.61c7a46006c1ca1b3f19cdc01cf02675.jpg,E-Waste Train Roboflow v1,train,charger,charger_adapter,image_2686,1,0.08904261321486541,False,False,False,,,,REVIEW
image_2687_jpg.rf.20f3e48576f4e6e3d9285b39b3b8a2e8.jpg,E-Waste Train Roboflow v1,train,charger,charger_adapter,image_2687,1,0.15170357112860322,False,False,False,,,,REVIEW
image_2688_jpg.rf.27d035a59386c85cd850c687dad6dd2b.jpg,E-Waste Train Roboflow v1,train,charger,charger_adapter,image_2688,1,0.308195490961703,False,False,False,,,,REVIEW
image_269_jpg.rf.52054409b5db80fe6dc64daf0da7c8f5.jpg,E-Waste Train Roboflow v1,train,charger,charger_adapter,image_269,1,0.22485599231875306,False,False,False,,,,REVIEW
image_2690_jpg.rf.76a2478011edc74cd65fec685ef60933.jpg,E-Waste Train Roboflow v1,valid,charger,charger_adapter,image_2690,1,0.3059691735772449,False,False,False,,,,REVIEW
image_2691_jpg.rf.967ef4a47bb70d3128cb90d2d91d3c76.jpg,E-Waste Train Roboflow v1,train,charger,charger_adapter,image_2691,1,0.17136682426402997,False,False,False,,,,REVIEW
image_2692_jpg.rf.f60ea95046550eb63a09c0e6671d558f.jpg,E-Waste Train Roboflow v1,train,charger,charger_adapter,image_2692,1,0.414999323353525,False,False,False,,,,REVIEW
image_2693_jpg.rf.8b55c7885dad4f7d27d3cc5e4f6af273.jpg,E-Waste Train Roboflow v1,train,charger,charger_adapter,image_2693,1,0.04738866697029577,False,False,False,,,,REVIEW
image_2694_jpg.rf.eb51e969b47d166bee7df9b7cf34399f.jpg,E-Waste Train Roboflow v1,train,charger,charger_adapter,image_2694,1,0.03838347254720387,False,False,False,,,,REVIEW
image_2695_jpg.rf.9900ea8b5bc79628ba79850a4676cbe8.jpg,E-Waste Train Roboflow v1,train,charger,charger_adapter,image_2695,1,0.7496094863120301,False,False,False,,,,REVIEW
image_2696_jpg.rf.65387f9a374b40370cbca44c8956648c.jpg,E-Waste Train Roboflow v1,train,charger,charger_adapter,image_2696,1,0.597945359192691,False,False,False,,,,REVIEW
image_2697_jpg.rf.76b10acc24d8c2e932461ce466295274.jpg,E-Waste Train Roboflow v1,train,charger,charger_adapter,image_2697,1,0.25587463031697977,False,False,False,,,,REVIEW
image_2698_jpg.rf.3af175bda7e1835496df9882d5a3da3b.jpg,E-Waste Train Roboflow v1,train,charger,charger_adapter,image_2698,1,0.10954384463654765,False,False,False,,,,REVIEW
image_27_jpg.rf.263febe5a87d77f356da02c7aabe0b9f.jpg,E-Waste Train Roboflow v1,train,charger,charger_adapter,image_27,1,0.4304150976487743,False,False,False,,,,REVIEW
image_270_jpg.rf.e8b2e9d39d709be2a9bfec9ee270f476.jpg,E-Waste Train Roboflow v1,valid,charger,charger_adapter,image_270,1,0.26866699346255657,False,False,False,,,,REVIEW
image_271_jpg.rf.08bde3db722e15df6a2cdedc1ee9569a.jpg,E-Waste Train Roboflow v1,train,charger,charger_adapter,image_271,1,0.0519555,False,False,False,,,,REVIEW
image_272_jpg.rf.5a147cbe80506834558926a49422199f.jpg,E-Waste Train Roboflow v1,train,charger,charger_adapter,image_272,1,0.14554439341391565,False,False,False,,,,REVIEW
image_274_jpg.rf.25ff455f98dc961a1fbae6c7eca6261a.jpg,E-Waste Train Roboflow v1,train,charger,charger_adapter,image_274,1,0.1363436878668352,False,False,False,,,,REVIEW
image_276_jpg.rf.cdcfcd0f6194211c83c66b884764a529.jpg,E-Waste Train Roboflow v1,train,charger,charger_adapter,image_276,1,0.13986225,False,False,False,,,,REVIEW
image_278_jpg.rf.e899d66f2206e384f20c6a6fd104869c.jpg,E-Waste Train Roboflow v1,train,charger,charger_adapter,image_278,1,0.1705641785658159,False,False,False,,,,REVIEW
image_281_jpg.rf.62dd30aeb30525d523e892b46d7edf59.jpg,E-Waste Train Roboflow v1,train,charger,charger_adapter,image_281,1,0.3602986373863603,True,False,False,,,,REVIEW
image_282_jpg.rf.a72120aea47647aa843370e8a1ebb5b5.jpg,E-Waste Train Roboflow v1,train,charger,charger_adapter,image_282,1,0.4167202871550435,False,False,False,,,,REVIEW
image_283_jpg.rf.bf986cf8a10fdca91697a81375536ac0.jpg,E-Waste Train Roboflow v1,train,charger,charger_adapter,image_283,1,0.3743576320249813,False,False,False,,,,REVIEW
image_29_jpg.rf.0a4ff5ee2c105d614103d541baa36cb3.jpg,E-Waste Train Roboflow v1,train,charger,charger_adapter,image_29,1,0.034391775154299024,False,False,False,,,,REVIEW
image_291_jpg.rf.045878f0524404fc6bd5df34bd511f03.jpg,E-Waste Train Roboflow v1,train,charger,charger_adapter,image_291,1,0.19380380859999996,False,False,False,,,,REVIEW
image_292_jpg.rf.43d12ecbe1321d5201eeea071679d9c2.jpg,E-Waste Train Roboflow v1,train,charger,charger_adapter,image_292,1,0.17703360666392834,False,False,False,,,,REVIEW
image_293_jpg.rf.113b978b8c779f053da1fc49f28155b9.jpg,E-Waste Train Roboflow v1,train,charger,charger_adapter,image_293,1,0.09033125,False,False,False,,,,REVIEW
image_294_jpg.rf.16c87e11efe51ac30e1b192f31bb115b.jpg,E-Waste Train Roboflow v1,train,charger,charger_adapter,image_294,1,0.4506078598512999,False,False,False,,,,REVIEW
image_295_jpg.rf.ad1bef4a7c567197094e995c3cf70b80.jpg,E-Waste Train Roboflow v1,train,charger,charger_adapter,image_295,1,0.4090940659428826,False,False,False,,,,REVIEW
image_296_jpg.rf.745f01bd6c2447020fa4969503289c32.jpg,E-Waste Train Roboflow v1,train,charger,charger_adapter,image_296,1,0.31704568358768775,True,False,False,,,,REVIEW
image_297_jpg.rf.319ffc56710153faa2feeebb474f8c5a.jpg,E-Waste Train Roboflow v1,valid,charger,charger_adapter,image_297,1,0.21067314827705513,False,False,False,,,,REVIEW
image_298_jpg.rf.77a7a3012e595a8ff200cf02ffe3952d.jpg,E-Waste Train Roboflow v1,train,charger,charger_adapter,image_298,1,0.3816961982271508,False,False,False,,,,REVIEW
image_299_jpg.rf.0b4ce79d2ca593635da54424e1e675e6.jpg,E-Waste Train Roboflow v1,train,charger,charger_adapter,image_299,1,0.25939843378057664,False,False,False,,,,REVIEW
image_3_jpg.rf.0e39c7e3cc0a7dfb3064fec83788ef46.jpg,E-Waste Train Roboflow v1,train,charger,charger_adapter,image_3,1,0.5251024300491413,False,False,False,,,,REVIEW
image_30_jpg.rf.4ae5f83d1f5d5ecab97b15a024c77f64.jpg,E-Waste Train Roboflow v1,train,charger,charger_adapter,image_30,1,0.08736822031365041,False,False,False,,,,REVIEW
image_302_jpg.rf.968be5566bf54540cb65f5c9d0fd1088.jpg,E-Waste Train Roboflow v1,train,charger,charger_adapter,image_302,1,0.4540567722499869,False,False,False,,,,REVIEW
image_303_jpg.rf.ad4d4a1cccfb154bfd864bb42fbb4212.jpg,E-Waste Train Roboflow v1,train,charger,charger_adapter,image_303,1,0.34010455637689974,False,False,False,,,,REVIEW
image_304_jpg.rf.8d1dfc789a1450aac933e00f9a5cc5c5.jpg,E-Waste Train Roboflow v1,valid,charger,charger_adapter,image_304,1,0.39657335263402205,True,False,False,,,,REVIEW
image_305_jpg.rf.6727113fef134e6880c98dc878499e0d.jpg,E-Waste Train Roboflow v1,train,charger,charger_adapter,image_305,1,0.14604935071588832,False,False,False,,,,REVIEW
image_306_jpg.rf.62df304866dc1f2151b4bb4b3b7d57c6.jpg,E-Waste Train Roboflow v1,valid,charger,charger_adapter,image_306,1,0.30552344239649215,True,False,False,,,,REVIEW
image_307_jpg.rf.e7e3702ca41bd9f7ef61576c2bc5ac97.jpg,E-Waste Train Roboflow v1,train,charger,charger_adapter,image_307,1,0.3042511746666178,False,False,False,,,,REVIEW
image_309_jpg.rf.48614b5f5c7940be67e55f49d6ab8be8.jpg,E-Waste Train Roboflow v1,train,charger,charger_adapter,image_309,1,0.15363486720000002,False,False,False,,,,REVIEW
image_310_jpg.rf.3b734a0e43ba4425b22421a3e1a8a43a.jpg,E-Waste Train Roboflow v1,train,charger,charger_adapter,image_310,1,0.19103065682853762,False,False,False,,,,REVIEW
image_312_jpg.rf.c5b1016d2089d7c567c79dad494a469a.jpg,E-Waste Train Roboflow v1,train,charger,charger_adapter,image_312,1,0.2543508703300625,False,False,False,,,,REVIEW
image_313_jpg.rf.2592c3cbe8bbfecee1cd54a706129d39.jpg,E-Waste Train Roboflow v1,train,charger,charger_adapter,image_313,1,0.19440727860434004,False,False,False,,,,REVIEW
image_314_jpg.rf.51e49a5fd21e0a85dad28510ac49539d.jpg,E-Waste Train Roboflow v1,train,charger,charger_adapter,image_314,1,0.2008021172,False,False,False,,,,REVIEW
image_315_jpg.rf.2d066bf68cc4f0bb8807fd1c44594bfd.jpg,E-Waste Train Roboflow v1,train,charger,charger_adapter,image_315,1,0.010749442508917946,False,True,False,,,,REVIEW
image_317_jpg.rf.af0ddf349887c1f4f1e990c3df239669.jpg,E-Waste Train Roboflow v1,train,charger,charger_adapter,image_317,1,0.5073203916633833,False,False,False,,,,REVIEW
image_318_jpg.rf.0dc69c4e111c0eb01cf8632366e70b30.jpg,E-Waste Train Roboflow v1,train,charger,charger_adapter,image_318,1,0.37761745958622844,False,False,False,,,,REVIEW
image_319_jpg.rf.ea6a960ecca555f58a5fe0dfcd4e1ae6.jpg,E-Waste Train Roboflow v1,train,charger,charger_adapter,image_319,1,0.25411346423937387,False,False,False,,,,REVIEW
image_320_jpg.rf.cf11cab32eaea1c6afd006a44135b266.jpg,E-Waste Train Roboflow v1,train,charger,charger_adapter,image_320,1,0.32031688839909694,True,False,False,,,,REVIEW
image_321_jpg.rf.9fc4ddba85984407b4dfa9a34ee6faaa.jpg,E-Waste Train Roboflow v1,train,charger,charger_adapter,image_321,1,0.10796523206765299,False,False,False,,,,REVIEW
image_322_jpg.rf.ebeace9bbe87f7b4da0e25f193766603.jpg,E-Waste Train Roboflow v1,train,charger,charger_adapter,image_322,1,0.311028010731038,False,False,False,,,,REVIEW
image_323_jpg.rf.7e9b4be7c03b5e94af5fae82abaf2476.jpg,E-Waste Train Roboflow v1,train,charger,charger_adapter,image_323,1,0.4931758101598755,False,False,False,,,,REVIEW
image_324_jpg.rf.1e20c24fc9210204b85bc7e33aa6a5f6.jpg,E-Waste Train Roboflow v1,train,charger,charger_adapter,image_324,1,0.4300638902617379,True,False,False,,,,REVIEW
image_325_jpg.rf.54086be640d162bef34839d761e1c81d.jpg,E-Waste Train Roboflow v1,train,charger,charger_adapter,image_325,1,0.0506578771030478,False,False,False,,,,REVIEW
image_326_jpg.rf.1bd1a35fcfd74913d48245ade56b7843.jpg,E-Waste Train Roboflow v1,train,charger,charger_adapter,image_326,1,0.4333570639690662,False,False,False,,,,REVIEW
image_327_jpg.rf.60c47deca8cd6a36b44719b18f0c8b4f.jpg,E-Waste Train Roboflow v1,train,charger,charger_adapter,image_327,1,0.21776800045867903,False,False,False,,,,REVIEW
image_328_jpg.rf.939dd185a5ec1e8de9876ac602bf90fb.jpg,E-Waste Train Roboflow v1,train,charger,charger_adapter,image_328,1,0.20491420683542733,False,False,False,,,,REVIEW
image_329_jpg.rf.6a84ddae83578b11763ea60f0ce8d919.jpg,E-Waste Train Roboflow v1,train,charger,charger_adapter,image_329,1,0.2726109381375458,True,False,False,,,,REVIEW
image_330_jpg.rf.029aea9a66874f2194c11392e2605686.jpg,E-Waste Train Roboflow v1,train,charger,charger_adapter,image_330,1,0.40177594352221924,False,False,False,,,,REVIEW
image_331_jpg.rf.9386ee70de1d73ecb5b2890555775a02.jpg,E-Waste Train Roboflow v1,train,charger,charger_adapter,image_331,1,0.41747428441033646,False,False,False,,,,REVIEW
image_332_jpg.rf.a6824ec3613aa7cefddb04a6aaf43534.jpg,E-Waste Train Roboflow v1,train,charger,charger_adapter,image_332,1,0.35523421916347475,False,False,False,,,,REVIEW
image_333_jpg.rf.d650c7303351f70e67638ae8660fc294.jpg,E-Waste Train Roboflow v1,train,charger,charger_adapter,image_333,1,0.4947660959335738,False,False,False,,,,REVIEW
image_334_jpg.rf.e768dc02027d70fa85a3f66d9bee5a9e.jpg,E-Waste Train Roboflow v1,train,charger,charger_adapter,image_334,1,0.2383712654495947,False,False,False,,,,REVIEW
image_335_jpg.rf.ac1e8572d6746bc7aa9566074ba9e0fe.jpg,E-Waste Train Roboflow v1,train,charger,charger_adapter,image_335,1,0.20388322079529317,False,False,False,,,,REVIEW
image_336_jpg.rf.457ec95686d68ed81c247df7aa072562.jpg,E-Waste Train Roboflow v1,train,charger,charger_adapter,image_336,1,0.4630610544892345,False,False,False,,,,REVIEW
image_337_jpg.rf.ee79f71a7441f124fd6167dd35c59fee.jpg,E-Waste Train Roboflow v1,train,charger,charger_adapter,image_337,1,0.30489751563204653,True,False,False,,,,REVIEW
image_338_jpg.rf.09a666be09ea52f6293fa53a9d9d2784.jpg,E-Waste Train Roboflow v1,train,charger,charger_adapter,image_338,1,0.2802307985641833,False,False,False,,,,REVIEW
image_340_jpg.rf.418e0623d90e517062ce130d2c446192.jpg,E-Waste Train Roboflow v1,train,charger,charger_adapter,image_340,1,0.2071756720306054,True,False,False,,,,REVIEW
image_341_jpg.rf.1f75cf8ab26138b950ac304bbddb3546.jpg,E-Waste Train Roboflow v1,train,charger,charger_adapter,image_341,1,0.3069437077318532,False,False,False,,,,REVIEW
image_342_jpg.rf.f736aa139913026b71d5fc0838621c3f.jpg,E-Waste Train Roboflow v1,valid,charger,charger_adapter,image_342,1,0.35743238319513454,False,False,False,,,,REVIEW
image_343_jpg.rf.c7545c23f89090b7da958166738b9438.jpg,E-Waste Train Roboflow v1,train,charger,charger_adapter,image_343,1,0.21761394926829206,False,False,False,,,,REVIEW
image_344_jpg.rf.d6f27f8ffe6af2d5f81a7efd53875f91.jpg,E-Waste Train Roboflow v1,valid,charger,charger_adapter,image_344,1,0.24512735688663273,True,False,False,,,,REVIEW
image_345_jpg.rf.db9394facc6c790f22002dbc2063c1b4.jpg,E-Waste Train Roboflow v1,train,charger,charger_adapter,image_345,1,0.19084656639999997,False,False,False,,,,REVIEW
image_346_jpg.rf.bdcf96e2adf8e81eaa3810f1811c4f4f.jpg,E-Waste Train Roboflow v1,train,charger,charger_adapter,image_346,1,0.1687039215630421,False,False,False,,,,REVIEW
image_347_jpg.rf.35dc1ad7646cdcdc6c7b5c1711b2379e.jpg,E-Waste Train Roboflow v1,train,charger,charger_adapter,image_347,1,0.41457582196648307,False,False,False,,,,REVIEW
image_348_jpg.rf.c5f4fe6e9c42ec67b7c51a4b2e95140a.jpg,E-Waste Train Roboflow v1,valid,charger,charger_adapter,image_348,1,0.26456676416540814,True,False,False,,,,REVIEW
image_349_jpg.rf.1a666a6c38d36cc4b29b9e9a62e9f57f.jpg,E-Waste Train Roboflow v1,train,charger,charger_adapter,image_349,1,0.18098278289468794,False,False,False,,,,REVIEW
image_350_jpg.rf.dc2d305ad8cab3fe24369bc201ca086a.jpg,E-Waste Train Roboflow v1,train,charger,charger_adapter,image_350,1,0.20650926959014765,False,False,False,,,,REVIEW
image_351_jpg.rf.a9468e8a442100c6d3afa62ec96f0672.jpg,E-Waste Train Roboflow v1,train,charger,charger_adapter,image_351,1,0.2533727850133545,False,False,False,,,,REVIEW
image_352_jpg.rf.f8436ed68cd4ce4cc970157f9cb51860.jpg,E-Waste Train Roboflow v1,train,charger,charger_adapter,image_352,1,0.3618793196796387,False,False,False,,,,REVIEW
image_353_jpg.rf.f5cc93f21d9dd0abf64a545030e30410.jpg,E-Waste Train Roboflow v1,train,charger,charger_adapter,image_353,1,0.2171093514312841,False,False,False,,,,REVIEW
image_354_jpg.rf.41be333c7c4a85ee00e3eb14c007c062.jpg,E-Waste Train Roboflow v1,train,charger,charger_adapter,image_354,1,0.2815959433765851,False,False,False,,,,REVIEW
image_355_jpg.rf.1dd3e7f8f9381dab35516594fc6f9796.jpg,E-Waste Train Roboflow v1,train,charger,charger_adapter,image_355,1,0.040865306062458924,False,False,False,,,,REVIEW
image_356_jpg.rf.1315bfde8e4d749d2053a50eb947ed16.jpg,E-Waste Train Roboflow v1,train,charger,charger_adapter,image_356,1,0.5783801812575101,False,False,False,,,,REVIEW
image_358_jpg.rf.6ab7a836c7cf7ecea427c2b15061e8d9.jpg,E-Waste Train Roboflow v1,train,charger,charger_adapter,image_358,1,0.22927559557858188,False,False,False,,,,REVIEW
image_360_jpg.rf.0d0e7b4f2f742c6b00e8a3d5dc99ad99.jpg,E-Waste Train Roboflow v1,train,charger,charger_adapter,image_360,1,0.07349935908582965,False,False,False,,,,REVIEW
image_362_jpg.rf.8134e81c3224587287cf8489aed71a1e.jpg,E-Waste Train Roboflow v1,train,charger,charger_adapter,image_362,1,0.07923598194076042,False,False,False,,,,REVIEW
image_363_jpg.rf.94fa33e5853af2739799b47203feac84.jpg,E-Waste Train Roboflow v1,train,charger,charger_adapter,image_363,1,0.091325063542363,False,False,False,,,,REVIEW
image_364_jpg.rf.741b0e09e66734a67be8a74a3fd658cd.jpg,E-Waste Train Roboflow v1,train,charger,charger_adapter,image_364,1,0.3975629920183799,False,False,False,,,,REVIEW
image_365_jpg.rf.b3a426a222541f74f80bffb7dd2ebf1a.jpg,E-Waste Train Roboflow v1,train,charger,charger_adapter,image_365,1,0.11984692422069576,False,False,False,,,,REVIEW
image_367_jpg.rf.5acf59202ccd70dd98a06d77adef01ec.jpg,E-Waste Train Roboflow v1,train,charger,charger_adapter,image_367,1,0.42085109434332324,False,False,False,,,,REVIEW
image_369_jpg.rf.69ea2b9e7eeabf733b2e86ab7f1cc7a6.jpg,E-Waste Train Roboflow v1,train,charger,charger_adapter,image_369,1,0.2992157543261908,False,False,False,,,,REVIEW
image_37_jpg.rf.4ce4400ca83dac466fccd7a6a60d3277.jpg,E-Waste Train Roboflow v1,train,charger,charger_adapter,image_37,1,0.09635793749999999,False,False,False,,,,REVIEW
image_370_jpg.rf.01fab165180edada6b3500dbfbcbbdcc.jpg,E-Waste Train Roboflow v1,train,charger,charger_adapter,image_370,1,0.30959205753821484,False,False,False,,,,REVIEW
image_371_jpg.rf.af3060f14de4c896d848670742da12e7.jpg,E-Waste Train Roboflow v1,train,charger,charger_adapter,image_371,1,0.033174499999999996,False,False,False,,,,REVIEW
image_372_jpg.rf.e4d73133bfffda21fb867f2371d600d0.jpg,E-Waste Train Roboflow v1,train,charger,charger_adapter,image_372,1,0.12865794613510154,False,False,False,,,,REVIEW
image_373_jpg.rf.e2f9840b77f66e11c9a2373052cb6ebd.jpg,E-Waste Train Roboflow v1,valid,charger,charger_adapter,image_373,1,0.20113763280000002,True,False,False,,,,REVIEW
image_375_jpg.rf.1884c203904705cb71bc087a87255832.jpg,E-Waste Train Roboflow v1,train,charger,charger_adapter,image_375,1,0.26050425,False,False,False,,,,REVIEW
image_377_jpg.rf.46313a720463f2b279b46c1c5b217abb.jpg,E-Waste Train Roboflow v1,train,charger,charger_adapter,image_377,1,0.37792361516645984,False,False,False,,,,REVIEW
image_378_jpg.rf.0a974e532f14073d4e9569fa56513f27.jpg,E-Waste Train Roboflow v1,train,charger,charger_adapter,image_378,1,0.32298112349027175,False,False,False,,,,REVIEW
image_379_jpg.rf.738dab6d755ff382d96ab1f8d04eef11.jpg,E-Waste Train Roboflow v1,train,charger,charger_adapter,image_379,1,0.432295678055206,False,False,False,,,,REVIEW
image_38_jpg.rf.2d528625c2fb2abebd4bb09df0281cac.jpg,E-Waste Train Roboflow v1,train,charger,charger_adapter,image_38,1,0.4313450144618493,False,False,False,,,,REVIEW
image_380_jpg.rf.5ae84652e8ba79c02501b826f08494b1.jpg,E-Waste Train Roboflow v1,train,charger,charger_adapter,image_380,1,0.1026431328,False,False,False,,,,REVIEW
image_381_jpg.rf.cbeec26645f58031c20ef3d8ac03ab61.jpg,E-Waste Train Roboflow v1,train,charger,charger_adapter,image_381,1,0.2777031608989938,False,False,False,,,,REVIEW
image_382_jpg.rf.3ba87b8eda99653a867f37c634462a75.jpg,E-Waste Train Roboflow v1,train,charger,charger_adapter,image_382,1,0.0845667065949467,True,False,False,,,,REVIEW
image_383_jpg.rf.95f601e91cd95e16b87950b4e35e975b.jpg,E-Waste Train Roboflow v1,train,charger,charger_adapter,image_383,1,0.341878306677685,False,False,False,,,,REVIEW
image_384_jpg.rf.d546edf76fddd286f2d18a9bafe6c416.jpg,E-Waste Train Roboflow v1,train,charger,charger_adapter,image_384,1,0.157471875,False,False,False,,,,REVIEW
image_387_jpg.rf.f6dd96d7c6c8b0a4df10cf2466f26321.jpg,E-Waste Train Roboflow v1,train,charger,charger_adapter,image_387,1,0.10546305859999999,False,False,False,,,,REVIEW
image_389_jpg.rf.c444c853ea3044a79d0627fe1020fe22.jpg,E-Waste Train Roboflow v1,train,charger,charger_adapter,image_389,1,0.4440935863812415,False,False,False,,,,REVIEW
image_390_jpg.rf.ec80eca38e36ea26dc92fd6eef0847da.jpg,E-Waste Train Roboflow v1,train,charger,charger_adapter,image_390,1,0.0006605663999999999,False,True,True,,,,REVIEW
image_391_jpg.rf.1cc212ea32d65555f163419809d94b72.jpg,E-Waste Train Roboflow v1,train,charger,charger_adapter,image_391,1,0.24253348919839787,False,False,False,,,,REVIEW
image_393_jpg.rf.fd12fadc72bb86c2caf53897e9dccd07.jpg,E-Waste Train Roboflow v1,train,charger,charger_adapter,image_393,1,0.3078960784450225,False,False,False,,,,REVIEW
image_394_jpg.rf.ca8eff72815e797e574921441ea35518.jpg,E-Waste Train Roboflow v1,valid,charger,charger_adapter,image_394,1,0.25818337857006673,True,False,False,,,,REVIEW
image_395_jpg.rf.422767a7fc742516dac746885de5fd48.jpg,E-Waste Train Roboflow v1,train,charger,charger_adapter,image_395,1,0.1957777281698306,False,False,False,,,,REVIEW
image_396_jpg.rf.f1e9d3d93499dcf60c88ddfbc4e92c78.jpg,E-Waste Train Roboflow v1,train,charger,charger_adapter,image_396,1,0.3571448861150608,False,False,False,,,,REVIEW
image_397_jpg.rf.1a97979738f77a5eb2645dfdac33c568.jpg,E-Waste Train Roboflow v1,train,charger,charger_adapter,image_397,1,0.19284062680097255,False,False,False,,,,REVIEW
image_398_jpg.rf.a5b526801fabf971e397b1b32b747cda.jpg,E-Waste Train Roboflow v1,train,charger,charger_adapter,image_398,1,0.2212577640119803,False,False,False,,,,REVIEW
image_399_jpg.rf.5341006225811529e6976665b9106ca1.jpg,E-Waste Train Roboflow v1,train,charger,charger_adapter,image_399,1,0.2636204072462185,False,False,False,,,,REVIEW
image_4_jpg.rf.a32b9c416f93acaaada63b4c7bde7f0e.jpg,E-Waste Train Roboflow v1,train,charger,charger_adapter,image_4,1,0.16171274476860484,False,False,False,,,,REVIEW
image_40_jpg.rf.ee5ceff9c9fd98ef96a40a62ab9d58c5.jpg,E-Waste Train Roboflow v1,train,charger,charger_adapter,image_40,1,0.14876882305193923,False,False,False,,,,REVIEW
image_400_jpg.rf.c6060bb36656f044def85088a1cb7859.jpg,E-Waste Train Roboflow v1,train,charger,charger_adapter,image_400,1,0.6526014596841703,False,False,False,,,,REVIEW
image_401_jpg.rf.eef89f1bd92f33a09901cccbc8cdc0d2.jpg,E-Waste Train Roboflow v1,train,charger,charger_adapter,image_401,1,0.32524605907212617,False,False,False,,,,REVIEW
image_403_jpg.rf.db2bae7add61cd8c61b133c8abb68ed4.jpg,E-Waste Train Roboflow v1,train,charger,charger_adapter,image_403,1,0.22167680170063458,True,False,False,,,,REVIEW
image_404_jpg.rf.deb425d9c99d5c3ac4c081de5875d21a.jpg,E-Waste Train Roboflow v1,train,charger,charger_adapter,image_404,1,0.26083147500259557,False,False,False,,,,REVIEW
image_406_jpg.rf.8755d93dc7520109e977785024dbe013.jpg,E-Waste Train Roboflow v1,train,charger,charger_adapter,image_406,1,0.17250000000000001,False,False,False,,,,REVIEW
image_407_jpg.rf.a4be652b68fcbe959800e67b1d22fb60.jpg,E-Waste Train Roboflow v1,train,charger,charger_adapter,image_407,1,0.17925700000000003,False,False,False,,,,REVIEW
image_408_jpg.rf.1d495576d02fbb3bb4c570831c1d526d.jpg,E-Waste Train Roboflow v1,train,charger,charger_adapter,image_408,1,0.2160802578,False,False,False,,,,REVIEW
image_410_jpg.rf.04d6d64de4c6018db3d698d63bf021cb.jpg,E-Waste Train Roboflow v1,train,charger,charger_adapter,image_410,1,0.22644870436580178,False,False,False,,,,REVIEW
image_411_jpg.rf.eb9f71c1d9e146ed97898fe8dcda0a71.jpg,E-Waste Train Roboflow v1,train,charger,charger_adapter,image_411,1,0.27165017604838,False,False,False,,,,REVIEW
image_412_jpg.rf.7feb0bc2b205c189be5838e4a3932ceb.jpg,E-Waste Train Roboflow v1,train,charger,charger_adapter,image_412,1,0.2605473672,False,False,False,,,,REVIEW
image_413_jpg.rf.518a35850e3a5e40ad9584c881d02019.jpg,E-Waste Train Roboflow v1,valid,charger,charger_adapter,image_413,1,0.2934604673214972,True,False,False,,,,REVIEW
image_414_jpg.rf.9cbea69850ddc27ab3d061331bc0db2b.jpg,E-Waste Train Roboflow v1,train,charger,charger_adapter,image_414,1,0.3609279570941102,True,False,False,,,,REVIEW
image_415_jpg.rf.e612887408578b567d39be2296d9ed5a.jpg,E-Waste Train Roboflow v1,train,charger,charger_adapter,image_415,1,0.14746494982203226,False,False,False,,,,REVIEW
image_416_jpg.rf.fafeeb90ac69607bfb5181074a64344e.jpg,E-Waste Train Roboflow v1,train,charger,charger_adapter,image_416,1,0.33891226446428574,False,False,False,,,,REVIEW
image_417_jpg.rf.335dd8de98aacf347c28ac35e53782c3.jpg,E-Waste Train Roboflow v1,train,charger,charger_adapter,image_417,1,0.2572808017411921,False,False,False,,,,REVIEW
image_418_jpg.rf.519ccf39d7458b2a66764e276e6adc24.jpg,E-Waste Train Roboflow v1,train,charger,charger_adapter,image_418,1,0.3940587096545233,False,False,False,,,,REVIEW
image_419_jpg.rf.4e9f4f42a7d2a96508406aa150539da3.jpg,E-Waste Train Roboflow v1,valid,charger,charger_adapter,image_419,1,0.29301474463179367,True,False,False,,,,REVIEW
image_420_jpg.rf.88be95d8f6fe4115470177169ac27334.jpg,E-Waste Train Roboflow v1,train,charger,charger_adapter,image_420,1,0.22265634809691012,False,False,False,,,,REVIEW
image_421_jpg.rf.634a6f52103b3282d71a1cd9f5e7639d.jpg,E-Waste Train Roboflow v1,train,charger,charger_adapter,image_421,1,0.1738511735392131,False,False,False,,,,REVIEW
image_423_jpg.rf.bad53d5766e4a9a24ea98eb241b46578.jpg,E-Waste Train Roboflow v1,valid,charger,charger_adapter,image_423,1,0.5906052541305415,True,False,False,,,,REVIEW
image_424_jpg.rf.ba9ad5f676fd10d1f073c691601378c4.jpg,E-Waste Train Roboflow v1,train,charger,charger_adapter,image_424,1,0.5799400649063262,False,False,False,,,,REVIEW
image_426_jpg.rf.dcadefc61a085581a981ccb8d6a860e5.jpg,E-Waste Train Roboflow v1,train,charger,charger_adapter,image_426,1,0.13433475,False,False,False,,,,REVIEW
image_427_jpg.rf.b38ae6f6b4e51ba1824f2020eb36e000.jpg,E-Waste Train Roboflow v1,train,charger,charger_adapter,image_427,1,0.1714602363954369,False,False,False,,,,REVIEW
image_429_jpg.rf.42b114d2eb368b3fe46b2ee4425c2288.jpg,E-Waste Train Roboflow v1,train,charger,charger_adapter,image_429,1,0.038054236683023414,False,False,False,,,,REVIEW
image_430_jpg.rf.bb665e7e9fc6f7884a49adde374e9012.jpg,E-Waste Train Roboflow v1,train,charger,charger_adapter,image_430,1,0.030615000000000003,False,False,False,,,,REVIEW
image_431_jpg.rf.e71061751ecec278ff4768d357ad4cb9.jpg,E-Waste Train Roboflow v1,train,charger,charger_adapter,image_431,1,0.4215067718800122,False,False,False,,,,REVIEW
image_432_jpg.rf.1ad33032e9598654ab238f93256fab75.jpg,E-Waste Train Roboflow v1,train,charger,charger_adapter,image_432,1,0.3986900602304436,False,False,False,,,,REVIEW
image_433_jpg.rf.32118238e819d2c2dec226d62bb8f2e5.jpg,E-Waste Train Roboflow v1,train,charger,charger_adapter,image_433,1,0.2438250277527312,False,False,False,,,,REVIEW
image_434_jpg.rf.3a63c936458342d54f05e95acc5a62fd.jpg,E-Waste Train Roboflow v1,train,charger,charger_adapter,image_434,1,0.4499707674485667,False,False,False,,,,REVIEW
image_435_jpg.rf.87d88c54532ec6bb5ca197c38f808697.jpg,E-Waste Train Roboflow v1,train,charger,charger_adapter,image_435,1,0.0308922422,False,False,False,,,,REVIEW
image_436_jpg.rf.19ae3571e1467947d38a4ab0832ec35f.jpg,E-Waste Train Roboflow v1,train,charger,charger_adapter,image_436,1,0.5090368528889427,False,False,False,,,,REVIEW
image_437_jpg.rf.ab5ca15bc2e88c3a539814aa81e74e45.jpg,E-Waste Train Roboflow v1,train,charger,charger_adapter,image_437,1,0.3880351435541895,False,False,False,,,,REVIEW
image_438_jpg.rf.e99dbde9a4c1391001fdf71c9d2b60f7.jpg,E-Waste Train Roboflow v1,train,charger,charger_adapter,image_438,1,0.10742050000000002,False,False,False,,,,REVIEW
image_439_jpg.rf.cad193b107eda251d6a2ab215997b9b2.jpg,E-Waste Train Roboflow v1,train,charger,charger_adapter,image_439,1,0.4080139983849823,False,False,False,,,,REVIEW
image_44_jpg.rf.8264ba0ca54cd5cdfd0f099cfd0aa829.jpg,E-Waste Train Roboflow v1,train,charger,charger_adapter,image_44,1,0.37221889928711976,False,False,False,,,,REVIEW
image_440_jpg.rf.bacac3dad82059ffe5c59b90eb38475b.jpg,E-Waste Train Roboflow v1,train,charger,charger_adapter,image_440,1,0.19898549999999998,False,False,False,,,,REVIEW
image_441_jpg.rf.3996139d3c3270ffe1ac3c4813215437.jpg,E-Waste Train Roboflow v1,train,charger,charger_adapter,image_441,1,0.3478044084504656,False,False,False,,,,REVIEW
image_442_jpg.rf.8ebcd74da27710f28e25cc8127aa8790.jpg,E-Waste Train Roboflow v1,train,charger,charger_adapter,image_442,1,0.2924095850719866,False,False,False,,,,REVIEW
image_443_jpg.rf.f37115abf6d8001edddf840c9cea6d3f.jpg,E-Waste Train Roboflow v1,train,charger,charger_adapter,image_443,1,0.42599598743683237,False,False,False,,,,REVIEW
image_444_jpg.rf.f7606d0a961b310179fb1a4d987221a6.jpg,E-Waste Train Roboflow v1,train,charger,charger_adapter,image_444,1,0.3881715614509752,False,False,False,,,,REVIEW
image_445_jpg.rf.c259d6e9b4857e0ea584098356687256.jpg,E-Waste Train Roboflow v1,train,charger,charger_adapter,image_445,1,0.3580345278716057,False,False,False,,,,REVIEW
image_446_jpg.rf.75e39a89978df5e2620b74d13f412612.jpg,E-Waste Train Roboflow v1,train,charger,charger_adapter,image_446,1,0.3256031966262483,True,False,False,,,,REVIEW
image_447_jpg.rf.b6bf8f57f8d2983d50c46f611d380b78.jpg,E-Waste Train Roboflow v1,train,charger,charger_adapter,image_447,1,0.1873689983298815,False,False,False,,,,REVIEW
image_448_jpg.rf.296d8b9a0add723670498d9b6e881ac6.jpg,E-Waste Train Roboflow v1,train,charger,charger_adapter,image_448,1,0.4383571328,True,False,False,,,,REVIEW
image_449_jpg.rf.5dfc009ec8a1eff69d2b050a8fc389e6.jpg,E-Waste Train Roboflow v1,train,charger,charger_adapter,image_449,1,0.25514768835621665,False,False,False,,,,REVIEW
image_45_jpg.rf.686e13c74596dfa41206812d35693980.jpg,E-Waste Train Roboflow v1,train,charger,charger_adapter,image_45,1,0.21904537988508851,False,False,False,,,,REVIEW
image_457_jpg.rf.76f8f0959afd49bc64d7fde35fb83d01.jpg,E-Waste Train Roboflow v1,train,charger,charger_adapter,image_457,1,0.40647678476682675,False,False,False,,,,REVIEW
image_458_jpg.rf.5087c5203e9503bc581478ac63a68b07.jpg,E-Waste Train Roboflow v1,train,charger,charger_adapter,image_458,1,0.0568984336,True,False,False,,,,REVIEW
image_459_jpg.rf.c01fa3a5716fb2cac7e62ff374d39a25.jpg,E-Waste Train Roboflow v1,valid,charger,charger_adapter,image_459,1,0.0996875,True,False,False,,,,REVIEW
image_46_jpg.rf.7c64f9ce799c0ab777e335a467a3e011.jpg,E-Waste Train Roboflow v1,train,charger,charger_adapter,image_46,1,0.2468766520284881,False,False,False,,,,REVIEW
image_460_jpg.rf.c19822fab447428c8cb15e581b3fe056.jpg,E-Waste Train Roboflow v1,train,charger,charger_adapter,image_460,1,0.1075327344,False,False,False,,,,REVIEW
image_47_jpg.rf.8082d6741a2f5230177c6b7b4117d415.jpg,E-Waste Train Roboflow v1,train,charger,charger_adapter,image_47,1,0.3466020586155437,False,False,False,,,,REVIEW
image_470_jpg.rf.a47ee28258e0ff551479d87341eab694.jpg,E-Waste Train Roboflow v1,train,charger,charger_adapter,image_470,1,0.3523225204930015,False,False,False,,,,REVIEW
image_471_jpg.rf.257e4b42e316ba2b68b508c85b71c76a.jpg,E-Waste Train Roboflow v1,train,charger,charger_adapter,image_471,1,0.12733607014588424,False,False,False,,,,REVIEW
image_48_jpg.rf.df967e43f472f91c7b4437746d680929.jpg,E-Waste Train Roboflow v1,train,charger,charger_adapter,image_48,1,0.4466705664813438,False,False,False,,,,REVIEW
image_481_jpg.rf.7403027b62c2db67a2f7a54a24a42741.jpg,E-Waste Train Roboflow v1,train,charger,charger_adapter,image_481,1,0.2824646567621826,False,False,False,,,,REVIEW
image_482_jpg.rf.931a40f24192999842b0f507f6d38c67.jpg,E-Waste Train Roboflow v1,train,charger,charger_adapter,image_482,1,0.045878625,False,False,False,,,,REVIEW
image_483_jpg.rf.331dd2923df37c7358ff02e817b031cd.jpg,E-Waste Train Roboflow v1,train,charger,charger_adapter,image_483,1,0.37677844939949984,False,False,False,,,,REVIEW
image_486_jpg.rf.8e7c0fad6d567c1a151c381b0c8c2ac5.jpg,E-Waste Train Roboflow v1,train,charger,charger_adapter,image_486,1,0.04816648232186711,False,False,False,,,,REVIEW
image_487_jpg.rf.a585965c9c4b7d8b525640184f46737e.jpg,E-Waste Train Roboflow v1,train,charger,charger_adapter,image_487,1,0.0509656328,False,False,False,,,,REVIEW
image_488_jpg.rf.8b67bdf97889e4f1101df137659627e7.jpg,E-Waste Train Roboflow v1,train,charger,charger_adapter,image_488,1,0.3887584645889622,False,False,False,,,,REVIEW
image_490_jpg.rf.4b7ad54d295a739978d47ccf6e8a356f.jpg,E-Waste Train Roboflow v1,train,charger,charger_adapter,image_490,1,0.3003843869248959,False,False,False,,,,REVIEW
image_493_jpg.rf.4ac4ac8a8166df008aba39a5642dab9a.jpg,E-Waste Train Roboflow v1,train,charger,charger_adapter,image_493,1,0.39386648213776065,False,False,False,,,,REVIEW
image_494_jpg.rf.2471558897e7bd7676089367745711d8.jpg,E-Waste Train Roboflow v1,train,charger,charger_adapter,image_494,1,0.31253775,False,False,False,,,,REVIEW
image_495_jpg.rf.dd838b81213b50c7ec8e97899f6af02a.jpg,E-Waste Train Roboflow v1,train,charger,charger_adapter,image_495,1,0.3477097570193098,False,False,False,,,,REVIEW
image_496_jpg.rf.fa6beeaec69ef29ae402a6c0027376c6.jpg,E-Waste Train Roboflow v1,train,charger,charger_adapter,image_496,1,0.39989115795879865,False,False,False,,,,REVIEW
image_499_jpg.rf.b98bbb732e83f95f6cdc8d29fb672f5b.jpg,E-Waste Train Roboflow v1,valid,charger,charger_adapter,image_499,1,0.3201156159468912,True,False,False,,,,REVIEW
image_500_jpg.rf.84e7cc7fd616128f3d16736d87b2a7ac.jpg,E-Waste Train Roboflow v1,train,charger,charger_adapter,image_500,1,0.250762875,False,False,False,,,,REVIEW
image_503_jpg.rf.5fcef6d429362bac6f91343e34ec1534.jpg,E-Waste Train Roboflow v1,train,charger,charger_adapter,image_503,1,0.32455773053982506,False,False,False,,,,REVIEW
image_504_jpg.rf.ed88c601e85e14b86743b3e97650ece8.jpg,E-Waste Train Roboflow v1,train,charger,charger_adapter,image_504,1,0.17790965423130561,False,False,False,,,,REVIEW
image_505_jpg.rf.d75db6db72076556126b8f1d1f00929f.jpg,E-Waste Train Roboflow v1,train,charger,charger_adapter,image_505,1,0.5894519500785745,True,False,False,,,,REVIEW
image_511_jpg.rf.8c0eca44651f5b303f6da1da8c005424.jpg,E-Waste Train Roboflow v1,train,charger,charger_adapter,image_511,1,0.10015126737609083,False,False,False,,,,REVIEW
image_512_jpg.rf.58d3e4855d932105adf2da542937c40e.jpg,E-Waste Train Roboflow v1,train,charger,charger_adapter,image_512,1,0.3069955456434252,False,False,False,,,,REVIEW
image_513_jpg.rf.09052eb9e2d55e032a942af39120ce2e.jpg,E-Waste Train Roboflow v1,train,charger,charger_adapter,image_513,1,0.04639760820204902,False,False,False,,,,REVIEW
image_514_jpg.rf.66f3a7feb62456e2742c943651d95efb.jpg,E-Waste Train Roboflow v1,train,charger,charger_adapter,image_514,1,0.41678038320745525,False,False,False,,,,REVIEW
image_515_jpg.rf.8261839d981daf1755326e1d75d8cd26.jpg,E-Waste Train Roboflow v1,train,charger,charger_adapter,image_515,1,0.42823686593861954,False,False,False,,,,REVIEW
image_516_jpg.rf.e897fe234898d854a57d22315a3c94b8.jpg,E-Waste Train Roboflow v1,train,charger,charger_adapter,image_516,1,0.05133991242102633,False,False,False,,,,REVIEW
image_518_jpg.rf.211aa2045e5b55df19d48a3e88475c3e.jpg,E-Waste Train Roboflow v1,train,charger,charger_adapter,image_518,1,0.33144328949241453,False,False,False,,,,REVIEW
image_519_jpg.rf.b437141840f86820246da9e792443012.jpg,E-Waste Train Roboflow v1,train,charger,charger_adapter,image_519,1,0.00026747731163442623,False,True,True,,,,REVIEW
image_520_jpg.rf.96fd932fe4d887c5c0cb4f159145314e.jpg,E-Waste Train Roboflow v1,train,charger,charger_adapter,image_520,1,0.3149856384554829,False,False,False,,,,REVIEW
image_521_jpg.rf.c13cb91f55d98ac52cfdaee271f40294.jpg,E-Waste Train Roboflow v1,train,charger,charger_adapter,image_521,1,0.09124822156763938,False,False,False,,,,REVIEW
image_522_jpg.rf.e8d28e67acf0f47ba61edf09f798dbd6.jpg,E-Waste Train Roboflow v1,valid,charger,charger_adapter,image_522,1,0.1393059375,True,False,False,,,,REVIEW
image_523_jpg.rf.a56bb88dba27ab93e39eefd064c19096.jpg,E-Waste Train Roboflow v1,train,charger,charger_adapter,image_523,1,0.21680534094949708,False,False,False,,,,REVIEW
image_524_jpg.rf.b68579dcde1a4a150e854b55704efc1f.jpg,E-Waste Train Roboflow v1,train,charger,charger_adapter,image_524,1,0.28210937499999994,False,False,False,,,,REVIEW
image_525_jpg.rf.aaacd7c6203d7cb33cf1fa0e61b067ef.jpg,E-Waste Train Roboflow v1,train,charger,charger_adapter,image_525,1,0.5403158205890559,False,False,False,,,,REVIEW
image_526_jpg.rf.b3e91b5d976c11c868411013e793afb2.jpg,E-Waste Train Roboflow v1,train,charger,charger_adapter,image_526,1,0.0649425,False,False,False,,,,REVIEW
image_527_jpg.rf.b446cf120e345f7c10ea8ee78e2169ff.jpg,E-Waste Train Roboflow v1,train,charger,charger_adapter,image_527,1,0.1751281560024489,False,False,False,,,,REVIEW
image_528_jpg.rf.4543b751621e65f7f4162fba7381b3c9.jpg,E-Waste Train Roboflow v1,train,charger,charger_adapter,image_528,1,0.4318189433991419,False,False,False,,,,REVIEW
image_529_jpg.rf.e28a3df9c92813b1314e40f9ec618fcb.jpg,E-Waste Train Roboflow v1,train,charger,charger_adapter,image_529,1,0.19247962500000002,False,False,False,,,,REVIEW
image_530_jpg.rf.4fc58dad5e0e3339b01d73bef5c86b8a.jpg,E-Waste Train Roboflow v1,train,charger,charger_adapter,image_530,1,0.31904125,False,False,False,,,,REVIEW
image_531_jpg.rf.a9447885e13f4d5157a023f663b6b0f8.jpg,E-Waste Train Roboflow v1,train,charger,charger_adapter,image_531,1,0.32622558192605927,False,False,False,,,,REVIEW
image_532_jpg.rf.e6f574d3ef562c3c280fc10b43c953ec.jpg,E-Waste Train Roboflow v1,train,charger,charger_adapter,image_532,1,0.24435514483214216,False,False,False,,,,REVIEW
image_533_jpg.rf.d9b6ca7c01079325ef797941a3dae122.jpg,E-Waste Train Roboflow v1,train,charger,charger_adapter,image_533,1,0.14674235018607495,False,False,False,,,,REVIEW
image_534_jpg.rf.1b5cfdee048ea6c23a83c56a605fbf68.jpg,E-Waste Train Roboflow v1,train,charger,charger_adapter,image_534,1,0.1600578417503584,False,False,False,,,,REVIEW
image_535_jpg.rf.6f0418624d14cc86719b1d27547c94df.jpg,E-Waste Train Roboflow v1,train,charger,charger_adapter,image_535,1,0.13232635058828404,False,False,False,,,,REVIEW
image_536_jpg.rf.ed0ddf03c99cfe09cb52a49fdc649942.jpg,E-Waste Train Roboflow v1,train,charger,charger_adapter,image_536,1,0.40593196119854497,False,False,False,,,,REVIEW
image_537_jpg.rf.d261b7eaca39f0b2e3874f6532849b2b.jpg,E-Waste Train Roboflow v1,train,charger,charger_adapter,image_537,1,0.5297442485400959,False,False,False,,,,REVIEW
image_538_jpg.rf.5b17b4b9c0493c556a26b93d8550d182.jpg,E-Waste Train Roboflow v1,train,charger,charger_adapter,image_538,1,0.19435101345194056,False,False,False,,,,REVIEW
image_540_jpg.rf.4c8226ce84ad494dea3e8a8a77b1af98.jpg,E-Waste Train Roboflow v1,train,charger,charger_adapter,image_540,1,0.4403668234053106,False,False,False,,,,REVIEW
image_541_jpg.rf.c0af957593072f29ffc3c9b75a20e92c.jpg,E-Waste Train Roboflow v1,train,charger,charger_adapter,image_541,1,0.44409484185931525,False,False,False,,,,REVIEW
image_542_jpg.rf.e07571fca48cec6a87674342ef1a2323.jpg,E-Waste Train Roboflow v1,train,charger,charger_adapter,image_542,1,0.3447605074059899,False,False,False,,,,REVIEW
image_543_jpg.rf.d4b52a4dcb572b62c6f516c58182dae8.jpg,E-Waste Train Roboflow v1,train,charger,charger_adapter,image_543,1,0.5990810470858161,False,False,False,,,,REVIEW
image_544_jpg.rf.ab7be29f009a0e0e78e1f11ccb86b97a.jpg,E-Waste Train Roboflow v1,train,charger,charger_adapter,image_544,1,0.3422897603618268,False,False,False,,,,REVIEW
image_545_jpg.rf.d9f5da0a74d6d18c9c04e7c988f638f8.jpg,E-Waste Train Roboflow v1,train,charger,charger_adapter,image_545,1,0.16606593749999998,False,False,False,,,,REVIEW
image_547_jpg.rf.b47fcfc04403844c3f1a2c8e9e30c07f.jpg,E-Waste Train Roboflow v1,train,charger,charger_adapter,image_547,1,0.20813969682352526,False,False,False,,,,REVIEW
image_548_jpg.rf.879971bab00e859474b237c9cc6530d2.jpg,E-Waste Train Roboflow v1,train,charger,charger_adapter,image_548,1,0.5786061720445704,False,False,False,,,,REVIEW
image_549_jpg.rf.a1d8e2c930daabd52b14bc10d6e5d68d.jpg,E-Waste Train Roboflow v1,train,charger,charger_adapter,image_549,1,0.207421875,False,False,False,,,,REVIEW
image_550_jpg.rf.9eb9c0c314dc1d8ba3986b13591c1fb6.jpg,E-Waste Train Roboflow v1,train,charger,charger_adapter,image_550,1,0.21066079688469813,True,False,False,,,,REVIEW
image_551_jpg.rf.741c00429bbb784eac1742894cbaecce.jpg,E-Waste Train Roboflow v1,train,charger,charger_adapter,image_551,1,0.20335013218137524,False,False,False,,,,REVIEW
image_552_jpg.rf.4c56ce292805c4f38807677e1aeda725.jpg,E-Waste Train Roboflow v1,train,charger,charger_adapter,image_552,1,0.293058155229378,False,False,False,,,,REVIEW
image_553_jpg.rf.6ace9c252418ef733c7167f994af64cc.jpg,E-Waste Train Roboflow v1,train,charger,charger_adapter,image_553,1,0.05719409636267802,False,False,False,,,,REVIEW
image_557_jpg.rf.29481a5683cbcebf60f5234c79747e0c.jpg,E-Waste Train Roboflow v1,train,charger,charger_adapter,image_557,1,0.1453603125,False,False,False,,,,REVIEW
image_559_jpg.rf.b5741f3b5d3ef755a2179d689305945c.jpg,E-Waste Train Roboflow v1,train,charger,charger_adapter,image_559,1,0.43022106329025406,False,False,False,,,,REVIEW
image_562_jpg.rf.42ac279f700b18d29f74a71cff9831ea.jpg,E-Waste Train Roboflow v1,train,charger,charger_adapter,image_562,1,0.24104717642803825,False,False,False,,,,REVIEW
image_566_jpg.rf.e5a0263eb77bf82a8e501f6ff40ab73f.jpg,E-Waste Train Roboflow v1,train,charger,charger_adapter,image_566,1,0.25847461971674446,False,False,False,,,,REVIEW
image_568_jpg.rf.794c0a1b3477a5f5c31a7b70e7b1d796.jpg,E-Waste Train Roboflow v1,train,charger,charger_adapter,image_568,1,0.26792631640000003,False,False,False,,,,REVIEW
image_569_jpg.rf.82a0d7fcb4c70dc44d60ab36940f79ea.jpg,E-Waste Train Roboflow v1,train,charger,charger_adapter,image_569,1,0.332814,False,False,False,,,,REVIEW
image_570_jpg.rf.bcea0f64103ff1038657a4536e610ea2.jpg,E-Waste Train Roboflow v1,train,charger,charger_adapter,image_570,1,0.13472111005896012,False,False,False,,,,REVIEW
image_574_jpg.rf.aa1737892f9ce460c258dc7fb76a9b7d.jpg,E-Waste Train Roboflow v1,train,charger,charger_adapter,image_574,1,0.314064,False,False,False,,,,REVIEW
image_577_jpg.rf.7ce64894c091afc77af842fd3c4f9679.jpg,E-Waste Train Roboflow v1,train,charger,charger_adapter,image_577,1,0.2935501682579488,False,False,False,,,,REVIEW
image_582_jpg.rf.0960244c1a1d8b9f62adf74e0c5e4f10.jpg,E-Waste Train Roboflow v1,train,charger,charger_adapter,image_582,1,0.6523824950911854,False,False,False,,,,REVIEW
image_59_jpg.rf.2ec17c03aa361a9cd304db638298b21a.jpg,E-Waste Train Roboflow v1,train,charger,charger_adapter,image_59,1,0.25397366147289097,False,False,False,,,,REVIEW
image_593_jpg.rf.e283ced4cbe861b49058a3abaa1f9239.jpg,E-Waste Train Roboflow v1,train,charger,charger_adapter,image_593,1,0.6594235394322061,False,False,False,,,,REVIEW
image_6_jpg.rf.62d4155756890ed8625f2e8f149ac069.jpg,E-Waste Train Roboflow v1,train,charger,charger_adapter,image_6,1,0.4854350321295543,True,False,False,,,,REVIEW
image_604_jpg.rf.799aa0f37c3766c4cbd1431c17368e49.jpg,E-Waste Train Roboflow v1,train,charger,charger_adapter,image_604,1,0.48408451071550485,False,False,False,,,,REVIEW
image_61_jpg.rf.17a6b82f020ed417b6a74fa031f966c5.jpg,E-Waste Train Roboflow v1,train,charger,charger_adapter,image_61,1,0.22226055792083407,False,False,False,,,,REVIEW
image_611_jpg.rf.6276deb7c7203105c08bb78eb82685fa.jpg,E-Waste Train Roboflow v1,train,charger,charger_adapter,image_611,1,0.22535589006272994,False,False,False,,,,REVIEW
image_615_jpg.rf.1794ed20895206609c7285780256d9eb.jpg,E-Waste Train Roboflow v1,train,charger,charger_adapter,image_615,1,0.712708615149132,False,False,False,,,,REVIEW
image_626_jpg.rf.112f51087bb7e808e6dc6efa22b530a0.jpg,E-Waste Train Roboflow v1,train,charger,charger_adapter,image_626,1,0.3888370654024078,False,False,False,,,,REVIEW
image_637_jpg.rf.9ef3d012058deb76fdf51bc61c4a0f20.jpg,E-Waste Train Roboflow v1,train,charger,charger_adapter,image_637,1,0.5432905074818775,False,False,False,,,,REVIEW
image_648_jpg.rf.4f0254204a4d545e8affa96bde5285a3.jpg,E-Waste Train Roboflow v1,train,charger,charger_adapter,image_648,1,0.15908343749999998,False,False,False,,,,REVIEW
image_659_jpg.rf.4ae50d60c70977e447b76309f837bdf6.jpg,E-Waste Train Roboflow v1,train,charger,charger_adapter,image_659,1,0.05829768389082081,False,False,False,,,,REVIEW
image_691_jpg.rf.7f32a96541086826382c7435ffbbbefc.jpg,E-Waste Train Roboflow v1,train,charger,charger_adapter,image_691,1,0.156441950623216,False,False,False,,,,REVIEW
image_7_jpg.rf.a3ed2b6600c45a81daed8a476ce8b453.jpg,E-Waste Train Roboflow v1,train,charger,charger_adapter,image_7,1,0.391228505237985,False,False,False,,,,REVIEW
image_702_jpg.rf.8991e4e327932bf2c1fb53ccdaefd322.jpg,E-Waste Train Roboflow v1,train,charger,charger_adapter,image_702,1,0.31082788668076355,False,False,False,,,,REVIEW
image_704_jpg.rf.02d1a6640b2d04e9febbb8d68f635b5e.jpg,E-Waste Train Roboflow v1,train,charger,charger_adapter,image_704,1,0.7358867516048962,False,False,False,,,,REVIEW
image_71_jpg.rf.0a85095b664eea9503f9038ce58f672e.jpg,E-Waste Train Roboflow v1,train,charger,charger_adapter,image_71,1,0.05588179390214532,False,False,False,,,,REVIEW
image_715_jpg.rf.794998e1f4abbc5bb2dd8b39d659bf64.jpg,E-Waste Train Roboflow v1,train,charger,charger_adapter,image_715,1,0.6042135474980439,False,False,False,,,,REVIEW
image_73_jpg.rf.13422d53c74b0549e7cf2d5907cfc4e6.jpg,E-Waste Train Roboflow v1,train,charger,charger_adapter,image_73,1,0.297091125,False,False,False,,,,REVIEW
image_737_jpg.rf.1e1310dd94367971bdeab65672b64f23.jpg,E-Waste Train Roboflow v1,train,charger,charger_adapter,image_737,1,0.1814304336,False,False,False,,,,REVIEW
image_74_jpg.rf.8f260634e5d08ccd866422ad5abf290d.jpg,E-Waste Train Roboflow v1,train,charger,charger_adapter,image_74,1,0.43665290116702793,False,False,False,,,,REVIEW
image_748_jpg.rf.e605e83027be6bf454d8c43ba82c9122.jpg,E-Waste Train Roboflow v1,train,charger,charger_adapter,image_748,1,0.7513192333392308,False,False,False,,,,REVIEW
image_749_jpg.rf.a485228e30d56f23fb9802d68c72ba2d.jpg,E-Waste Train Roboflow v1,train,charger,charger_adapter,image_749,1,0.2949988454435476,False,False,False,,,,REVIEW
image_75_jpg.rf.a63b66e1255517a72d1a94520c4eacc1.jpg,E-Waste Train Roboflow v1,train,charger,charger_adapter,image_75,1,0.2508530531329994,False,False,False,,,,REVIEW
image_76_jpg.rf.d5a567049da05ea1905e38e9e1acf08c.jpg,E-Waste Train Roboflow v1,train,charger,charger_adapter,image_76,1,0.22524765140290343,False,False,False,,,,REVIEW
image_77_jpg.rf.42e4b231358f820782bf12cfe7bd4afb.jpg,E-Waste Train Roboflow v1,train,charger,charger_adapter,image_77,1,0.3026196706491421,False,False,False,,,,REVIEW
image_78_jpg.rf.74e4e79c7f67f084829fb9921555bc7d.jpg,E-Waste Train Roboflow v1,train,charger,charger_adapter,image_78,1,0.3481436115795727,False,False,False,,,,REVIEW
image_781_jpg.rf.32e4f0f617dcb8421056aed50ca9340d.jpg,E-Waste Train Roboflow v1,train,charger,charger_adapter,image_781,1,0.6690715475070367,False,False,False,,,,REVIEW
image_79_jpg.rf.3f162a75b77a7a86d230e9255c1752c3.jpg,E-Waste Train Roboflow v1,valid,charger,charger_adapter,image_79,1,0.2742635124682197,True,False,False,,,,REVIEW
image_792_jpg.rf.6106aa146e37013bb8f0f7a0926b5a4d.jpg,E-Waste Train Roboflow v1,train,charger,charger_adapter,image_792,1,0.1257328125,False,False,False,,,,REVIEW
image_80_jpg.rf.e921c7b6e7234d6f891316c5d96e9b75.jpg,E-Waste Train Roboflow v1,train,charger,charger_adapter,image_80,1,0.2663905488921463,True,False,False,,,,REVIEW
image_804_jpg.rf.185f70ab584cfa422853bae42b6d4200.jpg,E-Waste Train Roboflow v1,train,charger,charger_adapter,image_804,1,0.3865884226267711,False,False,False,,,,REVIEW
image_81_jpg.rf.df587621b0bf7c8826f6713e65530aeb.jpg,E-Waste Train Roboflow v1,train,charger,charger_adapter,image_81,1,0.14223044972487414,False,False,False,,,,REVIEW
image_812_jpg.rf.7a0266a99b9b08cb32f3dca4b1bd138c.jpg,E-Waste Train Roboflow v1,train,charger,charger_adapter,image_812,1,0.8228978837130384,True,False,False,,,,REVIEW
image_815_jpg.rf.0d5712c34fd242b403af458e1ce693ee.jpg,E-Waste Train Roboflow v1,train,charger,charger_adapter,image_815,1,0.4152767344,False,False,False,,,,REVIEW
image_826_jpg.rf.435e18aa6a77d4249f14b870e54fe0fc.jpg,E-Waste Train Roboflow v1,train,charger,charger_adapter,image_826,1,0.7221010535501482,False,False,False,,,,REVIEW
image_83_jpg.rf.102ef74b04891947ee9fc1e2f6062bb8.jpg,E-Waste Train Roboflow v1,train,charger,charger_adapter,image_83,1,0.17441868359999999,False,False,False,,,,REVIEW
image_837_jpg.rf.d1e7fce3f7143d04586a911fce6ddda2.jpg,E-Waste Train Roboflow v1,train,charger,charger_adapter,image_837,1,0.5593204500102515,False,False,False,,,,REVIEW
image_848_jpg.rf.5b74d70adc6c13fa5db8ef11396523b9.jpg,E-Waste Train Roboflow v1,train,charger,charger_adapter,image_848,1,0.2070443549043101,False,False,False,,,,REVIEW
image_85_jpg.rf.e7fcd13fab18878411ba0c555557a999.jpg,E-Waste Train Roboflow v1,train,charger,charger_adapter,image_85,1,0.33294592704442355,False,False,False,,,,REVIEW
image_859_jpg.rf.32119875f0a7ba9059946062924de5e8.jpg,E-Waste Train Roboflow v1,train,charger,charger_adapter,image_859,1,0.4351673047676023,True,False,False,,,,REVIEW
image_86_jpg.rf.0cf62b39f2c1a089d9004f8ee1266230.jpg,E-Waste Train Roboflow v1,train,charger,charger_adapter,image_86,1,0.31627774781123513,False,False,False,,,,REVIEW
image_862_jpg.rf.df9f19e52a744352f8c9d36283b828d2.jpg,E-Waste Train Roboflow v1,train,charger,charger_adapter,image_862,1,0.1771405303602617,False,False,False,,,,REVIEW
image_863_jpg.rf.5c4c0d3840600419fafe44c4b7b6a431.jpg,E-Waste Train Roboflow v1,valid,charger,charger_adapter,image_863,1,0.2881689464951111,True,False,False,,,,REVIEW
image_864_jpg.rf.e6e24b9a6754a33c66cf884c87536e37.jpg,E-Waste Train Roboflow v1,train,charger,charger_adapter,image_864,1,0.2425182729707444,False,False,False,,,,REVIEW
image_867_jpg.rf.90cc3c7c147cc45a38c36d51e90ef6d2.jpg,E-Waste Train Roboflow v1,train,charger,charger_adapter,image_867,1,0.2664465,False,False,False,,,,REVIEW
image_87_jpg.rf.88e738792c4ca362dba4ee81535dc247.jpg,E-Waste Train Roboflow v1,train,charger,charger_adapter,image_87,1,0.19513583349343383,False,False,False,,,,REVIEW
image_870_jpg.rf.2617b9f7e8971a5662b05343803efcfb.jpg,E-Waste Train Roboflow v1,valid,charger,charger_adapter,image_870,1,0.3128814531,True,False,False,,,,REVIEW
image_874_jpg.rf.b3f3909c96bcb05b865485bc255106b0.jpg,E-Waste Train Roboflow v1,train,charger,charger_adapter,image_874,1,0.35042101146576143,False,False,False,,,,REVIEW
image_88_jpg.rf.acb75d98d9b0e5bf52c7f137b15db68f.jpg,E-Waste Train Roboflow v1,train,charger,charger_adapter,image_88,1,0.14676027933409216,False,False,False,,,,REVIEW
image_881_jpg.rf.bc67554629d6b81441e61f4598fe774b.jpg,E-Waste Train Roboflow v1,train,charger,charger_adapter,image_881,1,0.03326315216559148,False,False,False,,,,REVIEW
image_89_jpg.rf.8da44bb16adc7c5d17581da4f0adf98c.jpg,E-Waste Train Roboflow v1,train,charger,charger_adapter,image_89,1,0.4383625780845996,False,False,False,,,,REVIEW
image_892_jpg.rf.d6091465b0fc6fea4ed5816fe6f26a99.jpg,E-Waste Train Roboflow v1,train,charger,charger_adapter,image_892,1,0.26004533895233856,False,False,False,,,,REVIEW
image_9_jpg.rf.a162d340a9f02f1663809793da1f9c5e.jpg,E-Waste Train Roboflow v1,train,charger,charger_adapter,image_9,1,0.25973586719999997,False,False,False,,,,REVIEW
image_90_jpg.rf.1eddb4e4867943d64ae12b22aff1570d.jpg,E-Waste Train Roboflow v1,train,charger,charger_adapter,image_90,1,0.16196361294664258,False,False,False,,,,REVIEW
image_903_jpg.rf.f3bb01fa9b88724ef1366a252a906d2a.jpg,E-Waste Train Roboflow v1,train,charger,charger_adapter,image_903,1,0.4307075594815407,False,False,False,,,,REVIEW
image_91_jpg.rf.b6b8dacde5530e10e08f24ea20a4e2e5.jpg,E-Waste Train Roboflow v1,train,charger,charger_adapter,image_91,1,0.14455708587825197,False,False,False,,,,REVIEW
image_915_jpg.rf.9568cf06132716e37dcf7cffe727907a.jpg,E-Waste Train Roboflow v1,train,charger,charger_adapter,image_915,1,0.5734198289530048,True,False,False,,,,REVIEW
image_917_jpg.rf.c7ec020a48d41451ab80b23d3c353248.jpg,E-Waste Train Roboflow v1,train,charger,charger_adapter,image_917,1,0.2097265625,False,False,False,,,,REVIEW
image_923_jpg.rf.2d082663276f8b804df155a63a3ee858.jpg,E-Waste Train Roboflow v1,train,charger,charger_adapter,image_923,1,0.151957171364021,False,False,False,,,,REVIEW
image_926_jpg.rf.131024d01c4171c00210a18b25bbec27.jpg,E-Waste Train Roboflow v1,train,charger,charger_adapter,image_926,1,0.23840055604895818,False,False,False,,,,REVIEW
image_927_jpg.rf.22a0fd629dbcd451e34c6972ef07b027.jpg,E-Waste Train Roboflow v1,train,charger,charger_adapter,image_927,1,0.10058610529592157,False,False,False,,,,REVIEW
image_937_jpg.rf.24d54b2969c3dbe274276456faf17d18.jpg,E-Waste Train Roboflow v1,train,charger,charger_adapter,image_937,1,0.05303492761022335,False,False,False,,,,REVIEW
image_94_jpg.rf.52db0910956940522cc86fccfb5a97f8.jpg,E-Waste Train Roboflow v1,valid,charger,charger_adapter,image_94,1,0.4361351406493904,True,False,False,,,,REVIEW
image_948_jpg.rf.6e8e6ecbf5a604773198d9792b637ee8.jpg,E-Waste Train Roboflow v1,train,charger,charger_adapter,image_948,1,0.5719423955039526,False,False,False,,,,REVIEW
image_95_jpg.rf.1f3e8e7f617c1684d56974aba2b2b585.jpg,E-Waste Train Roboflow v1,train,charger,charger_adapter,image_95,1,0.13341899999999998,False,False,False,,,,REVIEW
image_959_jpg.rf.4b97d5419d87ec20bff276519730ffa4.jpg,E-Waste Train Roboflow v1,train,charger,charger_adapter,image_959,1,0.1819103164,False,False,False,,,,REVIEW
image_96_jpg.rf.5022ae5a26b5635b198f954a80300c11.jpg,E-Waste Train Roboflow v1,train,charger,charger_adapter,image_96,1,0.4171996131788208,False,False,False,,,,REVIEW
image_97_jpg.rf.e61bc7ef5d65b37f650b03d4d39b6cd1.jpg,E-Waste Train Roboflow v1,train,charger,charger_adapter,image_97,1,0.3249666389660628,False,False,False,,,,REVIEW
image_970_jpg.rf.283dc8f0f1a0ca0514dbb6f8d96a5250.jpg,E-Waste Train Roboflow v1,valid,charger,charger_adapter,image_970,1,0.4000192362060034,True,False,False,,,,REVIEW
image_98_jpg.rf.14e3918849ab2f77a92cd4f13d949e4d.jpg,E-Waste Train Roboflow v1,train,charger,charger_adapter,image_98,1,0.41582270298559754,False,False,False,,,,REVIEW
image_981_jpg.rf.05f6b7ff93e22c73267dd597751095f4.jpg,E-Waste Train Roboflow v1,train,charger,charger_adapter,image_981,1,0.2973586836,False,False,False,,,,REVIEW
image_99_jpg.rf.7be5d68b140b74498b09cd04eeeb030e.jpg,E-Waste Train Roboflow v1,train,charger,charger_adapter,image_99,1,0.5209568464388188,False,False,False,,,,REVIEW
image_992_jpg.rf.4aecb577d1edf7499862857bda21e348.jpg,E-Waste Train Roboflow v1,train,charger,charger_adapter,image_992,1,0.16317036715146024,False,False,False,,,,REVIEW
