file_id,file_name,source_dataset,source_part,pcb_group_id,original_label,esafe_label,width,height,mask_file,annotation_file,mask_available,annotation_available,original_mask_binary,mask_threshold,bbox_xmin,bbox_ymin,bbox_xmax,bbox_ymax,pcb_mask_area_ratio,bbox_area_ratio,padded_bbox_xmin,padded_bbox_ymin,padded_bbox_xmax,padded_bbox_ymax,crop_padding_ratio,touches_image_boundary,image_md5,exact_duplicate,corrupt_image,corrupt_mask,preprocessing_status,notes,padded_crop_hits_boundary
PCBD0001,rec1.jpg,PCB DSLR Dataset,cvl_pcb_dslr_1,pcb1,PCB,pcb,4928,3280,rec1-mask.png,rec1-annot.txt,True,True,True,128,1408,217,4090,2454,0.3570558728618942,0.3714806630107697,1006,0,4492,2789,0.15,False,8930a6c096e85d831e9643d1cc3ab471,False,False,False,pending_review,,True
PCBD0002,rec2.jpg,PCB DSLR Dataset,cvl_pcb_dslr_1,pcb1,PCB,pcb,4928,3280,rec2-mask.png,rec2-annot.txt,True,True,True,128,1420,424,4126,2673,0.35612991714840037,0.3768133067389927,1014,87,4532,3010,0.15,False,0f305e6fc1b16f911173da15324a4c1e,False,False,False,pending_review,,False
PCBD0003,rec3.jpg,PCB DSLR Dataset,cvl_pcb_dslr_1,pcb1,PCB,pcb,4928,3280,rec3-mask.png,rec3-annot.txt,True,True,True,128,1504,262,3796,2991,0.3571982276488755,0.3872774043791574,1161,0,4139,3279,0.15,False,40131cd1a7fa178dfe3bd2d95931242c,False,False,False,pending_review,,True
PCBD0004,rec1.jpg,PCB DSLR Dataset,cvl_pcb_dslr_1,pcb10,PCB,pcb,4928,3280,rec1-mask.png,rec1-annot.txt,True,True,True,128,1747,589,4015,2325,0.20240679195042763,0.24383147816360468,1407,329,4355,2585,0.15,False,cdddc77636de5ebaf68b37dee9f982f1,False,False,False,pending_review,,False
PCBD0005,rec2.jpg,PCB DSLR Dataset,cvl_pcb_dslr_1,pcb10,PCB,pcb,4928,3280,rec2-mask.png,rec2-annot.txt,True,True,True,128,1315,208,4102,2703,0.2023813648242002,0.4305194805194805,897,0,4520,3077,0.15,False,fa3e608d7492c4486f8345c71cc7a175,False,False,False,pending_review,,True
PCBD0006,rec3.jpg,PCB DSLR Dataset,cvl_pcb_dslr_1,pcb10,PCB,pcb,4928,3280,rec3-mask.png,rec3-annot.txt,True,True,True,128,2065,442,3802,2709,0.2024303630820399,0.24386432926829268,1805,102,4062,3049,0.15,False,a2b4572c049d870704ea2802ef9a1c32,False,False,False,pending_review,,False
PCBD0007,rec4.jpg,PCB DSLR Dataset,cvl_pcb_dslr_1,pcb10,PCB,pcb,4928,3280,rec4-mask.png,rec4-annot.txt,True,True,True,128,1555,139,4006,2943,0.2023219729965157,0.42550903745644597,1188,0,4373,3279,0.15,False,721ec630e8dddd0c22a48167f7af5b3f,False,False,False,pending_review,,True
PCBD0008,rec1.jpg,PCB DSLR Dataset,cvl_pcb_dslr_1,pcb11,PCB,pcb,4928,3280,rec1-mask.png,rec1-annot.txt,True,True,True,128,1231,571,3673,2583,0.3000486270589167,0.30424447408536587,865,270,4039,2884,0.15,False,4788d0445c0b4ef8ce9820b6dcf8bf17,False,False,False,pending_review,,False
PCBD0009,rec2.jpg,PCB DSLR Dataset,cvl_pcb_dslr_1,pcb11,PCB,pcb,4928,3280,rec2-mask.png,rec2-annot.txt,True,True,True,128,967,214,4069,3180,0.2995166990022173,0.5695800626583782,502,0,4534,3279,0.15,False,f8195cabc8ac75a66578826296a9547e,False,False,False,pending_review,,True
PCBD0010,rec3.jpg,PCB DSLR Dataset,cvl_pcb_dslr_1,pcb11,PCB,pcb,4928,3280,rec3-mask.png,rec3-annot.txt,True,True,True,128,1561,454,3622,2931,0.29852040109280964,0.3161152300443459,1252,83,3931,3279,0.15,False,9b70be38f7aa80dad264aafe40a034bc,False,False,False,pending_review,,True
PCBD0011,rec4.jpg,PCB DSLR Dataset,cvl_pcb_dslr_1,pcb11,PCB,pcb,4928,3280,rec4-mask.png,rec4-annot.txt,True,True,True,128,1243,745,3703,2799,0.2989586014214444,0.31288078822853976,874,437,4072,3107,0.15,False,c5d8427f28b68fa56ec989e845340d3f,False,False,False,pending_review,,False
PCBD0012,rec5.jpg,PCB DSLR Dataset,cvl_pcb_dslr_1,pcb11,PCB,pcb,4928,3280,rec5-mask.png,rec5-annot.txt,True,True,True,128,1456,544,3505,3024,0.3002672632245803,0.31465604707792205,1149,172,3812,3279,0.15,False,7026868bc83909ce4f0fe5306e17f422,False,False,False,pending_review,,True
PCBD0013,rec1.jpg,PCB DSLR Dataset,cvl_pcb_dslr_1,pcb12,PCB,pcb,4928,3280,rec1-mask.png,rec1-annot.txt,True,True,True,128,1429,709,3868,2727,0.3000265407229965,0.30477658774152677,1063,407,4234,3029,0.15,False,d60efb7236e313b4bc1fc23222c828c9,False,False,False,pending_review,,False
PCBD0014,rec2.jpg,PCB DSLR Dataset,cvl_pcb_dslr_1,pcb12,PCB,pcb,4928,3280,rec2-mask.png,rec2-annot.txt,True,True,True,128,1591,463,3619,2910,0.2996406794425087,0.30729034684827367,1287,96,3923,3277,0.15,False,d5488d1c2a79306df2014c44cf3294f7,False,False,False,pending_review,,False
PCBD0015,rec3.jpg,PCB DSLR Dataset,cvl_pcb_dslr_1,pcb12,PCB,pcb,4928,3280,rec3-mask.png,rec3-annot.txt,True,True,True,128,1138,145,4216,3123,0.29940144173661704,0.5674605168078872,677,0,4677,3279,0.15,False,d0c8b95c3238fedaaaf201e8c3553f9c,False,False,False,pending_review,,True
PCBD0016,rec1.jpg,PCB DSLR Dataset,cvl_pcb_dslr_1,pcb13,PCB,pcb,4928,3280,rec1-mask.png,rec1-annot.txt,True,True,True,128,1468,685,3913,2703,0.30028248238042443,0.30552603836712067,1102,383,4279,3005,0.15,False,165b9e0db74042326491135f086fe7d4,False,False,False,pending_review,,False
PCBD0017,rec2.jpg,PCB DSLR Dataset,cvl_pcb_dslr_1,pcb13,PCB,pcb,4928,3280,rec2-mask.png,rec2-annot.txt,True,True,True,128,1456,325,3478,2766,0.29993485458900854,0.3056307164634146,1153,0,3781,3132,0.15,False,3e1e7cc8dc2127543656a848d714b155,False,False,False,pending_review,,True
PCBD0018,rec3.jpg,PCB DSLR Dataset,cvl_pcb_dslr_1,pcb13,PCB,pcb,4928,3280,rec3-mask.png,rec3-annot.txt,True,True,True,128,1267,328,4219,2994,0.2995011086474501,0.48723886155764967,825,0,4661,3279,0.15,False,7b655abad2813bae374be6724ca4c979,False,False,False,pending_review,,True
PCBD0019,rec4.jpg,PCB DSLR Dataset,cvl_pcb_dslr_1,pcb13,PCB,pcb,4928,3280,rec4-mask.png,rec4-annot.txt,True,True,True,128,1459,220,4528,3171,0.2993286867477035,0.5606737012987013,999,0,4927,3279,0.15,False,ca15d93a50fee7dc042f078a64a8adbb,False,False,False,pending_review,,True
PCBD0020,rec5.jpg,PCB DSLR Dataset,cvl_pcb_dslr_1,pcb13,PCB,pcb,4928,3280,rec5-mask.png,rec5-annot.txt,True,True,True,128,1552,505,3574,2943,0.2989227807253722,0.3052552487527716,1249,140,3877,3279,0.15,False,407d296791028169f06d84bde22f3092,False,False,False,pending_review,,True
PCBD0021,rec1.jpg,PCB DSLR Dataset,cvl_pcb_dslr_1,pcb14,PCB,pcb,4928,3280,rec1-mask.png,rec1-annot.txt,True,True,True,128,1300,559,3535,2478,0.23475640689341146,0.26560025340513144,965,271,3870,2766,0.15,False,99bd6234507555e59c8825a382770db9,False,False,False,pending_review,,False
PCBD0022,rec2.jpg,PCB DSLR Dataset,cvl_pcb_dslr_1,pcb14,PCB,pcb,4928,3280,rec2-mask.png,rec2-annot.txt,True,True,True,128,1735,526,3664,2754,0.2347068518371872,0.26614777181659804,1446,192,3953,3088,0.15,False,162738b26296c7e19f639627f7457713,False,False,False,pending_review,,False
PCBD0023,rec3.jpg,PCB DSLR Dataset,cvl_pcb_dslr_1,pcb14,PCB,pcb,4928,3280,rec3-mask.png,rec3-annot.txt,True,True,True,128,1471,760,3706,2679,0.2342259636324042,0.26560025340513144,1136,472,4041,2967,0.15,False,c397a0afc82800ec59c83136367bf974,False,False,False,pending_review,,False
PCBD0024,rec4.jpg,PCB DSLR Dataset,cvl_pcb_dslr_1,pcb14,PCB,pcb,4928,3280,rec4-mask.png,rec4-annot.txt,True,True,True,128,1600,613,3529,2856,0.2342831282665505,0.2679388066202091,1311,277,3818,3192,0.15,False,ff385bd9f068891060093e07c4770e94,False,False,False,pending_review,,False
PCBD0025,rec5.jpg,PCB DSLR Dataset,cvl_pcb_dslr_1,pcb14,PCB,pcb,4928,3280,rec5-mask.png,rec5-annot.txt,True,True,True,128,1522,544,3757,2466,0.2345750762195122,0.266015253801077,1187,256,4092,2754,0.15,False,d41a4ef6d27a30e7cb861c24b84f7c6a,False,False,False,pending_review,,False
PCBD0026,rec1.jpg,PCB DSLR Dataset,cvl_pcb_dslr_1,pcb15,PCB,pcb,4928,3280,rec1-mask.png,rec1-annot.txt,True,True,True,128,1231,841,4261,1995,0.19656894648796325,0.21658250762195122,777,668,4715,2168,0.15,False,366413d5bf823d70d69e844bbafcb830,False,False,False,pending_review,,False
PCBD0027,rec2.jpg,PCB DSLR Dataset,cvl_pcb_dslr_1,pcb15,PCB,pcb,4928,3280,rec2-mask.png,rec2-annot.txt,True,True,True,128,1990,10,3127,3060,0.19713335445042762,0.21480279438549255,1820,0,3297,3279,0.15,False,5dd228a718b14b95ce0bb15f9d24b1bc,False,False,False,pending_review,,True
PCBD0028,rec3.jpg,PCB DSLR Dataset,cvl_pcb_dslr_1,pcb15,PCB,pcb,4928,3280,rec3-mask.png,rec3-annot.txt,True,True,True,128,1183,946,4228,2130,0.1969104494971492,0.22330770410991446,727,769,4684,2307,0.15,False,5522a7124d7c54b7411b0760f6e45e77,False,False,False,pending_review,,False
PCBD0029,rec4.jpg,PCB DSLR Dataset,cvl_pcb_dslr_1,pcb15,PCB,pcb,4928,3280,rec4-mask.png,rec4-annot.txt,True,True,True,128,1078,409,4210,2622,0.19691490388422553,0.4291345373376623,609,77,4679,2954,0.15,False,9d259432aa884f0d320a2a78c997d10b,False,False,False,pending_review,,False
PCBD0030,rec1.jpg,PCB DSLR Dataset,cvl_pcb_dslr_1,pcb16,PCB,pcb,4928,3280,rec1-mask.png,rec1-annot.txt,True,True,True,128,1918,325,3187,2850,0.18893338464127335,0.19846892817548306,1728,0,3377,3228,0.15,False,924bcb7195a1275fee69c0555d63fff7,False,False,False,pending_review,,True
PCBD0031,rec2.jpg,PCB DSLR Dataset,cvl_pcb_dslr_1,pcb16,PCB,pcb,4928,3280,rec2-mask.png,rec2-annot.txt,True,True,True,128,1843,397,3625,3090,0.188763932332911,0.29716960821191,1576,0,3892,3279,0.15,False,df0305dab247f944621f3210e3e4a562,False,False,False,pending_review,,True
PCBD0032,rec3.jpg,PCB DSLR Dataset,cvl_pcb_dslr_1,pcb16,PCB,pcb,4928,3280,rec3-mask.png,rec3-annot.txt,True,True,True,128,1759,727,4291,2004,0.18866073903230915,0.20027258374247703,1380,536,4670,2195,0.15,False,b1ce03a47d8a0913e86656e0b763d5ce,False,False,False,pending_review,,False
PCBD0033,rec4.jpg,PCB DSLR Dataset,cvl_pcb_dslr_1,pcb16,PCB,pcb,4928,3280,rec4-mask.png,rec4-annot.txt,True,True,True,128,1597,544,4318,2673,0.18843393649033893,0.35869323131137154,1189,225,4726,2992,0.15,False,ff374419d0c2e6843c84ff5dc76ba123,False,False,False,pending_review,,False
PCBD0034,rec1.jpg,PCB DSLR Dataset,cvl_pcb_dslr_1,pcb17,PCB,pcb,4928,3280,rec1-mask.png,rec1-annot.txt,True,True,True,128,2077,535,3544,2265,0.1492008087187203,0.15720942548305353,1857,276,3764,2524,0.15,False,c658eb0c95ab9a519c3f61619d5d5bd3,False,False,False,pending_review,,False
PCBD0035,rec2.jpg,PCB DSLR Dataset,cvl_pcb_dslr_1,pcb17,PCB,pcb,4928,3280,rec2-mask.png,rec2-annot.txt,True,True,True,128,1981,439,3961,2220,0.1496024459534368,0.21839748475609755,1684,172,4258,2487,0.15,False,9c4f9ae8c108c2c5935cc18121dd302a,False,False,False,pending_review,,False
PCBD0036,rec3.jpg,PCB DSLR Dataset,cvl_pcb_dslr_1,pcb17,PCB,pcb,4928,3280,rec3-mask.png,rec3-annot.txt,True,True,True,128,2125,520,3856,1989,0.14962434668989547,0.1575145509977827,1866,300,4115,2209,0.15,False,1d14ba2923a09ad3fa72ba2eb58f1279,False,False,False,pending_review,,False
PCBD0037,rec4.jpg,PCB DSLR Dataset,cvl_pcb_dslr_1,pcb17,PCB,pcb,4928,3280,rec4-mask.png,rec4-annot.txt,True,True,True,128,1975,241,3922,2328,0.14893020470383275,0.251637234716503,1683,0,4214,2641,0.15,False,793a8783826b0d684be14cc04a9faba1,False,False,False,pending_review,,True
PCBD0038,rec5.jpg,PCB DSLR Dataset,cvl_pcb_dslr_1,pcb17,PCB,pcb,4928,3280,rec5-mask.png,rec5-annot.txt,True,True,True,128,1933,304,3919,2421,0.14876335078793157,0.2603630078001267,1635,0,4217,2738,0.15,False,c12bfac09633619ad595abb7ac20afc6,False,False,False,pending_review,,True
PCBD0039,rec1.jpg,PCB DSLR Dataset,cvl_pcb_dslr_1,pcb18,PCB,pcb,4928,3280,rec1-mask.png,rec1-annot.txt,True,True,True,128,1984,391,3877,2370,0.12343236508156477,0.23200675087108014,1700,94,4161,2667,0.15,False,b18a1149e57d6aae0b3c2d77e13033ee,False,False,False,pending_review,,False
PCBD0040,rec2.jpg,PCB DSLR Dataset,cvl_pcb_dslr_1,pcb18,PCB,pcb,4928,3280,rec2-mask.png,rec2-annot.txt,True,True,True,128,2197,601,3694,2097,0.12348897291732658,0.13873596868070953,1973,377,3918,2321,0.15,False,2abf9f2331961c757fc8b561749d6acd,False,False,False,pending_review,,False
PCBD0041,rec3.jpg,PCB DSLR Dataset,cvl_pcb_dslr_1,pcb18,PCB,pcb,4928,3280,rec3-mask.png,rec3-annot.txt,True,True,True,128,2014,598,3592,2199,0.12294182570478303,0.15649486755622427,1778,358,3828,2439,0.15,False,f2cd0facdb62831faa025ff9817a14cf,False,False,False,pending_review,,False
PCBD0042,rec4.jpg,PCB DSLR Dataset,cvl_pcb_dslr_1,pcb18,PCB,pcb,4928,3280,rec4-mask.png,rec4-annot.txt,True,True,True,128,2110,493,3634,2019,0.1228217428531834,0.1440669420137789,1882,264,3862,2248,0.15,False,a9d105f304ee2051fa39fac741957159,False,False,False,pending_review,,False
PCBD0043,rec5.jpg,PCB DSLR Dataset,cvl_pcb_dslr_1,pcb18,PCB,pcb,4928,3280,rec5-mask.png,rec5-annot.txt,True,True,True,128,1801,526,3775,2424,0.12301755028508077,0.23203180679838453,1505,242,4071,2708,0.15,False,d99d9f8825381b16b09d384b92065ae1,False,False,False,pending_review,,False
PCBD0044,rec1.jpg,PCB DSLR Dataset,cvl_pcb_dslr_1,pcb19,PCB,pcb,4928,3280,rec1-mask.png,rec1-annot.txt,True,True,True,128,1435,616,3076,2121,0.12639341889056066,0.15298666653468482,1189,391,3322,2346,0.15,False,3e6a3420060aabfeb39eca72842f13bf,False,False,False,pending_review,,False
PCBD0045,rec2.jpg,PCB DSLR Dataset,cvl_pcb_dslr_1,pcb19,PCB,pcb,4928,3280,rec2-mask.png,rec2-annot.txt,True,True,True,128,1177,712,3151,2613,0.12638283972125436,0.23239836573487488,881,427,3447,2898,0.15,False,1b49ac2a6e1a276ecf1690e7ef490e73,False,False,False,pending_review,,False
PCBD0046,rec3.jpg,PCB DSLR Dataset,cvl_pcb_dslr_1,pcb19,PCB,pcb,4928,3280,rec3-mask.png,rec3-annot.txt,True,True,True,128,1900,547,3868,2526,0.12610982291336711,0.24119392421602787,1605,250,4163,2823,0.15,False,319049526b367a6c9f4ae86b401130df,False,False,False,pending_review,,False
PCBD0047,rec4.jpg,PCB DSLR Dataset,cvl_pcb_dslr_1,pcb19,PCB,pcb,4928,3280,rec4-mask.png,rec4-annot.txt,True,True,True,128,1870,427,3373,2076,0.12602426156160912,0.15352787456445993,1645,180,3598,2323,0.15,False,4d0bd99e92cf2467c761760b4a1b7171,False,False,False,pending_review,,False
PCBD0048,rec5.jpg,PCB DSLR Dataset,cvl_pcb_dslr_1,pcb19,PCB,pcb,4928,3280,rec5-mask.png,rec5-annot.txt,True,True,True,128,1942,688,3592,2178,0.12600737201061135,0.15229308134700664,1695,465,3839,2401,0.15,False,af99aadd73088b27541da43bf39e8a68,False,False,False,pending_review,,False
PCBD0049,rec1.jpg,PCB DSLR Dataset,cvl_pcb_dslr_1,pcb2,PCB,pcb,4928,3280,rec1-mask.png,rec1-annot.txt,True,True,True,128,1837,223,3601,2904,0.26254435827130185,0.29285924631770666,1573,0,3865,3279,0.15,False,b8e2c6a72840ff2b1d0a7d1cbd0e4296,False,False,False,pending_review,,True
PCBD0050,rec2.jpg,PCB DSLR Dataset,cvl_pcb_dslr_1,pcb2,PCB,pcb,4928,3280,rec2-mask.png,rec2-annot.txt,True,True,True,128,1630,121,3958,3096,0.26252338553215077,0.42880305669939817,1281,0,4307,3279,0.15,False,da7d1cb8358d30df942c727990c9a4e0,False,False,False,pending_review,,True
PCBD0051,rec3.jpg,PCB DSLR Dataset,cvl_pcb_dslr_1,pcb2,PCB,pcb,4928,3280,rec3-mask.png,rec3-annot.txt,True,True,True,128,1636,529,4291,2244,0.2624302146024707,0.2819686411149826,1238,272,4689,2501,0.15,False,87b6988482d40d706911e42df013444b,False,False,False,pending_review,,False
PCBD0052,rec4.jpg,PCB DSLR Dataset,cvl_pcb_dslr_1,pcb2,PCB,pcb,4928,3280,rec4-mask.png,rec4-annot.txt,True,True,True,128,1222,289,4204,2643,0.2624656640996199,0.4346099070517897,775,0,4651,2996,0.15,False,5a72928d813b7fd73e95f938ae28a0ce,False,False,False,pending_review,,True
PCBD0053,rec1.jpg,PCB DSLR Dataset,cvl_pcb_dslr_1,pcb20,PCB,pcb,4928,3280,rec1-mask.png,rec1-annot.txt,True,True,True,128,1357,1048,4192,2034,0.1622189405487805,0.17317246396895788,932,900,4617,2182,0.15,False,32f13dae0178bc7f03ed23496db9debe,False,False,False,pending_review,,False
PCBD0054,rec2.jpg,PCB DSLR Dataset,cvl_pcb_dslr_1,pcb20,PCB,pcb,4928,3280,rec2-mask.png,rec2-annot.txt,True,True,True,128,1279,349,4093,2574,0.1621623327130187,0.38766716324833705,857,16,4515,2907,0.15,False,4e74896ecacff2b27e9f479f64f46ced,False,False,False,pending_review,,False
PCBD0055,rec3.jpg,PCB DSLR Dataset,cvl_pcb_dslr_1,pcb20,PCB,pcb,4928,3280,rec3-mask.png,rec3-annot.txt,True,True,True,128,1072,208,3835,2571,0.16228965394361736,0.4042415663604688,658,0,4249,2925,0.15,False,3b62a19799a528521f06ee124354d378,False,False,False,pending_review,,True
PCBD0056,rec4.jpg,PCB DSLR Dataset,cvl_pcb_dslr_1,pcb20,PCB,pcb,4928,3280,rec4-mask.png,rec4-annot.txt,True,True,True,128,1684,199,2710,3045,0.1625153428888185,0.18088950397925246,1530,0,2864,3279,0.15,False,6a9e7ec88b0325553fab42419e538598,False,False,False,pending_review,,True
PCBD0057,rec5.jpg,PCB DSLR Dataset,cvl_pcb_dslr_1,pcb20,PCB,pcb,4928,3280,rec5-mask.png,rec5-annot.txt,True,True,True,128,1309,940,4150,1947,0.16207138897687678,0.17723115299334813,883,789,4576,2098,0.15,False,bd62a1b1e1775da526526f4317a040ca,False,False,False,pending_review,,False
PCBD0058,rec1.jpg,PCB DSLR Dataset,cvl_pcb_dslr_1,pcb3,PCB,pcb,4928,3280,rec1-mask.png,rec1-annot.txt,True,True,True,128,1765,160,3775,2448,0.2410060975609756,0.2847825145509978,1464,0,4076,2791,0.15,False,d2f592af5dd286516d4e4622e1355101,False,False,False,pending_review,,True
PCBD0059,rec2.jpg,PCB DSLR Dataset,cvl_pcb_dslr_1,pcb3,PCB,pcb,4928,3280,rec2-mask.png,rec2-annot.txt,True,True,True,128,1528,382,3817,2352,0.24205640491368388,0.27923995783180233,1185,87,4160,2647,0.15,False,e88c02e70ae9beb47ef55e3107e7717a,False,False,False,pending_review,,False
PCBD0060,rec3.jpg,PCB DSLR Dataset,cvl_pcb_dslr_1,pcb3,PCB,pcb,4928,3280,rec3-mask.png,rec3-annot.txt,True,True,True,128,1132,364,3424,2334,0.24234297048226164,0.27960577437044665,789,69,3767,2629,0.15,False,534661c404f59674a3d28dabc4bfe25c,False,False,False,pending_review,,False
PCBD0061,rec4.jpg,PCB DSLR Dataset,cvl_pcb_dslr_1,pcb3,PCB,pcb,4928,3280,rec4-mask.png,rec4-annot.txt,True,True,True,128,1657,115,3694,2397,0.24201947062084256,0.2878495456525182,1352,0,3999,2739,0.15,False,f42cd03d1f43aeb9bf1232fc65445c18,False,False,False,pending_review,,True
PCBD0062,rec1.jpg,PCB DSLR Dataset,cvl_pcb_dslr_1,pcb4,PCB,pcb,4928,3280,rec1-mask.png,rec1-annot.txt,True,True,True,128,1237,745,4243,2604,0.32360045632720935,0.3460205000791891,786,466,4694,2883,0.15,False,544dc63ec7818f77cf8cc8f53437e816,False,False,False,pending_review,,False
PCBD0063,rec2.jpg,PCB DSLR Dataset,cvl_pcb_dslr_1,pcb4,PCB,pcb,4928,3280,rec2-mask.png,rec2-annot.txt,True,True,True,128,1501,82,3364,3075,0.32287067924453594,0.3452654814697498,1222,0,3643,3279,0.15,False,9b0d965697f428e4c15ce3e0aca4d5bc,False,False,False,pending_review,,True
PCBD0064,rec3.jpg,PCB DSLR Dataset,cvl_pcb_dslr_1,pcb4,PCB,pcb,4928,3280,rec3-mask.png,rec3-annot.txt,True,True,True,128,1357,493,4339,2364,0.32233800878999047,0.34547335286664554,910,213,4786,2644,0.15,False,d69aeac89dbff12b13349ccf58bdeba0,False,False,False,pending_review,,False
PCBD0065,rec4.jpg,PCB DSLR Dataset,cvl_pcb_dslr_1,pcb4,PCB,pcb,4928,3280,rec4-mask.png,rec4-annot.txt,True,True,True,128,1267,715,4249,2580,0.32241670296167246,0.34436606647925244,820,436,4696,2859,0.15,False,b59f8ba78fe0f2e6c0cbb74fb963b225,False,False,False,pending_review,,False
PCBD0066,rec5.jpg,PCB DSLR Dataset,cvl_pcb_dslr_1,pcb4,PCB,pcb,4928,3280,rec5-mask.png,rec5-annot.txt,True,True,True,128,1612,133,3478,3126,0.3235560980559075,0.34582116625752296,1332,0,3758,3279,0.15,False,d088710cf10a8ddc68eed6dbe44c9cff,False,False,False,pending_review,,True
PCBD0067,rec1.jpg,PCB DSLR Dataset,cvl_pcb_dslr_1,pcb5,PCB,pcb,4928,3280,rec1-mask.png,rec1-annot.txt,True,True,True,128,1411,835,4228,2652,0.25283862003088375,0.3169496852233133,989,563,4650,2924,0.15,False,f3897ab7fc0bf61528d955aed5800fcb,False,False,False,pending_review,,False
PCBD0068,rec2.jpg,PCB DSLR Dataset,cvl_pcb_dslr_1,pcb5,PCB,pcb,4928,3280,rec2-mask.png,rec2-annot.txt,True,True,True,128,1621,592,4639,3060,0.25267399330852075,0.4611472892579981,1169,222,4927,3279,0.15,False,b5e208be9a829684cec3786efa0df61c,False,False,False,pending_review,,True
PCBD0069,rec3.jpg,PCB DSLR Dataset,cvl_pcb_dslr_1,pcb5,PCB,pcb,4928,3280,rec3-mask.png,rec3-annot.txt,True,True,True,128,1567,352,3388,3159,0.25355596194963576,0.3165198368704466,1294,0,3661,3279,0.15,False,852c6bcbd41165e60f0f960922f4ebc8,False,False,False,pending_review,,True
PCBD0070,rec4.jpg,PCB DSLR Dataset,cvl_pcb_dslr_1,pcb5,PCB,pcb,4928,3280,rec4-mask.png,rec4-annot.txt,True,True,True,128,1633,703,4471,2520,0.2542642094947735,0.31931162397054164,1208,431,4896,2792,0.15,False,517b1d65380d992204d6ac8170c586ee,False,False,False,pending_review,,False
PCBD0071,rec5.jpg,PCB DSLR Dataset,cvl_pcb_dslr_1,pcb5,PCB,pcb,4928,3280,rec5-mask.png,rec5-annot.txt,True,True,True,128,1339,121,3175,2937,0.2524163812559392,0.3201484919425087,1064,0,3450,3279,0.15,False,62f9a660df53a0dc44d3ff0dc9639d66,False,False,False,pending_review,,True
PCBD0072,rec1.jpg,PCB DSLR Dataset,cvl_pcb_dslr_1,pcb6,PCB,pcb,4928,3280,rec1-mask.png,rec1-annot.txt,True,True,True,128,2011,670,3958,2382,0.2017468002652835,0.2064437658378207,1719,414,4250,2638,0.15,False,8eb00901f3429124a830959e4dbf528b,False,False,False,pending_review,,False
PCBD0073,rec2.jpg,PCB DSLR Dataset,cvl_pcb_dslr_1,pcb6,PCB,pcb,4928,3280,rec2-mask.png,rec2-annot.txt,True,True,True,128,1903,697,3871,2430,0.20184201278904024,0.211227406358885,1608,437,4166,2690,0.15,False,6e3fdc0f780d8bb8024adb4141d424e0,False,False,False,pending_review,,False
PCBD0074,rec3.jpg,PCB DSLR Dataset,cvl_pcb_dslr_1,pcb6,PCB,pcb,4928,3280,rec3-mask.png,rec3-annot.txt,True,True,True,128,1984,499,3703,2451,0.20191421097956921,0.2078194290465632,1726,207,3961,2743,0.15,False,df8d7a52cf74ff23309a2c9841e2a6d2,False,False,False,pending_review,,False
PCBD0075,rec4.jpg,PCB DSLR Dataset,cvl_pcb_dslr_1,pcb6,PCB,pcb,4928,3280,rec4-mask.png,rec4-annot.txt,True,True,True,128,1693,265,4159,2661,0.2018655839206525,0.36584122337266395,1323,0,4529,3020,0.15,False,6e3b7c9ab870a71a28466c3d44528dc4,False,False,False,pending_review,,True
PCBD0076,rec1.jpg,PCB DSLR Dataset,cvl_pcb_dslr_1,pcb7,PCB,pcb,4928,3280,rec1-mask.png,rec1-annot.txt,True,True,True,128,1792,406,4378,2961,0.33783110943934114,0.4090842275102946,1404,23,4766,3279,0.15,False,7bd91e2e0631ab818b01045cee3632ed,False,False,False,pending_review,,True
PCBD0077,rec2.jpg,PCB DSLR Dataset,cvl_pcb_dslr_1,pcb7,PCB,pcb,4928,3280,rec2-mask.png,rec2-annot.txt,True,True,True,128,1636,232,4333,3156,0.33658016906873617,0.4882286634859043,1232,0,4737,3279,0.15,False,23dcf5de95432f5bec356634bb338be6,False,False,False,pending_review,,True
PCBD0078,rec3.jpg,PCB DSLR Dataset,cvl_pcb_dslr_1,pcb7,PCB,pcb,4928,3280,rec3-mask.png,rec3-annot.txt,True,True,True,128,1345,94,4552,3150,0.33742817300839406,0.6067157309154261,864,0,4927,3279,0.15,False,b5c3388ad433b5c62ba2435162a9fdd8,False,False,False,pending_review,,True
PCBD0079,rec4.jpg,PCB DSLR Dataset,cvl_pcb_dslr_1,pcb7,PCB,pcb,4928,3280,rec4-mask.png,rec4-annot.txt,True,True,True,128,1648,352,4222,2898,0.33634445775261324,0.4057529027755781,1262,0,4608,3279,0.15,False,5000a0ecb6a37fdaa7fd2c2dc3523912,False,False,False,pending_review,,True
PCBD0080,rec1.jpg,PCB DSLR Dataset,cvl_pcb_dslr_1,pcb8,PCB,pcb,4928,3280,rec1-mask.png,rec1-annot.txt,True,True,True,128,1807,496,4054,2325,0.23179461068656954,0.2545088295850491,1470,222,4391,2599,0.15,False,3c2f1c0739dcc7c37e8d95e977c4f9b2,False,False,False,pending_review,,False
PCBD0081,rec2.jpg,PCB DSLR Dataset,cvl_pcb_dslr_1,pcb8,PCB,pcb,4928,3280,rec2-mask.png,rec2-annot.txt,True,True,True,128,1522,187,4198,2907,0.23178050512749446,0.45064273093522333,1121,0,4599,3279,0.15,False,613ccb317922cdd9c357a83b9303c66c,False,False,False,pending_review,,True
PCBD0082,rec3.jpg,PCB DSLR Dataset,cvl_pcb_dslr_1,pcb8,PCB,pcb,4928,3280,rec3-mask.png,rec3-annot.txt,True,True,True,128,1798,277,3583,2511,0.23226120773281597,0.24695307550681025,1531,0,3850,2846,0.15,False,0051fe99ce3f7183a6bf5f6c774b9990,False,False,False,pending_review,,True
PCBD0083,rec4.jpg,PCB DSLR Dataset,cvl_pcb_dslr_1,pcb8,PCB,pcb,4928,3280,rec4-mask.png,rec4-annot.txt,True,True,True,128,1792,742,4027,2529,0.23157931531121317,0.24734023598352867,1457,474,4362,2797,0.15,False,9db8043ccee39afc66b190e90480f97d,False,False,False,pending_review,,False
PCBD0084,rec5.jpg,PCB DSLR Dataset,cvl_pcb_dslr_1,pcb8,PCB,pcb,4928,3280,rec5-mask.png,rec5-annot.txt,True,True,True,128,1918,466,3697,2700,0.23138239428254673,0.24612344591384225,1651,131,3964,3035,0.15,False,b556817423125ca7350a020c49643725,False,False,False,pending_review,,False
PCBD0085,rec1.jpg,PCB DSLR Dataset,cvl_pcb_dslr_1,pcb9,PCB,pcb,4928,3280,rec1-mask.png,rec1-annot.txt,True,True,True,128,1720,697,3733,2637,0.22887179036664554,0.24184686312163448,1418,406,4035,2928,0.15,False,3845dded12c0bcb4acdfdcfaa2b4e04f,False,False,False,pending_review,,False
PCBD0086,rec2.jpg,PCB DSLR Dataset,cvl_pcb_dslr_1,pcb9,PCB,pcb,4928,3280,rec2-mask.png,rec2-annot.txt,True,True,True,128,1882,358,3898,2295,0.22909673691400062,0.2418327575625594,1580,68,4200,2585,0.15,False,fde3ca4259fe82943945079eb2aad005,False,False,False,pending_review,,False
PCBD0087,rec3.jpg,PCB DSLR Dataset,cvl_pcb_dslr_1,pcb9,PCB,pcb,4928,3280,rec3-mask.png,rec3-annot.txt,True,True,True,128,1855,703,3784,2709,0.2293461825902756,0.2396404567231549,1566,402,4073,3010,0.15,False,c40542476a93837237bda096d7de5fbb,False,False,False,pending_review,,False
PCBD0088,rec1.jpg,PCB DSLR Dataset,cvl_pcb_dslr_2,pcb21,PCB,pcb,4928,3280,rec1-mask.png,rec1-annot.txt,True,True,True,128,1579,1072,3964,2205,0.12383325991843522,0.16739363913525498,1222,902,4321,2375,0.15,False,522983e4d9a28f09e7ed109bf1e0b477,False,False,False,pending_review,,False
PCBD0089,rec2.jpg,PCB DSLR Dataset,cvl_pcb_dslr_2,pcb21,PCB,pcb,4928,3280,rec2-mask.png,rec2-annot.txt,True,True,True,128,1822,799,4138,1944,0.12389951892619576,0.164272969789357,1475,628,4485,2115,0.15,False,471605559ec6aea6cca3e4b73707150e,False,False,False,pending_review,,False
PCBD0090,rec3.jpg,PCB DSLR Dataset,cvl_pcb_dslr_2,pcb21,PCB,pcb,4928,3280,rec3-mask.png,rec3-annot.txt,True,True,True,128,1606,661,3955,2508,0.12369591631691479,0.2686737804878049,1254,384,4307,2785,0.15,False,144dddbf7fbdf87cc42b4f1d44061096,False,False,False,pending_review,,False
PCBD0091,rec4.jpg,PCB DSLR Dataset,cvl_pcb_dslr_2,pcb21,PCB,pcb,4928,3280,rec4-mask.png,rec4-annot.txt,True,True,True,128,1675,244,3598,2562,0.12380579119813113,0.2760331703357618,1387,0,3886,2909,0.15,False,503e3f138223a62437e5648e9a2a482a,False,False,False,pending_review,,True
PCBD0092,rec1.jpg,PCB DSLR Dataset,cvl_pcb_dslr_2,pcb22,PCB,pcb,4928,3280,rec1-mask.png,rec1-annot.txt,True,True,True,128,2020,1162,3553,2199,0.09214345106113399,0.09850951259106747,1790,1007,3783,2354,0.15,False,d36d103254930d196ae0319bd0a4f5b5,False,False,False,pending_review,,False
PCBD0093,rec2.jpg,PCB DSLR Dataset,cvl_pcb_dslr_2,pcb22,PCB,pcb,4928,3280,rec2-mask.png,rec2-annot.txt,True,True,True,128,2209,955,3280,2484,0.09208665762591067,0.10147093759898639,2049,726,3440,2713,0.15,False,aa169490822f977abab349ae1c0b5f1e,False,False,False,pending_review,,False
PCBD0094,rec3.jpg,PCB DSLR Dataset,cvl_pcb_dslr_2,pcb22,PCB,pcb,4928,3280,rec3-mask.png,rec3-annot.txt,True,True,True,128,1957,892,3526,2655,0.09207607845660437,0.17133799889135254,1722,628,3761,2919,0.15,False,fcf0a389172bd9c4f3042495547fc953,False,False,False,pending_review,,False
PCBD0095,rec4.jpg,PCB DSLR Dataset,cvl_pcb_dslr_2,pcb22,PCB,pcb,4928,3280,rec4-mask.png,rec4-annot.txt,True,True,True,128,1834,1042,3544,2448,0.0922028428888185,0.14893595828713968,1578,831,3800,2659,0.15,False,1bf75e6358c7e8a8eecf178cb575aa23,False,False,False,pending_review,,False
PCBD0096,rec5.jpg,PCB DSLR Dataset,cvl_pcb_dslr_2,pcb22,PCB,pcb,4928,3280,rec5-mask.png,rec5-annot.txt,True,True,True,128,1813,967,3484,2301,0.09244003900063351,0.13809342334494773,1563,767,3734,2501,0.15,False,1410a79b4fd16512eabda79ddf89a416,False,False,False,pending_review,,False
PCBD0097,rec1.jpg,PCB DSLR Dataset,cvl_pcb_dslr_2,pcb23,PCB,pcb,4928,3280,rec1-mask.png,rec1-annot.txt,True,True,True,128,2242,685,3307,2211,0.08967405022568894,0.10070515422077922,2083,456,3466,2440,0.15,False,51dd794be41cd1c66b4287e9ffe6df50,False,False,False,pending_review,,False
PCBD0098,rec2.jpg,PCB DSLR Dataset,cvl_pcb_dslr_2,pcb23,PCB,pcb,4928,3280,rec2-mask.png,rec2-annot.txt,True,True,True,128,2062,505,3568,2247,0.08972453327922078,0.1625047637195122,1836,244,3794,2508,0.15,False,77a126d55c41c8cf647b3ac724cc069f,False,False,False,pending_review,,False
PCBD0099,rec3.jpg,PCB DSLR Dataset,cvl_pcb_dslr_2,pcb23,PCB,pcb,4928,3280,rec3-mask.png,rec3-annot.txt,True,True,True,128,2002,733,3580,1890,0.09010835296563192,0.11312175819607222,1766,560,3816,2063,0.15,False,02ac5c51bddb47870540c752331b89b3,False,False,False,pending_review,,False
PCBD0100,rec4.jpg,PCB DSLR Dataset,cvl_pcb_dslr_2,pcb23,PCB,pcb,4928,3280,rec4-mask.png,rec4-annot.txt,True,True,True,128,2020,343,3733,2073,0.0903529730559075,0.1835537842492873,1763,84,3990,2332,0.15,False,f0add2ec3e6f5b3cb367d1c9945dac2a,False,False,False,pending_review,,False
PCBD0101,rec5.jpg,PCB DSLR Dataset,cvl_pcb_dslr_2,pcb23,PCB,pcb,4928,3280,rec5-mask.png,rec5-annot.txt,True,True,True,128,2305,487,3364,1995,0.09010631137155527,0.09895792089008552,2146,261,3523,2221,0.15,False,d40c6eda76c1d4fad7d5dcb36cdeb1b1,False,False,False,pending_review,,False
PCBD0102,rec1.jpg,PCB DSLR Dataset,cvl_pcb_dslr_2,pcb24,PCB,pcb,4928,3280,rec1-mask.png,rec1-annot.txt,True,True,True,128,2152,1048,3487,2388,0.0691261482420019,0.11083851362052581,1952,847,3687,2589,0.15,False,c0a7f3a0134dd31d44d0b4f2fcd5884b,False,False,False,pending_review,,False
PCBD0103,rec2.jpg,PCB DSLR Dataset,cvl_pcb_dslr_2,pcb24,PCB,pcb,4928,3280,rec2-mask.png,rec2-annot.txt,True,True,True,128,2191,868,3475,2157,0.06910331950823567,0.10255298245961356,1999,675,3667,2350,0.15,False,21b1213e2117ecfcb6eb02a326070e27,False,False,False,pending_review,,False
PCBD0104,rec3.jpg,PCB DSLR Dataset,cvl_pcb_dslr_2,pcb24,PCB,pcb,4928,3280,rec3-mask.png,rec3-annot.txt,True,True,True,128,2074,622,3526,2070,0.06907046840354768,0.13025351649113082,1857,405,3743,2287,0.15,False,fc9d405b1736fd48b0f9f91b691dc0ea,False,False,False,pending_review,,False
PCBD0105,rec4.jpg,PCB DSLR Dataset,cvl_pcb_dslr_2,pcb24,PCB,pcb,4928,3280,rec4-mask.png,rec4-annot.txt,True,True,True,128,2176,730,3277,1788,0.06912596264254038,0.0721993041257523,2011,572,3442,1946,0.15,False,2f960da934c79f7dcd78bf3a90589a7d,False,False,False,pending_review,,False
PCBD0106,rec5.jpg,PCB DSLR Dataset,cvl_pcb_dslr_2,pcb24,PCB,pcb,4928,3280,rec5-mask.png,rec5-annot.txt,True,True,True,128,2065,508,3469,1905,0.06908735795454546,0.12151753543712385,1855,299,3679,2114,0.15,False,43d8de64d9217757ad463f356be41f6b,False,False,False,pending_review,,False
PCBD0107,rec1.jpg,PCB DSLR Dataset,cvl_pcb_dslr_2,pcb25,PCB,pcb,4928,3280,rec1-mask.png,rec1-annot.txt,True,True,True,128,2041,1168,3547,2073,0.07252651597640165,0.08446891332752614,1815,1033,3773,2208,0.15,False,2108c10cb8e2ac4c7ecdb332a0832818,False,False,False,pending_review,,False
PCBD0108,rec2.jpg,PCB DSLR Dataset,cvl_pcb_dslr_2,pcb25,PCB,pcb,4928,3280,rec2-mask.png,rec2-annot.txt,True,True,True,128,1834,787,3454,2352,0.07229637264412417,0.15704721155369022,1591,553,3697,2586,0.15,False,660451c8587342f860768a4e80e6e930,False,False,False,pending_review,,False
PCBD0109,rec3.jpg,PCB DSLR Dataset,cvl_pcb_dslr_2,pcb25,PCB,pcb,4928,3280,rec3-mask.png,rec3-annot.txt,True,True,True,128,2164,724,3139,2214,0.07215513145391195,0.09002910199556541,2018,501,3285,2437,0.15,False,0c33574cd205da9b9c6c1751fd960558,False,False,False,pending_review,,False
PCBD0110,rec4.jpg,PCB DSLR Dataset,cvl_pcb_dslr_2,pcb25,PCB,pcb,4928,3280,rec4-mask.png,rec4-annot.txt,True,True,True,128,2029,538,3505,2178,0.07194633205970859,0.14994933134700666,1808,292,3726,2424,0.15,False,448a205625d335b0164b1bc47db263cb,False,False,False,pending_review,,False
PCBD0111,rec5.jpg,PCB DSLR Dataset,cvl_pcb_dslr_2,pcb25,PCB,pcb,4928,3280,rec5-mask.png,rec5-annot.txt,True,True,True,128,2098,1030,3607,1938,0.07190364418356034,0.08491732162654418,1872,894,3833,2074,0.15,False,77d686ed108e3811487c826d0c33766b,False,False,False,pending_review,,False
PCBD0112,rec1.jpg,PCB DSLR Dataset,cvl_pcb_dslr_2,pcb26,PCB,pcb,4928,3280,rec1-mask.png,rec1-annot.txt,True,True,True,128,1873,673,4117,2820,0.2856067617595819,0.2983362864269877,1537,351,4453,3142,0.15,False,065db4931ef59bb5b8093f2c40c43e1b,False,False,False,pending_review,,False
PCBD0113,rec2.jpg,PCB DSLR Dataset,cvl_pcb_dslr_2,pcb26,PCB,pcb,4928,3280,rec2-mask.png,rec2-annot.txt,True,True,True,128,1495,103,4471,3087,0.28528864428254674,0.5497669489428255,1049,0,4917,3279,0.15,False,edefef18abf330eb29c60c2c58fe85ec,False,False,False,pending_review,,True
PCBD0114,rec3.jpg,PCB DSLR Dataset,cvl_pcb_dslr_2,pcb26,PCB,pcb,4928,3280,rec3-mask.png,rec3-annot.txt,True,True,True,128,1495,736,3694,3012,0.28536789525261325,0.30991398083623695,1165,395,4024,3279,0.15,False,0747420f0c9bd9d91a6a5f71493b2f1a,False,False,False,pending_review,,True
PCBD0115,rec4.jpg,PCB DSLR Dataset,cvl_pcb_dslr_2,pcb26,PCB,pcb,4928,3280,rec4-mask.png,rec4-annot.txt,True,True,True,128,1324,145,4300,3117,0.2843669573566677,0.5475568305551156,878,0,4746,3279,0.15,False,be70a39a0b8d9d040b046c1dfee451a9,False,False,False,pending_review,,True
PCBD0116,rec5.jpg,PCB DSLR Dataset,cvl_pcb_dslr_2,pcb26,PCB,pcb,4928,3280,rec5-mask.png,rec5-annot.txt,True,True,True,128,1474,403,3838,2769,0.28429513036506177,0.3463258111933798,1120,48,4192,3124,0.15,False,47a3281d68f60c441a0a91f53c1b8403,False,False,False,pending_review,,False
PCBD0117,rec1.jpg,PCB DSLR Dataset,cvl_pcb_dslr_2,pcb27,PCB,pcb,4928,3280,rec1-mask.png,rec1-annot.txt,True,True,True,128,1714,751,3706,2736,0.2308116759383909,0.24487361914000633,1416,454,4004,3033,0.15,False,65917d8fb9cfb8b86dc63b2a2f31bf5d,False,False,False,pending_review,,False
PCBD0118,rec2.jpg,PCB DSLR Dataset,cvl_pcb_dslr_2,pcb27,PCB,pcb,4928,3280,rec2-mask.png,rec2-annot.txt,True,True,True,128,1234,229,3946,2946,0.23052418237250555,0.45619939321349384,828,0,4352,3279,0.15,False,da4b98698f9ef13789e4cd83b968dac3,False,False,False,pending_review,,True
PCBD0119,rec3.jpg,PCB DSLR Dataset,cvl_pcb_dslr_2,pcb27,PCB,pcb,4928,3280,rec3-mask.png,rec3-annot.txt,True,True,True,128,1432,178,4084,2823,0.23066635156002535,0.43429271757206206,1035,0,4481,3219,0.15,False,dbb03057685ca78ec916f7156ebf7b6d,False,False,False,pending_review,,True
PCBD0120,rec4.jpg,PCB DSLR Dataset,cvl_pcb_dslr_2,pcb27,PCB,pcb,4928,3280,rec4-mask.png,rec4-annot.txt,True,True,True,128,1720,586,3703,2565,0.23044994258789991,0.24303135888501742,1423,289,4000,2862,0.15,False,802794aa13ac5418853164959b0d8e5b,False,False,False,pending_review,,False
PCBD0121,rec1.jpg,PCB DSLR Dataset,cvl_pcb_dslr_2,pcb28,PCB,pcb,4928,3280,rec1-mask.png,rec1-annot.txt,True,True,True,128,1552,679,4252,2571,0.3000343359003801,0.3163229158417802,1147,396,4657,2854,0.15,False,33500fda7e0fbbc739c887976206a8c8,False,False,False,pending_review,,False
PCBD0122,rec2.jpg,PCB DSLR Dataset,cvl_pcb_dslr_2,pcb28,PCB,pcb,4928,3280,rec2-mask.png,rec2-annot.txt,True,True,True,128,1513,190,3598,3036,0.3001343740101362,0.367415292405765,1201,0,3910,3279,0.15,False,e1a47e112ec1cce343a73d07f7110ce0,False,False,False,pending_review,,True
PCBD0123,rec3.jpg,PCB DSLR Dataset,cvl_pcb_dslr_2,pcb28,PCB,pcb,4928,3280,rec3-mask.png,rec3-annot.txt,True,True,True,128,1645,241,3517,2934,0.3000553086395312,0.3121697566914792,1365,0,3797,3279,0.15,False,307ec41d4023291008619abc094a43ef,False,False,False,pending_review,,True
PCBD0124,rec1.jpg,PCB DSLR Dataset,cvl_pcb_dslr_2,pcb29,PCB,pcb,4928,3280,rec1-mask.png,rec1-annot.txt,True,True,True,128,1900,643,4057,2406,0.2252370105123535,0.23550789911308204,1577,379,4380,2670,0.15,False,d7a11ce5875526a50c535e1592cec265,False,False,False,pending_review,,False
PCBD0125,rec2.jpg,PCB DSLR Dataset,cvl_pcb_dslr_2,pcb29,PCB,pcb,4928,3280,rec2-mask.png,rec2-annot.txt,True,True,True,128,1663,748,3847,2541,0.2257134443300602,0.24250982439816282,1336,479,4174,2810,0.15,False,06b0f5c7b529741ba862182d5afe1f5f,False,False,False,pending_review,,False
PCBD0126,rec3.jpg,PCB DSLR Dataset,cvl_pcb_dslr_2,pcb29,PCB,pcb,4928,3280,rec3-mask.png,rec3-annot.txt,True,True,True,128,1924,463,3694,2634,0.2245759052304403,0.2379763719512195,1659,138,3959,2959,0.15,False,281607a79805fd53277e9c1fa80ae2cc,False,False,False,pending_review,,False
PCBD0127,rec4.jpg,PCB DSLR Dataset,cvl_pcb_dslr_2,pcb29,PCB,pcb,4928,3280,rec4-mask.png,rec4-annot.txt,True,True,True,128,1378,229,3973,2931,0.22519135304482102,0.4341163980836237,989,0,4362,3279,0.15,False,7019bb9d2f1724d9e19e3ea2f9d52d6e,False,False,False,pending_review,,True
PCBD0128,rec1.jpg,PCB DSLR Dataset,cvl_pcb_dslr_2,pcb30,PCB,pcb,4928,3280,rec1-mask.png,rec1-annot.txt,True,True,True,128,1690,424,4375,2583,0.34109153517975926,0.35893451061133985,1288,100,4777,2907,0.15,False,61c7c8dc595d235bbf8bf2301ae33abd,False,False,False,pending_review,,False
PCBD0129,rec2.jpg,PCB DSLR Dataset,cvl_pcb_dslr_2,pcb30,PCB,pcb,4928,3280,rec2-mask.png,rec2-annot.txt,True,True,True,128,1225,85,3973,3189,0.341364737587108,0.5280703718918277,813,0,4385,3279,0.15,False,3c6a510651525f9ede40383b73723a98,False,False,False,pending_review,,True
PCBD0130,rec3.jpg,PCB DSLR Dataset,cvl_pcb_dslr_2,pcb30,PCB,pcb,4928,3280,rec3-mask.png,rec3-annot.txt,True,True,True,128,1423,262,3583,2949,0.34167468868783657,0.3593680709534368,1099,0,3907,3279,0.15,False,55e1f12210b0afa8d22cfa22c7192b5e,False,False,False,pending_review,,True
PCBD0131,rec4.jpg,PCB DSLR Dataset,cvl_pcb_dslr_2,pcb30,PCB,pcb,4928,3280,rec4-mask.png,rec4-annot.txt,True,True,True,128,1477,88,3799,2964,0.34142839820240733,0.4134704995842572,1129,0,4147,3279,0.15,False,fb8a2a3a36e7a1f2a8f219d3d31ead53,False,False,False,pending_review,,True
PCBD0132,rec1.jpg,PCB DSLR Dataset,cvl_pcb_dslr_2,pcb31,PCB,pcb,4928,3280,rec1-mask.png,rec1-annot.txt,True,True,False,128,1520,400,4201,2664,0.3582722298661704,0.37582220561450747,1118,61,4603,3003,0.15,False,2626a0538f03ef5edbeaeb5547a3fbdd,False,False,False,pending_review,,False
PCBD0133,rec2.jpg,PCB DSLR Dataset,cvl_pcb_dslr_2,pcb31,PCB,pcb,4928,3280,rec2-mask.png,rec2-annot.txt,True,True,False,128,1246,43,3964,3141,0.3576171875,0.5212982187401014,839,0,4371,3279,0.15,False,4a0286991ca985fedca52d825718c560,False,False,False,pending_review,,True
PCBD0134,rec3.jpg,PCB DSLR Dataset,cvl_pcb_dslr_2,pcb31,PCB,pcb,4928,3280,rec3-mask.png,rec3-annot.txt,True,True,False,128,1522,220,3781,2892,0.35778930006731074,0.3737342116724739,1183,0,4120,3279,0.15,False,694254aeaddec59efa38b83f1f56268d,False,False,False,pending_review,,True
PCBD0135,rec1.jpg,PCB DSLR Dataset,cvl_pcb_dslr_2,pcb32,PCB,pcb,4928,3280,rec1-mask.png,rec1-annot.txt,True,True,True,128,1711,1060,4087,2460,0.20162653181422235,0.2060263526488755,1355,850,4443,2670,0.15,False,c5a6bb7f7513e674368b67c9424d08c5,False,False,False,pending_review,,False
PCBD0136,rec2.jpg,PCB DSLR Dataset,cvl_pcb_dslr_2,pcb32,PCB,pcb,4928,3280,rec2-mask.png,rec2-annot.txt,True,True,True,128,1987,358,3430,2766,0.2017677730044346,0.21520851480836237,1771,0,3646,3127,0.15,False,675eb0618ef5ea3e1e4b191bee049d76,False,False,False,pending_review,,True
PCBD0137,rec3.jpg,PCB DSLR Dataset,cvl_pcb_dslr_2,pcb32,PCB,pcb,4928,3280,rec3-mask.png,rec3-annot.txt,True,True,True,128,1318,436,4030,2937,0.20173584989705418,0.41994513679917644,912,61,4436,3279,0.15,False,2e12154ef969b5f0168e4f6f8f43cae6,False,False,False,pending_review,,True
PCBD0138,rec1.jpg,PCB DSLR Dataset,cvl_pcb_dslr_2,pcb33,PCB,pcb,4928,3280,rec1-mask.png,rec1-annot.txt,True,True,True,128,1645,724,4204,2400,0.26331051284843204,0.26560025340513144,1261,473,4588,2651,0.15,False,3dd2854d97a0da2822398cf9959ccf5a,False,False,False,pending_review,,False
PCBD0139,rec2.jpg,PCB DSLR Dataset,cvl_pcb_dslr_2,pcb33,PCB,pcb,4928,3280,rec2-mask.png,rec2-annot.txt,True,True,True,128,1876,409,3580,2973,0.2639731029260374,0.2705622550087108,1621,25,3835,3279,0.15,False,942af2c2b55005ec74c15bffe8739890,False,False,False,pending_review,,True
PCBD0140,rec3.jpg,PCB DSLR Dataset,cvl_pcb_dslr_2,pcb33,PCB,pcb,4928,3280,rec3-mask.png,rec3-annot.txt,True,True,True,128,1570,703,4144,2409,0.2634493412456446,0.2719356910239151,1184,447,4530,2665,0.15,False,d5fb92ad62e7865b9472e59ea326f9fb,False,False,False,pending_review,,False
PCBD0141,rec4.jpg,PCB DSLR Dataset,cvl_pcb_dslr_2,pcb33,PCB,pcb,4928,3280,rec4-mask.png,rec4-annot.txt,True,True,True,128,1795,484,3505,3063,0.26341723253880267,0.2731021836395312,1539,97,3761,3279,0.15,False,8f3c43815c13f0165b021ea34df2507e,False,False,False,pending_review,,True
PCBD0142,rec5.jpg,PCB DSLR Dataset,cvl_pcb_dslr_2,pcb33,PCB,pcb,4928,3280,rec5-mask.png,rec5-annot.txt,True,True,True,128,1435,679,3991,2373,0.26353824338770987,0.2681364700467216,1052,425,4374,2627,0.15,False,64ecb25d5da3d9e5aeccd713c74413b7,False,False,False,pending_review,,False
PCBD0143,rec1.jpg,PCB DSLR Dataset,cvl_pcb_dslr_2,pcb34,PCB,pcb,4928,3280,rec1-mask.png,rec1-annot.txt,True,True,True,128,1801,1105,3238,2547,0.09842525043554007,0.12837506434114665,1586,889,3453,2763,0.15,False,1544d870048f9afb91e539b20fd422e9,False,False,False,pending_review,,False
PCBD0144,rec2.jpg,PCB DSLR Dataset,cvl_pcb_dslr_2,pcb34,PCB,pcb,4928,3280,rec2-mask.png,rec2-annot.txt,True,True,True,128,1921,1027,3361,2433,0.09824503335840988,0.12543349847560975,1705,816,3577,2644,0.15,False,b4343a7d7016f4d282079af75fd90dbb,False,False,False,pending_review,,False
PCBD0145,rec3.jpg,PCB DSLR Dataset,cvl_pcb_dslr_2,pcb34,PCB,pcb,4928,3280,rec3-mask.png,rec3-annot.txt,True,True,True,128,1951,898,3568,2463,0.09830702357855559,0.15675656279695913,1709,664,3810,2697,0.15,False,6fdca68259d7c6a28650f682993a52c9,False,False,False,pending_review,,False
PCBD0146,rec4.jpg,PCB DSLR Dataset,cvl_pcb_dslr_2,pcb34,PCB,pcb,4928,3280,rec4-mask.png,rec4-annot.txt,True,True,True,128,1930,1003,3625,2790,0.09849076704545455,0.18760690528983212,1676,735,3879,3058,0.15,False,af1607cec5dcd3778f017410b9f6d526,False,False,False,pending_review,,False
PCBD0147,rec5.jpg,PCB DSLR Dataset,cvl_pcb_dslr_2,pcb34,PCB,pcb,4928,3280,rec5-mask.png,rec5-annot.txt,True,True,True,128,1981,715,3577,2439,0.09846051433322775,0.17043134552185618,1742,457,3816,2697,0.15,False,dae3dc6a53922ca8d0c213c7ae55ee6a,False,False,False,pending_review,,False
PCBD0148,rec1.jpg,PCB DSLR Dataset,cvl_pcb_dslr_2,pcb35,PCB,pcb,4928,3280,rec1-mask.png,rec1-annot.txt,True,True,True,128,1927,1324,3688,2073,0.075223832950586,0.08175656279695914,1663,1212,3952,2185,0.15,False,5ad1d93b4b5539c45546b518f4223a05,False,False,False,pending_review,,False
PCBD0149,rec2.jpg,PCB DSLR Dataset,cvl_pcb_dslr_2,pcb35,PCB,pcb,4928,3280,rec2-mask.png,rec2-annot.txt,True,True,True,128,1831,925,3679,2367,0.07521510977589484,0.16506640748732973,1554,709,3956,2583,0.15,False,df095d7198382f57129c1ea1d62596e5,False,False,False,pending_review,,False
PCBD0150,rec3.jpg,PCB DSLR Dataset,cvl_pcb_dslr_2,pcb35,PCB,pcb,4928,3280,rec3-mask.png,rec3-annot.txt,True,True,True,128,2446,757,3226,2529,0.07517743308520748,0.08566732905052264,2329,492,3343,2794,0.15,False,30428a2fa55c605f7f10f1f7a82f4fe6,False,False,False,pending_review,,False
PCBD0151,rec4.jpg,PCB DSLR Dataset,cvl_pcb_dslr_2,pcb35,PCB,pcb,4928,3280,rec4-mask.png,rec4-annot.txt,True,True,True,128,1927,766,3724,2346,0.0751514491605955,0.17586402735983528,1658,529,3993,2583,0.15,False,3774727937caeeb9960bc4ac88f416b2,False,False,False,pending_review,,False
PCBD0152,rec5.jpg,PCB DSLR Dataset,cvl_pcb_dslr_2,pcb35,PCB,pcb,4928,3280,rec5-mask.png,rec5-annot.txt,True,True,True,128,1993,1204,3775,2016,0.07502598392461197,0.08968036060738042,1726,1083,4042,2137,0.15,False,5f8559a9921cb63e50505ff40e064f33,False,False,False,pending_review,,False
PCBD0153,rec1.jpg,PCB DSLR Dataset,cvl_pcb_dslr_2,pcb36,PCB,pcb,4928,3280,rec1-mask.png,rec1-annot.txt,True,True,True,128,1912,1117,3643,2391,0.11511583881057967,0.1366197636205258,1653,926,3902,2582,0.15,False,b4c86f87dca2a5a12699293a7019edce,False,False,False,pending_review,,False
PCBD0154,rec2.jpg,PCB DSLR Dataset,cvl_pcb_dslr_2,pcb36,PCB,pcb,4928,3280,rec2-mask.png,rec2-annot.txt,True,True,True,128,2260,910,3532,2619,0.11512548998257839,0.13467282526924296,2070,654,3722,2875,0.15,False,e2c97f6fd1bcaed7447b8f26e24bdd4f,False,False,False,pending_review,,False
PCBD0155,rec3.jpg,PCB DSLR Dataset,cvl_pcb_dslr_2,pcb36,PCB,pcb,4928,3280,rec3-mask.png,rec3-annot.txt,True,True,True,128,2098,1126,3796,2382,0.11483112923661704,0.13212473026211594,1844,938,4050,2570,0.15,False,61cbeb88e63462d006c1818d4e3f8aa0,False,False,False,pending_review,,False
PCBD0156,rec4.jpg,PCB DSLR Dataset,cvl_pcb_dslr_2,pcb36,PCB,pcb,4928,3280,rec4-mask.png,rec4-annot.txt,True,True,True,128,2507,712,3775,2421,0.11504456861735825,0.1342496584969908,2317,456,3965,2677,0.15,False,bdff0f60c37be60378cc4823000676e0,False,False,False,pending_review,,False
PCBD0157,rec5.jpg,PCB DSLR Dataset,cvl_pcb_dslr_2,pcb36,PCB,pcb,4928,3280,rec5-mask.png,rec5-annot.txt,True,True,True,128,2377,886,4144,2193,0.11494917049414001,0.14306897370921762,2112,690,4409,2389,0.15,False,5df246f11a8cacaa28950eec25e6293b,False,False,False,pending_review,,False
PCBD0158,rec1.jpg,PCB DSLR Dataset,cvl_pcb_dslr_2,pcb37,PCB,pcb,4928,3280,rec1-mask.png,rec1-annot.txt,True,True,True,128,2158,907,3418,2076,0.06193583950348432,0.0912759591780171,1969,732,3607,2251,0.15,False,aea3fa53343053b6e3b24532d69d49cb,False,False,False,pending_review,,False
PCBD0159,rec2.jpg,PCB DSLR Dataset,cvl_pcb_dslr_2,pcb37,PCB,pcb,4928,3280,rec2-mask.png,rec2-annot.txt,True,True,True,128,1822,1027,3499,2253,0.061738361676433325,0.1273772816360469,1571,843,3750,2437,0.15,False,e40028ed8f8720db4ea64d6af04e0f2e,False,False,False,pending_review,,False
PCBD0160,rec3.jpg,PCB DSLR Dataset,cvl_pcb_dslr_2,pcb37,PCB,pcb,4928,3280,rec3-mask.png,rec3-annot.txt,True,True,True,128,1816,850,2986,2130,0.061794227114349065,0.09280288594789357,1641,658,3161,2322,0.15,False,0d8b2c0672d2e931a7e2ea72639cc440,False,False,False,pending_review,,False
PCBD0161,rec4.jpg,PCB DSLR Dataset,cvl_pcb_dslr_2,pcb37,PCB,pcb,4928,3280,rec4-mask.png,rec4-annot.txt,True,True,True,128,1669,1252,3364,2511,0.06205777834969908,0.13220620842572062,1415,1063,3618,2700,0.15,False,bcb3e294030d357b5cfc9695cbc78fd4,False,False,False,pending_review,,False
PCBD0162,rec5.jpg,PCB DSLR Dataset,cvl_pcb_dslr_2,pcb37,PCB,pcb,4928,3280,rec5-mask.png,rec5-annot.txt,True,True,True,128,2224,1285,3394,2550,0.062134059728381374,0.09171620110072853,2049,1096,3569,2739,0.15,False,3821ea39b865deb5ce54d41fba1703fd,False,False,False,pending_review,,False
PCBD0163,rec1.jpg,PCB DSLR Dataset,cvl_pcb_dslr_2,pcb38,PCB,pcb,4928,3280,rec1-mask.png,rec1-annot.txt,True,True,True,128,1792,847,3904,2622,0.21727200962147608,0.2321656240101362,1476,581,4220,2888,0.15,False,003cdd1279550e82886879fee82bd37b,False,False,False,pending_review,,False
PCBD0164,rec2.jpg,PCB DSLR Dataset,cvl_pcb_dslr_2,pcb38,PCB,pcb,4928,3280,rec2-mask.png,rec2-annot.txt,True,True,True,128,1696,643,3799,2406,0.21727627840909092,0.22961474501108647,1381,379,4114,2670,0.15,False,1a387f4e96b47dabb85d4bfe905befb7,False,False,False,pending_review,,False
PCBD0165,rec3.jpg,PCB DSLR Dataset,cvl_pcb_dslr_2,pcb38,PCB,pcb,4928,3280,rec3-mask.png,rec3-annot.txt,True,True,True,128,2086,640,3862,2745,0.21776403379394996,0.23152679066360468,1820,325,4128,3060,0.15,False,00918bdad0151cfc2b740825968623dc,False,False,False,pending_review,,False
PCBD0166,rec4.jpg,PCB DSLR Dataset,cvl_pcb_dslr_2,pcb38,PCB,pcb,4928,3280,rec4-mask.png,rec4-annot.txt,True,True,True,128,1708,268,4264,2901,0.2175500376148242,0.4166793286743744,1325,0,4647,3279,0.15,False,90a341c42b89c0d131b830d52d62cefa,False,False,False,pending_review,,True
PCBD0167,rec1.jpg,PCB DSLR Dataset,cvl_pcb_dslr_2,pcb39,PCB,pcb,4928,3280,rec1-mask.png,rec1-annot.txt,True,True,True,128,2110,682,3592,2286,0.12513449774311056,0.14725554076259106,1888,442,3814,2526,0.15,False,7ba14ad7964990ab99871b18f580b688,False,False,False,pending_review,,False
PCBD0168,rec2.jpg,PCB DSLR Dataset,cvl_pcb_dslr_2,pcb39,PCB,pcb,4928,3280,rec2-mask.png,rec2-annot.txt,True,True,True,128,2236,1168,3706,2772,0.12526998535001585,0.14606399221967056,2016,928,3926,3012,0.15,False,15c3121e7c11ed8ae54c3067cfc1be03,False,False,False,pending_review,,False
PCBD0169,rec3.jpg,PCB DSLR Dataset,cvl_pcb_dslr_2,pcb39,PCB,pcb,4928,3280,rec3-mask.png,rec3-annot.txt,True,True,True,128,1924,766,3763,2424,0.12525346699794107,0.1888511640798226,1648,518,4039,2672,0.15,False,1a3fd39b13d20368c67c4dddacad7a0a,False,False,False,pending_review,,False
PCBD0170,rec4.jpg,PCB DSLR Dataset,cvl_pcb_dslr_2,pcb39,PCB,pcb,4928,3280,rec4-mask.png,rec4-annot.txt,True,True,True,128,1810,748,3772,2772,0.12533457396262274,0.2459239264927146,1516,445,4066,3075,0.15,False,c0b88dbfbfd8dbc29ea51e618acf6834,False,False,False,pending_review,,False
PCBD0171,rec1.jpg,PCB DSLR Dataset,cvl_pcb_dslr_2,pcb40,PCB,pcb,4928,3280,rec1-mask.png,rec1-annot.txt,True,True,True,128,1759,1018,3496,2439,0.1495614284724422,0.15289906358885016,1499,805,3756,2652,0.15,False,460e3d6651b0fd271253564e88384449,False,False,False,pending_review,,False
PCBD0172,rec2.jpg,PCB DSLR Dataset,cvl_pcb_dslr_2,pcb40,PCB,pcb,4928,3280,rec2-mask.png,rec2-annot.txt,True,True,True,128,1597,574,3778,2646,0.14953210375752296,0.2798398152914159,1270,264,4105,2956,0.15,False,b4ad2be10bfd7588a4af39b4caa3c932,False,False,False,pending_review,,False
PCBD0173,rec3.jpg,PCB DSLR Dataset,cvl_pcb_dslr_2,pcb40,PCB,pcb,4928,3280,rec3-mask.png,rec3-annot.txt,True,True,True,128,1861,634,3322,2406,0.14975315271618625,0.16036572992556225,1642,369,3541,2671,0.15,False,c54e8dd8459df240ecb89b91adf7e61b,False,False,False,pending_review,,False
PCBD0174,rec4.jpg,PCB DSLR Dataset,cvl_pcb_dslr_2,pcb40,PCB,pcb,4928,3280,rec4-mask.png,rec4-annot.txt,True,True,True,128,1546,685,3661,2622,0.14959929076259107,0.25370258552423186,1229,395,3978,2912,0.15,False,a12dd687339adfd5eda8f3c177d1a7bc,False,False,False,pending_review,,False
PCBD0175,rec5.jpg,PCB DSLR Dataset,cvl_pcb_dslr_2,pcb40,PCB,pcb,4928,3280,rec5-mask.png,rec5-annot.txt,True,True,True,128,1690,805,3643,2502,0.14959873396420653,0.20526632285397528,1397,551,3936,2756,0.15,False,1a95103f55c4aecbe971da65a317eb9d,False,False,False,pending_review,,False
PCBD0176,rec1.jpg,PCB DSLR Dataset,cvl_pcb_dslr_3,pcb41,PCB,pcb,4928,3280,rec1-mask.png,rec1-annot.txt,True,True,True,128,1807,1072,4000,2559,0.14784463345343682,0.20197378840671523,1478,849,4329,2782,0.15,False,da95b7dbccaa700a8a786e6daf196e1d,False,False,False,pending_review,,False
PCBD0177,rec2.jpg,PCB DSLR Dataset,cvl_pcb_dslr_3,pcb41,PCB,pcb,4928,3280,rec2-mask.png,rec2-annot.txt,True,True,True,128,1657,679,4225,2748,0.1482986097363003,0.3289954614745011,1272,369,4610,3058,0.15,False,3e796b804c5a2899c4ed343fd41eab9b,False,False,False,pending_review,,False
PCBD0178,rec3.jpg,PCB DSLR Dataset,cvl_pcb_dslr_3,pcb41,PCB,pcb,4928,3280,rec3-mask.png,rec3-annot.txt,True,True,True,128,2074,553,3556,2742,0.14817462929600886,0.20092812104054483,1852,225,3778,3070,0.15,False,cafdaf95849114a8cf6e2ad38d6c72b8,False,False,False,pending_review,,False
PCBD0179,rec4.jpg,PCB DSLR Dataset,cvl_pcb_dslr_3,pcb41,PCB,pcb,4928,3280,rec4-mask.png,rec4-annot.txt,True,True,True,128,1795,682,3976,2187,0.14777020806936966,0.2032989685619259,1468,457,4303,2412,0.15,False,49c30a1f5f3a9bbaab62edd5415db843,False,False,False,pending_review,,False
PCBD0180,rec1.jpg,PCB DSLR Dataset,cvl_pcb_dslr_3,pcb42,PCB,pcb,4928,3280,rec1-mask.png,rec1-annot.txt,True,True,False,128,1897,736,4072,2611,0.22900857716978143,0.252549889135255,1571,455,4398,2892,0.15,False,2e5bc958b864440f85c562b33b7e08da,False,False,False,pending_review,,False
PCBD0181,rec2.jpg,PCB DSLR Dataset,cvl_pcb_dslr_3,pcb42,PCB,pcb,4928,3280,rec2-mask.png,rec2-annot.txt,True,True,False,128,1418,307,4105,2907,0.22827799582277478,0.4325388026607539,1015,0,4508,3279,0.15,False,5b0623ad5d89fd3bb4c405309f052d3a,False,False,False,pending_review,,True
PCBD0182,rec3.jpg,PCB DSLR Dataset,cvl_pcb_dslr_3,pcb42,PCB,pcb,4928,3280,rec3-mask.png,rec3-annot.txt,True,True,False,128,2034,526,3856,2670,0.22793203842651252,0.2419186901132404,1761,205,4129,2991,0.15,False,d64c64b4d8e207631a0bd9f484f0a4bc,False,False,False,pending_review,,False
PCBD0183,rec4.jpg,PCB DSLR Dataset,cvl_pcb_dslr_3,pcb42,PCB,pcb,4928,3280,rec4-mask.png,rec4-annot.txt,True,True,False,128,1771,186,4357,2877,0.2275057783299018,0.43085083742477037,1383,0,4745,3279,0.15,False,cc76814f62e1bdaf98aea1561cd6c943,False,False,False,pending_review,,True
PCBD0184,rec1.jpg,PCB DSLR Dataset,cvl_pcb_dslr_3,pcb43,PCB,pcb,4928,3280,rec1-mask.png,rec1-annot.txt,True,True,True,128,1987,1051,3739,2562,0.15426043563905606,0.16397935144124168,1725,825,4001,2788,0.15,False,26cce1213c41cca1bce2017eed43504c,False,False,False,pending_review,,False
PCBD0185,rec2.jpg,PCB DSLR Dataset,cvl_pcb_dslr_3,pcb43,PCB,pcb,4928,3280,rec2-mask.png,rec2-annot.txt,True,True,True,128,2149,628,3667,2382,0.15517005859993666,0.1649264654933481,1922,365,3894,2645,0.15,False,2794ad3ffe5bf3a4423f017214d974cb,False,False,False,pending_review,,False
PCBD0186,rec3.jpg,PCB DSLR Dataset,cvl_pcb_dslr_3,pcb43,PCB,pcb,4928,3280,rec3-mask.png,rec3-annot.txt,True,True,True,128,2068,928,3841,2448,0.15506909249287298,0.16693149647608488,1802,700,4107,2676,0.15,False,4eb2ecdf1789d5047b6dcea97ea8da74,False,False,False,pending_review,,False
PCBD0187,rec1.jpg,PCB DSLR Dataset,cvl_pcb_dslr_3,pcb44,PCB,pcb,4928,3280,rec1-mask.png,rec1-annot.txt,True,True,True,128,1852,865,3925,1833,0.11442206802343997,0.12433345046721571,1541,720,4236,1978,0.15,False,5bede110b91e65a540fc95261d8899d9,False,False,False,pending_review,,False
PCBD0188,rec2.jpg,PCB DSLR Dataset,cvl_pcb_dslr_3,pcb44,PCB,pcb,4928,3280,rec2-mask.png,rec2-annot.txt,True,True,True,128,1927,1315,4018,2286,0.11535451971808679,0.12580079980994616,1614,1170,4331,2431,0.15,False,4ccde296d1ce4ac956072046acf0645c,False,False,False,pending_review,,False
PCBD0189,rec3.jpg,PCB DSLR Dataset,cvl_pcb_dslr_3,pcb44,PCB,pcb,4928,3280,rec3-mask.png,rec3-annot.txt,True,True,True,128,1981,469,3949,2592,0.11513402755780805,0.2587353005226481,1686,151,4244,2910,0.15,False,8b3fba217661cfde0b7286cd8e10a7d2,False,False,False,pending_review,,False
PCBD0190,rec4.jpg,PCB DSLR Dataset,cvl_pcb_dslr_3,pcb44,PCB,pcb,4928,3280,rec4-mask.png,rec4-annot.txt,True,True,True,128,1945,418,3823,2589,0.11566484201773836,0.25248876504592965,1664,93,4104,2914,0.15,False,086709c6721163d9310bfe3a98deb885,False,False,False,pending_review,,False
PCBD0191,rec1.jpg,PCB DSLR Dataset,cvl_pcb_dslr_3,pcb45,PCB,pcb,4928,3280,rec1-mask.png,rec1-annot.txt,True,True,True,128,1450,898,4012,2616,0.21260789515362685,0.2725711835801394,1066,641,4396,2873,0.15,False,f6b1da587454c4575ca1425320a72464,False,False,False,pending_review,,False
PCBD0192,rec2.jpg,PCB DSLR Dataset,cvl_pcb_dslr_3,pcb45,PCB,pcb,4928,3280,rec2-mask.png,rec2-annot.txt,True,True,True,128,1195,109,3808,3051,0.21606672671840355,0.47593900954228696,803,0,4200,3279,0.15,False,e14d312d82513bd2b51cd3a6507c5b16,False,False,False,pending_review,,True
PCBD0193,rec3.jpg,PCB DSLR Dataset,cvl_pcb_dslr_3,pcb45,PCB,pcb,4928,3280,rec3-mask.png,rec3-annot.txt,True,True,True,128,1876,274,3517,2826,0.2148796325625594,0.25934592275102947,1630,0,3763,3208,0.15,False,99ead449cba010f0ee21d6f9bd4ec89a,False,False,False,pending_review,,True
PCBD0194,rec1.jpg,PCB DSLR Dataset,cvl_pcb_dslr_3,pcb46,PCB,pcb,4928,3280,rec1-mask.png,rec1-annot.txt,True,True,True,128,1639,844,4006,2592,0.22946923503325942,0.25622822299651565,1284,582,4361,2854,0.15,False,ea97b0166714a7415a9bc246ecdf2b0e,False,False,False,pending_review,,False
PCBD0195,rec2.jpg,PCB DSLR Dataset,cvl_pcb_dslr_3,pcb46,PCB,pcb,4928,3280,rec2-mask.png,rec2-annot.txt,True,True,True,128,2107,523,3835,2865,0.22921941815806146,0.25062404725609755,1848,172,4094,3216,0.15,False,8e28284e16447a2683178dad5bfc5159,False,False,False,pending_review,,False
PCBD0196,rec3.jpg,PCB DSLR Dataset,cvl_pcb_dslr_3,pcb46,PCB,pcb,4928,3280,rec3-mask.png,rec3-annot.txt,True,True,True,128,1960,481,3688,2829,0.22903400429600887,0.2512658501940133,1701,129,3947,3181,0.15,False,88ad5f6bc54cc73c342e8171e74b9237,False,False,False,pending_review,,False
PCBD0197,rec4.jpg,PCB DSLR Dataset,cvl_pcb_dslr_3,pcb46,PCB,pcb,4928,3280,rec4-mask.png,rec4-annot.txt,True,True,True,128,1744,910,4102,2631,0.2289619917049414,0.2513139204545455,1391,652,4455,2889,0.15,False,873ed8ec832437109d4cfad8312edcaf,False,False,False,pending_review,,False
PCBD0198,rec1.jpg,PCB DSLR Dataset,cvl_pcb_dslr_3,pcb47,PCB,pcb,4928,3280,rec1-mask.png,rec1-annot.txt,True,True,True,128,1870,718,3991,2550,0.22565739329268292,0.24063749703040863,1552,444,4309,2824,0.15,False,376093dfc073be5d24fca3ad5cafcb96,False,False,False,pending_review,,False
PCBD0199,rec2.jpg,PCB DSLR Dataset,cvl_pcb_dslr_3,pcb47,PCB,pcb,4928,3280,rec2-mask.png,rec2-annot.txt,True,True,False,128,1951,535,3787,2679,0.22697576813430473,0.2437765407229965,1676,214,4062,3000,0.15,False,618debf12e4bb68de8806bad5e0793ef,False,False,False,pending_review,,False
PCBD0200,rec3.jpg,PCB DSLR Dataset,cvl_pcb_dslr_3,pcb47,PCB,pcb,4928,3280,rec3-mask.png,rec3-annot.txt,True,True,False,128,1867,1072,4027,2923,0.22836535130266075,0.2476003226955971,1543,795,4351,3200,0.15,False,5cbf1858768713c2ca3a048c80bdfa19,False,False,False,pending_review,,False
PCBD0201,rec1.jpg,PCB DSLR Dataset,cvl_pcb_dslr_3,pcb48,PCB,pcb,4928,3280,rec1-mask.png,rec1-annot.txt,True,True,True,128,1009,1210,4849,2307,0.2050230019599303,0.26091683659328474,433,1046,4927,2471,0.15,False,2c717381c2a6cac0ba14a7168cecc56e,False,False,False,pending_review,,True
PCBD0202,rec2.jpg,PCB DSLR Dataset,cvl_pcb_dslr_3,pcb48,PCB,pcb,4928,3280,rec2-mask.png,rec2-annot.txt,True,True,True,128,1051,64,4054,3054,0.20526799324912892,0.5558681600411783,601,0,4504,3279,0.15,False,a5e65bffe17e0adf2b1bd87c4815e6f2,False,False,False,pending_review,,True
PCBD0203,rec3.jpg,PCB DSLR Dataset,cvl_pcb_dslr_3,pcb48,PCB,pcb,4928,3280,rec3-mask.png,rec3-annot.txt,True,True,True,128,1015,193,4480,2796,0.2046015055828318,0.5583737527716186,496,0,4927,3186,0.15,False,e07f13a9bca1125a11d3042c929f5c3a,False,False,False,pending_review,,True
PCBD0204,rec4.jpg,PCB DSLR Dataset,cvl_pcb_dslr_3,pcb48,PCB,pcb,4928,3280,rec4-mask.png,rec4-annot.txt,True,True,True,128,973,1414,4795,2505,0.20456809767975925,0.25827501385809315,400,1251,4927,2668,0.15,False,fb20ed85394409a91aaf87e0861a7bad,False,False,False,pending_review,,True
PCBD0205,rec1.jpg,PCB DSLR Dataset,cvl_pcb_dslr_3,pcb49,PCB,pcb,4928,3280,rec1-mask.png,rec1-annot.txt,True,True,True,128,1246,1339,4438,2397,0.18559556392540386,0.20919453545692113,768,1181,4916,2555,0.15,False,9a2045b700c6d25a559832fea2422d55,False,False,False,pending_review,,False
PCBD0206,rec2.jpg,PCB DSLR Dataset,cvl_pcb_dslr_3,pcb49,PCB,pcb,4928,3280,rec2-mask.png,rec2-annot.txt,True,True,True,128,1207,640,4486,2802,0.1852735488596769,0.43892045454545453,715,316,4927,3126,0.15,False,5a5d4204e29bf978be6b1278ddf7a2bf,False,False,False,pending_review,,True
PCBD0207,rec3.jpg,PCB DSLR Dataset,cvl_pcb_dslr_3,pcb49,PCB,pcb,4928,3280,rec3-mask.png,rec3-annot.txt,True,True,True,128,1126,226,4219,2892,0.18547418187757364,0.51050356845898,662,0,4683,3279,0.15,False,60939eb2dbfb4048e94b9342b16b1987,False,False,False,pending_review,,True
PCBD0208,rec4.jpg,PCB DSLR Dataset,cvl_pcb_dslr_3,pcb49,PCB,pcb,4928,3280,rec4-mask.png,rec4-annot.txt,True,True,True,128,1153,1156,4342,2238,0.18559797671840356,0.21373448388501742,675,994,4820,2400,0.15,False,6fd5fb5eb19888f55234b1a3abb50b58,False,False,False,pending_review,,False
PCBD0209,rec1.jpg,PCB DSLR Dataset,cvl_pcb_dslr_3,pcb50,PCB,pcb,4928,3280,rec1-mask.png,rec1-annot.txt,True,True,True,128,1528,781,4057,2202,0.20200348432055748,0.2225745862369338,1149,568,4436,2415,0.15,False,a99c751d40a69c6b94815b1c3683f2ba,False,False,False,pending_review,,False
PCBD0210,rec2.jpg,PCB DSLR Dataset,cvl_pcb_dslr_3,pcb50,PCB,pcb,4928,3280,rec2-mask.png,rec2-annot.txt,True,True,True,128,1438,433,4138,2544,0.20163822458029776,0.35291811846689897,1033,117,4543,2860,0.15,False,37b88e1889b1d97ed2b68243efd05ba6,False,False,False,pending_review,,False
PCBD0211,rec3.jpg,PCB DSLR Dataset,cvl_pcb_dslr_3,pcb50,PCB,pcb,4928,3280,rec3-mask.png,rec3-annot.txt,True,True,True,128,1561,256,4069,2961,0.2015443112527716,0.42003348214285713,1185,0,4445,3279,0.15,False,f319d6944c70acd79cbd924938c915da,False,False,False,pending_review,,True
PCBD0212,rec4.jpg,PCB DSLR Dataset,cvl_pcb_dslr_3,pcb50,PCB,pcb,4928,3280,rec4-mask.png,rec4-annot.txt,True,True,True,128,2170,319,3721,2865,0.20108346778983213,0.24455475926512513,1938,0,3953,3247,0.15,False,be97cee4e3dfcf95510d8cdc30d892a0,False,False,False,pending_review,,True
PCBD0213,rec5.jpg,PCB DSLR Dataset,cvl_pcb_dslr_3,pcb50,PCB,pcb,4928,3280,rec5-mask.png,rec5-annot.txt,True,True,True,128,1513,787,4015,2169,0.20118276350174216,0.21416006345026925,1138,580,4390,2376,0.15,False,5c3fbff6f6633fa04e6434d637f55eca,False,False,False,pending_review,,False
PCBD0214,rec1.jpg,PCB DSLR Dataset,cvl_pcb_dslr_3,pcb51,PCB,pcb,4928,3280,rec1-mask.png,rec1-annot.txt,True,True,True,128,1756,865,3976,2166,0.16074026963889768,0.178901919345898,1423,670,4309,2361,0.15,False,5c647bfd6eca0629818c2f27d57443cb,False,False,False,pending_review,,False
PCBD0215,rec2.jpg,PCB DSLR Dataset,cvl_pcb_dslr_3,pcb51,PCB,pcb,4928,3280,rec2-mask.png,rec2-annot.txt,True,True,True,128,1756,865,3976,2166,0.1607102025261324,0.178901919345898,1423,670,4309,2361,0.15,False,ff2b17a7c1d422008f52a7ce2d258e0b,False,False,False,pending_review,,False
PCBD0216,rec3.jpg,PCB DSLR Dataset,cvl_pcb_dslr_3,pcb51,PCB,pcb,4928,3280,rec3-mask.png,rec3-annot.txt,True,True,True,128,1999,592,3376,2847,0.1609009987725689,0.1923285555907507,1793,254,3582,3185,0.15,False,5dc66b243f08c4da7247680313ffece8,False,False,False,pending_review,,False
PCBD0217,rec4.jpg,PCB DSLR Dataset,cvl_pcb_dslr_3,pcb51,PCB,pcb,4928,3280,rec4-mask.png,rec4-annot.txt,True,True,True,128,1786,709,4141,2703,0.1605917900696864,0.2907861003325942,1433,410,4494,3002,0.15,False,2d1cb0483fb5dadb89488403dc00d6a8,False,False,False,pending_review,,False
PCBD0218,rec5.jpg,PCB DSLR Dataset,cvl_pcb_dslr_3,pcb51,PCB,pcb,4928,3280,rec5-mask.png,rec5-annot.txt,True,True,True,128,1888,1009,4273,2853,0.16018941043712384,0.27234679383116883,1531,733,4630,3129,0.15,False,6eea2997c0498e2098e461132a8cc38e,False,False,False,pending_review,,False
PCBD0219,rec1.jpg,PCB DSLR Dataset,cvl_pcb_dslr_3,pcb52,PCB,pcb,4928,3280,rec1-mask.png,rec1-annot.txt,True,True,True,128,1855,1189,4018,2559,0.16635186935777638,0.18354821626544188,1531,984,4342,2764,0.15,False,224059d710adcdd0d3357bc3c129904a,False,False,False,pending_review,,False
PCBD0220,rec2.jpg,PCB DSLR Dataset,cvl_pcb_dslr_3,pcb52,PCB,pcb,4928,3280,rec2-mask.png,rec2-annot.txt,True,True,True,128,1441,289,3847,2421,0.16619856420256574,0.3176306496476085,1080,0,4208,2740,0.15,False,6dc165ea6d7bf24bc46ec3e3982cf408,False,False,False,pending_review,,True
PCBD0221,rec3.jpg,PCB DSLR Dataset,cvl_pcb_dslr_3,pcb52,PCB,pcb,4928,3280,rec3-mask.png,rec3-annot.txt,True,True,True,128,2287,883,3760,3042,0.16629897351124484,0.19697299651567945,2066,559,3981,3279,0.15,False,c978c44c9898b157ccd326f380d30043,False,False,False,pending_review,,True
PCBD0222,rec4.jpg,PCB DSLR Dataset,cvl_pcb_dslr_3,pcb52,PCB,pcb,4928,3280,rec4-mask.png,rec4-annot.txt,True,True,True,128,1957,724,4108,3174,0.16630175750316756,0.32631800364269875,1635,357,4430,3279,0.15,False,0cbbfbc323391b84a3d1da6c71b65fa1,False,False,False,pending_review,,True
PCBD0223,rec1.jpg,PCB DSLR Dataset,cvl_pcb_dslr_3,pcb53,PCB,pcb,4928,3280,rec1-mask.png,rec1-annot.txt,True,True,True,128,2389,1072,3538,1983,0.06384658595977194,0.06488557174532784,2217,936,3710,2119,0.15,False,542d8ba93ba0ffad745e03fad249c210,False,False,False,pending_review,,False
PCBD0224,rec2.jpg,PCB DSLR Dataset,cvl_pcb_dslr_3,pcb53,PCB,pcb,4928,3280,rec2-mask.png,rec2-annot.txt,True,True,True,128,2326,778,3775,2199,0.06370979915663605,0.12756250989863796,2109,565,3992,2412,0.15,False,d8b1eee375fdab455deb8e87d1e0bce1,False,False,False,pending_review,,False
PCBD0225,rec3.jpg,PCB DSLR Dataset,cvl_pcb_dslr_3,pcb53,PCB,pcb,4928,3280,rec3-mask.png,rec3-annot.txt,True,True,True,128,2732,1018,3652,2169,0.06370720076417485,0.06563984795692113,2594,846,3790,2341,0.15,False,387903d15a97278dc1faca234ffda2d5,False,False,False,pending_review,,False
PCBD0226,rec4.jpg,PCB DSLR Dataset,cvl_pcb_dslr_3,pcb53,PCB,pcb,4928,3280,rec4-mask.png,rec4-annot.txt,True,True,True,128,2209,673,3598,2121,0.06377067578001266,0.1246059104767184,2001,456,3806,2338,0.15,False,1da9766a6b435ccd4db42a14fedbbf9b,False,False,False,pending_review,,False
PCBD0227,rec5.jpg,PCB DSLR Dataset,cvl_pcb_dslr_3,pcb53,PCB,pcb,4928,3280,rec5-mask.png,rec5-annot.txt,True,True,True,128,2188,907,3532,2088,0.06380037169385493,0.09835472264016472,1987,730,3733,2265,0.15,False,709be64f1f0f73efbd9b7799c8e46c0e,False,False,False,pending_review,,False
PCBD0228,rec1.jpg,PCB DSLR Dataset,cvl_pcb_dslr_3,pcb54,PCB,pcb,4928,3280,rec1-mask.png,rec1-annot.txt,True,True,True,128,1054,430,4624,2391,0.394612851896579,0.43345529280171047,519,136,4927,2685,0.15,False,300d0221ea120bf4db1f7038d23b008b,False,False,False,pending_review,,True
PCBD0229,rec2.jpg,PCB DSLR Dataset,cvl_pcb_dslr_3,pcb54,PCB,pcb,4928,3280,rec2-mask.png,rec2-annot.txt,True,True,True,128,943,595,4495,2553,0.39300166297117517,0.43061098105400697,411,302,4927,2846,0.15,False,023fd44a623b6aee203065b72d13ac26,False,False,False,pending_review,,True
PCBD0230,rec3.jpg,PCB DSLR Dataset,cvl_pcb_dslr_3,pcb54,PCB,pcb,4928,3280,rec3-mask.png,rec3-annot.txt,True,True,True,128,973,115,4813,3123,0.3945297033378207,0.7150261942706684,397,0,4927,3279,0.15,False,9b1d229c8d602458f55c76c6026c6e72,False,False,False,pending_review,,True
PCBD0231,rec1.jpg,PCB DSLR Dataset,cvl_pcb_dslr_3,pcb55,PCB,pcb,4928,3280,rec1-mask.png,rec1-annot.txt,True,True,True,128,1723,895,3652,2031,0.1056057224025974,0.13576043811371555,1434,725,3941,2201,0.15,False,c2e6e9904adfb1393ccfc4beb456aef0,False,False,False,pending_review,,False
PCBD0232,rec2.jpg,PCB DSLR Dataset,cvl_pcb_dslr_3,pcb55,PCB,pcb,4928,3280,rec2-mask.png,rec2-annot.txt,True,True,True,128,1870,838,3682,2922,0.1051790292405765,0.23386181748891352,1599,526,3953,3234,0.15,False,a43a3481dd5bc5d062a6b7f3d000f34a,False,False,False,pending_review,,False
PCBD0233,rec3.jpg,PCB DSLR Dataset,cvl_pcb_dslr_3,pcb55,PCB,pcb,4928,3280,rec3-mask.png,rec3-annot.txt,True,True,True,128,2032,712,4108,2556,0.10513281497465948,0.23707640016233766,1721,436,4419,2832,0.15,False,ca62fc7a2ffc1945154607bd750838f1,False,False,False,pending_review,,False
PCBD0234,rec4.jpg,PCB DSLR Dataset,cvl_pcb_dslr_3,pcb55,PCB,pcb,4928,3280,rec4-mask.png,rec4-annot.txt,True,True,True,128,2299,721,3682,2733,0.10518515402280647,0.17235953832752612,2092,420,3889,3034,0.15,False,59281f54e5fc73c296ea6828d928560a,False,False,False,pending_review,,False
PCBD0235,rec1.jpg,PCB DSLR Dataset,cvl_pcb_dslr_3,pcb56,PCB,pcb,4928,3280,rec1-mask.png,rec1-annot.txt,True,True,True,128,2200,925,3589,2316,0.06042951427383592,0.11970422869813113,1992,717,3797,2524,0.15,False,06a4cc18f93abf012c965ad66eb73a3a,False,False,False,pending_review,,False
PCBD0236,rec2.jpg,PCB DSLR Dataset,cvl_pcb_dslr_3,pcb56,PCB,pcb,4928,3280,rec2-mask.png,rec2-annot.txt,True,True,True,128,2329,991,3388,2193,0.0603962919702249,0.0788909071111815,2170,811,3547,2373,0.15,False,f8fbc92ab9dc3132b6e96ce01b4fda8e,False,False,False,pending_review,,False
PCBD0237,rec3.jpg,PCB DSLR Dataset,cvl_pcb_dslr_3,pcb56,PCB,pcb,4928,3280,rec3-mask.png,rec3-annot.txt,True,True,True,128,2284,979,3541,2127,0.060337456940924926,0.08942441894995248,2096,807,3729,2299,0.15,False,7dddf27913b391230d3d6ea3d330fb9f,False,False,False,pending_review,,False
PCBD0238,rec4.jpg,PCB DSLR Dataset,cvl_pcb_dslr_3,pcb56,PCB,pcb,4928,3280,rec4-mask.png,rec4-annot.txt,True,True,True,128,2287,820,3667,2211,0.06030850342492873,0.11892916534684828,2080,612,3874,2419,0.15,False,3ca4d1a639ec250e1f62e5878fc4b113,False,False,False,pending_review,,False
PCBD0239,rec5.jpg,PCB DSLR Dataset,cvl_pcb_dslr_3,pcb56,PCB,pcb,4928,3280,rec5-mask.png,rec5-annot.txt,True,True,True,128,2449,970,3472,2103,0.0603278057689262,0.07184035476718403,2296,800,3625,2273,0.15,False,ab0668f3565bf376b4ce3d838b5a10fa,False,False,False,pending_review,,False
PCBD0240,rec1.jpg,PCB DSLR Dataset,cvl_pcb_dslr_3,pcb57,PCB,pcb,4928,3280,rec1-mask.png,rec1-annot.txt,True,True,True,128,1981,1399,3166,2154,0.04927814182768451,0.0554704822616408,1804,1286,3343,2267,0.15,False,bf2bb8655520fed647221e03332af35f,False,False,False,pending_review,,False
PCBD0241,rec2.jpg,PCB DSLR Dataset,cvl_pcb_dslr_3,pcb57,PCB,pcb,4928,3280,rec2-mask.png,rec2-annot.txt,True,True,True,128,2471,1258,3196,2436,0.04916195656477668,0.052954867160278744,2363,1082,3304,2612,0.15,False,c5ce06f09881accd40358202ec0995bb,False,False,False,pending_review,,False
PCBD0242,rec3.jpg,PCB DSLR Dataset,cvl_pcb_dslr_3,pcb57,PCB,pcb,4928,3280,rec3-mask.png,rec3-annot.txt,True,True,True,128,1993,1273,3229,2592,0.04955598422157111,0.10101807491289198,1808,1075,3414,2790,0.15,False,6681097f1ba1617163013fb72fdbc060,False,False,False,pending_review,,False
PCBD0243,rec4.jpg,PCB DSLR Dataset,cvl_pcb_dslr_3,pcb57,PCB,pcb,4928,3280,rec4-mask.png,rec4-annot.txt,True,True,True,128,1915,1423,3157,2295,0.049423837404973074,0.06713373802264809,1729,1293,3343,2425,0.15,False,86d73261d444bc8a38c6e29a47579180,False,False,False,pending_review,,False
PCBD0244,rec5.jpg,PCB DSLR Dataset,cvl_pcb_dslr_3,pcb57,PCB,pcb,4928,3280,rec5-mask.png,rec5-annot.txt,True,True,True,128,1765,1165,3082,2412,0.04943849976243269,0.10176195755464049,1568,978,3279,2599,0.15,False,1f15f2baf4a6bbe31b2704b5bfb89fd4,False,False,False,pending_review,,False
PCBD0245,rec1.jpg,PCB DSLR Dataset,cvl_pcb_dslr_3,pcb58,PCB,pcb,4928,3280,rec1-mask.png,rec1-annot.txt,True,True,True,128,2257,1186,3310,2142,0.04570460979569211,0.06240336454703833,2099,1043,3468,2285,0.15,False,7f6947580e10ed9cb4fbb1df1c145c26,False,False,False,pending_review,,False
PCBD0246,rec2.jpg,PCB DSLR Dataset,cvl_pcb_dslr_3,pcb58,PCB,pcb,4928,3280,rec2-mask.png,rec2-annot.txt,True,True,True,128,2362,1012,3472,2307,0.04553534308679126,0.08907883275261325,2196,818,3638,2501,0.15,False,c8eb941a07415075f239344edce13f00,False,False,False,pending_review,,False
PCBD0247,rec3.jpg,PCB DSLR Dataset,cvl_pcb_dslr_3,pcb58,PCB,pcb,4928,3280,rec3-mask.png,rec3-annot.txt,True,True,True,128,2260,1126,3280,2361,0.04574896806699398,0.07807278468482737,2107,941,3433,2546,0.15,False,269c7c45a583cc2f9a75a7f599fa0c8e,False,False,False,pending_review,,False
PCBD0248,rec4.jpg,PCB DSLR Dataset,cvl_pcb_dslr_3,pcb58,PCB,pcb,4928,3280,rec4-mask.png,rec4-annot.txt,True,True,True,128,2155,1360,3310,2364,0.04579147034368071,0.07187524746594869,1982,1210,3483,2514,0.15,False,a24e48308abe64c787857edeb01e2371,False,False,False,pending_review,,False
PCBD0249,rec1.jpg,PCB DSLR Dataset,cvl_pcb_dslr_3,pcb59,PCB,pcb,4928,3280,rec1-mask.png,rec1-annot.txt,True,True,True,128,2185,1447,3190,1896,0.026857170078397212,0.028006958742477037,2035,1380,3340,1963,0.15,False,03d14fd205bc51289e8599f6e41517cb,False,False,False,pending_review,,False
PCBD0250,rec2.jpg,PCB DSLR Dataset,cvl_pcb_dslr_3,pcb59,PCB,pcb,4928,3280,rec2-mask.png,rec2-annot.txt,True,True,True,128,2341,949,2986,2004,0.026738943221412733,0.04220383275261324,2245,791,3082,2162,0.15,False,7d8b1a12045bfe0ad48ccf6d5ba0b0b4,False,False,False,pending_review,,False
PCBD0251,rec3.jpg,PCB DSLR Dataset,cvl_pcb_dslr_3,pcb59,PCB,pcb,4928,3280,rec3-mask.png,rec3-annot.txt,True,True,True,128,2212,1315,3223,1818,0.0266028988161229,0.03155487804878049,2061,1240,3374,1893,0.15,False,fa6529783705e49e85b9c08c5a6dc714,False,False,False,pending_review,,False
PCBD0252,rec4.jpg,PCB DSLR Dataset,cvl_pcb_dslr_3,pcb59,PCB,pcb,4928,3280,rec4-mask.png,rec4-annot.txt,True,True,True,128,2227,1171,3112,2214,0.026738757621951218,0.05722551076971809,2095,1015,3244,2370,0.15,False,0e5d755c06f9f272b39e9b246229bf3e,False,False,False,pending_review,,False
PCBD0253,rec5.jpg,PCB DSLR Dataset,cvl_pcb_dslr_3,pcb59,PCB,pcb,4928,3280,rec5-mask.png,rec5-annot.txt,True,True,True,128,2552,1189,3016,2196,0.026722981667722523,0.028998059866962307,2483,1038,3085,2347,0.15,False,c29ac7dd11221a0352f25bdc12281be2,False,False,False,pending_review,,False
PCBD0254,rec1.jpg,PCB DSLR Dataset,cvl_pcb_dslr_3,pcb60,PCB,pcb,4928,3280,rec1-mask.png,rec1-annot.txt,True,True,True,128,1771,1390,3364,2013,0.056843361478460565,0.061535872663921444,1532,1297,3603,2106,0.15,False,09d6dbb9a1a48bed9cd34f48b1823915,False,False,False,pending_review,,False
PCBD0255,rec2.jpg,PCB DSLR Dataset,cvl_pcb_dslr_3,pcb60,PCB,pcb,4928,3280,rec2-mask.png,rec2-annot.txt,True,True,True,128,2437,997,3091,2592,0.056486639313430474,0.06467398835920177,2339,758,3189,2831,0.15,False,7749a559361631076372fa731dcc579e,False,False,False,pending_review,,False
PCBD0256,rec3.jpg,PCB DSLR Dataset,cvl_pcb_dslr_3,pcb60,PCB,pcb,4928,3280,rec3-mask.png,rec3-annot.txt,True,True,True,128,2080,1081,3592,2568,0.05650761205258156,0.13928274469433005,1854,858,3818,2791,0.15,False,6ec3dd9e208050bdd96ac968d55ded66,False,False,False,pending_review,,False
PCBD0257,rec4.jpg,PCB DSLR Dataset,cvl_pcb_dslr_3,pcb60,PCB,pcb,4928,3280,rec4-mask.png,rec4-annot.txt,True,True,True,128,2032,1546,3610,2145,0.05647476094789357,0.05861230994615141,1796,1456,3846,2235,0.15,False,0c55e9c34c5d990f83623271f504f1cf,False,False,False,pending_review,,False
PCBD0258,rec5.jpg,PCB DSLR Dataset,cvl_pcb_dslr_3,pcb60,PCB,pcb,4928,3280,rec5-mask.png,rec5-annot.txt,True,True,True,128,2032,1543,3610,2145,0.05639847956921128,0.05890537149588217,1796,1453,3846,2235,0.15,False,d92c60400396cb43b8375def2a2bdc76,False,False,False,pending_review,,False
PCBD0259,rec1.jpg,PCB DSLR Dataset,cvl_pcb_dslr_4,pcb61,PCB,pcb,4928,3280,rec1-mask.png,rec1-annot.txt,True,True,True,128,1969,1435,2953,1734,0.017718252593443142,0.018281546959138424,1822,1390,3100,1779,0.15,False,4751e4f8ed2c9fc77cae9a6bc9c58b5e,False,False,False,pending_review,,False
PCBD0260,rec2.jpg,PCB DSLR Dataset,cvl_pcb_dslr_4,pcb61,PCB,pcb,4928,3280,rec2-mask.png,rec2-annot.txt,True,True,True,128,2110,1264,3124,1797,0.017631948843839087,0.03353225471175166,1958,1184,3276,1877,0.15,False,a3afd59ca72fd6ff9bfdd93f4c2f26b4,False,False,False,pending_review,,False
PCBD0261,rec3.jpg,PCB DSLR Dataset,cvl_pcb_dslr_4,pcb61,PCB,pcb,4928,3280,rec3-mask.png,rec3-annot.txt,True,True,True,128,2368,1093,3028,2094,0.017626195260532152,0.04097553551631296,2269,943,3127,2244,0.15,False,17f84b85b514cf14bc8250923c42b2c7,False,False,False,pending_review,,False
PCBD0262,rec4.jpg,PCB DSLR Dataset,cvl_pcb_dslr_4,pcb61,PCB,pcb,4928,3280,rec4-mask.png,rec4-annot.txt,True,True,True,128,2194,1156,3145,1956,0.01763491843522331,0.047176413525498895,2052,1036,3287,2076,0.15,False,97a93aeed41e5d9de90ebc5f700b1cde,False,False,False,pending_review,,False
PCBD0263,rec1.jpg,PCB DSLR Dataset,cvl_pcb_dslr_4,pcb62,PCB,pcb,4928,3280,rec1-mask.png,rec1-annot.txt,True,True,True,128,1213,1309,4114,1848,0.06960870684193855,0.096949734716503,778,1228,4549,1929,0.15,False,511f3684cb91c654084e1bbb4c498171,False,False,False,pending_review,,False
PCBD0264,rec2.jpg,PCB DSLR Dataset,cvl_pcb_dslr_4,pcb62,PCB,pcb,4928,3280,rec2-mask.png,rec2-annot.txt,True,True,True,128,2050,142,3229,3012,0.06970558976084891,0.20959004790940766,1873,0,3406,3279,0.15,False,ce5f55466af8e7e3f015f7e857b5e198,False,False,False,pending_review,,True
PCBD0265,rec3.jpg,PCB DSLR Dataset,cvl_pcb_dslr_4,pcb62,PCB,pcb,4928,3280,rec3-mask.png,rec3-annot.txt,True,True,True,128,1489,394,3907,2583,0.06966420108093127,0.3277445211038961,1127,66,4269,2911,0.15,False,55d1b7bbfc70024217385988f09405f3,False,False,False,pending_review,,False
PCBD0266,rec4.jpg,PCB DSLR Dataset,cvl_pcb_dslr_4,pcb62,PCB,pcb,4928,3280,rec4-mask.png,rec4-annot.txt,True,True,True,128,1255,679,4087,2130,0.06964508433639531,0.2544887848432056,831,462,4511,2347,0.15,False,8a1713eadd820856f78c41f184502d95,False,False,False,pending_review,,False
PCBD0267,rec1.jpg,PCB DSLR Dataset,cvl_pcb_dslr_4,pcb63,PCB,pcb,4928,3280,rec1-mask.png,rec1-annot.txt,True,True,True,128,1300,1540,4180,1977,0.05938737329743427,0.07806795909882801,868,1475,4612,2042,0.15,False,723709ebcb733ef675f1a733946f996b,False,False,False,pending_review,,False
PCBD0268,rec2.jpg,PCB DSLR Dataset,cvl_pcb_dslr_4,pcb63,PCB,pcb,4928,3280,rec2-mask.png,rec2-annot.txt,True,True,True,128,2017,214,2485,3102,0.059476089840038014,0.08382543999445677,1947,0,2555,3279,0.15,False,b36108d3ba439de91b0b31285b9c4c24,False,False,False,pending_review,,True
PCBD0269,rec3.jpg,PCB DSLR Dataset,cvl_pcb_dslr_4,pcb63,PCB,pcb,4928,3280,rec3-mask.png,rec3-annot.txt,True,True,True,128,1324,1006,4003,2637,0.059436371555273995,0.27058916693063034,922,762,4405,2881,0.15,False,108658a4b7df196df36b4ce8252e5c64,False,False,False,pending_review,,False
PCBD0270,rec4.jpg,PCB DSLR Dataset,cvl_pcb_dslr_4,pcb63,PCB,pcb,4928,3280,rec4-mask.png,rec4-annot.txt,True,True,True,128,1516,523,3766,2766,0.05942894757681343,0.31250272212543556,1179,187,4103,3102,0.15,False,3085551ab6b5dcc6afbad520ef909a61,False,False,False,pending_review,,False
PCBD0271,rec1.jpg,PCB DSLR Dataset,cvl_pcb_dslr_4,pcb64,PCB,pcb,4928,3280,rec1-mask.png,rec1-annot.txt,True,True,True,128,1144,1759,4111,2232,0.07650688202803295,0.08703575388026608,699,1688,4556,2303,0.15,False,d0910c341321538c20a2de01fda63a14,False,False,False,pending_review,,False
PCBD0272,rec2.jpg,PCB DSLR Dataset,cvl_pcb_dslr_4,pcb64,PCB,pcb,4928,3280,rec2-mask.png,rec2-annot.txt,True,True,True,128,2251,112,2887,3102,0.07684151785714285,0.1178721764135255,2156,0,2982,3279,0.15,False,be5d72eec59235de07f5742baf8d4b29,False,False,False,pending_review,,True
PCBD0273,rec3.jpg,PCB DSLR Dataset,cvl_pcb_dslr_4,pcb64,PCB,pcb,4928,3280,rec3-mask.png,rec3-annot.txt,True,True,True,128,1357,817,3802,3018,0.0765456723154894,0.33321859162179285,991,487,4168,3279,0.15,False,5d57a31d6a73796a922db38e8d7784ac,False,False,False,pending_review,,True
PCBD0274,rec4.jpg,PCB DSLR Dataset,cvl_pcb_dslr_4,pcb64,PCB,pcb,4928,3280,rec4-mask.png,rec4-annot.txt,True,True,True,128,1237,658,3925,2565,0.0763970071468166,0.3174129414792525,834,372,4328,2851,0.15,False,ac9d8959e2e6acadc57047b9df4f76bd,False,False,False,pending_review,,False
PCBD0275,rec1.jpg,PCB DSLR Dataset,cvl_pcb_dslr_4,pcb65,PCB,pcb,4928,3280,rec1-mask.png,rec1-annot.txt,True,True,True,128,1042,1504,3979,1764,0.038702498911149824,0.047440335959771936,602,1465,4419,1803,0.15,False,5c5a5ee7807be717f6f5004109828adf,False,False,False,pending_review,,False
PCBD0276,rec2.jpg,PCB DSLR Dataset,cvl_pcb_dslr_4,pcb65,PCB,pcb,4928,3280,rec2-mask.png,rec2-annot.txt,True,True,True,128,1237,916,3781,2688,0.038731823626069056,0.2791592220660437,856,651,4162,2953,0.15,False,d7e1201541cb188196d1bc9d3a84d219,False,False,False,pending_review,,False
PCBD0277,rec3.jpg,PCB DSLR Dataset,cvl_pcb_dslr_4,pcb65,PCB,pcb,4928,3280,rec3-mask.png,rec3-annot.txt,True,True,True,128,1171,955,3955,2235,0.038694146935381694,0.22071395163525498,754,763,4372,2427,0.15,False,b250a7550b284599c1b40e9f59008894,False,False,False,pending_review,,False
PCBD0278,rec1.jpg,PCB DSLR Dataset,cvl_pcb_dslr_4,pcb66,PCB,pcb,4928,3280,rec1-mask.png,rec1-annot.txt,True,True,True,128,2179,1228,3208,2124,0.05416479004988913,0.05715906616249604,2025,1094,3362,2258,0.15,False,dfffa2d805a42c39188ee922ed253335,False,False,False,pending_review,,False
PCBD0279,rec2.jpg,PCB DSLR Dataset,cvl_pcb_dslr_4,pcb66,PCB,pcb,4928,3280,rec2-mask.png,rec2-annot.txt,True,True,True,128,1993,1198,3106,2199,0.054201909942191956,0.06905710524231866,1826,1048,3273,2349,0.15,False,d5fdf4b75cfc30714515692c5451f445,False,False,False,pending_review,,False
PCBD0280,rec3.jpg,PCB DSLR Dataset,cvl_pcb_dslr_4,pcb66,PCB,pcb,4928,3280,rec3-mask.png,rec3-annot.txt,True,True,True,128,2158,799,3028,1803,0.054154025281121315,0.054155138877890405,2028,649,3158,1953,0.15,False,54cf35e98ac5e7f61995dc07244d1666,False,False,False,pending_review,,False
PCBD0281,rec4.jpg,PCB DSLR Dataset,cvl_pcb_dslr_4,pcb66,PCB,pcb,4928,3280,rec4-mask.png,rec4-annot.txt,True,True,True,128,1810,946,3136,2256,0.05419040277557808,0.10762894213256256,1611,750,3335,2452,0.15,False,4dcf357b5837cc1f65d7ae5d2845ae23,False,False,False,pending_review,,False
PCBD0282,rec1.jpg,PCB DSLR Dataset,cvl_pcb_dslr_4,pcb67,PCB,pcb,4928,3280,rec1-mask.png,rec1-annot.txt,True,True,True,128,1084,1024,4348,1809,0.0699806481628128,0.15876734736300285,595,907,4837,1926,0.15,False,20c89bf5e20028b0ed4a1cf810e08a6d,False,False,False,pending_review,,False
PCBD0283,rec2.jpg,PCB DSLR Dataset,cvl_pcb_dslr_4,pcb67,PCB,pcb,4928,3280,rec2-mask.png,rec2-annot.txt,True,True,True,128,1141,1189,4384,1647,0.07003818399588217,0.09211895193221413,655,1121,4870,1715,0.15,False,3e37151e6f007b3be192131bc4c099e8,False,False,False,pending_review,,False
PCBD0284,rec3.jpg,PCB DSLR Dataset,cvl_pcb_dslr_4,pcb67,PCB,pcb,4928,3280,rec3-mask.png,rec3-annot.txt,True,True,True,128,1621,94,3592,3045,0.07004876316518847,0.3601461038961039,1326,0,3887,3279,0.15,False,1be925911dacac76f653bb6699c576f0,False,False,False,pending_review,,True
PCBD0285,rec1.jpg,PCB DSLR Dataset,cvl_pcb_dslr_4,pcb68,PCB,pcb,4928,3280,rec1-mask.png,rec1-annot.txt,True,True,True,128,1066,1534,4063,2001,0.05836119387472284,0.08680264095660437,617,1464,4512,2071,0.15,False,fa30783af095b70875aadaa1c0476e88,False,False,False,pending_review,,False
PCBD0286,rec2.jpg,PCB DSLR Dataset,cvl_pcb_dslr_4,pcb68,PCB,pcb,4928,3280,rec2-mask.png,rec2-annot.txt,True,True,True,128,1330,904,4018,2514,0.058304029240576496,0.2680043232301235,927,663,4421,2755,0.15,False,968f14187dadea20f7aca568dab35c82,False,False,False,pending_review,,False
PCBD0287,rec3.jpg,PCB DSLR Dataset,cvl_pcb_dslr_4,pcb68,PCB,pcb,4928,3280,rec3-mask.png,rec3-annot.txt,True,True,True,128,1345,1063,4201,2358,0.05828732528904023,0.2290713097877732,917,869,4629,2552,0.15,False,336a5ce9ca19f1152a4004a85bcccc24,False,False,False,pending_review,,False
PCBD0288,rec4.jpg,PCB DSLR Dataset,cvl_pcb_dslr_4,pcb68,PCB,pcb,4928,3280,rec4-mask.png,rec4-annot.txt,True,True,True,128,1291,1342,4279,1800,0.05832147558995882,0.08487778894124169,843,1274,4727,1868,0.15,False,c4c4ef4b6337800d202c24feff3632a4,False,False,False,pending_review,,False
PCBD0289,rec5.jpg,PCB DSLR Dataset,cvl_pcb_dslr_4,pcb68,PCB,pcb,4928,3280,rec5-mask.png,rec5-annot.txt,True,True,True,128,1477,898,4294,2292,0.05845529280171048,0.24320396638422553,1055,689,4716,2501,0.15,False,6b9059d30b9de953a0bc8daff37d8018,False,False,False,pending_review,,False
PCBD0290,rec1.jpg,PCB DSLR Dataset,cvl_pcb_dslr_4,pcb69,PCB,pcb,4928,3280,rec1-mask.png,rec1-annot.txt,True,True,True,128,1237,1207,4207,1884,0.0910268847006652,0.12462001603579348,792,1106,4652,1985,0.15,False,7f4c796b3a9ab952690094762134aaad,False,False,False,pending_review,,False
PCBD0291,rec2.jpg,PCB DSLR Dataset,cvl_pcb_dslr_4,pcb69,PCB,pcb,4928,3280,rec2-mask.png,rec2-annot.txt,True,True,True,128,1243,694,4114,2538,0.09012728411070636,0.32782061688311687,813,418,4544,2814,0.15,False,73de8b29ab44b9d81c463b6a9815e1a7,False,False,False,pending_review,,False
PCBD0292,rec3.jpg,PCB DSLR Dataset,cvl_pcb_dslr_4,pcb69,PCB,pcb,4928,3280,rec3-mask.png,rec3-annot.txt,True,True,True,128,1318,1102,4177,2652,0.0902911684352233,0.27443107578397213,889,870,4606,2884,0.15,False,eab420c6ac5610c79beaf48249589af2,False,False,False,pending_review,,False
PCBD0293,rec1.jpg,PCB DSLR Dataset,cvl_pcb_dslr_4,pcb70,PCB,pcb,4928,3280,rec1-mask.png,rec1-annot.txt,True,True,True,128,1057,1489,4300,1926,0.06918238487884067,0.08790435936015205,571,1424,4786,1991,0.15,False,b0b066501164c975605a5a010a639d2c,False,False,False,pending_review,,False
PCBD0294,rec2.jpg,PCB DSLR Dataset,cvl_pcb_dslr_4,pcb70,PCB,pcb,4928,3280,rec2-mask.png,rec2-annot.txt,True,True,True,128,1153,1399,4399,1872,0.06957845412971175,0.09521734934273043,666,1328,4886,1943,0.15,False,262d993ccc09820e74b8ae06c096d696,False,False,False,pending_review,,False
PCBD0295,rec3.jpg,PCB DSLR Dataset,cvl_pcb_dslr_4,pcb70,PCB,pcb,4928,3280,rec3-mask.png,rec3-annot.txt,True,True,True,128,1333,811,4423,2481,0.0696278235864745,0.3195441800958188,870,561,4886,2731,0.15,False,326ca0abef6671e7fee5632a562c13c5,False,False,False,pending_review,,False
PCBD0296,rec1.jpg,PCB DSLR Dataset,cvl_pcb_dslr_4,pcb71,PCB,pcb,4928,3280,rec1-mask.png,rec1-annot.txt,True,True,True,128,1171,1645,3922,2208,0.06106909001821349,0.09602470700031676,759,1561,4334,2292,0.15,False,821cb4e5997ef932b05af556be503bcb,False,False,False,pending_review,,False
PCBD0297,rec2.jpg,PCB DSLR Dataset,cvl_pcb_dslr_4,pcb71,PCB,pcb,4928,3280,rec2-mask.png,rec2-annot.txt,True,True,True,128,1312,1174,3832,2499,0.06091058807808045,0.20681013917484953,934,976,4210,2697,0.15,False,c7a932342a36aa4d56f3fa31cfb5dbb2,False,False,False,pending_review,,False
PCBD0298,rec3.jpg,PCB DSLR Dataset,cvl_pcb_dslr_4,pcb71,PCB,pcb,4928,3280,rec3-mask.png,rec3-annot.txt,True,True,True,128,1489,1369,4075,2643,0.06097443429284131,0.20406196794821033,1101,1178,4463,2834,0.15,False,6b4b7c9c14fdb73495a9e7e1cc0f69b0,False,False,False,pending_review,,False
PCBD0299,rec4.jpg,PCB DSLR Dataset,cvl_pcb_dslr_4,pcb71,PCB,pcb,4928,3280,rec4-mask.png,rec4-annot.txt,True,True,True,128,2185,385,3007,3108,0.06124151191796009,0.13869550799809946,2062,0,3130,3279,0.15,False,5f990b47fcd5ab7044e006eb98815bda,False,False,False,pending_review,,True
PCBD0300,rec5.jpg,PCB DSLR Dataset,cvl_pcb_dslr_4,pcb71,PCB,pcb,4928,3280,rec5-mask.png,rec5-annot.txt,True,True,True,128,1579,763,3850,2556,0.06086270341700982,0.25216582198289517,1239,494,4190,2825,0.15,False,0300b929539e7d0a76dcc7e4987be6c3,False,False,False,pending_review,,False
PCBD0301,rec1.jpg,PCB DSLR Dataset,cvl_pcb_dslr_4,pcb72,PCB,pcb,4928,3280,rec1-mask.png,rec1-annot.txt,True,True,True,128,1057,1483,4312,1995,0.06986000851282863,0.10333732578397213,569,1407,4800,2071,0.15,False,f11f2dd30cdc157eacffa61d7afab708,False,False,False,pending_review,,False
PCBD0302,rec2.jpg,PCB DSLR Dataset,cvl_pcb_dslr_4,pcb72,PCB,pcb,4928,3280,rec2-mask.png,rec2-annot.txt,True,True,True,128,1054,1483,4312,1995,0.06985666772252139,0.10343253830772886,566,1407,4800,2071,0.15,False,f31773793cea019edca4ec8b9eff2d10,False,False,False,pending_review,,False
PCBD0303,rec3.jpg,PCB DSLR Dataset,cvl_pcb_dslr_4,pcb72,PCB,pcb,4928,3280,rec3-mask.png,rec3-annot.txt,True,True,True,128,1171,907,4237,2640,0.06982363101837187,0.32901699101203674,711,647,4697,2900,0.15,False,35d176a7dbd1e224fbf32e9f1b71fd73,False,False,False,pending_review,,False
PCBD0304,rec1.jpg,PCB DSLR Dataset,cvl_pcb_dslr_4,pcb73,PCB,pcb,4928,3280,rec1-mask.png,rec1-annot.txt,True,True,True,128,1060,1267,4069,1842,0.06542529497941084,0.10726164079822616,609,1181,4520,1928,0.15,False,e0ca2a2ba61ebe50e34bced4374f2e9c,False,False,False,pending_review,,False
PCBD0305,rec2.jpg,PCB DSLR Dataset,cvl_pcb_dslr_4,pcb73,PCB,pcb,4928,3280,rec2-mask.png,rec2-annot.txt,True,True,True,128,1288,853,4072,2487,0.06542510937994932,0.2817075026726322,871,608,4489,2732,0.15,False,d661491a2a3fd70ad8be35fa3c2fed40,False,False,False,pending_review,,False
PCBD0306,rec3.jpg,PCB DSLR Dataset,cvl_pcb_dslr_4,pcb73,PCB,pcb,4928,3280,rec3-mask.png,rec3-annot.txt,True,True,True,128,1279,1021,4156,2352,0.06540450783972125,0.2371649311054799,848,822,4587,2551,0.15,False,cc74c325f097c7fb7b5e3e6085f5926f,False,False,False,pending_review,,False
PCBD0307,rec4.jpg,PCB DSLR Dataset,cvl_pcb_dslr_4,pcb73,PCB,pcb,4928,3280,rec4-mask.png,rec4-annot.txt,True,True,True,128,2122,193,3550,3060,0.06546779725609755,0.25355187876148244,1908,0,3764,3279,0.15,False,b1f7eb83ae54a54e0f3f869970562581,False,False,False,pending_review,,True
PCBD0308,rec5.jpg,PCB DSLR Dataset,cvl_pcb_dslr_4,pcb73,PCB,pcb,4928,3280,rec5-mask.png,rec5-annot.txt,True,True,True,128,1834,202,4024,2601,0.06547781962701932,0.3253187361419069,1506,0,4352,2961,0.15,False,b3229df34ec126262c67928fbfe5338b,False,False,False,pending_review,,True
PCBD0309,rec1.jpg,PCB DSLR Dataset,cvl_pcb_dslr_4,pcb74,PCB,pcb,4928,3280,rec1-mask.png,rec1-annot.txt,True,True,True,128,1126,1102,3928,2055,0.06513761581406398,0.1654348224184352,706,959,4348,2198,0.15,False,92ba6b13e359d2c0ea610ab7ce4da3a7,False,False,False,pending_review,,False
PCBD0310,rec2.jpg,PCB DSLR Dataset,cvl_pcb_dslr_4,pcb74,PCB,pcb,4928,3280,rec2-mask.png,rec2-annot.txt,True,True,True,128,1501,673,3910,2538,0.06497818587662338,0.2782173047988597,1140,394,4271,2817,0.15,False,78ce6ada536b785399326c819a1564a3,False,False,False,pending_review,,False
PCBD0311,rec3.jpg,PCB DSLR Dataset,cvl_pcb_dslr_4,pcb74,PCB,pcb,4928,3280,rec3-mask.png,rec3-annot.txt,True,True,True,128,1459,697,3970,2187,0.06508694716107064,0.23171424611973393,1083,474,4346,2410,0.15,False,5387949e5ec366e5750f6bdade7a3435,False,False,False,pending_review,,False
PCBD0312,rec4.jpg,PCB DSLR Dataset,cvl_pcb_dslr_4,pcb74,PCB,pcb,4928,3280,rec4-mask.png,rec4-annot.txt,True,True,True,128,2173,238,2770,3072,0.06530669692350333,0.1048841116962306,2084,0,2859,3279,0.15,False,f7a3988f3c04b437eae6a47211c7c6f0,False,False,False,pending_review,,True
PCBD0313,rec1.jpg,PCB DSLR Dataset,cvl_pcb_dslr_4,pcb75,PCB,pcb,4928,3280,rec1-mask.png,rec1-annot.txt,True,True,True,128,1216,1318,4201,1836,0.056851527854767187,0.09587659863002851,769,1241,4648,1913,0.15,False,d379d54c2204a38cd63f38cd7dce3c9f,False,False,False,pending_review,,False
PCBD0314,rec2.jpg,PCB DSLR Dataset,cvl_pcb_dslr_4,pcb75,PCB,pcb,4928,3280,rec2-mask.png,rec2-annot.txt,True,True,True,128,1291,1306,4261,1719,0.05682424473392461,0.07609540802185619,846,1244,4706,1781,0.15,False,ee6e613539ea43418b7e01449ad2299d,False,False,False,pending_review,,False
PCBD0315,rec3.jpg,PCB DSLR Dataset,cvl_pcb_dslr_4,pcb75,PCB,pcb,4928,3280,rec3-mask.png,rec3-annot.txt,True,True,True,128,1645,184,3394,2862,0.056703419484478934,0.290045558481153,1383,0,3656,3263,0.15,False,d5e3385daa69d74bdb33ab0c56d2298c,False,False,False,pending_review,,True
PCBD0316,rec4.jpg,PCB DSLR Dataset,cvl_pcb_dslr_4,pcb75,PCB,pcb,4928,3280,rec4-mask.png,rec4-annot.txt,True,True,True,128,1642,718,4216,2643,0.05670546107855559,0.30682374980202726,1256,430,4602,2931,0.15,False,e576863d5a3a8a9fd00a357284ea86f4,False,False,False,pending_review,,False
PCBD0317,rec1.jpg,PCB DSLR Dataset,cvl_pcb_dslr_4,pcb76,PCB,pcb,4928,3280,rec1-mask.png,rec1-annot.txt,True,True,True,128,1114,1294,3961,1755,0.045538312678175485,0.08140243902439025,687,1225,4388,1824,0.15,False,d54d23a863d75ae513ccf114e0c88cb3,False,False,False,pending_review,,False
PCBD0318,rec2.jpg,PCB DSLR Dataset,cvl_pcb_dslr_4,pcb76,PCB,pcb,4928,3280,rec2-mask.png,rec2-annot.txt,True,True,True,128,1288,781,3928,2265,0.045379810738042446,0.2426332480400697,892,559,4324,2487,0.15,False,6c08c073de7c38a8327408ff3cb2c54f,False,False,False,pending_review,,False
PCBD0319,rec3.jpg,PCB DSLR Dataset,cvl_pcb_dslr_4,pcb76,PCB,pcb,4928,3280,rec3-mask.png,rec3-annot.txt,True,True,True,128,1408,670,3805,2562,0.045359394797275895,0.2808375979965157,1049,387,4164,2845,0.15,False,f1a3b5fac5ad3cfda6ccb1ee1b721679,False,False,False,pending_review,,False
PCBD0320,rec4.jpg,PCB DSLR Dataset,cvl_pcb_dslr_4,pcb76,PCB,pcb,4928,3280,rec4-mask.png,rec4-annot.txt,True,True,True,128,1294,715,3871,2271,0.04539020430788723,0.24832873871555275,908,482,4257,2504,0.15,False,b28f781ffcf1aa664406c2473960fde5,False,False,False,pending_review,,False
PCBD0321,rec5.jpg,PCB DSLR Dataset,cvl_pcb_dslr_4,pcb76,PCB,pcb,4928,3280,rec5-mask.png,rec5-annot.txt,True,True,True,128,1879,97,2962,2877,0.045538312678175485,0.18650295969274627,1717,0,3124,3279,0.15,False,3b79ff7f15bdd5942624dd9fa003b68c,False,False,False,pending_review,,True
PCBD0322,rec1.jpg,PCB DSLR Dataset,cvl_pcb_dslr_4,pcb77,PCB,pcb,4928,3280,rec1-mask.png,rec1-annot.txt,True,True,True,128,946,1459,4531,1731,0.040155371495882164,0.06056592987804878,409,1419,4927,1771,0.15,False,9716dc566ae32c816409290bd54139b6,False,False,False,pending_review,,True
PCBD0323,rec2.jpg,PCB DSLR Dataset,cvl_pcb_dslr_4,pcb77,PCB,pcb,4928,3280,rec2-mask.png,rec2-annot.txt,True,True,True,128,1153,505,4285,2508,0.04000633512828635,0.388430719433006,684,205,4754,2808,0.15,False,1d5228e53242f95a99e08bc53459368a,False,False,False,pending_review,,False
PCBD0324,rec3.jpg,PCB DSLR Dataset,cvl_pcb_dslr_4,pcb77,PCB,pcb,4928,3280,rec3-mask.png,rec3-annot.txt,True,True,True,128,1438,274,4381,2562,0.04001116071428571,0.4169068736141907,997,0,4822,2905,0.15,False,d631e4bdfa4c5ec1f79d4691c7fca513,False,False,False,pending_review,,True
PCBD0325,rec1.jpg,PCB DSLR Dataset,cvl_pcb_dslr_4,pcb78,PCB,pcb,4928,3280,rec1-mask.png,rec1-annot.txt,True,True,True,128,1123,1468,4093,2196,0.038671875,0.1339940880384859,678,1359,4538,2305,0.15,False,383eab4ddf825768533240a6b52e77aa,False,False,False,pending_review,,False
PCBD0326,rec2.jpg,PCB DSLR Dataset,cvl_pcb_dslr_4,pcb78,PCB,pcb,4928,3280,rec2-mask.png,rec2-annot.txt,True,True,True,128,1291,886,3841,2730,0.0386271455297751,0.2911804991883117,909,610,4223,3006,0.15,False,b9d85c2844b91df9f511915036ebc48c,False,False,False,pending_review,,False
PCBD0327,rec3.jpg,PCB DSLR Dataset,cvl_pcb_dslr_4,pcb78,PCB,pcb,4928,3280,rec3-mask.png,rec3-annot.txt,True,True,True,128,2245,139,2485,3129,0.038792514649984164,0.044595281814222364,2209,0,2521,3279,0.15,False,1b1094dbcc76fa4547b12d924f5399ae,False,False,False,pending_review,,True
PCBD0328,rec1.jpg,PCB DSLR Dataset,cvl_pcb_dslr_4,pcb79,PCB,pcb,4928,3280,rec1-mask.png,rec1-annot.txt,True,True,True,128,1057,1351,4192,1680,0.04262941231786506,0.06402439024390244,587,1302,4662,1729,0.15,False,c0946142b14f9abe92cae4bb5e98dcc7,False,False,False,pending_review,,False
PCBD0329,rec2.jpg,PCB DSLR Dataset,cvl_pcb_dslr_4,pcb79,PCB,pcb,4928,3280,rec2-mask.png,rec2-annot.txt,True,True,True,128,1546,652,4000,2844,0.04242952169781438,0.33307772163050364,1178,324,4368,3172,0.15,False,992c28ae4cc2756e70c810580b536ff6,False,False,False,pending_review,,False
PCBD0330,rec3.jpg,PCB DSLR Dataset,cvl_pcb_dslr_4,pcb79,PCB,pcb,4928,3280,rec3-mask.png,rec3-annot.txt,True,True,True,128,1288,847,4240,2169,0.042453278428888186,0.2417011675443459,846,649,4682,2367,0.15,False,c39ae54e73a5b822ac1a67b2fa264bfb,False,False,False,pending_review,,False
PCBD0331,rec1.jpg,PCB DSLR Dataset,cvl_pcb_dslr_4,pcb80,PCB,pcb,4928,3280,rec1-mask.png,rec1-annot.txt,True,True,True,128,1111,1426,4090,1668,0.03830661525974026,0.04479999802027241,664,1390,4537,1704,0.15,False,5759b8fe54d3bb7bba4eb1b30df19f8e,False,False,False,pending_review,,False
PCBD0332,rec2.jpg,PCB DSLR Dataset,cvl_pcb_dslr_4,pcb80,PCB,pcb,4928,3280,rec2-mask.png,rec2-annot.txt,True,True,True,128,1906,169,3643,2802,0.03825594660674691,0.28321809668989545,1646,0,3903,3197,0.15,False,c27684157a899506e8647a457df7d9dd,False,False,False,pending_review,,True
PCBD0333,rec3.jpg,PCB DSLR Dataset,cvl_pcb_dslr_4,pcb80,PCB,pcb,4928,3280,rec3-mask.png,rec3-annot.txt,True,True,True,128,1909,235,3397,2994,0.03830271767104847,0.25424899033892934,1686,0,3620,3279,0.15,False,5914b127ebf0f2207598c70b7dcfea8f,False,False,False,pending_review,,True
PCBD0334,rec1.jpg,PCB DSLR Dataset,cvl_pcb_dslr_5,pcb100,PCB,pcb,4928,3280,rec1-mask.png,rec1-annot.txt,True,True,True,128,1720,673,3994,2592,0.22296545870288248,0.27023281596452325,1379,385,4335,2880,0.15,False,68de3f28d63716d58967648abf2d904e,False,False,False,pending_review,,False
PCBD0335,rec2.jpg,PCB DSLR Dataset,cvl_pcb_dslr_5,pcb100,PCB,pcb,4928,3280,rec2-mask.png,rec2-annot.txt,True,True,True,128,1750,271,4279,2928,0.22347808441558442,0.41603604094076657,1371,0,4658,3279,0.15,False,0890e4fe76f1d8d5720422062a355820,False,False,False,pending_review,,True
PCBD0336,rec3.jpg,PCB DSLR Dataset,cvl_pcb_dslr_5,pcb100,PCB,pcb,4928,3280,rec3-mask.png,rec3-annot.txt,True,True,True,128,1750,112,4543,2988,0.2235792361221096,0.49730373475609757,1331,0,4927,3279,0.15,False,0632c059f5e33571c96c6051d5dd2d10,False,False,False,pending_review,,True
PCBD0337,rec4.jpg,PCB DSLR Dataset,cvl_pcb_dslr_5,pcb100,PCB,pcb,4928,3280,rec4-mask.png,rec4-annot.txt,True,True,True,128,1867,220,4429,2445,0.22330436331960724,0.35296303353658537,1483,0,4813,2778,0.15,False,df1ef2fd37c2078d388f5db34122c644,False,False,False,pending_review,,True
PCBD0338,rec5.jpg,PCB DSLR Dataset,cvl_pcb_dslr_5,pcb100,PCB,pcb,4928,3280,rec5-mask.png,rec5-annot.txt,True,True,True,128,2179,484,4096,2763,0.22290940766550524,0.270544623059867,1892,142,4383,3105,0.15,False,6a3a9680ba68a7a1ee461f1579e15347,False,False,False,pending_review,,False
PCBD0339,rec1.jpg,PCB DSLR Dataset,cvl_pcb_dslr_5,pcb81,PCB,pcb,4928,3280,rec1-mask.png,rec1-annot.txt,True,True,True,128,1708,835,4390,2778,0.30582466790069684,0.3226802541970225,1306,544,4792,3069,0.15,False,3a7a7441ff2be1316b7391caed4a184c,False,False,False,pending_review,,False
PCBD0340,rec2.jpg,PCB DSLR Dataset,cvl_pcb_dslr_5,pcb81,PCB,pcb,4928,3280,rec2-mask.png,rec2-annot.txt,True,True,True,128,1735,124,4177,3162,0.3064635012472284,0.45931393777716184,1369,0,4543,3279,0.15,False,2c867f3729c9fedf43aeccb18b4ee4b6,False,False,False,pending_review,,True
PCBD0341,rec3.jpg,PCB DSLR Dataset,cvl_pcb_dslr_5,pcb81,PCB,pcb,4928,3280,rec3-mask.png,rec3-annot.txt,True,True,True,128,1624,55,4498,3237,0.3063745991051631,0.5661479574160595,1193,0,4927,3279,0.15,False,cb40f40316558b12f0522ac743826aa2,False,False,False,pending_review,,True
PCBD0342,rec4.jpg,PCB DSLR Dataset,cvl_pcb_dslr_5,pcb81,PCB,pcb,4928,3280,rec4-mask.png,rec4-annot.txt,True,True,True,128,1534,217,4663,2820,0.30582225510769717,0.5042440410199557,1065,0,4927,3210,0.15,False,07246bdd8d2b0a837d928c8179d323ff,False,False,False,pending_review,,True
PCBD0343,rec5.jpg,PCB DSLR Dataset,cvl_pcb_dslr_5,pcb81,PCB,pcb,4928,3280,rec5-mask.png,rec5-annot.txt,True,True,True,128,2086,382,4033,3066,0.3044799998020272,0.3235852371713652,1794,0,4325,3279,0.15,False,94e744ba52efc60f01d0f6ced0cfd283,False,False,False,pending_review,,True
PCBD0344,rec1.jpg,PCB DSLR Dataset,cvl_pcb_dslr_5,pcb82,PCB,pcb,4928,3280,rec1-mask.png,rec1-annot.txt,True,True,True,128,1777,1183,3973,2442,0.16643241952407348,0.17126004711751663,1448,994,4302,2631,0.15,False,c6bd103ca2c8d303f5af5efb032ad154,False,False,False,pending_review,,False
PCBD0345,rec2.jpg,PCB DSLR Dataset,cvl_pcb_dslr_5,pcb82,PCB,pcb,4928,3280,rec2-mask.png,rec2-annot.txt,True,True,True,128,1792,553,3865,3048,0.16663991972204625,0.320264491605955,1481,179,4176,3279,0.15,False,4470cdb1ed90400f46286b6c4685b2e8,False,False,False,pending_review,,True
PCBD0346,rec3.jpg,PCB DSLR Dataset,cvl_pcb_dslr_5,pcb82,PCB,pcb,4928,3280,rec3-mask.png,rec3-annot.txt,True,True,True,128,1987,652,4249,3138,0.16653951041336712,0.34818960098590435,1648,279,4588,3279,0.15,False,f7da5cc3e3ca26f11e852610f001bca7,False,False,False,pending_review,,True
PCBD0347,rec4.jpg,PCB DSLR Dataset,cvl_pcb_dslr_5,pcb82,PCB,pcb,4928,3280,rec4-mask.png,rec4-annot.txt,True,True,True,128,1885,1147,4369,3174,0.1655059070121951,0.3117811114190687,1513,843,4741,3279,0.15,False,f56f3ac62859bc3d46ccaeabe27eb219,False,False,False,pending_review,,True
PCBD0348,rec5.jpg,PCB DSLR Dataset,cvl_pcb_dslr_5,pcb82,PCB,pcb,4928,3280,rec5-mask.png,rec5-annot.txt,True,True,True,128,2023,406,4048,2901,0.1655753212108014,0.3128523915109281,1720,32,4351,3275,0.15,False,9f31ee1b8155579dc407e774ae896b4d,False,False,False,pending_review,,False
PCBD0349,rec1.jpg,PCB DSLR Dataset,cvl_pcb_dslr_5,pcb83,PCB,pcb,4928,3280,rec1-mask.png,rec1-annot.txt,True,True,True,128,2251,1450,4036,2481,0.10824271955178967,0.11402933956287614,1984,1296,4303,2635,0.15,False,3410253b950d0dbf9290c4718d98ec93,False,False,False,pending_review,,False
PCBD0350,rec2.jpg,PCB DSLR Dataset,cvl_pcb_dslr_5,pcb83,PCB,pcb,4928,3280,rec2-mask.png,rec2-annot.txt,True,True,True,128,2458,781,3931,2763,0.10801888660120368,0.1808321537456446,2237,484,4152,3060,0.15,False,f778eac9d704d3a89197b0597d6638e0,False,False,False,pending_review,,False
PCBD0351,rec3.jpg,PCB DSLR Dataset,cvl_pcb_dslr_5,pcb83,PCB,pcb,4928,3280,rec3-mask.png,rec3-annot.txt,True,True,True,128,2272,784,3946,2772,0.10781862478222996,0.20611284199794108,2021,486,4197,3070,0.15,False,28993e50913ed9e1f1a64d9972167ebe,False,False,False,pending_review,,False
PCBD0352,rec4.jpg,PCB DSLR Dataset,cvl_pcb_dslr_5,pcb83,PCB,pcb,4928,3280,rec4-mask.png,rec4-annot.txt,True,True,True,128,2200,1276,3979,2286,0.1080032962464365,0.11133369298384542,1933,1125,4246,2437,0.15,False,76d816401064c90d09e5a7d69112dc4e,False,False,False,pending_review,,False
PCBD0353,rec5.jpg,PCB DSLR Dataset,cvl_pcb_dslr_5,pcb83,PCB,pcb,4928,3280,rec5-mask.png,rec5-annot.txt,True,True,True,128,2296,616,3784,2616,0.10819984607617991,0.18433051799572378,2073,316,4007,2916,0.15,False,a1b97449d5ff6b6d1f9144d257554a25,False,False,False,pending_review,,False
PCBD0354,rec1.jpg,PCB DSLR Dataset,cvl_pcb_dslr_5,pcb84,PCB,pcb,4928,3280,rec1-mask.png,rec1-annot.txt,True,True,True,128,2038,973,4183,2778,0.22279619199398162,0.23977445953436807,1717,703,4504,3048,0.15,False,714bcce7d5f0e42aa3b102b974beefd9,False,False,False,pending_review,,False
PCBD0355,rec2.jpg,PCB DSLR Dataset,cvl_pcb_dslr_5,pcb84,PCB,pcb,4928,3280,rec2-mask.png,rec2-annot.txt,True,True,True,128,1903,397,4354,3042,0.22329675374168514,0.40138927383592016,1536,1,4721,3279,0.15,False,bc702ed481d3b1ea575dffb943247ddf,False,False,False,pending_review,,True
PCBD0356,rec3.jpg,PCB DSLR Dataset,cvl_pcb_dslr_5,pcb84,PCB,pcb,4928,3280,rec3-mask.png,rec3-annot.txt,True,True,True,128,2059,325,4201,2769,0.2231998708227748,0.32415781151013623,1738,0,4522,3135,0.15,False,2320e4d98179436feb9ce89f9c18a9d3,False,False,False,pending_review,,True
PCBD0357,rec4.jpg,PCB DSLR Dataset,cvl_pcb_dslr_5,pcb84,PCB,pcb,4928,3280,rec4-mask.png,rec4-annot.txt,True,True,True,128,1789,523,4405,2868,0.22250647123455813,0.3798281843918277,1397,172,4797,3219,0.15,False,f780f5911c5979150e6188d3809a8b1e,False,False,False,pending_review,,False
PCBD0358,rec5.jpg,PCB DSLR Dataset,cvl_pcb_dslr_5,pcb84,PCB,pcb,4928,3280,rec5-mask.png,rec5-annot.txt,True,True,True,128,1789,349,4414,3012,0.2215422820319924,0.4327971571111815,1396,0,4807,3279,0.15,False,9b601914823200943622946ac9ed8b2b,False,False,False,pending_review,,True
PCBD0359,rec1.jpg,PCB DSLR Dataset,cvl_pcb_dslr_5,pcb85,PCB,pcb,4928,3280,rec1-mask.png,rec1-annot.txt,True,True,True,128,1966,733,4087,2940,0.21382988200823566,0.2898677541970225,1648,402,4405,3271,0.15,False,bd47b4ea942ac13f12816237b320e0c9,False,False,False,pending_review,,False
PCBD0360,rec2.jpg,PCB DSLR Dataset,cvl_pcb_dslr_5,pcb85,PCB,pcb,4928,3280,rec2-mask.png,rec2-annot.txt,True,True,True,128,2047,379,4435,3048,0.21442083069369655,0.3946234310658853,1689,0,4793,3279,0.15,False,3a2b1097e28aa9f63ba944a6ceb381cd,False,False,False,pending_review,,True
PCBD0361,rec3.jpg,PCB DSLR Dataset,cvl_pcb_dslr_5,pcb85,PCB,pcb,4928,3280,rec3-mask.png,rec3-annot.txt,True,True,True,128,1681,439,4444,2592,0.21469496109835287,0.36833178254672155,1267,116,4858,2915,0.15,False,20b8b092bf8435c4f47bfb00c16b190b,False,False,False,pending_review,,False
PCBD0362,rec4.jpg,PCB DSLR Dataset,cvl_pcb_dslr_5,pcb85,PCB,pcb,4928,3280,rec4-mask.png,rec4-annot.txt,True,True,True,128,1924,298,4411,2625,0.2146389100609756,0.3583346531517263,1551,0,4784,2974,0.15,False,efe5751c497a27951f90268d28d564f2,False,False,False,pending_review,,True
PCBD0363,rec5.jpg,PCB DSLR Dataset,cvl_pcb_dslr_5,pcb85,PCB,pcb,4928,3280,rec5-mask.png,rec5-annot.txt,True,True,True,128,1984,202,4273,3042,0.21444996980915426,0.40249656022331326,1641,0,4616,3279,0.15,False,6d6d83d555f481f0044c57540bd2b263,False,False,False,pending_review,,True
PCBD0364,rec1.jpg,PCB DSLR Dataset,cvl_pcb_dslr_5,pcb86,PCB,pcb,4928,3280,rec1-mask.png,rec1-annot.txt,True,True,True,128,2416,382,3655,2571,0.1588824190291416,0.1680046325625594,2230,54,3841,2899,0.15,False,3ac89d3bed98f09bd4fe700ed9f647a2,False,False,False,pending_review,,False
PCBD0365,rec2.jpg,PCB DSLR Dataset,cvl_pcb_dslr_5,pcb86,PCB,pcb,4928,3280,rec2-mask.png,rec2-annot.txt,True,True,True,128,2080,541,4528,2679,0.15892974689182768,0.3240820869298385,1713,221,4895,2999,0.15,False,431e5e66d123d6f75803e7ee6a3fc552,False,False,False,pending_review,,False
PCBD0366,rec3.jpg,PCB DSLR Dataset,cvl_pcb_dslr_5,pcb86,PCB,pcb,4928,3280,rec3-mask.png,rec3-annot.txt,True,True,True,128,2053,724,4321,2085,0.1590247738161229,0.1911908308916693,1713,520,4661,2289,0.15,False,8f4a001b1f7b354f8478e25504354926,False,False,False,pending_review,,False
PCBD0367,rec4.jpg,PCB DSLR Dataset,cvl_pcb_dslr_5,pcb86,PCB,pcb,4928,3280,rec4-mask.png,rec4-annot.txt,True,True,True,128,2464,346,3706,2538,0.15966305036426987,0.1686417955139373,2278,18,3892,2866,0.15,False,5cb1c89380f5f980c87a342a70723009,False,False,False,pending_review,,False
PCBD0368,rec5.jpg,PCB DSLR Dataset,cvl_pcb_dslr_5,pcb86,PCB,pcb,4928,3280,rec5-mask.png,rec5-annot.txt,True,True,True,128,2131,979,4324,2226,0.1591352054957238,0.16939737092176116,1802,792,4653,2413,0.15,False,0b4ecfc6432c6795c3269f5aa1a54734,False,False,False,pending_review,,False
PCBD0369,rec1.jpg,PCB DSLR Dataset,cvl_pcb_dslr_5,pcb87,PCB,pcb,4928,3280,rec1-mask.png,rec1-annot.txt,True,True,True,128,2510,709,3412,2775,0.10856788980836236,0.11547386017184036,2375,399,3547,3085,0.15,False,0cc0c8e777d2893d77eb1f0aed3c68e8,False,False,False,pending_review,,False
PCBD0370,rec2.jpg,PCB DSLR Dataset,cvl_pcb_dslr_5,pcb87,PCB,pcb,4928,3280,rec2-mask.png,rec2-annot.txt,True,True,True,128,2038,499,4213,2283,0.10864769757681343,0.24029933481152993,1712,232,4539,2550,0.15,False,76edfcab0b765e117d3183420ee512c3,False,False,False,pending_review,,False
PCBD0371,rec3.jpg,PCB DSLR Dataset,cvl_pcb_dslr_5,pcb87,PCB,pcb,4928,3280,rec3-mask.png,rec3-annot.txt,True,True,True,128,1999,262,4111,2187,0.10871636937757365,0.2517742071191004,1683,0,4427,2475,0.15,False,ae7127f11bab7be0717564470770d3a0,False,False,False,pending_review,,True
PCBD0372,rec4.jpg,PCB DSLR Dataset,cvl_pcb_dslr_5,pcb87,PCB,pcb,4928,3280,rec4-mask.png,rec4-annot.txt,True,True,True,128,2245,535,3931,2736,0.10933255958980044,0.22982001801552107,1992,205,4184,3066,0.15,False,e645be95925e00df3ef410363fb383dc,False,False,False,pending_review,,False
PCBD0373,rec5.jpg,PCB DSLR Dataset,cvl_pcb_dslr_5,pcb87,PCB,pcb,4928,3280,rec5-mask.png,rec5-annot.txt,True,True,True,128,2101,1108,4165,2019,0.10877557560579665,0.1165119179600887,1792,972,4474,2155,0.15,False,c59f003b0c6c27799b256885341e506b,False,False,False,pending_review,,False
PCBD0374,rec1.jpg,PCB DSLR Dataset,cvl_pcb_dslr_5,pcb88,PCB,pcb,4928,3280,rec1-mask.png,rec1-annot.txt,True,True,True,128,2311,871,3529,2439,0.10711650201932214,0.11832652389531201,2129,636,3711,2674,0.15,False,6278a83e0e42d09090d7bbe383822618,False,False,False,pending_review,,False
PCBD0375,rec2.jpg,PCB DSLR Dataset,cvl_pcb_dslr_5,pcb88,PCB,pcb,4928,3280,rec2-mask.png,rec2-annot.txt,True,True,True,128,2176,529,4024,2262,0.10718832901092809,0.19835422770826736,1899,269,4301,2522,0.15,False,dc42b6f01a9f6b8b0330d1d9edcfac16,False,False,False,pending_review,,False
PCBD0376,rec3.jpg,PCB DSLR Dataset,cvl_pcb_dslr_5,pcb88,PCB,pcb,4928,3280,rec3-mask.png,rec3-annot.txt,True,True,True,128,2287,1177,3853,2367,0.10708866210009503,0.1154612394084574,2052,999,4088,2545,0.15,False,51796244654d7b781ab0ce02ac74f835,False,False,False,pending_review,,False
PCBD0377,rec4.jpg,PCB DSLR Dataset,cvl_pcb_dslr_5,pcb88,PCB,pcb,4928,3280,rec4-mask.png,rec4-annot.txt,True,True,True,128,2125,727,3736,2508,0.10697897281834019,0.177716681184669,1884,460,3977,2775,0.15,False,9765ea7a9d0053e230d3b2e20daac218,False,False,False,pending_review,,False
PCBD0378,rec5.jpg,PCB DSLR Dataset,cvl_pcb_dslr_5,pcb88,PCB,pcb,4928,3280,rec5-mask.png,rec5-annot.txt,True,True,True,128,2507,841,3697,2406,0.10654225728539753,0.1153875564222363,2329,607,3875,2640,0.15,False,d7bf9155cf41980e8fe07e580827844c,False,False,False,pending_review,,False
PCBD0379,rec1.jpg,PCB DSLR Dataset,cvl_pcb_dslr_5,pcb89,PCB,pcb,4928,3280,rec1-mask.png,rec1-annot.txt,True,True,True,128,1924,712,4081,2754,0.2559310782586316,0.27275659744219194,1601,406,4404,3060,0.15,False,0f807b1c3f92947c37bdca87bc1eb9f8,False,False,False,pending_review,,False
PCBD0380,rec2.jpg,PCB DSLR Dataset,cvl_pcb_dslr_5,pcb89,PCB,pcb,4928,3280,rec2-mask.png,rec2-annot.txt,True,True,True,128,1663,274,4459,3126,0.2564839790544821,0.4936847308560342,1244,0,4878,3279,0.15,False,65984eb08af5dce9f3dc914ab02d53df,False,False,False,pending_review,,True
PCBD0381,rec3.jpg,PCB DSLR Dataset,cvl_pcb_dslr_5,pcb89,PCB,pcb,4928,3280,rec3-mask.png,rec3-annot.txt,True,True,True,128,1888,310,4543,3015,0.25668980885730125,0.4446428571428571,1490,0,4927,3279,0.15,False,d61f36ef8f283692a4c4146d12bfb312,False,False,False,pending_review,,True
PCBD0382,rec4.jpg,PCB DSLR Dataset,cvl_pcb_dslr_5,pcb89,PCB,pcb,4928,3280,rec4-mask.png,rec4-annot.txt,True,True,True,128,2071,457,4225,2475,0.2557580995605005,0.26917768302581563,1748,155,4548,2777,0.15,False,2bd298e416c17635421eb8e59afe6571,False,False,False,pending_review,,False
PCBD0383,rec5.jpg,PCB DSLR Dataset,cvl_pcb_dslr_5,pcb89,PCB,pcb,4928,3280,rec5-mask.png,rec5-annot.txt,True,True,True,128,1966,100,4291,2604,0.25454075269242954,0.3604731301472917,1618,0,4639,2979,0.15,False,7729fbb9069abcdfc9302c101b2864f0,False,False,False,pending_review,,True
PCBD0384,rec1.jpg,PCB DSLR Dataset,cvl_pcb_dslr_5,pcb90,PCB,pcb,4928,3280,rec1-mask.png,rec1-annot.txt,True,True,True,128,1906,244,3916,2934,0.31873756483607857,0.3347967438430472,1605,0,4217,3279,0.15,False,cb2ed67ca909f31165b152ffe4fa1595,False,False,False,pending_review,,True
PCBD0385,rec2.jpg,PCB DSLR Dataset,cvl_pcb_dslr_5,pcb90,PCB,pcb,4928,3280,rec2-mask.png,rec2-annot.txt,True,True,True,128,1339,46,4594,3135,0.31893225867120684,0.6224412020905923,851,0,4927,3279,0.15,False,5089a336fa6f5db92241ff626d35482f,False,False,False,pending_review,,True
PCBD0386,rec3.jpg,PCB DSLR Dataset,cvl_pcb_dslr_5,pcb90,PCB,pcb,4928,3280,rec3-mask.png,rec3-annot.txt,True,True,True,128,1600,130,4489,2373,0.317670182332911,0.40121406794425085,1167,0,4922,2709,0.15,False,8725588f3a619d39835e9a0d0b14276f,False,False,False,pending_review,,True
PCBD0387,rec4.jpg,PCB DSLR Dataset,cvl_pcb_dslr_5,pcb90,PCB,pcb,4928,3280,rec4-mask.png,rec4-annot.txt,True,True,True,128,1366,145,4447,2736,0.31903749356588534,0.4942231548938866,904,0,4909,3124,0.15,False,2ce9d0b73b84ecf5a7abf774085f11ca,False,False,False,pending_review,,True
PCBD0388,rec5.jpg,PCB DSLR Dataset,cvl_pcb_dslr_5,pcb90,PCB,pcb,4928,3280,rec5-mask.png,rec5-annot.txt,True,True,True,128,1657,307,3691,2997,0.31949499623851757,0.33879232905052264,1352,0,3996,3279,0.15,False,cd1d14288242667d649ec617c8f143be,False,False,False,pending_review,,True
PCBD0389,rec1.jpg,PCB DSLR Dataset,cvl_pcb_dslr_5,pcb91,PCB,pcb,4928,3280,rec1-mask.png,rec1-annot.txt,True,True,True,128,1627,517,4342,2775,0.35773683728618944,0.3795783675166297,1220,179,4749,3113,0.15,False,df144886ddc992e67a7a83c77f6a96db,False,False,False,pending_review,,False
PCBD0390,rec2.jpg,PCB DSLR Dataset,cvl_pcb_dslr_5,pcb91,PCB,pcb,4928,3280,rec2-mask.png,rec2-annot.txt,True,True,True,128,1567,67,4882,3186,0.35759114170890083,0.6400657269559709,1070,0,4927,3279,0.15,False,23b90d5c791c4552482b0213bf4b3f25,False,False,False,pending_review,,True
PCBD0391,rec3.jpg,PCB DSLR Dataset,cvl_pcb_dslr_5,pcb91,PCB,pcb,4928,3280,rec3-mask.png,rec3-annot.txt,True,True,True,128,1774,139,4510,3240,0.35596454802819133,0.5252572408536585,1364,0,4920,3279,0.15,False,28c1ae3e60ef32cc6377a521d5082351,False,False,False,pending_review,,True
PCBD0392,rec4.jpg,PCB DSLR Dataset,cvl_pcb_dslr_5,pcb91,PCB,pcb,4928,3280,rec4-mask.png,rec4-annot.txt,True,True,True,128,1696,418,4387,2658,0.3571477445953437,0.3732264115457713,1293,82,4790,2994,0.15,False,2f5f5a7533f17e6ce21475684764df9b,False,False,False,pending_review,,False
PCBD0393,rec5.jpg,PCB DSLR Dataset,cvl_pcb_dslr_5,pcb91,PCB,pcb,4928,3280,rec5-mask.png,rec5-annot.txt,True,True,True,128,1351,82,4687,3261,0.3580579243546088,0.6565061272568895,851,0,4927,3279,0.15,False,2bb8fe1584dddaf147b5abc54f991dd3,False,False,False,pending_review,,True
PCBD0394,rec1.jpg,PCB DSLR Dataset,cvl_pcb_dslr_5,pcb92,PCB,pcb,4928,3280,rec1-mask.png,rec1-annot.txt,True,True,True,128,1846,1210,4036,2466,0.1660905453159645,0.17038568805432372,1518,1022,4364,2654,0.15,False,a0cbef0a3fe95b244cfa0ff8507e86cf,False,False,False,pending_review,,False
PCBD0395,rec2.jpg,PCB DSLR Dataset,cvl_pcb_dslr_5,pcb92,PCB,pcb,4928,3280,rec2-mask.png,rec2-annot.txt,True,True,True,128,2077,469,3904,2910,0.16607940934827367,0.2761705139372822,1803,103,4178,3276,0.15,False,3849c756aa6ef20e3a0aee7f0fd38515,False,False,False,pending_review,,False
PCBD0396,rec3.jpg,PCB DSLR Dataset,cvl_pcb_dslr_5,pcb92,PCB,pcb,4928,3280,rec3-mask.png,rec3-annot.txt,True,True,True,128,2107,415,4171,2907,0.16609221571111815,0.31849145995011086,1798,42,4480,3279,0.15,False,cf964ba03dce012dbf7a36ab22660b62,False,False,False,pending_review,,True
PCBD0397,rec4.jpg,PCB DSLR Dataset,cvl_pcb_dslr_5,pcb92,PCB,pcb,4928,3280,rec4-mask.png,rec4-annot.txt,True,True,True,128,1888,511,4276,2178,0.16600127197497624,0.24652879513778905,1530,261,4634,2428,0.15,False,81ed0693ca93d0a012ab55c80792bb70,False,False,False,pending_review,,False
PCBD0398,rec5.jpg,PCB DSLR Dataset,cvl_pcb_dslr_5,pcb92,PCB,pcb,4928,3280,rec5-mask.png,rec5-annot.txt,True,True,True,128,1891,553,3175,2751,0.16554451170019005,0.17481706079743428,1699,224,3367,3080,0.15,False,41fcc61d092f21db9c164c466e74560c,False,False,False,pending_review,,False
PCBD0399,rec1.jpg,PCB DSLR Dataset,cvl_pcb_dslr_5,pcb93,PCB,pcb,4928,3280,rec1-mask.png,rec1-annot.txt,True,True,True,128,1822,607,3811,2754,0.25499621377098514,0.26444953674374405,1524,285,4109,3076,0.15,False,d1342049eb98904e4fd5b3279ba3593b,False,False,False,pending_review,,False
PCBD0400,rec2.jpg,PCB DSLR Dataset,cvl_pcb_dslr_5,pcb93,PCB,pcb,4928,3280,rec2-mask.png,rec2-annot.txt,True,True,True,128,1327,313,4147,3153,0.2558006018371872,0.4958265486419069,904,0,4570,3279,0.15,False,9a6c0fd8642c7cb0687c836d80d2ae76,False,False,False,pending_review,,True
PCBD0401,rec3.jpg,PCB DSLR Dataset,cvl_pcb_dslr_5,pcb93,PCB,pcb,4928,3280,rec3-mask.png,rec3-annot.txt,True,True,True,128,1891,703,4075,2727,0.2563260339127336,0.2737360058006018,1564,400,4402,3030,0.15,False,80f98aa5a961b68c0b2c883acbc11c75,False,False,False,pending_review,,False
PCBD0402,rec4.jpg,PCB DSLR Dataset,cvl_pcb_dslr_5,pcb93,PCB,pcb,4928,3280,rec4-mask.png,rec4-annot.txt,True,True,True,128,1534,106,4297,2925,0.256799126940133,0.4822170969274628,1120,0,4711,3279,0.15,False,d39508e648c9c77ed9079d8a11e14a0c,False,False,False,pending_review,,True
PCBD0403,rec5.jpg,PCB DSLR Dataset,cvl_pcb_dslr_5,pcb93,PCB,pcb,4928,3280,rec5-mask.png,rec5-annot.txt,True,True,True,128,1555,274,4315,3087,0.2567553254672157,0.4806688262195122,1141,0,4729,3279,0.15,False,9ebabed173c9ed3e0584ed4d8d462cf0,False,False,False,pending_review,,True
PCBD0404,rec1.jpg,PCB DSLR Dataset,cvl_pcb_dslr_5,pcb94,PCB,pcb,4928,3280,rec1-mask.png,rec1-annot.txt,True,True,True,128,2065,280,4174,2973,0.3344966295137789,0.3516701476876782,1749,0,4490,3279,0.15,False,0495f1db83438fb5209dd09a9aa93367,False,False,False,pending_review,,True
PCBD0405,rec2.jpg,PCB DSLR Dataset,cvl_pcb_dslr_5,pcb94,PCB,pcb,4928,3280,rec2-mask.png,rec2-annot.txt,True,True,True,128,1315,70,4639,3252,0.3353379518728223,0.6547624203159645,817,0,4927,3279,0.15,False,06791bedb3105a57c2468c3b5e696c45,False,False,False,pending_review,,True
PCBD0406,rec3.jpg,PCB DSLR Dataset,cvl_pcb_dslr_5,pcb94,PCB,pcb,4928,3280,rec3-mask.png,rec3-annot.txt,True,True,True,128,1639,190,4705,2808,0.33623105648162815,0.4969408878088375,1179,0,4927,3200,0.15,False,f0ddf41d42dc4935a5a0814387fb34f7,False,False,False,pending_review,,True
PCBD0407,rec4.jpg,PCB DSLR Dataset,cvl_pcb_dslr_5,pcb94,PCB,pcb,4928,3280,rec4-mask.png,rec4-annot.txt,True,True,True,128,1660,334,3793,3018,0.3370515917009819,0.35448197952961674,1340,0,4113,3279,0.15,False,ffefac378e3281004c94f988ab8158eb,False,False,False,pending_review,,True
PCBD0408,rec5.jpg,PCB DSLR Dataset,cvl_pcb_dslr_5,pcb94,PCB,pcb,4928,3280,rec5-mask.png,rec5-annot.txt,True,True,True,128,1471,367,4150,2481,0.33656198032150775,0.35067162258473233,1069,50,4552,2798,0.15,False,12703b9484879d9d0d8e8657f1eb0f86,False,False,False,pending_review,,False
PCBD0409,rec1.jpg,PCB DSLR Dataset,cvl_pcb_dslr_5,pcb95,PCB,pcb,4928,3280,rec1-mask.png,rec1-annot.txt,True,True,True,128,1507,586,3781,2724,0.28606185163921444,0.30105624653547675,1166,266,4122,3044,0.15,False,7855d6d6f67ce6b9992645799e023b58,False,False,False,pending_review,,False
PCBD0410,rec2.jpg,PCB DSLR Dataset,cvl_pcb_dslr_5,pcb95,PCB,pcb,4928,3280,rec2-mask.png,rec2-annot.txt,True,True,True,128,1183,241,4198,3228,0.28562123851758,0.5575289040228064,731,0,4650,3279,0.15,False,c7081db50aff13679341b3ffca8e85de,False,False,False,pending_review,,True
PCBD0411,rec3.jpg,PCB DSLR Dataset,cvl_pcb_dslr_5,pcb95,PCB,pcb,4928,3280,rec3-mask.png,rec3-annot.txt,True,True,True,128,1768,337,4555,3144,0.28406313103816916,0.4843344155844156,1350,0,4927,3279,0.15,False,3ce57cf7355d1163e8e4c82c026f8366,False,False,False,pending_review,,True
PCBD0412,rec4.jpg,PCB DSLR Dataset,cvl_pcb_dslr_5,pcb95,PCB,pcb,4928,3280,rec4-mask.png,rec4-annot.txt,True,True,True,128,1888,331,4513,2961,0.28322217987804876,0.42743593106588534,1495,0,4906,3279,0.15,False,9dda9a30e7622a3f6d04ef24963ff582,False,False,False,pending_review,,True
PCBD0413,rec5.jpg,PCB DSLR Dataset,cvl_pcb_dslr_5,pcb95,PCB,pcb,4928,3280,rec5-mask.png,rec5-annot.txt,True,True,True,128,1885,664,4129,2802,0.2832945636680393,0.2970862740536902,1549,344,4465,3122,0.15,False,4392f33f9acf04c2c32572bfd3fb01ef,False,False,False,pending_review,,False
PCBD0414,rec1.jpg,PCB DSLR Dataset,cvl_pcb_dslr_5,pcb96,PCB,pcb,4928,3280,rec1-mask.png,rec1-annot.txt,True,True,True,128,2026,1309,3805,2361,0.10803299216027874,0.11595883156477668,1759,1152,4072,2518,0.15,False,c0af08b7466f2b87f42cb94cb1656463,False,False,False,pending_review,,False
PCBD0415,rec2.jpg,PCB DSLR Dataset,cvl_pcb_dslr_5,pcb96,PCB,pcb,4928,3280,rec2-mask.png,rec2-annot.txt,True,True,True,128,2134,790,3580,2784,0.10826313549255623,0.17859400983924612,1917,491,3797,3083,0.15,False,52c910b5ddd539db7af6b7f7ed90c319,False,False,False,pending_review,,False
PCBD0416,rec3.jpg,PCB DSLR Dataset,cvl_pcb_dslr_5,pcb96,PCB,pcb,4928,3280,rec3-mask.png,rec3-annot.txt,True,True,True,128,2083,604,4042,2523,0.1082655482855559,0.2328159645232816,1789,316,4336,2811,0.15,False,f2f38fda10c162d785c945fdd5833738,False,False,False,pending_review,,False
PCBD0417,rec4.jpg,PCB DSLR Dataset,cvl_pcb_dslr_5,pcb96,PCB,pcb,4928,3280,rec4-mask.png,rec4-annot.txt,True,True,True,128,2143,1207,3928,2247,0.10825998030171048,0.11502378147766867,1876,1051,4195,2403,0.15,False,e2928fcaa2a4af17239663ef781e7f45,False,False,False,pending_review,,False
PCBD0418,rec5.jpg,PCB DSLR Dataset,cvl_pcb_dslr_5,pcb96,PCB,pcb,4928,3280,rec5-mask.png,rec5-annot.txt,True,True,True,128,2074,646,4024,2571,0.1081205951061134,0.2324711207237884,1782,358,4316,2859,0.15,False,b85f358d8a01d4c421c3340abf727b96,False,False,False,pending_review,,False
PCBD0419,rec1.jpg,PCB DSLR Dataset,cvl_pcb_dslr_5,pcb97,PCB,pcb,4928,3280,rec1-mask.png,rec1-annot.txt,True,True,True,128,1321,541,4441,2430,0.202332923364745,0.3649312292128603,853,258,4909,2713,0.15,False,e998952d5c15c029f07a51c83f04c62a,False,False,False,pending_review,,False
PCBD0420,rec2.jpg,PCB DSLR Dataset,cvl_pcb_dslr_5,pcb97,PCB,pcb,4928,3280,rec2-mask.png,rec2-annot.txt,True,True,True,128,1672,106,4396,3240,0.2026991111023123,0.5285176665940766,1264,0,4804,3279,0.15,False,423bd232bb7f951797882cfbd63fd713,False,False,False,pending_review,,True
PCBD0421,rec3.jpg,PCB DSLR Dataset,cvl_pcb_dslr_5,pcb97,PCB,pcb,4928,3280,rec3-mask.png,rec3-annot.txt,True,True,True,128,1354,100,4657,2721,0.2026697863873931,0.535954822616408,859,0,4927,3114,0.15,False,06c03b0f33625f8a54e7e5ba3c8bf2c6,False,False,False,pending_review,,True
PCBD0422,rec4.jpg,PCB DSLR Dataset,cvl_pcb_dslr_5,pcb97,PCB,pcb,4928,3280,rec4-mask.png,rec4-annot.txt,True,True,True,128,1507,805,4606,2727,0.20224791881137155,0.3688046899746595,1042,517,4927,3015,0.15,False,197f8541443979c9e04b26f76735e6e8,False,False,False,pending_review,,True
PCBD0423,rec5.jpg,PCB DSLR Dataset,cvl_pcb_dslr_5,pcb97,PCB,pcb,4928,3280,rec5-mask.png,rec5-annot.txt,True,True,True,128,1906,70,3874,3177,0.2021655126504593,0.3786013719512195,1611,0,4169,3279,0.15,False,5dd289ce6f9d3c7cfea422327de0874f,False,False,False,pending_review,,True
PCBD0424,rec1.jpg,PCB DSLR Dataset,cvl_pcb_dslr_5,pcb98,PCB,pcb,4928,3280,rec1-mask.png,rec1-annot.txt,True,True,True,128,1648,637,4330,2865,0.3548000970066519,0.3699867729450428,1246,303,4732,3199,0.15,False,b85086c4fcdb96dba7df02c094e99dcc,False,False,False,pending_review,,False
PCBD0425,rec2.jpg,PCB DSLR Dataset,cvl_pcb_dslr_5,pcb98,PCB,pcb,4928,3280,rec2-mask.png,rec2-annot.txt,True,True,True,128,1117,154,4435,3240,0.3548299785199557,0.6338687465354768,620,0,4927,3279,0.15,False,a43a21b5da50f8d49cd26df2c3c6cfe2,False,False,False,pending_review,,True
PCBD0426,rec3.jpg,PCB DSLR Dataset,cvl_pcb_dslr_5,pcb98,PCB,pcb,4928,3280,rec3-mask.png,rec3-annot.txt,True,True,True,128,1144,145,4447,3195,0.3556590513145391,0.6236453713968958,649,0,4927,3279,0.15,False,d6ec0b70a02fa9ea9d2545dbc110c573,False,False,False,pending_review,,True
PCBD0427,rec4.jpg,PCB DSLR Dataset,cvl_pcb_dslr_5,pcb98,PCB,pcb,4928,3280,rec4-mask.png,rec4-annot.txt,True,True,True,128,1594,556,4300,2793,0.3556362225807729,0.3748036357697181,1188,221,4706,3128,0.15,False,0a1033f02774fc87cae0cf3006aa248f,False,False,False,pending_review,,False
PCBD0428,rec5.jpg,PCB DSLR Dataset,cvl_pcb_dslr_5,pcb98,PCB,pcb,4928,3280,rec5-mask.png,rec5-annot.txt,True,True,True,128,1582,397,3820,3075,0.3561657378444726,0.37109257453674377,1247,0,4155,3279,0.15,False,6884b147371cc8db0faffa24e84322f1,False,False,False,pending_review,,True
PCBD0429,rec1.jpg,PCB DSLR Dataset,cvl_pcb_dslr_5,pcb99,PCB,pcb,4928,3280,rec1-mask.png,rec1-annot.txt,True,True,True,128,1804,805,3835,2577,0.20891613626464997,0.22288862052581565,1500,540,4139,2842,0.15,False,1302b6749aaa52af2f1f5974438714d5,False,False,False,pending_review,,False
PCBD0430,rec2.jpg,PCB DSLR Dataset,cvl_pcb_dslr_5,pcb99,PCB,pcb,4928,3280,rec2-mask.png,rec2-annot.txt,True,True,True,128,1972,463,3715,2496,0.20823647103658535,0.21945874247703517,1711,158,3976,2801,0.15,False,312f165a4319711c2292d9e99554ae81,False,False,False,pending_review,,False
PCBD0431,rec3.jpg,PCB DSLR Dataset,cvl_pcb_dslr_5,pcb99,PCB,pcb,4928,3280,rec3-mask.png,rec3-annot.txt,True,True,True,128,1936,562,3979,2343,0.20780532348748812,0.22534298780487805,1630,295,4285,2610,0.15,False,ff849c952a6a24ff2418ad76f148883c,False,False,False,pending_review,,False
PCBD0432,rec4.jpg,PCB DSLR Dataset,cvl_pcb_dslr_5,pcb99,PCB,pcb,4928,3280,rec4-mask.png,rec4-annot.txt,True,True,True,128,1675,505,3934,2949,0.20996347402597404,0.3418556481628128,1336,139,4273,3279,0.15,False,d5f06326e4475c50947855292f59a7a1,False,False,False,pending_review,,True
PCBD0433,rec5.jpg,PCB DSLR Dataset,cvl_pcb_dslr_5,pcb99,PCB,pcb,4928,3280,rec5-mask.png,rec5-annot.txt,True,True,True,128,2110,697,3910,2733,0.2102504107934748,0.22696568389689578,1840,392,4180,3038,0.15,False,880cb482ecde42751b0b063af7b0761c,False,False,False,pending_review,,False
PCBD0434,rec1.jpg,PCB DSLR Dataset,cvl_pcb_dslr_6,pcb101,PCB,pcb,4928,3280,rec1-mask.png,rec1-annot.txt,True,True,True,128,1282,1144,4654,1986,0.165188160734083,0.17591358241605956,777,1018,4927,2112,0.15,False,d46fd98ef4ad8267b6113c780e4065a4,False,False,False,pending_review,,True
PCBD0435,rec2.jpg,PCB DSLR Dataset,cvl_pcb_dslr_6,pcb101,PCB,pcb,4928,3280,rec2-mask.png,rec2-annot.txt,True,True,True,128,1573,121,4576,3033,0.16507030507602155,0.5413720996990814,1123,0,4927,3279,0.15,False,0ef8f63bf955c9c313e6367174efcfc1,False,False,False,pending_review,,True
PCBD0436,rec3.jpg,PCB DSLR Dataset,cvl_pcb_dslr_6,pcb101,PCB,pcb,4928,3280,rec3-mask.png,rec3-annot.txt,True,True,True,128,1375,1099,4747,1959,0.16537598738913525,0.1796697443181818,870,970,4927,2088,0.15,False,57d4964d3519f8a2a079ab913984cd65,False,False,False,pending_review,,True
PCBD0437,rec4.jpg,PCB DSLR Dataset,cvl_pcb_dslr_6,pcb101,PCB,pcb,4928,3280,rec4-mask.png,rec4-annot.txt,True,True,True,128,1324,373,4393,3210,0.16511429214840037,0.5390216681184669,864,0,4853,3279,0.15,False,f8d2e65c140e2300390afd993cc9b3b1,False,False,False,pending_review,,True
PCBD0438,rec5.jpg,PCB DSLR Dataset,cvl_pcb_dslr_6,pcb101,PCB,pcb,4928,3280,rec5-mask.png,rec5-annot.txt,True,True,True,128,1162,640,4471,3078,0.16533886749683244,0.49945371891827683,666,275,4927,3279,0.15,False,eb40fcc29a18a2f7a4fdadb8180d13dc,False,False,False,pending_review,,True
PCBD0439,rec1.jpg,PCB DSLR Dataset,cvl_pcb_dslr_6,pcb102,PCB,pcb,4928,3280,rec1-mask.png,rec1-annot.txt,True,True,True,128,862,1291,4876,1926,0.12392735884542287,0.15797854965156793,260,1196,4927,2021,0.15,False,ffc81753274c13732a67177731dc2202,False,False,False,pending_review,,True
PCBD0440,rec2.jpg,PCB DSLR Dataset,cvl_pcb_dslr_6,pcb102,PCB,pcb,4928,3280,rec2-mask.png,rec2-annot.txt,True,True,True,128,1021,283,4753,2661,0.1240040114230282,0.5494243323368705,462,0,4927,3017,0.15,False,06319bae2092ba50b7f0638731a64434,False,False,False,pending_review,,True
PCBD0441,rec3.jpg,PCB DSLR Dataset,cvl_pcb_dslr_6,pcb102,PCB,pcb,4928,3280,rec3-mask.png,rec3-annot.txt,True,True,True,128,1228,250,4561,3219,0.1232298760690529,0.612600718641115,728,0,4927,3279,0.15,False,80726ff44b17bf289bee901bd457baff,False,False,False,pending_review,,True
PCBD0442,rec4.jpg,PCB DSLR Dataset,cvl_pcb_dslr_6,pcb102,PCB,pcb,4928,3280,rec4-mask.png,rec4-annot.txt,True,True,True,128,874,1408,4873,2019,0.12308065410199556,0.15144916059550206,274,1317,4927,2110,0.15,False,ddf04c3fc485da9bbb9bb2243df080ab,False,False,False,pending_review,,True
PCBD0443,rec5.jpg,PCB DSLR Dataset,cvl_pcb_dslr_6,pcb102,PCB,pcb,4928,3280,rec5-mask.png,rec5-annot.txt,True,True,True,128,1366,52,4564,3171,0.12339338919464682,0.6174819844789357,887,0,4927,3279,0.15,False,a1100a5c809914a1ada54d4dedebc5cc,False,False,False,pending_review,,True
PCBD0444,rec1.jpg,PCB DSLR Dataset,cvl_pcb_dslr_6,pcb103,PCB,pcb,4928,3280,rec1-mask.png,rec1-annot.txt,True,True,True,128,1120,754,4369,2883,0.3959361760571745,0.42827075744377574,633,435,4856,3202,0.15,False,8777cf5b4cdc80675952e3df115230f2,False,False,False,pending_review,,False
PCBD0445,rec2.jpg,PCB DSLR Dataset,cvl_pcb_dslr_6,pcb103,PCB,pcb,4928,3280,rec2-mask.png,rec2-annot.txt,True,True,True,128,1030,268,4720,3063,0.395935990457713,0.6384643748020272,477,0,4927,3279,0.15,False,dba5d9ee1b1521cf40d8139c34645eac,False,False,False,pending_review,,True
PCBD0446,rec3.jpg,PCB DSLR Dataset,cvl_pcb_dslr_6,pcb103,PCB,pcb,4928,3280,rec3-mask.png,rec3-annot.txt,True,True,True,128,1144,331,4624,3033,0.3965506958742477,0.5821106247030409,622,0,4927,3279,0.15,False,5417da896d288f64b5f5b10ca1754deb,False,False,False,pending_review,,True
PCBD0447,rec4.jpg,PCB DSLR Dataset,cvl_pcb_dslr_6,pcb103,PCB,pcb,4928,3280,rec4-mask.png,rec4-annot.txt,True,True,True,128,1093,628,4657,3204,0.3958456035199557,0.5683677269757681,559,242,4927,3279,0.15,False,1ab607370518cd314a741a181e23d9e5,False,False,False,pending_review,,True
PCBD0448,rec5.jpg,PCB DSLR Dataset,cvl_pcb_dslr_6,pcb103,PCB,pcb,4928,3280,rec5-mask.png,rec5-annot.txt,True,True,True,128,1159,46,4804,3261,0.3949545405052265,0.725417722521381,613,0,4927,3279,0.15,False,5e59b238c4469bc93909ee7d833545d7,False,False,False,pending_review,,True
PCBD0449,rec1.jpg,PCB DSLR Dataset,cvl_pcb_dslr_6,pcb104,PCB,pcb,4928,3280,rec1-mask.png,rec1-annot.txt,True,True,True,128,2206,1336,3913,2427,0.10957996367199874,0.11538941241685144,1950,1173,4169,2590,0.15,False,bad52786a8b4424f0d479854012aa70d,False,False,False,pending_review,,False
PCBD0450,rec2.jpg,PCB DSLR Dataset,cvl_pcb_dslr_6,pcb104,PCB,pcb,4928,3280,rec2-mask.png,rec2-annot.txt,True,True,True,128,2215,1096,3532,2922,0.10995097699556541,0.14897363497782706,2018,822,3729,3196,0.15,False,f5edfa0232462122211a4145b39f836d,False,False,False,pending_review,,False
PCBD0451,rec3.jpg,PCB DSLR Dataset,cvl_pcb_dslr_6,pcb104,PCB,pcb,4928,3280,rec3-mask.png,rec3-annot.txt,True,True,True,128,2149,1363,4000,2721,0.11074274429838454,0.15570978183401965,1872,1160,4277,2924,0.15,False,70d7edf20fe273482ece8a144ec19db3,False,False,False,pending_review,,False
PCBD0452,rec4.jpg,PCB DSLR Dataset,cvl_pcb_dslr_6,pcb104,PCB,pcb,4928,3280,rec4-mask.png,rec4-annot.txt,True,True,True,128,2218,802,3778,2730,0.11019485468799493,0.18629044830931263,1984,513,4012,3019,0.15,False,7f0b5c4ae80c4fa70cacdc51454e2be0,False,False,False,pending_review,,False
PCBD0453,rec5.jpg,PCB DSLR Dataset,cvl_pcb_dslr_6,pcb104,PCB,pcb,4928,3280,rec5-mask.png,rec5-annot.txt,True,True,True,128,1999,1408,3703,2508,0.10976667673028191,0.11613607905052264,1744,1243,3958,2673,0.15,False,17766f747f9662697301e5cd4e66018e,False,False,False,pending_review,,False
PCBD0454,rec1.jpg,PCB DSLR Dataset,cvl_pcb_dslr_6,pcb105,PCB,pcb,4928,3280,rec1-mask.png,rec1-annot.txt,True,True,True,128,2158,1333,3838,1872,0.053973065806145075,0.056158685064935064,1906,1252,4090,1953,0.15,False,29325a03cb017dbd73ba7c2fa571fe18,False,False,False,pending_review,,False
PCBD0455,rec2.jpg,PCB DSLR Dataset,cvl_pcb_dslr_6,pcb105,PCB,pcb,4928,3280,rec2-mask.png,rec2-annot.txt,True,True,True,128,2711,910,3382,2613,0.05391478757522965,0.07084257206208426,2611,655,3482,2868,0.15,False,ad0f4ee2524edf8585d7c76b41d924e4,False,False,False,pending_review,,False
PCBD0456,rec3.jpg,PCB DSLR Dataset,cvl_pcb_dslr_6,pcb105,PCB,pcb,4928,3280,rec3-mask.png,rec3-annot.txt,True,True,True,128,2474,1534,4201,2370,0.05379785991447577,0.08947972758948369,2215,1409,4460,2495,0.15,False,d338b860a9b47d841bfdd776cd03088d,False,False,False,pending_review,,False
PCBD0457,rec4.jpg,PCB DSLR Dataset,cvl_pcb_dslr_6,pcb105,PCB,pcb,4928,3280,rec4-mask.png,rec4-annot.txt,True,True,True,128,2621,1201,3436,2928,0.05381567746278112,0.08723471650300918,2499,942,3558,3187,0.15,False,3a516cc334745bfeed128fad2a304766,False,False,False,pending_review,,False
PCBD0458,rec5.jpg,PCB DSLR Dataset,cvl_pcb_dslr_6,pcb105,PCB,pcb,4928,3280,rec5-mask.png,rec5-annot.txt,True,True,True,128,2032,1480,3706,2022,0.05399199695121951,0.056269116744535955,1781,1399,3957,2103,0.15,False,7cc213c342efaaced4ba377de06a933c,False,False,False,pending_review,,False
PCBD0459,rec1.jpg,PCB DSLR Dataset,cvl_pcb_dslr_6,pcb106,PCB,pcb,4928,3280,rec1-mask.png,rec1-annot.txt,True,True,True,128,1780,1729,4402,2064,0.039345044246911626,0.05452466740576497,1387,1679,4795,2114,0.15,False,6730e3270709bdd73c10d1ee0536e6e6,False,False,False,pending_review,,False
PCBD0460,rec2.jpg,PCB DSLR Dataset,cvl_pcb_dslr_6,pcb106,PCB,pcb,4928,3280,rec2-mask.png,rec2-annot.txt,True,True,True,128,2191,628,3649,2934,0.0395211781358885,0.2082372134344314,1973,282,3867,3279,0.15,False,ff4783bd334b3c29ac5ed93a0fa80818,False,False,False,pending_review,,True
PCBD0461,rec3.jpg,PCB DSLR Dataset,cvl_pcb_dslr_6,pcb106,PCB,pcb,4928,3280,rec3-mask.png,rec3-annot.txt,True,True,True,128,2272,460,3394,2934,0.039526374920810896,0.17195326110627177,2104,89,3562,3279,0.15,False,8685c3cde8ff862005fb1e3222065b20,False,False,False,pending_review,,True
PCBD0462,rec4.jpg,PCB DSLR Dataset,cvl_pcb_dslr_6,pcb106,PCB,pcb,4928,3280,rec4-mask.png,rec4-annot.txt,True,True,True,128,1708,1390,4282,2145,0.039463456703357616,0.12043549057649668,1322,1277,4668,2258,0.15,False,84b05ab5cb021e51c7019047f89871db,False,False,False,pending_review,,False
PCBD0463,rec5.jpg,PCB DSLR Dataset,cvl_pcb_dslr_6,pcb106,PCB,pcb,4928,3280,rec5-mask.png,rec5-annot.txt,True,True,True,128,2717,562,3061,3183,0.03941909843205575,0.05596380563034527,2666,169,3112,3279,0.15,False,af2514c082ee2575320419e9ae1e3120,False,False,False,pending_review,,True
PCBD0464,rec1.jpg,PCB DSLR Dataset,cvl_pcb_dslr_6,pcb107,PCB,pcb,4928,3280,rec1-mask.png,rec1-annot.txt,True,True,True,128,1669,697,4243,2745,0.29970285526211593,0.3264184129513779,1283,390,4629,3052,0.15,False,fedd16043eb4bd145d5b2dcd56703e57,False,False,False,pending_review,,False
PCBD0465,rec2.jpg,PCB DSLR Dataset,cvl_pcb_dslr_6,pcb107,PCB,pcb,4928,3280,rec2-mask.png,rec2-annot.txt,True,True,True,128,1477,190,4603,3183,0.2999116546563193,0.5792087771222679,1008,0,4927,3279,0.15,False,96698924d45526f5d7908bcf2cbbf987,False,False,False,pending_review,,True
PCBD0466,rec3.jpg,PCB DSLR Dataset,cvl_pcb_dslr_6,pcb107,PCB,pcb,4928,3280,rec3-mask.png,rec3-annot.txt,True,True,True,128,1306,226,4408,3120,0.2995629132681343,0.5557580995605005,841,0,4873,3279,0.15,False,70d57a9e70b93ff8b06f7315fd6fbb76,False,False,False,pending_review,,True
PCBD0467,rec4.jpg,PCB DSLR Dataset,cvl_pcb_dslr_6,pcb107,PCB,pcb,4928,3280,rec4-mask.png,rec4-annot.txt,True,True,True,128,1510,238,4597,3090,0.2993758290109281,0.5450477114349066,1047,0,4927,3279,0.15,False,c9aeec73d070fc9ed735a26dadd087bb,False,False,False,pending_review,,True
PCBD0468,rec5.jpg,PCB DSLR Dataset,cvl_pcb_dslr_6,pcb107,PCB,pcb,4928,3280,rec5-mask.png,rec5-annot.txt,True,True,True,128,1945,388,3991,2964,0.2994315088493823,0.32635308194092494,1638,2,4298,3279,0.15,False,f993cdde55915b30f63b9fef1e88e530,False,False,False,pending_review,,True
PCBD0469,rec1.jpg,PCB DSLR Dataset,cvl_pcb_dslr_6,pcb108,PCB,pcb,4928,3280,rec1-mask.png,rec1-annot.txt,True,True,True,128,1477,718,4219,2541,0.30680834504672155,0.30953238834336394,1066,445,4630,2814,0.15,False,b6bfdb5dc27ebbb457e1bc43fb96be82,False,False,False,pending_review,,False
PCBD0470,rec2.jpg,PCB DSLR Dataset,cvl_pcb_dslr_6,pcb108,PCB,pcb,4928,3280,rec2-mask.png,rec2-annot.txt,True,True,True,128,1393,184,4651,3195,0.30725341255543237,0.6072881196547355,905,0,4927,3279,0.15,False,f46554bea6f0dffc804092ac00adede8,False,False,False,pending_review,,True
PCBD0471,rec3.jpg,PCB DSLR Dataset,cvl_pcb_dslr_6,pcb108,PCB,pcb,4928,3280,rec3-mask.png,rec3-annot.txt,True,True,True,128,1498,124,4744,3216,0.30696888858093124,0.6213233365338929,1011,0,4927,3279,0.15,False,0435684fb83f9aeeec914eb378b3bf71,False,False,False,pending_review,,True
PCBD0472,rec4.jpg,PCB DSLR Dataset,cvl_pcb_dslr_6,pcb108,PCB,pcb,4928,3280,rec4-mask.png,rec4-annot.txt,True,True,True,128,1855,886,4630,2763,0.3068914936054799,0.3225302898321191,1439,605,4927,3044,0.15,False,7f0a3aca32c9bc780dbb8235a12e53a4,False,False,False,pending_review,,True
PCBD0473,rec5.jpg,PCB DSLR Dataset,cvl_pcb_dslr_6,pcb108,PCB,pcb,4928,3280,rec5-mask.png,rec5-annot.txt,True,True,True,128,1465,64,4681,3219,0.3069031863715553,0.6281212880107697,983,0,4927,3279,0.15,False,6ab9be89cce822ca8bb751cc71fad218,False,False,False,pending_review,,True
PCBD0474,rec1.jpg,PCB DSLR Dataset,cvl_pcb_dslr_6,pcb109,PCB,pcb,4928,3280,rec1-mask.png,rec1-annot.txt,True,True,True,128,2080,1597,3754,2304,0.07002760482657586,0.07336746713652201,1829,1491,4005,2410,0.15,False,09c94e6f5738437228841a47ae3e8b16,False,False,False,pending_review,,False
PCBD0475,rec2.jpg,PCB DSLR Dataset,cvl_pcb_dslr_6,pcb109,PCB,pcb,4928,3280,rec2-mask.png,rec2-annot.txt,True,True,True,128,2618,994,3472,2703,0.06994556986458664,0.09045189756889452,2490,738,3600,2959,0.15,False,680f7173b4bc4e5c6ab55df6eee579dc,False,False,False,pending_review,,False
PCBD0476,rec3.jpg,PCB DSLR Dataset,cvl_pcb_dslr_6,pcb109,PCB,pcb,4928,3280,rec3-mask.png,rec3-annot.txt,True,True,True,128,1936,1141,3661,2046,0.06989564360943934,0.09674409051314539,1678,1006,3919,2181,0.15,False,db60aff637e5d9642fc808fb3d71a273,False,False,False,pending_review,,False
PCBD0477,rec4.jpg,PCB DSLR Dataset,cvl_pcb_dslr_6,pcb109,PCB,pcb,4928,3280,rec4-mask.png,rec4-annot.txt,True,True,True,128,2600,745,3526,2472,0.06981249505068103,0.0991012036743744,2461,486,3665,2731,0.15,False,676069d7210ae7913097f373466951b1,False,False,False,pending_review,,False
PCBD0478,rec5.jpg,PCB DSLR Dataset,cvl_pcb_dslr_6,pcb109,PCB,pcb,4928,3280,rec5-mask.png,rec5-annot.txt,True,True,True,128,2176,763,3850,1458,0.06994148667643332,0.07212395074437758,1925,659,4101,1562,0.15,False,6ac13b471ca00ecdf554e8e147baf1cf,False,False,False,pending_review,,False
PCBD0479,rec1.jpg,PCB DSLR Dataset,cvl_pcb_dslr_6,pcb110,PCB,pcb,4928,3280,rec1-mask.png,rec1-annot.txt,True,True,True,128,1432,769,4195,2754,0.31128630325467216,0.3396039554957238,1018,472,4609,3051,0.15,False,044cab8159390dd9cc80ac0a899c3e00,False,False,False,pending_review,,False
PCBD0480,rec2.jpg,PCB DSLR Dataset,cvl_pcb_dslr_6,pcb110,PCB,pcb,4928,3280,rec2-mask.png,rec2-annot.txt,True,True,True,128,1150,262,4210,3120,0.3112191162496041,0.5414183139649984,691,0,4669,3279,0.15,False,3ed38af1463a54f8461368e947388fcb,False,False,False,pending_review,,True
PCBD0481,rec3.jpg,PCB DSLR Dataset,cvl_pcb_dslr_6,pcb110,PCB,pcb,4928,3280,rec3-mask.png,rec3-annot.txt,True,True,True,128,1348,169,4432,3171,0.3110544895272411,0.5731469131097561,886,0,4894,3279,0.15,False,6ac5b877a2f3d59364e523f343cd58cf,False,False,False,pending_review,,True
PCBD0482,rec4.jpg,PCB DSLR Dataset,cvl_pcb_dslr_6,pcb110,PCB,pcb,4928,3280,rec4-mask.png,rec4-annot.txt,True,True,True,128,1459,220,4495,2832,0.31127442488913526,0.4909527067825467,1004,0,4927,3223,0.15,False,9f502a7713ae4755fe7e9a498e3c92dc,False,False,False,pending_review,,True
PCBD0483,rec5.jpg,PCB DSLR Dataset,cvl_pcb_dslr_6,pcb110,PCB,pcb,4928,3280,rec5-mask.png,rec5-annot.txt,True,True,True,128,2311,262,4306,3030,0.3111780987686094,0.34193137274311053,2012,0,4605,3279,0.15,False,c964d69604bfc991dd73a48d1d992216,False,False,False,pending_review,,True
PCBD0484,rec1.jpg,PCB DSLR Dataset,cvl_pcb_dslr_6,pcb111,PCB,pcb,4928,3280,rec1-mask.png,rec1-annot.txt,True,True,True,128,1780,1408,4573,2298,0.14990849946547355,0.15401377395470384,1361,1275,4927,2431,0.15,False,3d2c04c96d735356faa2e6b999847faa,False,False,False,pending_review,,True
PCBD0485,rec2.jpg,PCB DSLR Dataset,cvl_pcb_dslr_6,pcb111,PCB,pcb,4928,3280,rec2-mask.png,rec2-annot.txt,True,True,True,128,1744,535,4354,3090,0.15001224956445994,0.41287936529933483,1353,152,4745,3279,0.15,False,4868432f492ddebf4d0a68ab1e87bd2e,False,False,False,pending_review,,True
PCBD0486,rec3.jpg,PCB DSLR Dataset,cvl_pcb_dslr_6,pcb111,PCB,pcb,4928,3280,rec3-mask.png,rec3-annot.txt,True,True,True,128,2609,277,3484,3066,0.149828877296484,0.15120416930630345,2478,0,3615,3279,0.15,False,4807131e996a2b34b13c2507bc9fc302,False,False,False,pending_review,,True
PCBD0487,rec4.jpg,PCB DSLR Dataset,cvl_pcb_dslr_6,pcb111,PCB,pcb,4928,3280,rec4-mask.png,rec4-annot.txt,True,True,True,128,1576,1342,4372,2253,0.14992724501108648,0.15781299493189738,1157,1206,4791,2389,0.15,False,951979cd8d40742c7731d720923cacdb,False,False,False,pending_review,,False
PCBD0488,rec5.jpg,PCB DSLR Dataset,cvl_pcb_dslr_6,pcb111,PCB,pcb,4928,3280,rec5-mask.png,rec5-annot.txt,True,True,True,128,1906,241,4075,3078,0.15009391332752614,0.38100228658536583,1581,0,4400,3279,0.15,False,ab62dd247d6715b470601a9b7742a210,False,False,False,pending_review,,True
PCBD0489,rec1.jpg,PCB DSLR Dataset,cvl_pcb_dslr_6,pcb112,PCB,pcb,4928,3280,rec1-mask.png,rec1-annot.txt,True,True,True,128,1603,1336,4387,1905,0.0839642683916693,0.09820995506018372,1186,1251,4804,1990,0.15,False,759ab8e460a6f0c7d909c55f05f3d2a1,False,False,False,pending_review,,False
PCBD0490,rec2.jpg,PCB DSLR Dataset,cvl_pcb_dslr_6,pcb112,PCB,pcb,4928,3280,rec2-mask.png,rec2-annot.txt,True,True,True,128,2687,250,3259,3042,0.08389114220383276,0.09901044553769402,2602,0,3344,3279,0.15,False,fd8b22b7121d812fc4856ac711b82f45,False,False,False,pending_review,,True
PCBD0491,rec3.jpg,PCB DSLR Dataset,cvl_pcb_dslr_6,pcb112,PCB,pcb,4928,3280,rec3-mask.png,rec3-annot.txt,True,True,True,128,1654,712,4354,2118,0.08396890837820715,0.23511164426274944,1249,501,4759,2329,0.15,False,1478fb5a2ba94bf0dd3e202a55ebf82c,False,False,False,pending_review,,False
PCBD0492,rec4.jpg,PCB DSLR Dataset,cvl_pcb_dslr_6,pcb112,PCB,pcb,4928,3280,rec4-mask.png,rec4-annot.txt,True,True,True,128,1636,457,4078,2454,0.08403943617358252,0.3019773766629712,1270,158,4444,2753,0.15,False,befb7b73281049c8c812f2d343b86b02,False,False,False,pending_review,,False
PCBD0493,rec5.jpg,PCB DSLR Dataset,cvl_pcb_dslr_6,pcb112,PCB,pcb,4928,3280,rec5-mask.png,rec5-annot.txt,True,True,True,128,1438,877,4228,1740,0.08410031279695913,0.1491863319607222,1020,748,4646,1869,0.15,False,7fdf4d7839ad276c466865d2236910f3,False,False,False,pending_review,,False
PCBD0494,rec1.jpg,PCB DSLR Dataset,cvl_pcb_dslr_6,pcb113,PCB,pcb,4928,3280,rec1-mask.png,rec1-annot.txt,True,True,True,128,1240,1525,4810,1917,0.06581208425720621,0.08682361369575546,705,1467,4927,1975,0.15,False,de388ac0acb1619a6f603bae1782d0b7,False,False,False,pending_review,,True
PCBD0495,rec2.jpg,PCB DSLR Dataset,cvl_pcb_dslr_6,pcb113,PCB,pcb,4928,3280,rec2-mask.png,rec2-annot.txt,True,True,True,128,1111,577,4381,2529,0.06574842364190688,0.3952193909368071,621,285,4871,2821,0.15,False,11e6c462e775ebecd128e33ff135f55a,False,False,False,pending_review,,False
PCBD0496,rec3.jpg,PCB DSLR Dataset,cvl_pcb_dslr_6,pcb113,PCB,pcb,4928,3280,rec3-mask.png,rec3-annot.txt,True,True,True,128,1564,688,4588,3039,0.06589040722996516,0.4401676829268293,1111,336,4927,3279,0.15,False,9a4b08b0d7644d7104732f2d5e15ab26,False,False,False,pending_review,,True
PCBD0497,rec4.jpg,PCB DSLR Dataset,cvl_pcb_dslr_6,pcb113,PCB,pcb,4928,3280,rec4-mask.png,rec4-annot.txt,True,True,True,128,1198,853,4765,1266,0.06607637789040229,0.09138620525815648,663,791,4927,1328,0.15,False,f0ca421a1efbbb13bae37c24e8f93fb8,False,False,False,pending_review,,True
PCBD0498,rec5.jpg,PCB DSLR Dataset,cvl_pcb_dslr_6,pcb113,PCB,pcb,4928,3280,rec5-mask.png,rec5-annot.txt,True,True,True,128,1357,346,4588,2361,0.06584140897212544,0.4031042128603104,873,44,4927,2663,0.15,False,6b8cdcbff7a4f89dcda647131b5c8a04,False,False,False,pending_review,,True
PCBD0499,rec1.jpg,PCB DSLR Dataset,cvl_pcb_dslr_6,pcb114,PCB,pcb,4928,3280,rec1-mask.png,rec1-annot.txt,True,True,True,128,2257,1600,3805,2391,0.06806637531675641,0.07589830139372822,2025,1482,4037,2509,0.15,False,28fa485a5bf46287fb31d9a5226602b9,False,False,False,pending_review,,False
PCBD0500,rec2.jpg,PCB DSLR Dataset,cvl_pcb_dslr_6,pcb114,PCB,pcb,4928,3280,rec2-mask.png,rec2-annot.txt,True,True,True,128,2474,1315,3472,2844,0.06685422523360786,0.0945610696468166,2325,1086,3621,3073,0.15,False,d90dcd9494233f1929256d068f96fb6b,False,False,False,pending_review,,False
PCBD0501,rec3.jpg,PCB DSLR Dataset,cvl_pcb_dslr_6,pcb114,PCB,pcb,4928,3280,rec3-mask.png,rec3-annot.txt,True,True,True,128,2356,1633,3823,2571,0.06659884037456446,0.08527998297434274,2136,1493,4043,2711,0.15,False,c74501d3f824e2d49adab0dcce67f9fc,False,False,False,pending_review,,False
PCBD0502,rec4.jpg,PCB DSLR Dataset,cvl_pcb_dslr_6,pcb114,PCB,pcb,4928,3280,rec4-mask.png,rec4-annot.txt,True,True,True,128,1978,1060,3541,2547,0.06784606875593918,0.14397766867279063,1744,837,3775,2770,0.15,False,2fbde18e9baecc54629f2d460277bf7a,False,False,False,pending_review,,False
PCBD0503,rec5.jpg,PCB DSLR Dataset,cvl_pcb_dslr_6,pcb114,PCB,pcb,4928,3280,rec5-mask.png,rec5-annot.txt,True,True,True,128,2191,1249,3490,2829,0.06687556917168197,0.12715419108330694,1996,1012,3685,3066,0.15,False,9ba2d690f26ac452eb1972838f4fb78c,False,False,False,pending_review,,False
PCBD0504,rec1.jpg,PCB DSLR Dataset,cvl_pcb_dslr_6,pcb115,PCB,pcb,4928,3280,rec1-mask.png,rec1-annot.txt,True,True,True,128,868,1675,4903,2040,0.06585384413604688,0.09138769005384859,263,1621,4927,2094,0.15,False,f08199436af249a61e79b942270afe61,False,False,False,pending_review,,True
PCBD0505,rec2.jpg,PCB DSLR Dataset,cvl_pcb_dslr_6,pcb115,PCB,pcb,4928,3280,rec2-mask.png,rec2-annot.txt,True,True,True,128,1390,352,4555,3183,0.06588595284288881,0.5547018530250237,916,0,4927,3279,0.15,False,674b346d24436807e9ba310651242312,False,False,False,pending_review,,True
PCBD0506,rec3.jpg,PCB DSLR Dataset,cvl_pcb_dslr_6,pcb115,PCB,pcb,4928,3280,rec3-mask.png,rec3-annot.txt,True,True,True,128,1090,601,4750,2700,0.06611702417247386,0.47563574002217296,541,286,4927,3015,0.15,False,6c8675dc343320bf83dfef8f05ae3d47,False,False,False,pending_review,,True
PCBD0507,rec4.jpg,PCB DSLR Dataset,cvl_pcb_dslr_6,pcb115,PCB,pcb,4928,3280,rec4-mask.png,rec4-annot.txt,True,True,True,128,1258,787,4750,3207,0.06585328733766234,0.5231772276884701,735,424,4927,3279,0.15,False,62c5d2791b9ce23d3933f08d9c23733f,False,False,False,pending_review,,True
PCBD0508,rec1.jpg,PCB DSLR Dataset,cvl_pcb_dslr_6,pcb116,PCB,pcb,4928,3280,rec1-mask.png,rec1-annot.txt,True,True,True,128,907,427,4909,3036,0.13430663753167565,0.6463705406636047,307,36,4927,3279,0.15,False,65db9ed29750b7bb75ef3296cbf286bd,False,False,False,pending_review,,True
PCBD0509,rec2.jpg,PCB DSLR Dataset,cvl_pcb_dslr_6,pcb116,PCB,pcb,4928,3280,rec2-mask.png,rec2-annot.txt,True,True,True,128,1033,169,4744,3258,0.13447256345026926,0.7096135571745328,477,0,4927,3279,0.15,False,350d9701eb853722ecebca5882bde8da,False,False,False,pending_review,,True
PCBD0510,rec3.jpg,PCB DSLR Dataset,cvl_pcb_dslr_6,pcb116,PCB,pcb,4928,3280,rec3-mask.png,rec3-annot.txt,True,True,True,128,1075,79,4789,3177,0.1344905665980361,0.7122555655091859,518,0,4927,3279,0.15,False,a28e2d3b7c2457d845065ca6b7ca3cc0,False,False,False,pending_review,,True
PCBD0511,rec1.jpg,PCB DSLR Dataset,cvl_pcb_dslr_6,pcb117,PCB,pcb,4928,3280,rec1-mask.png,rec1-annot.txt,True,True,True,128,1558,1558,4291,1869,0.04904744169702249,0.05277260848907191,1148,1512,4701,1915,0.15,False,e869de59574703f411c2b9211cffca38,False,False,False,pending_review,,False
PCBD0512,rec2.jpg,PCB DSLR Dataset,cvl_pcb_dslr_6,pcb117,PCB,pcb,4928,3280,rec2-mask.png,rec2-annot.txt,True,True,True,128,1816,1675,4546,2466,0.048875576595660435,0.13381424216027873,1407,1557,4927,2584,0.15,False,c964f8f7eed6944966af98a908c37bd9,False,False,False,pending_review,,True
PCBD0513,rec3.jpg,PCB DSLR Dataset,cvl_pcb_dslr_6,pcb117,PCB,pcb,4928,3280,rec3-mask.png,rec3-annot.txt,True,True,True,128,2119,952,4228,3078,0.04877925047513462,0.27765493843047195,1803,633,4544,3279,0.15,False,454e34e935c4c4e67155624aceaa904d,False,False,False,pending_review,,True
PCBD0514,rec4.jpg,PCB DSLR Dataset,cvl_pcb_dslr_6,pcb117,PCB,pcb,4928,3280,rec4-mask.png,rec4-annot.txt,True,True,True,128,2410,532,4045,3009,0.04878017847244219,0.25080723392461196,2165,161,4290,3279,0.15,False,7a22a4742d6b9f318ec89bb83007baa8,False,False,False,pending_review,,True
PCBD0515,rec5.jpg,PCB DSLR Dataset,cvl_pcb_dslr_6,pcb117,PCB,pcb,4928,3280,rec5-mask.png,rec5-annot.txt,True,True,True,128,1873,475,3751,2805,0.04904131691479253,0.27097205861973395,1592,126,4032,3154,0.15,False,10cd61cb4fe2595b9e5230f9214f84ba,False,False,False,pending_review,,False
PCBD0516,rec1.jpg,PCB DSLR Dataset,cvl_pcb_dslr_6,pcb118,PCB,pcb,4928,3280,rec1-mask.png,rec1-annot.txt,True,True,True,128,2194,1315,4111,2139,0.09564942488913525,0.09789443597560976,1907,1192,4398,2262,0.15,False,3ef92b138fb4aa660e4c86c184876852,False,False,False,pending_review,,False
PCBD0517,rec2.jpg,PCB DSLR Dataset,cvl_pcb_dslr_6,pcb118,PCB,pcb,4928,3280,rec2-mask.png,rec2-annot.txt,True,True,True,128,2374,814,3727,2874,0.0954946349382325,0.17264424790148875,2171,505,3930,3183,0.15,False,faae527016f3f1b6436d342c33dd3d03,False,False,False,pending_review,,False
PCBD0518,rec3.jpg,PCB DSLR Dataset,cvl_pcb_dslr_6,pcb118,PCB,pcb,4928,3280,rec3-mask.png,rec3-annot.txt,True,True,True,128,1618,559,3517,2457,0.09572570626781755,0.22322047236300285,1333,275,3802,2741,0.15,False,aca6a39a0c5cb861a839c0d9c15426e5,False,False,False,pending_review,,False
PCBD0519,rec4.jpg,PCB DSLR Dataset,cvl_pcb_dslr_6,pcb118,PCB,pcb,4928,3280,rec4-mask.png,rec4-annot.txt,True,True,True,128,2035,898,3955,2778,0.09586156507364586,0.22354842661149826,1747,616,4243,3060,0.15,False,ffbac6027bb641d3caf91e461ea50f8a,False,False,False,pending_review,,False
PCBD0520,rec5.jpg,PCB DSLR Dataset,cvl_pcb_dslr_6,pcb118,PCB,pcb,4928,3280,rec5-mask.png,rec5-annot.txt,True,True,True,128,2317,526,3148,2454,0.09595473600332594,0.09929125752296485,2193,237,3272,2743,0.15,False,d06696901fb04acd9eb386d97ce28598,False,False,False,pending_review,,False
PCBD0521,rec1.jpg,PCB DSLR Dataset,cvl_pcb_dslr_6,pcb119,PCB,pcb,4928,3280,rec1-mask.png,rec1-annot.txt,True,True,True,128,1477,682,4228,2772,0.34924046513699714,0.3560064935064935,1065,369,4640,3085,0.15,False,02292ee06b50a32c00e15da4427ac313,False,False,False,pending_review,,False
PCBD0522,rec2.jpg,PCB DSLR Dataset,cvl_pcb_dslr_6,pcb119,PCB,pcb,4928,3280,rec2-mask.png,rec2-annot.txt,True,True,True,128,1372,238,4693,3231,0.34924046513699714,0.6153282883275262,874,0,4927,3279,0.15,False,b3dc765e09e0cd98176ac577db365d27,False,False,False,pending_review,,True
PCBD0523,rec3.jpg,PCB DSLR Dataset,cvl_pcb_dslr_6,pcb119,PCB,pcb,4928,3280,rec3-mask.png,rec3-annot.txt,True,True,True,128,1279,22,4657,3180,0.34899417465156796,0.6603790312203041,773,0,4927,3279,0.15,False,29b0219881994cae902c4be61408b9d6,False,False,False,pending_review,,True
PCBD0524,rec4.jpg,PCB DSLR Dataset,cvl_pcb_dslr_6,pcb119,PCB,pcb,4928,3280,rec4-mask.png,rec4-annot.txt,True,True,True,128,1606,511,4546,2865,0.3493226856984479,0.4284906928056699,1165,158,4927,3218,0.15,False,93debb2f9e65788af1417ee6bb11f5e5,False,False,False,pending_review,,True
PCBD0525,rec5.jpg,PCB DSLR Dataset,cvl_pcb_dslr_6,pcb119,PCB,pcb,4928,3280,rec5-mask.png,rec5-annot.txt,True,True,True,128,1900,109,4000,2862,0.3493507112171365,0.35796902221254356,1585,0,4315,3275,0.15,False,6ed4773d5eec30f68838ad54173fcf13,False,False,False,pending_review,,True
PCBD0526,rec1.jpg,PCB DSLR Dataset,cvl_pcb_dslr_6,pcb120,PCB,pcb,4928,3280,rec1-mask.png,rec1-annot.txt,True,True,True,128,1327,670,4651,2361,0.3141753444726006,0.3480546701773836,829,417,4927,2614,0.15,False,aaa3b085be9a84c907109ee6b7ae1a2f,False,False,False,pending_review,,True
PCBD0527,rec2.jpg,PCB DSLR Dataset,cvl_pcb_dslr_6,pcb120,PCB,pcb,4928,3280,rec2-mask.png,rec2-annot.txt,True,True,True,128,1270,88,4735,3201,0.31426888660120367,0.6677326674849541,751,0,4927,3279,0.15,False,bc1dab45d6926322761503f45b9e2956,False,False,False,pending_review,,True
PCBD0528,rec3.jpg,PCB DSLR Dataset,cvl_pcb_dslr_6,pcb120,PCB,pcb,4928,3280,rec3-mask.png,rec3-annot.txt,True,True,True,128,1162,448,4630,3093,0.31363766283259426,0.5678708772172949,642,52,4927,3279,0.15,False,0bcf041aa3178738257a91a464817caf,False,False,False,pending_review,,True
PCBD0529,rec4.jpg,PCB DSLR Dataset,cvl_pcb_dslr_6,pcb120,PCB,pcb,4928,3280,rec4-mask.png,rec4-annot.txt,True,True,True,128,1120,82,4585,3198,0.3138316142698765,0.668375955218562,601,0,4927,3279,0.15,False,4957a7b24fb7692259ac92c9c80ab0b2,False,False,False,pending_review,,True
PCBD0530,rec5.jpg,PCB DSLR Dataset,cvl_pcb_dslr_6,pcb120,PCB,pcb,4928,3280,rec5-mask.png,rec5-annot.txt,True,True,True,128,1402,430,4831,2889,0.31377352163842254,0.5220170454545454,888,61,4927,3258,0.15,False,53418a02b9f3df12d9fcd73936e8bf12,False,False,False,pending_review,,True
PCBD0531,rec1.jpg,PCB DSLR Dataset,cvl_pcb_dslr_7,pcb121,PCB,pcb,4928,3280,rec1-mask.png,rec1-annot.txt,True,True,True,128,1954,352,4105,2367,0.25814008304957237,0.2684035476718404,1632,50,4427,2669,0.15,False,f0a0f2dd8b6535740188c3e92d5a67db,False,False,False,pending_review,,False
PCBD0532,rec2.jpg,PCB DSLR Dataset,cvl_pcb_dslr_7,pcb121,PCB,pcb,4928,3280,rec2-mask.png,rec2-annot.txt,True,True,True,128,1804,592,3841,2736,0.25928820131849856,0.2704499673344948,1499,271,4146,3057,0.15,False,5c2f6f8f56816b135f8ff38f2691f14c,False,False,False,pending_review,,False
PCBD0533,rec3.jpg,PCB DSLR Dataset,cvl_pcb_dslr_7,pcb121,PCB,pcb,4928,3280,rec3-mask.png,rec3-annot.txt,True,True,True,128,1321,379,4177,3237,0.25896637185223315,0.50533555145312,893,0,4605,3279,0.15,False,c5d0f5691d00dc76dd01619901567160,False,False,False,pending_review,,True
PCBD0534,rec4.jpg,PCB DSLR Dataset,cvl_pcb_dslr_7,pcb121,PCB,pcb,4928,3280,rec4-mask.png,rec4-annot.txt,True,True,True,128,1849,613,4009,2637,0.2581009215631929,0.27072929452407346,1525,310,4333,2940,0.15,False,2e2a950d89bd9b8929117aa22f1d059c,False,False,False,pending_review,,False
PCBD0535,rec5.jpg,PCB DSLR Dataset,cvl_pcb_dslr_7,pcb121,PCB,pcb,4928,3280,rec5-mask.png,rec5-annot.txt,True,True,True,128,1633,688,3664,2844,0.2581666237725689,0.27116229806778586,1329,365,3968,3167,0.15,False,d4d17c9dd3f5ea67cfda2e2b425ebc48,False,False,False,pending_review,,False
PCBD0536,rec1.jpg,PCB DSLR Dataset,cvl_pcb_dslr_7,pcb122,PCB,pcb,4928,3280,rec1-mask.png,rec1-annot.txt,True,True,True,128,1570,652,4327,2214,0.25030425938390877,0.2666912070399113,1157,418,4740,2448,0.15,False,7cd1374f9a11ce5612e69b67bd0e92f9,False,False,False,pending_review,,False
PCBD0537,rec2.jpg,PCB DSLR Dataset,cvl_pcb_dslr_7,pcb122,PCB,pcb,4928,3280,rec2-mask.png,rec2-annot.txt,True,True,True,128,1525,400,4549,3189,0.25150267510690527,0.5221376851045296,1072,0,4927,3279,0.15,False,b03adb2eae5294651956a85064811365,False,False,False,pending_review,,True
PCBD0538,rec3.jpg,PCB DSLR Dataset,cvl_pcb_dslr_7,pcb122,PCB,pcb,4928,3280,rec3-mask.png,rec3-annot.txt,True,True,True,128,1681,142,4645,2874,0.2496318325348432,0.5013254894876465,1237,0,4927,3279,0.15,False,22889023f1bfa3a13aa55acaa14b9007,False,False,False,pending_review,,True
PCBD0539,rec4.jpg,PCB DSLR Dataset,cvl_pcb_dslr_7,pcb122,PCB,pcb,4928,3280,rec4-mask.png,rec4-annot.txt,True,True,True,128,1666,475,4414,2058,0.2506613527478619,0.2693924216027875,1254,238,4826,2295,0.15,False,8022773797c036695c6efa86ae6c1f12,False,False,False,pending_review,,False
PCBD0540,rec5.jpg,PCB DSLR Dataset,cvl_pcb_dslr_7,pcb122,PCB,pcb,4928,3280,rec5-mask.png,rec5-annot.txt,True,True,True,128,2176,208,3754,2955,0.2484070616883117,0.26844437955337347,1940,0,3990,3279,0.15,False,cc88fa3c1062daee2c71b6de565411ba,False,False,False,pending_review,,True
PCBD0541,rec1.jpg,PCB DSLR Dataset,cvl_pcb_dslr_7,pcb123,PCB,pcb,4928,3280,rec1-mask.png,rec1-annot.txt,True,True,True,128,1933,382,4369,2868,0.3594326595660437,0.3749615809114666,1568,9,4734,3241,0.15,False,2b480645ade69fc81db87b54b96fe0f8,False,False,False,pending_review,,False
PCBD0542,rec2.jpg,PCB DSLR Dataset,cvl_pcb_dslr_7,pcb123,PCB,pcb,4928,3280,rec2-mask.png,rec2-annot.txt,True,True,True,128,1483,550,4270,3198,0.3585805724382325,0.45690949675324677,1065,153,4688,3279,0.15,False,01899caf5a8fa54194b7ba82a1ab58ad,False,False,False,pending_review,,True
PCBD0543,rec3.jpg,PCB DSLR Dataset,cvl_pcb_dslr_7,pcb123,PCB,pcb,4928,3280,rec3-mask.png,rec3-annot.txt,True,True,True,128,1876,757,4387,3165,0.35826969334019637,0.3743793554006969,1500,396,4763,3279,0.15,False,979c231605e132c4cde954e6d1fb4e44,False,False,False,pending_review,,True
PCBD0544,rec4.jpg,PCB DSLR Dataset,cvl_pcb_dslr_7,pcb123,PCB,pcb,4928,3280,rec4-mask.png,rec4-annot.txt,True,True,True,128,1417,115,4477,3075,0.3581794920019005,0.5607343923226165,958,0,4927,3279,0.15,False,6d04cf4e9c32885187080d366237a542,False,False,False,pending_review,,True
PCBD0545,rec5.jpg,PCB DSLR Dataset,cvl_pcb_dslr_7,pcb123,PCB,pcb,4928,3280,rec5-mask.png,rec5-annot.txt,True,True,True,128,1492,379,4027,2802,0.35832648677541973,0.38030962939499524,1112,16,4407,3165,0.15,False,f078c2ff860afc16efc7bdec01ad0b2b,False,False,False,pending_review,,False
PCBD0546,rec1.jpg,PCB DSLR Dataset,cvl_pcb_dslr_7,pcb124,PCB,pcb,4928,3280,rec1-mask.png,rec1-annot.txt,True,True,True,128,1612,616,4288,2892,0.3582962340631929,0.37710896668118465,1211,275,4689,3233,0.15,False,1cd93a42e1858114da2572dc788f5afe,False,False,False,pending_review,,False
PCBD0547,rec2.jpg,PCB DSLR Dataset,cvl_pcb_dslr_7,pcb124,PCB,pcb,4928,3280,rec2-mask.png,rec2-annot.txt,True,True,True,128,1324,130,4633,3240,0.3577485300522648,0.6370645836632879,828,0,4927,3279,0.15,False,66b0ab346228810ab990c9a282a76b09,False,False,False,pending_review,,True
PCBD0548,rec3.jpg,PCB DSLR Dataset,cvl_pcb_dslr_7,pcb124,PCB,pcb,4928,3280,rec3-mask.png,rec3-annot.txt,True,True,True,128,1741,118,4129,2940,0.357026548146975,0.4172366838573012,1383,0,4487,3279,0.15,False,12d84377a7d43400310f0f7c1c2b119f,False,False,False,pending_review,,True
PCBD0549,rec4.jpg,PCB DSLR Dataset,cvl_pcb_dslr_7,pcb124,PCB,pcb,4928,3280,rec4-mask.png,rec4-annot.txt,True,True,True,128,1615,286,4507,2712,0.3572587330733291,0.4343838469076655,1182,0,4927,3076,0.15,False,dec17448dfc6982fc3138962cc56ec52,False,False,False,pending_review,,True
PCBD0550,rec5.jpg,PCB DSLR Dataset,cvl_pcb_dslr_7,pcb124,PCB,pcb,4928,3280,rec5-mask.png,rec5-annot.txt,True,True,True,128,1354,136,4549,3015,0.35764756394520114,0.5694488438390878,875,0,4927,3279,0.15,False,3006e32617e81a1f7751d72fb3e65c4d,False,False,False,pending_review,,True
PCBD0551,rec1.jpg,PCB DSLR Dataset,cvl_pcb_dslr_7,pcb125,PCB,pcb,4928,3280,rec1-mask.png,rec1-annot.txt,True,True,True,128,1576,505,4267,2535,0.322074643154102,0.3382520490180551,1173,201,4670,2839,0.15,False,9b6eef32351540814580811794b42fc9,False,False,False,pending_review,,False
PCBD0552,rec2.jpg,PCB DSLR Dataset,cvl_pcb_dslr_7,pcb125,PCB,pcb,4928,3280,rec2-mask.png,rec2-annot.txt,True,True,True,128,1009,43,4252,2979,0.32269287496040544,0.58944087543554,523,0,4738,3279,0.15,False,578cf575f1e484361cc2de5eef24c26b,False,False,False,pending_review,,True
PCBD0553,rec3.jpg,PCB DSLR Dataset,cvl_pcb_dslr_7,pcb125,PCB,pcb,4928,3280,rec3-mask.png,rec3-annot.txt,True,True,True,128,1111,88,4309,3090,0.32189646767104846,0.5943264100609756,632,0,4788,3279,0.15,False,b7cf4c18254d644e61e8eaedcb9d8f4f,False,False,False,pending_review,,True
PCBD0554,rec4.jpg,PCB DSLR Dataset,cvl_pcb_dslr_7,pcb125,PCB,pcb,4928,3280,rec4-mask.png,rec4-annot.txt,True,True,True,128,1234,256,4276,2772,0.32248667395866326,0.4738497164040228,778,0,4732,3149,0.15,False,008047f6435c726758e25637a57319df,False,False,False,pending_review,,True
PCBD0555,rec5.jpg,PCB DSLR Dataset,cvl_pcb_dslr_7,pcb125,PCB,pcb,4928,3280,rec5-mask.png,rec5-annot.txt,True,True,True,128,1651,178,3694,2883,0.32195548829980997,0.3421875,1345,0,4000,3279,0.15,False,19b92efeb963e83f1e8a86ddf3ebe511,False,False,False,pending_review,,True
PCBD0556,rec1.jpg,PCB DSLR Dataset,cvl_pcb_dslr_7,pcb126,PCB,pcb,4928,3280,rec1-mask.png,rec1-annot.txt,True,True,True,128,1861,598,4009,2424,0.2316179199992081,0.24290162486141906,1539,324,4331,2698,0.15,False,c4f9f493b63481c1ccf7398473b4dc3e,False,False,False,pending_review,,False
PCBD0557,rec2.jpg,PCB DSLR Dataset,cvl_pcb_dslr_7,pcb126,PCB,pcb,4928,3280,rec2-mask.png,rec2-annot.txt,True,True,True,128,1657,451,4381,3132,0.23303664228302184,0.45214812816756417,1249,49,4789,3279,0.15,False,c8a8c0b3f56d04867009ed0f0fc9efe7,False,False,False,pending_review,,True
PCBD0558,rec3.jpg,PCB DSLR Dataset,cvl_pcb_dslr_7,pcb126,PCB,pcb,4928,3280,rec3-mask.png,rec3-annot.txt,True,True,True,128,1366,334,4030,3063,0.2328658907784289,0.4501065340909091,967,0,4429,3279,0.15,False,1fdfc630fee9ae4a15364cc9d31d9869,False,False,False,pending_review,,True
PCBD0559,rec4.jpg,PCB DSLR Dataset,cvl_pcb_dslr_7,pcb126,PCB,pcb,4928,3280,rec4-mask.png,rec4-annot.txt,True,True,True,128,1723,1006,3949,2916,0.23168677739942983,0.2632912105044346,1389,720,4283,3202,0.15,False,c6f530aaf88dc94b0151fdca8e0deea4,False,False,False,pending_review,,False
PCBD0560,rec5.jpg,PCB DSLR Dataset,cvl_pcb_dslr_7,pcb126,PCB,pcb,4928,3280,rec5-mask.png,rec5-annot.txt,True,True,True,128,2155,634,3973,2808,0.23087756374722837,0.24476392985825152,1883,308,4245,3134,0.15,False,ac30097a835f8fb96973dee067887093,False,False,False,pending_review,,False
PCBD0561,rec1.jpg,PCB DSLR Dataset,cvl_pcb_dslr_7,pcb127,PCB,pcb,4928,3280,rec1-mask.png,rec1-annot.txt,True,True,True,128,1660,664,4387,2436,0.2808090156794425,0.2992323606271777,1251,399,4796,2701,0.15,False,0b80c778467ce0c8b910a658322e823c,False,False,False,pending_review,,False
PCBD0562,rec2.jpg,PCB DSLR Dataset,cvl_pcb_dslr_7,pcb127,PCB,pcb,4928,3280,rec2-mask.png,rec2-annot.txt,True,True,True,128,1633,43,4756,3006,0.2816412436648717,0.5728549651567945,1165,0,4927,3279,0.15,False,2dc82ee36280f964818cec887b1ea842,False,False,False,pending_review,,True
PCBD0563,rec3.jpg,PCB DSLR Dataset,cvl_pcb_dslr_7,pcb127,PCB,pcb,4928,3280,rec3-mask.png,rec3-annot.txt,True,True,True,128,1564,166,4738,2997,0.2813053086395312,0.5562787060500475,1088,0,4927,3279,0.15,False,0e63ee723e1b1345d57ba84d6648ce3e,False,False,False,pending_review,,True
PCBD0564,rec4.jpg,PCB DSLR Dataset,cvl_pcb_dslr_7,pcb127,PCB,pcb,4928,3280,rec4-mask.png,rec4-annot.txt,True,True,True,128,1543,625,4276,2394,0.28032478668435223,0.29938306738992715,1133,360,4686,2659,0.15,False,c17030ab636d326416eff7e8a556b3ee,False,False,False,pending_review,,False
PCBD0565,rec5.jpg,PCB DSLR Dataset,cvl_pcb_dslr_7,pcb127,PCB,pcb,4928,3280,rec5-mask.png,rec5-annot.txt,True,True,True,128,1075,169,4135,3234,0.2793555862963256,0.580618590631929,616,0,4594,3279,0.15,False,66904815446d557be8b7b81e41d9ea88,False,False,False,pending_review,,True
PCBD0566,rec1.jpg,PCB DSLR Dataset,cvl_pcb_dslr_7,pcb128,PCB,pcb,4928,3280,rec1-mask.png,rec1-annot.txt,True,True,True,128,1456,661,4210,2421,0.27975722353104215,0.3001486651686728,1043,397,4623,2685,0.15,False,77f46a7108c5074836e377417e12c97e,False,False,False,pending_review,,False
PCBD0567,rec2.jpg,PCB DSLR Dataset,cvl_pcb_dslr_7,pcb128,PCB,pcb,4928,3280,rec2-mask.png,rec2-annot.txt,True,True,True,128,1546,334,4678,3204,0.2800944577526132,0.5564793390679442,1077,0,4927,3279,0.15,False,9124d9e9751aa262e235394086abe2cd,False,False,False,pending_review,,True
PCBD0568,rec3.jpg,PCB DSLR Dataset,cvl_pcb_dslr_7,pcb128,PCB,pcb,4928,3280,rec3-mask.png,rec3-annot.txt,True,True,True,128,2344,118,4123,2877,0.2802872955931264,0.30393767817548306,2077,0,4390,3279,0.15,False,bb350434b76e0dddccc6f5a951cbb967,False,False,False,pending_review,,True
PCBD0569,rec1.jpg,PCB DSLR Dataset,cvl_pcb_dslr_7,pcb129,PCB,pcb,4928,3280,rec1-mask.png,rec1-annot.txt,True,True,True,128,1306,469,4318,2403,0.34454516995961354,0.3606912095145708,855,179,4769,2693,0.15,False,2982e705595a964aa0743d1b37dee7e9,False,False,False,pending_review,,False
PCBD0570,rec2.jpg,PCB DSLR Dataset,cvl_pcb_dslr_7,pcb129,PCB,pcb,4928,3280,rec2-mask.png,rec2-annot.txt,True,True,True,128,1216,316,4639,3219,0.3446090161743744,0.6151567944250871,703,0,4927,3279,0.15,False,f0b30d94f965007e4cc2e087a6c24796,False,False,False,pending_review,,True
PCBD0571,rec3.jpg,PCB DSLR Dataset,cvl_pcb_dslr_7,pcb129,PCB,pcb,4928,3280,rec3-mask.png,rec3-annot.txt,True,True,True,128,1072,178,4510,3234,0.3452920221927463,0.6504038025617676,557,0,4927,3279,0.15,False,461b81f8331bf8b729512e188b23a167,False,False,False,pending_review,,True
PCBD0572,rec4.jpg,PCB DSLR Dataset,cvl_pcb_dslr_7,pcb129,PCB,pcb,4928,3280,rec4-mask.png,rec4-annot.txt,True,True,True,128,1369,649,4399,2595,0.345617563648242,0.36509622713414636,915,357,4853,2887,0.15,False,70f71fdd6ba0d9d3e0d79e339747fcf1,False,False,False,pending_review,,False
PCBD0573,rec5.jpg,PCB DSLR Dataset,cvl_pcb_dslr_7,pcb129,PCB,pcb,4928,3280,rec5-mask.png,rec5-annot.txt,True,True,True,128,1039,94,4489,3126,0.3457408016906874,0.6475492828436807,522,0,4927,3279,0.15,False,3d9738b49bc7010fd56a8ec201cc240d,False,False,False,pending_review,,True
PCBD0574,rec1.jpg,PCB DSLR Dataset,cvl_pcb_dslr_7,pcb130,PCB,pcb,4928,3280,rec1-mask.png,rec1-annot.txt,True,True,True,128,1438,334,4429,2463,0.379095066518847,0.39427264808362367,990,15,4877,2782,0.15,False,281697ed6986bfe2868d4f9319b0202a,False,False,False,pending_review,,False
PCBD0575,rec2.jpg,PCB DSLR Dataset,cvl_pcb_dslr_7,pcb130,PCB,pcb,4928,3280,rec2-mask.png,rec2-annot.txt,True,True,True,128,931,46,4501,3159,0.37893934857063666,0.6879611527953754,396,0,4927,3279,0.15,False,87fbf6fe023371c120cf84f35098d4f6,False,False,False,pending_review,,True
PCBD0576,rec3.jpg,PCB DSLR Dataset,cvl_pcb_dslr_7,pcb130,PCB,pcb,4928,3280,rec3-mask.png,rec3-annot.txt,True,True,True,128,1453,478,4756,3222,0.37776153438786825,0.5610968680709535,958,67,4927,3279,0.15,False,fd0e8ce52c68fe8cb6e1bbd93419e9fa,False,False,False,pending_review,,True
PCBD0577,rec4.jpg,PCB DSLR Dataset,cvl_pcb_dslr_7,pcb130,PCB,pcb,4928,3280,rec4-mask.png,rec4-annot.txt,True,True,True,128,1543,190,4831,2739,0.37769323378603104,0.5188711345818815,1050,0,4927,3121,0.15,False,1cedf2c8dfc024d83b2f5e397ca6751f,False,False,False,pending_review,,True
PCBD0578,rec5.jpg,PCB DSLR Dataset,cvl_pcb_dslr_7,pcb130,PCB,pcb,4928,3280,rec5-mask.png,rec5-annot.txt,True,True,True,128,1291,133,4522,2709,0.3788081297513462,0.5152775578080456,807,0,4927,3095,0.15,False,262e4e11fdcd8db895c776e1777530e5,False,False,False,pending_review,,True
PCBD0579,rec1.jpg,PCB DSLR Dataset,cvl_pcb_dslr_7,pcb131,PCB,pcb,4928,3280,rec1-mask.png,rec1-annot.txt,True,True,True,128,1549,640,3631,2568,0.24299776538248338,0.2485861651686728,1237,351,3943,2857,0.15,False,a5e11d252aa39ab5fa3419fd36327ed2,False,False,False,pending_review,,False
PCBD0580,rec2.jpg,PCB DSLR Dataset,cvl_pcb_dslr_7,pcb131,PCB,pcb,4928,3280,rec2-mask.png,rec2-annot.txt,True,True,True,128,1666,313,4360,2952,0.2430337716780171,0.4401676829268293,1262,0,4764,3279,0.15,False,6379c996a5cf9a5568032b14462bd1be,False,False,False,pending_review,,True
PCBD0581,rec3.jpg,PCB DSLR Dataset,cvl_pcb_dslr_7,pcb131,PCB,pcb,4928,3280,rec3-mask.png,rec3-annot.txt,True,True,True,128,2248,478,4213,2580,0.2437104673146975,0.25578686747703516,1954,163,4507,2895,0.15,False,fd865ef3dab74168b857add0fc7ddbee,False,False,False,pending_review,,False
PCBD0582,rec4.jpg,PCB DSLR Dataset,cvl_pcb_dslr_7,pcb131,PCB,pcb,4928,3280,rec4-mask.png,rec4-annot.txt,True,True,True,128,1441,154,4135,2787,0.2433392683916693,0.4391673018292683,1037,0,4539,3182,0.15,False,6f26afcfae77f5f6bccf2d6c299148f2,False,False,False,pending_review,,True
PCBD0583,rec5.jpg,PCB DSLR Dataset,cvl_pcb_dslr_7,pcb131,PCB,pcb,4928,3280,rec5-mask.png,rec5-annot.txt,True,True,True,128,1153,289,3919,3015,0.2433392683916693,0.46682032239863797,738,0,4334,3279,0.15,False,ccaf9e4a8ba31949706a75ffa213d22e,False,False,False,pending_review,,True
PCBD0584,rec1.jpg,PCB DSLR Dataset,cvl_pcb_dslr_7,pcb132,PCB,pcb,4928,3280,rec1-mask.png,rec1-annot.txt,True,True,True,128,1591,532,4294,2745,0.35558648192508713,0.3703733766233766,1186,200,4699,3077,0.15,False,0d06874cde701ece607dd2c7cb3f329f,False,False,False,pending_review,,False
PCBD0585,rec2.jpg,PCB DSLR Dataset,cvl_pcb_dslr_7,pcb132,PCB,pcb,4928,3280,rec2-mask.png,rec2-annot.txt,True,True,True,128,1090,100,4438,3237,0.35615088988755145,0.6501649360547989,588,0,4927,3279,0.15,False,3b58472c45c7a380ed9f481f6c742c8e,False,False,False,pending_review,,True
PCBD0586,rec3.jpg,PCB DSLR Dataset,cvl_pcb_dslr_7,pcb132,PCB,pcb,4928,3280,rec3-mask.png,rec3-annot.txt,True,True,True,128,1276,154,4597,3213,0.3561922785674691,0.6288926393728222,778,0,4927,3279,0.15,False,c4d46f4d14047f03fb345a66d6ee7667,False,False,False,pending_review,,True
PCBD0587,rec4.jpg,PCB DSLR Dataset,cvl_pcb_dslr_7,pcb132,PCB,pcb,4928,3280,rec4-mask.png,rec4-annot.txt,True,True,True,128,1486,637,4225,2883,0.35754065865536905,0.380898350886918,1075,300,4636,3220,0.15,False,3653753267c98096873d68b337ec21ac,False,False,False,pending_review,,False
PCBD0588,rec5.jpg,PCB DSLR Dataset,cvl_pcb_dslr_7,pcb132,PCB,pcb,4928,3280,rec5-mask.png,rec5-annot.txt,True,True,True,128,1948,355,4156,3057,0.35753137868229334,0.3694002786466582,1617,0,4487,3279,0.15,False,55957aecedc750bc595c2f8b107d177b,False,False,False,pending_review,,True
PCBD0589,rec1.jpg,PCB DSLR Dataset,cvl_pcb_dslr_7,pcb133,PCB,pcb,4928,3280,rec1-mask.png,rec1-annot.txt,True,True,True,128,1243,415,3943,2670,0.35964795494140006,0.37698071745327844,838,77,4348,3008,0.15,False,02ec3eda3c5bc38d0d1420ed2d11a420,False,False,False,pending_review,,False
PCBD0590,rec2.jpg,PCB DSLR Dataset,cvl_pcb_dslr_7,pcb133,PCB,pcb,4928,3280,rec2-mask.png,rec2-annot.txt,True,True,True,128,1096,37,4342,3006,0.35909394054878047,0.5966150370209059,609,0,4829,3279,0.15,False,7e50fc90f0871369da09e2ff09b3d4cb,False,False,False,pending_review,,True
PCBD0591,rec3.jpg,PCB DSLR Dataset,cvl_pcb_dslr_7,pcb133,PCB,pcb,4928,3280,rec3-mask.png,rec3-annot.txt,True,True,True,128,1645,145,4384,3246,0.35717242932372506,0.5258329703832753,1234,0,4795,3279,0.15,False,d185d8eb7d9f7926b38bd03e7375d8fe,False,False,False,pending_review,,True
PCBD0592,rec4.jpg,PCB DSLR Dataset,cvl_pcb_dslr_7,pcb133,PCB,pcb,4928,3280,rec4-mask.png,rec4-annot.txt,True,True,True,128,1399,382,4354,2898,0.3587004696903706,0.46030225490972443,956,5,4797,3275,0.15,False,4a5ff9e70ab444451ad9dbac52b58bf1,False,False,False,pending_review,,False
PCBD0593,rec5.jpg,PCB DSLR Dataset,cvl_pcb_dslr_7,pcb133,PCB,pcb,4928,3280,rec5-mask.png,rec5-annot.txt,True,True,True,128,1414,160,4396,2748,0.3582693221412734,0.4777940761601204,967,0,4843,3136,0.15,False,1b5c9e39d3b17fc3129fe358c983d6ab,False,False,False,pending_review,,True
PCBD0594,rec1.jpg,PCB DSLR Dataset,cvl_pcb_dslr_7,pcb134,PCB,pcb,4928,3280,rec1-mask.png,rec1-annot.txt,True,True,True,128,1516,454,4186,2439,0.3149632141867279,0.328177339048147,1116,157,4586,2736,0.15,False,2a2d0cbfab771efc8b7a77c3e3d6bb8e,False,False,False,pending_review,,False
PCBD0595,rec2.jpg,PCB DSLR Dataset,cvl_pcb_dslr_7,pcb134,PCB,pcb,4928,3280,rec2-mask.png,rec2-annot.txt,True,True,True,128,1084,262,4291,3099,0.31533125791891037,0.5632513066202091,603,0,4772,3279,0.15,False,cbef9772399687e8f7d01500f864b338,False,False,False,pending_review,,True
PCBD0596,rec3.jpg,PCB DSLR Dataset,cvl_pcb_dslr_7,pcb134,PCB,pcb,4928,3280,rec3-mask.png,rec3-annot.txt,True,True,True,128,1039,535,4183,3195,0.31540364170890084,0.517751041831644,568,136,4654,3279,0.15,False,eddfdbb47cc503c0c4061667a87aca4b,False,False,False,pending_review,,True
PCBD0597,rec4.jpg,PCB DSLR Dataset,cvl_pcb_dslr_7,pcb134,PCB,pcb,4928,3280,rec4-mask.png,rec4-annot.txt,True,True,True,128,1468,562,4159,2556,0.3154422463968958,0.3322564440133038,1065,263,4562,2855,0.15,False,80ea37050fa57c8e61e14467b984cd81,False,False,False,pending_review,,False
PCBD0598,rec5.jpg,PCB DSLR Dataset,cvl_pcb_dslr_7,pcb134,PCB,pcb,4928,3280,rec5-mask.png,rec5-annot.txt,True,True,True,128,1273,466,3283,3153,0.3159660080772886,0.33442350332594234,972,63,3584,3279,0.15,False,a00cd1d6859da0d99b111ba462362f67,False,False,False,pending_review,,True
PCBD0599,rec1.jpg,PCB DSLR Dataset,cvl_pcb_dslr_7,pcb135,PCB,pcb,4928,3280,rec1-mask.png,rec1-annot.txt,True,True,True,128,1954,442,4204,2592,0.28675933441558443,0.2995514061015204,1617,120,4541,2914,0.15,False,a4ee9f998263ea313632d5e0e494934e,False,False,False,pending_review,,False
PCBD0600,rec2.jpg,PCB DSLR Dataset,cvl_pcb_dslr_7,pcb135,PCB,pcb,4928,3280,rec2-mask.png,rec2-annot.txt,True,True,True,128,1684,394,4582,3243,0.2869269307293316,0.5111501969828951,1250,0,4927,3279,0.15,False,62cd443c9955356d49275272e613a96f,False,False,False,pending_review,,True
PCBD0601,rec3.jpg,PCB DSLR Dataset,cvl_pcb_dslr_7,pcb135,PCB,pcb,4928,3280,rec3-mask.png,rec3-annot.txt,True,True,True,128,1978,400,4723,3120,0.28617358251504593,0.46225810203515993,1567,0,4927,3279,0.15,False,9f29ffa1d5ee613e809bb7a307d744f1,False,False,False,pending_review,,True
PCBD0602,rec4.jpg,PCB DSLR Dataset,cvl_pcb_dslr_7,pcb135,PCB,pcb,4928,3280,rec4-mask.png,rec4-annot.txt,True,True,True,128,1603,304,4432,3156,0.2850451377890402,0.49950939875673106,1179,0,4856,3279,0.15,False,44b219580ac44d49dac807eb7b3ae724,False,False,False,pending_review,,True
PCBD0603,rec5.jpg,PCB DSLR Dataset,cvl_pcb_dslr_7,pcb135,PCB,pcb,4928,3280,rec5-mask.png,rec5-annot.txt,True,True,True,128,1540,508,3757,2649,0.2849154037654419,0.29392495842572064,1208,187,4089,2970,0.15,False,46bb8ea5900306e00b211587715f2be6,False,False,False,pending_review,,False
PCBD0604,rec1.jpg,PCB DSLR Dataset,cvl_pcb_dslr_7,pcb136,PCB,pcb,4928,3280,rec1-mask.png,rec1-annot.txt,True,True,True,128,1615,730,4321,2664,0.3068558585088692,0.32405944379553375,1209,440,4727,2954,0.15,False,6618c724255e5001733e67e91dcaf61c,False,False,False,pending_review,,False
PCBD0605,rec2.jpg,PCB DSLR Dataset,cvl_pcb_dslr_7,pcb136,PCB,pcb,4928,3280,rec2-mask.png,rec2-annot.txt,True,True,True,128,1030,271,4225,3126,0.306221479549414,0.5647034368070953,551,0,4704,3279,0.15,False,0ec9db533807928aadc26a4e38369934,False,False,False,pending_review,,True
PCBD0606,rec3.jpg,PCB DSLR Dataset,cvl_pcb_dslr_7,pcb136,PCB,pcb,4928,3280,rec3-mask.png,rec3-annot.txt,True,True,True,128,1414,376,4582,3060,0.30607318557966423,0.5264074007166614,939,0,4927,3279,0.15,False,e353e0ebe3c64f8aba096850847a5ddf,False,False,False,pending_review,,True
PCBD0607,rec4.jpg,PCB DSLR Dataset,cvl_pcb_dslr_7,pcb136,PCB,pcb,4928,3280,rec4-mask.png,rec4-annot.txt,True,True,True,128,1336,178,4405,2724,0.30594512195121953,0.48375200447418437,876,0,4865,3106,0.15,False,a38e264ca17e3b8f3021fec83cf060d7,False,False,False,pending_review,,True
PCBD0608,rec5.jpg,PCB DSLR Dataset,cvl_pcb_dslr_7,pcb136,PCB,pcb,4928,3280,rec5-mask.png,rec5-annot.txt,True,True,True,128,2125,181,4030,2874,0.30482911238913524,0.31766981113398796,1840,0,4315,3278,0.15,False,1dacb7048b0b3fe68190f8b30b8117f9,False,False,False,pending_review,,True
PCBD0609,rec1.jpg,PCB DSLR Dataset,cvl_pcb_dslr_7,pcb137,PCB,pcb,4928,3280,rec1-mask.png,rec1-annot.txt,True,True,True,128,1762,403,3928,2637,0.2890620669345898,0.2996345546602787,1437,68,4253,2972,0.15,False,edc814676bb6b0781d8f1c518ce9fd63,False,False,False,pending_review,,False
PCBD0610,rec2.jpg,PCB DSLR Dataset,cvl_pcb_dslr_7,pcb137,PCB,pcb,4928,3280,rec2-mask.png,rec2-annot.txt,True,True,True,128,973,136,3370,2529,0.2899358691993982,0.3551638719512195,614,0,3729,2888,0.15,False,b9dd3567873a2d177069dd1a2dce0b22,False,False,False,pending_review,,True
PCBD0611,rec3.jpg,PCB DSLR Dataset,cvl_pcb_dslr_7,pcb137,PCB,pcb,4928,3280,rec3-mask.png,rec3-annot.txt,True,True,True,128,1762,115,4558,2955,0.2876205159170098,0.4916082440806145,1343,0,4927,3279,0.15,False,55bc16b8a814bf81ff706ea395b948b6,False,False,False,pending_review,,True
PCBD0612,rec4.jpg,PCB DSLR Dataset,cvl_pcb_dslr_7,pcb137,PCB,pcb,4928,3280,rec4-mask.png,rec4-annot.txt,True,True,True,128,1555,415,3739,2661,0.2888183748416218,0.303745582732816,1228,78,4066,2998,0.15,False,8b0e6425c18c33c4f4d38e35c9c2cf8d,False,False,False,pending_review,,False
PCBD0613,rec5.jpg,PCB DSLR Dataset,cvl_pcb_dslr_7,pcb137,PCB,pcb,4928,3280,rec5-mask.png,rec5-annot.txt,True,True,True,128,1375,172,4141,2928,0.28892565133037695,0.471955859498733,960,0,4556,3279,0.15,False,31da70110031860cef413b3571d20e27,False,False,False,pending_review,,True
PCBD0614,rec1.jpg,PCB DSLR Dataset,cvl_pcb_dslr_7,pcb138,PCB,pcb,4928,3280,rec1-mask.png,rec1-annot.txt,True,True,True,128,1708,568,4186,2514,0.2951569676512512,0.2986055912456446,1337,276,4557,2806,0.15,False,293232bf887068a67f565373e9838394,False,False,False,pending_review,,False
PCBD0615,rec2.jpg,PCB DSLR Dataset,cvl_pcb_dslr_7,pcb138,PCB,pcb,4928,3280,rec2-mask.png,rec2-annot.txt,True,True,True,128,1375,277,4486,3222,0.2957709306699398,0.5671889847956921,909,0,4927,3279,0.15,False,c37d8852ef7dcb0a25c246239b3eb468,False,False,False,pending_review,,True
PCBD0616,rec3.jpg,PCB DSLR Dataset,cvl_pcb_dslr_7,pcb138,PCB,pcb,4928,3280,rec3-mask.png,rec3-annot.txt,True,True,True,128,1459,349,4216,2670,0.29687469066756417,0.3961976856984479,1046,1,4629,3018,0.15,False,1390c6c53dfaad0ed572def24c4353ce,False,False,False,pending_review,,False
PCBD0617,rec4.jpg,PCB DSLR Dataset,cvl_pcb_dslr_7,pcb138,PCB,pcb,4928,3280,rec4-mask.png,rec4-annot.txt,True,True,True,128,1468,148,4585,3102,0.2967319646816598,0.570018634185936,1001,0,4927,3279,0.15,False,17d09b98cbd3c201c786a4eb2853d516,False,False,False,pending_review,,True
PCBD0618,rec5.jpg,PCB DSLR Dataset,cvl_pcb_dslr_7,pcb138,PCB,pcb,4928,3280,rec5-mask.png,rec5-annot.txt,True,True,True,128,1933,370,4366,3204,0.29613730400696864,0.42690288941241683,1568,0,4731,3279,0.15,False,e6391a8f6b79b0122ce7ee0044ca7da5,False,False,False,pending_review,,True
PCBD0619,rec1.jpg,PCB DSLR Dataset,cvl_pcb_dslr_7,pcb139,PCB,pcb,4928,3280,rec1-mask.png,rec1-annot.txt,True,True,True,128,1753,442,3817,2391,0.24122139293633196,0.2491208772172949,1444,150,4126,2683,0.15,False,1e73c4fb07c7ae66818b0a008f3a31fe,False,False,False,pending_review,,False
PCBD0620,rec2.jpg,PCB DSLR Dataset,cvl_pcb_dslr_7,pcb139,PCB,pcb,4928,3280,rec2-mask.png,rec2-annot.txt,True,True,True,128,1243,445,3988,3210,0.2409611824912892,0.46990294385492554,832,31,4399,3279,0.15,False,7adac33aefe43ac93e66e7ca62117236,False,False,False,pending_review,,True
PCBD0621,rec3.jpg,PCB DSLR Dataset,cvl_pcb_dslr_7,pcb139,PCB,pcb,4928,3280,rec3-mask.png,rec3-annot.txt,True,True,True,128,1630,340,4294,3045,0.2404990398321191,0.44614955357142855,1231,0,4693,3279,0.15,False,b9744fc14de5e41aea876c36a7d64f5b,False,False,False,pending_review,,True
PCBD0622,rec4.jpg,PCB DSLR Dataset,cvl_pcb_dslr_7,pcb139,PCB,pcb,4928,3280,rec4-mask.png,rec4-annot.txt,True,True,True,128,1420,691,3484,2646,0.24087506434114667,0.2498874029933481,1111,398,3793,2939,0.15,False,4b4106588ee388b0210485dea1891eef,False,False,False,pending_review,,False
PCBD0623,rec5.jpg,PCB DSLR Dataset,cvl_pcb_dslr_7,pcb139,PCB,pcb,4928,3280,rec5-mask.png,rec5-annot.txt,True,True,True,128,1402,562,3346,2610,0.24144819547830218,0.24655682065647766,1111,255,3637,2917,0.15,False,bc16d5949ba970baffddd70428805021,False,False,False,pending_review,,False
PCBD0624,rec1.jpg,PCB DSLR Dataset,cvl_pcb_dslr_7,pcb140,PCB,pcb,4928,3280,rec1-mask.png,rec1-annot.txt,True,True,True,128,1687,664,3997,2619,0.2709503434827368,0.27965607182451696,1341,371,4343,2912,0.15,False,2a63dc2211596a11ba829ba13603e026,False,False,False,pending_review,,False
PCBD0625,rec2.jpg,PCB DSLR Dataset,cvl_pcb_dslr_7,pcb140,PCB,pcb,4928,3280,rec2-mask.png,rec2-annot.txt,True,True,True,128,1633,226,4615,3144,0.2717369140006335,0.5386948274667406,1186,0,4927,3279,0.15,False,33ccb50c354d732f5870a34a04137767,False,False,False,pending_review,,True
PCBD0626,rec3.jpg,PCB DSLR Dataset,cvl_pcb_dslr_7,pcb140,PCB,pcb,4928,3280,rec3-mask.png,rec3-annot.txt,True,True,True,128,1459,82,4414,2949,0.27168123416217926,0.5244921998732974,1016,0,4857,3279,0.15,False,0db19882480546c919c4367158003351,False,False,False,pending_review,,True
PCBD0627,rec4.jpg,PCB DSLR Dataset,cvl_pcb_dslr_7,pcb140,PCB,pcb,4928,3280,rec4-mask.png,rec4-annot.txt,True,True,True,128,1657,427,3958,2379,0.27189819993268927,0.2781397242239468,1312,135,4303,2671,0.15,False,aa9df9ad08c04467f3adee03e1692d8b,False,False,False,pending_review,,False
PCBD0628,rec5.jpg,PCB DSLR Dataset,cvl_pcb_dslr_7,pcb140,PCB,pcb,4928,3280,rec5-mask.png,rec5-annot.txt,True,True,True,128,1423,247,4399,3168,0.2716879157427938,0.5381638274073487,977,0,4845,3279,0.15,False,39df1a91714af9c1f715c8b6f2d6ed14,False,False,False,pending_review,,True
PCBD0629,rec1.jpg,PCB DSLR Dataset,cvl_pcb_dslr_8,pcb141,PCB,pcb,4928,3280,rec1-mask.png,rec1-annot.txt,True,True,True,128,1486,661,4378,2685,0.3452788446309788,0.36243398845818814,1053,358,4811,2988,0.15,False,1170c553ffee43482c244c144cbe28cb,False,False,False,pending_review,,False
PCBD0630,rec2.jpg,PCB DSLR Dataset,cvl_pcb_dslr_8,pcb141,PCB,pcb,4928,3280,rec2-mask.png,rec2-annot.txt,True,True,True,128,1207,88,4624,3117,0.3457584336395312,0.6407227490497308,695,0,4927,3279,0.15,False,85112b97bd59b1f08c8d1b3080de136e,False,False,False,pending_review,,True
PCBD0631,rec3.jpg,PCB DSLR Dataset,cvl_pcb_dslr_8,pcb141,PCB,pcb,4928,3280,rec3-mask.png,rec3-annot.txt,True,True,True,128,1378,244,4615,2850,0.34592621555273995,0.5222438479965157,893,0,4927,3241,0.15,False,855f1dabaaeec632bda36629587bb500,False,False,False,pending_review,,True
PCBD0632,rec4.jpg,PCB DSLR Dataset,cvl_pcb_dslr_8,pcb141,PCB,pcb,4928,3280,rec4-mask.png,rec4-annot.txt,True,True,True,128,1102,388,4342,2982,0.3463185728143807,0.5203215943736141,616,0,4828,3279,0.15,False,a77efd7f036c43fc9bb3bdca7e7bbd7a,False,False,False,pending_review,,True
PCBD0633,rec5.jpg,PCB DSLR Dataset,cvl_pcb_dslr_8,pcb141,PCB,pcb,4928,3280,rec5-mask.png,rec5-annot.txt,True,True,True,128,1777,280,3754,3138,0.3465657912971175,0.3498612953357618,1481,0,4050,3279,0.15,False,b636a9d8d226f8fe6033d5349397acc8,False,False,False,pending_review,,True
PCBD0634,rec1.jpg,PCB DSLR Dataset,cvl_pcb_dslr_8,pcb142,PCB,pcb,4928,3280,rec1-mask.png,rec1-annot.txt,True,True,True,128,2230,1654,3736,2448,0.06691825704783022,0.07412007295296168,2004,1535,3962,2567,0.15,False,36837215b2356dc268322a117347ee51,False,False,False,pending_review,,False
PCBD0635,rec2.jpg,PCB DSLR Dataset,cvl_pcb_dslr_8,pcb142,PCB,pcb,4928,3280,rec2-mask.png,rec2-annot.txt,True,True,True,128,1804,901,2959,2505,0.06700400399904972,0.1147858429680076,1631,661,3132,2745,0.15,False,660a24d4ab3ce674ab274e09c34ae410,False,False,False,pending_review,,False
PCBD0636,rec3.jpg,PCB DSLR Dataset,cvl_pcb_dslr_8,pcb142,PCB,pcb,4928,3280,rec3-mask.png,rec3-annot.txt,True,True,True,128,1732,895,3031,2520,0.0670101287812797,0.1307733805828318,1537,652,3226,2763,0.15,False,c5e594627057cd6415992ee133d72a0e,False,False,False,pending_review,,False
PCBD0637,rec4.jpg,PCB DSLR Dataset,cvl_pcb_dslr_8,pcb142,PCB,pcb,4928,3280,rec4-mask.png,rec4-annot.txt,True,True,True,128,1957,1003,3541,2082,0.06690415148875514,0.10590305273994298,1720,841,3778,2244,0.15,False,d92171af2b7823c1f2718b08faa2b0a1,False,False,False,pending_review,,False
PCBD0638,rec5.jpg,PCB DSLR Dataset,cvl_pcb_dslr_8,pcb142,PCB,pcb,4928,3280,rec5-mask.png,rec5-annot.txt,True,True,True,128,1663,802,3199,2361,0.0669746792841305,0.1483385136205258,1433,568,3429,2595,0.15,False,5b3fdf2750dd066c0dd3f3673e86567e,False,False,False,pending_review,,False
PCBD0639,rec1.jpg,PCB DSLR Dataset,cvl_pcb_dslr_8,pcb143,PCB,pcb,4928,3280,rec1-mask.png,rec1-annot.txt,True,True,True,128,1906,751,4048,2487,0.21851292762115934,0.23029125504830536,1585,491,4369,2747,0.15,False,a2862e67e25562f8d111c31013d463fe,False,False,False,pending_review,,False
PCBD0640,rec2.jpg,PCB DSLR Dataset,cvl_pcb_dslr_8,pcb143,PCB,pcb,4928,3280,rec2-mask.png,rec2-annot.txt,True,True,True,128,1330,262,3982,2898,0.21880023558758316,0.4328155314578714,933,0,4379,3279,0.15,False,bbee76ae48488c42a8307c5abd8443ac,False,False,False,pending_review,,True
PCBD0641,rec3.jpg,PCB DSLR Dataset,cvl_pcb_dslr_8,pcb143,PCB,pcb,4928,3280,rec3-mask.png,rec3-annot.txt,True,True,True,128,1525,544,3259,2673,0.21900031180709534,0.22863069666613875,1265,225,3519,2992,0.15,False,ac4b9a195152a9bc830e3e1bd6e40f48,False,False,False,pending_review,,False
PCBD0642,rec4.jpg,PCB DSLR Dataset,cvl_pcb_dslr_8,pcb143,PCB,pcb,4928,3280,rec4-mask.png,rec4-annot.txt,True,True,True,128,1333,259,3982,2898,0.2187822324398163,0.43281794425087106,936,0,4379,3279,0.15,False,7388b54e1439295dc1d21a4e73fa54a9,False,False,False,pending_review,,True
PCBD0643,rec5.jpg,PCB DSLR Dataset,cvl_pcb_dslr_8,pcb143,PCB,pcb,4928,3280,rec5-mask.png,rec5-annot.txt,True,True,True,128,1630,757,3757,2499,0.21864990002375673,0.22946923503325942,1311,496,4076,2760,0.15,False,487e87241ccb0f083540cd9e98d14755,False,False,False,pending_review,,False
PCBD0644,rec1.jpg,PCB DSLR Dataset,cvl_pcb_dslr_8,pcb144,PCB,pcb,4928,3280,rec1-mask.png,rec1-annot.txt,True,True,False,128,1933,1413,4147,2868,0.18657843680709535,0.1995218957871397,1601,1195,4479,3086,0.15,False,523648740650212003eb766f9c6f6c7d,False,False,False,pending_review,,False
PCBD0645,rec2.jpg,PCB DSLR Dataset,cvl_pcb_dslr_8,pcb144,PCB,pcb,4928,3280,rec2-mask.png,rec2-annot.txt,True,True,False,128,1816,247,3985,2709,0.18656222778745646,0.33065843264966743,1491,0,4310,3078,0.15,False,9f67dd53677e041b5abe1f4d70f236dc,False,False,False,pending_review,,True
PCBD0646,rec3.jpg,PCB DSLR Dataset,cvl_pcb_dslr_8,pcb144,PCB,pcb,4928,3280,rec3-mask.png,rec3-annot.txt,True,True,False,128,1765,361,4006,2913,0.18620148430076022,0.3541130078001267,1429,0,4342,3279,0.15,False,0272f0a3a53ae461fe03c646f4abf825,False,False,False,pending_review,,True
PCBD0647,rec1.jpg,PCB DSLR Dataset,cvl_pcb_dslr_8,pcb145,PCB,pcb,4928,3280,rec1-mask.png,rec1-annot.txt,True,True,True,128,1522,1378,4399,2265,0.13120867318656954,0.1581099540703199,1091,1245,4830,2398,0.15,False,2ed6f31672dbf883c729b9993428cb74,False,False,False,pending_review,,False
PCBD0648,rec2.jpg,PCB DSLR Dataset,cvl_pcb_dslr_8,pcb145,PCB,pcb,4928,3280,rec2-mask.png,rec2-annot.txt,True,True,False,128,1735,355,4300,2862,0.13125457812005067,0.39814351045296165,1351,0,4684,3238,0.15,False,d437d7daae37c053212460856c466031,False,False,False,pending_review,,True
PCBD0649,rec3.jpg,PCB DSLR Dataset,cvl_pcb_dslr_8,pcb145,PCB,pcb,4928,3280,rec3-mask.png,rec3-annot.txt,True,True,False,128,1099,169,3415,2898,0.13157337612844472,0.3913308966186253,752,0,3762,3279,0.15,False,52c05ab34651566ad7aeecc203a38d45,False,False,False,pending_review,,True
PCBD0650,rec4.jpg,PCB DSLR Dataset,cvl_pcb_dslr_8,pcb145,PCB,pcb,4928,3280,rec4-mask.png,rec4-annot.txt,True,True,False,128,1444,946,4324,1878,0.1312378741685144,0.1662954471214761,1012,807,4756,2017,0.15,False,09644671c95a857559d6bb446e6e7182,False,False,False,pending_review,,False
PCBD0651,rec5.jpg,PCB DSLR Dataset,cvl_pcb_dslr_8,pcb145,PCB,pcb,4928,3280,rec5-mask.png,rec5-annot.txt,True,True,False,128,1336,316,3742,2958,0.1313673607261641,0.3935760933045613,975,0,4103,3279,0.15,False,02d1aa357752a520948e8e4724a8c1a4,False,False,False,pending_review,,True
PCBD0652,rec1.jpg,PCB DSLR Dataset,cvl_pcb_dslr_8,pcb146,PCB,pcb,4928,3280,rec1-mask.png,rec1-annot.txt,True,True,True,128,2053,1252,3697,1833,0.05349459039436174,0.059230356152993345,1807,1165,3943,1920,0.15,False,9cb4307141903ada95dafa0c8cf4f1f8,False,False,False,pending_review,,False
PCBD0653,rec2.jpg,PCB DSLR Dataset,cvl_pcb_dslr_8,pcb146,PCB,pcb,4928,3280,rec2-mask.png,rec2-annot.txt,True,True,True,128,2477,1069,3397,2787,0.05348605281913209,0.09794696062321824,2339,812,3535,3044,0.15,False,0574721e40e98df12813323563e679c8,False,False,False,pending_review,,False
PCBD0654,rec3.jpg,PCB DSLR Dataset,cvl_pcb_dslr_8,pcb146,PCB,pcb,4928,3280,rec3-mask.png,rec3-annot.txt,True,True,True,128,2413,1075,3847,2673,0.05348549602074754,0.14195667613636365,2198,836,4062,2912,0.15,False,28a9c862806fe0d2bb658e513092f245,False,False,False,pending_review,,False
PCBD0655,rec4.jpg,PCB DSLR Dataset,cvl_pcb_dslr_8,pcb146,PCB,pcb,4928,3280,rec4-mask.png,rec4-annot.txt,True,True,True,128,2068,415,3553,1977,0.053619127633037694,0.14369221670098195,1846,181,3775,2211,0.15,False,33b7ea2ba4001fb37227322d64c4c76c,False,False,False,pending_review,,False
PCBD0656,rec5.jpg,PCB DSLR Dataset,cvl_pcb_dslr_8,pcb146,PCB,pcb,4928,3280,rec5-mask.png,rec5-annot.txt,True,True,True,128,1879,781,3238,2424,0.05362061242872981,0.1383235666772252,1675,535,3442,2670,0.15,False,8788f20f59c525f1ce6b7d4738f5f4d8,False,False,False,pending_review,,False
PCBD0657,rec1.jpg,PCB DSLR Dataset,cvl_pcb_dslr_8,pcb147,PCB,pcb,4928,3280,rec1-mask.png,rec1-annot.txt,True,True,True,128,2209,1000,3712,2271,0.07465459940212227,0.11835603420969275,1984,810,3937,2461,0.15,False,bbfb8b9f80221b1bb1e357cd5987ebbb,False,False,False,pending_review,,False
PCBD0658,rec2.jpg,PCB DSLR Dataset,cvl_pcb_dslr_8,pcb147,PCB,pcb,4928,3280,rec2-mask.png,rec2-annot.txt,True,True,True,128,2489,820,3796,2364,0.07462490348828,0.12502350926512512,2293,589,3992,2595,0.15,False,2d7958877897a54bebc6c58c7bdd6a85,False,False,False,pending_review,,False
PCBD0659,rec3.jpg,PCB DSLR Dataset,cvl_pcb_dslr_8,pcb147,PCB,pcb,4928,3280,rec3-mask.png,rec3-annot.txt,True,True,True,128,2486,205,3913,1434,0.07450129424691163,0.10866477272727272,2272,21,4127,1618,0.15,False,6bf3df3ac35cee6d2f758546a3d03350,False,False,False,pending_review,,False
PCBD0660,rec4.jpg,PCB DSLR Dataset,cvl_pcb_dslr_8,pcb147,PCB,pcb,4928,3280,rec4-mask.png,rec4-annot.txt,True,True,True,128,2431,817,3991,2412,0.07429063885809313,0.15413144401330378,2197,578,4225,2651,0.15,False,afef63353fba716a830a96b786909277,False,False,False,pending_review,,False
PCBD0661,rec5.jpg,PCB DSLR Dataset,cvl_pcb_dslr_8,pcb147,PCB,pcb,4928,3280,rec5-mask.png,rec5-annot.txt,True,True,True,128,1561,811,3163,2376,0.07460411634859043,0.15530331901330377,1321,577,3403,2610,0.15,False,6efdea73f9e35e8abdb1e5a817376e23,False,False,False,pending_review,,False
PCBD0662,rec1.jpg,PCB DSLR Dataset,cvl_pcb_dslr_8,pcb148,PCB,pcb,4928,3280,rec1-mask.png,rec1-annot.txt,True,True,True,128,877,121,4708,3249,0.16131265837820716,0.7417994733924612,303,0,4927,3279,0.15,False,e31e40cbd53023274452f464759e8328,False,False,False,pending_review,,True
PCBD0663,rec2.jpg,PCB DSLR Dataset,cvl_pcb_dslr_8,pcb148,PCB,pcb,4928,3280,rec2-mask.png,rec2-annot.txt,True,True,True,128,925,214,4843,3213,0.16150512501979727,0.7273642896737409,338,0,4927,3279,0.15,False,bceb8506d25ce9d694478132562221d9,False,False,False,pending_review,,True
PCBD0664,rec3.jpg,PCB DSLR Dataset,cvl_pcb_dslr_8,pcb148,PCB,pcb,4928,3280,rec3-mask.png,rec3-annot.txt,True,True,True,128,901,157,4810,3165,0.1613998901251188,0.7278709762036744,315,0,4927,3279,0.15,False,15ef58ad416956e7cf50414ec28a7bb7,False,False,False,pending_review,,True
PCBD0665,rec4.jpg,PCB DSLR Dataset,cvl_pcb_dslr_8,pcb148,PCB,pcb,4928,3280,rec4-mask.png,rec4-annot.txt,True,True,True,128,919,157,4819,3174,0.16132453674374406,0.7283676403626861,334,0,4927,3279,0.15,False,b85e89a0d5640d35f6e0fb35052c7c9d,False,False,False,pending_review,,True
PCBD0666,rec1.jpg,PCB DSLR Dataset,cvl_pcb_dslr_8,pcb149,PCB,pcb,4928,3280,rec1-mask.png,rec1-annot.txt,True,True,True,128,2134,1318,3844,2499,0.12027346224659487,0.12511890738834336,1878,1141,4100,2676,0.15,False,040317a044d0d478104956c673c37c5f,False,False,False,pending_review,,False
PCBD0667,rec2.jpg,PCB DSLR Dataset,cvl_pcb_dslr_8,pcb149,PCB,pcb,4928,3280,rec2-mask.png,rec2-annot.txt,True,True,True,128,1984,886,3388,2727,0.12034677403389293,0.1601110874643649,1774,610,3598,3003,0.15,False,8cb131d34cfb65c9e583a0a1d73bdd8a,False,False,False,pending_review,,False
PCBD0668,rec3.jpg,PCB DSLR Dataset,cvl_pcb_dslr_8,pcb149,PCB,pcb,4928,3280,rec3-mask.png,rec3-annot.txt,True,True,True,128,1765,559,3514,2565,0.1203660763778904,0.2172905695676275,1503,258,3776,2866,0.15,False,d9c91885991df245e2dae4740e1a2ee9,False,False,False,pending_review,,False
PCBD0669,rec4.jpg,PCB DSLR Dataset,cvl_pcb_dslr_8,pcb149,PCB,pcb,4928,3280,rec4-mask.png,rec4-annot.txt,True,True,True,128,2032,787,3739,1980,0.12020163525498892,0.126167544345898,1776,608,3995,2159,0.15,False,dd6e26836cab0c1323b142010226a631,False,False,False,pending_review,,False
PCBD0670,rec5.jpg,PCB DSLR Dataset,cvl_pcb_dslr_8,pcb149,PCB,pcb,4928,3280,rec5-mask.png,rec5-annot.txt,True,True,True,128,1882,469,3058,2166,0.12002141817785873,0.12364302047038328,1706,215,3234,2420,0.15,False,44dbaccc3ce60d326d4857ceb01d096c,False,False,False,pending_review,,False
PCBD0671,rec1.jpg,PCB DSLR Dataset,cvl_pcb_dslr_8,pcb150,PCB,pcb,4928,3280,rec1-mask.png,rec1-annot.txt,True,True,True,128,2573,1507,3838,2319,0.06048667890798226,0.06367657685302502,2384,1386,4027,2440,0.15,False,e6adfcfe68ee9823c8cb949b9c32fa4c,False,False,False,pending_review,,False
PCBD0672,rec2.jpg,PCB DSLR Dataset,cvl_pcb_dslr_8,pcb150,PCB,pcb,4928,3280,rec2-mask.png,rec2-annot.txt,True,True,True,128,2281,514,3280,2139,0.0746852233132721,0.10059490814063984,2131,271,3430,2382,0.15,False,77eec39382615a98af9c25047a28a51f,False,False,False,pending_review,,False
PCBD0673,rec3.jpg,PCB DSLR Dataset,cvl_pcb_dslr_8,pcb150,PCB,pcb,4928,3280,rec3-mask.png,rec3-annot.txt,True,True,True,128,1981,859,3355,2316,0.061044590889293635,0.12402684015679442,1775,641,3561,2534,0.15,False,1253723600a09490e53f0cc4680f778d,False,False,False,pending_review,,False
PCBD0674,rec4.jpg,PCB DSLR Dataset,cvl_pcb_dslr_8,pcb150,PCB,pcb,4928,3280,rec4-mask.png,rec4-annot.txt,True,True,True,128,1813,1240,3355,2049,0.07469209049334812,0.0773225916613874,1582,1119,3586,2170,0.15,False,4e8ae180a5e2c034f1d9508251bd3ebc,False,False,False,pending_review,,False
PCBD0675,rec5.jpg,PCB DSLR Dataset,cvl_pcb_dslr_8,pcb150,PCB,pcb,4928,3280,rec5-mask.png,rec5-annot.txt,True,True,True,128,1666,661,3037,2373,0.07478284863002851,0.1454008453436807,1461,405,3242,2629,0.15,False,45a372de7d6636531e79ebd12418cda1,False,False,False,pending_review,,False
PCBD0676,rec1.jpg,PCB DSLR Dataset,cvl_pcb_dslr_8,pcb151,PCB,pcb,4928,3280,rec1-mask.png,rec1-annot.txt,True,True,True,128,1837,931,3796,2421,0.15965061520034843,0.18079614745011086,1543,708,4090,2644,0.15,False,5219085576628bb592f144e9ca546537,False,False,False,pending_review,,False
PCBD0677,rec2.jpg,PCB DSLR Dataset,cvl_pcb_dslr_8,pcb151,PCB,pcb,4928,3280,rec2-mask.png,rec2-annot.txt,True,True,True,128,1381,490,3607,2799,0.15963762323804245,0.3182641006097561,1047,144,3941,3145,0.15,False,7b6df67b8f017d997dcf39a0bb97ccfe,False,False,False,pending_review,,False
PCBD0678,rec3.jpg,PCB DSLR Dataset,cvl_pcb_dslr_8,pcb151,PCB,pcb,4928,3280,rec3-mask.png,rec3-annot.txt,True,True,True,128,1765,724,3733,3009,0.1595305323487488,0.27846934886759583,1470,382,4028,3279,0.15,False,baf0b3e4fd17b33378c0cc1c5dd90d0e,False,False,False,pending_review,,True
PCBD0679,rec4.jpg,PCB DSLR Dataset,cvl_pcb_dslr_8,pcb151,PCB,pcb,4928,3280,rec4-mask.png,rec4-annot.txt,True,True,True,128,1648,1009,3778,2802,0.15958918177858727,0.23651644658694965,1329,740,4097,3071,0.15,False,72ba687608e70105e78e8f1abfb9ca08,False,False,False,pending_review,,False
PCBD0680,rec5.jpg,PCB DSLR Dataset,cvl_pcb_dslr_8,pcb151,PCB,pcb,4928,3280,rec5-mask.png,rec5-annot.txt,True,True,True,128,1705,631,3847,2922,0.15978628840671524,0.3038730895628762,1384,288,4168,3265,0.15,False,ffeeeb7c91d782c01657fceb524075d3,False,False,False,pending_review,,False
PCBD0681,rec1.jpg,PCB DSLR Dataset,cvl_pcb_dslr_8,pcb152,PCB,pcb,4928,3280,rec1-mask.png,rec1-annot.txt,True,True,True,128,1777,1396,3304,2352,0.06972823289515363,0.09046711672473867,1548,1253,3533,2495,0.15,False,dbcad9e4ca30b691c375170556eee5f9,False,False,False,pending_review,,False
PCBD0682,rec2.jpg,PCB DSLR Dataset,cvl_pcb_dslr_8,pcb152,PCB,pcb,4928,3280,rec2-mask.png,rec2-annot.txt,True,True,True,128,1924,1078,3148,2652,0.0698555541257523,0.11936365368625278,1741,842,3331,2888,0.15,False,f3229f2c0397fbe2b0c3b8f9a550d28a,False,False,False,pending_review,,False
PCBD0683,rec3.jpg,PCB DSLR Dataset,cvl_pcb_dslr_8,pcb152,PCB,pcb,4928,3280,rec3-mask.png,rec3-annot.txt,True,True,True,128,2005,1072,3238,2685,0.06983569498337029,0.12321799770351599,1820,830,3423,2927,0.15,False,c4ecafc5366d27a5095ed305c71ebc5f,False,False,False,pending_review,,False
PCBD0684,rec4.jpg,PCB DSLR Dataset,cvl_pcb_dslr_8,pcb152,PCB,pcb,4928,3280,rec4-mask.png,rec4-annot.txt,True,True,True,128,1804,1246,3340,2220,0.06978929511799177,0.09271157101282863,1574,1100,3570,2366,0.15,False,278326dff5974fa2e0c60c378ebeb9b9,False,False,False,pending_review,,False
PCBD0685,rec5.jpg,PCB DSLR Dataset,cvl_pcb_dslr_8,pcb152,PCB,pcb,4928,3280,rec5-mask.png,rec5-annot.txt,True,True,True,128,1672,1012,3259,2397,0.06983680858013937,0.13616615853658537,1434,805,3497,2604,0.15,False,bd6211185403fde7a525d0c4dfa0d56a,False,False,False,pending_review,,False
PCBD0686,rec1.jpg,PCB DSLR Dataset,cvl_pcb_dslr_8,pcb153,PCB,pcb,4928,3280,rec1-mask.png,rec1-annot.txt,True,True,True,128,1372,1297,4171,2247,0.1581056852827051,0.1647380820399113,952,1155,4591,2389,0.15,False,b0293e110feb90bcf11931c7550b095a,False,False,False,pending_review,,False
PCBD0687,rec2.jpg,PCB DSLR Dataset,cvl_pcb_dslr_8,pcb153,PCB,pcb,4928,3280,rec2-mask.png,rec2-annot.txt,True,True,True,128,1282,349,3940,2895,0.1580897237290149,0.4189891139729173,884,0,4338,3277,0.15,False,e180ecb0f8b25dd01fe21e0c89a23142,False,False,False,pending_review,,True
PCBD0688,rec3.jpg,PCB DSLR Dataset,cvl_pcb_dslr_8,pcb153,PCB,pcb,4928,3280,rec3-mask.png,rec3-annot.txt,True,True,True,128,1885,238,3643,3165,0.1579174874287298,0.3186341859360152,1622,0,3906,3279,0.15,False,af0502e41d273c57a1ed15b72f5a57a2,False,False,False,pending_review,,True
PCBD0689,rec4.jpg,PCB DSLR Dataset,cvl_pcb_dslr_8,pcb153,PCB,pcb,4928,3280,rec4-mask.png,rec4-annot.txt,True,True,True,128,1615,1195,4414,2136,0.15789725708742477,0.1631790465631929,1195,1054,4834,2277,0.15,False,81ecddd0fc6f14ae22ad35d1ea8c40a3,False,False,False,pending_review,,False
PCBD0690,rec5.jpg,PCB DSLR Dataset,cvl_pcb_dslr_8,pcb153,PCB,pcb,4928,3280,rec5-mask.png,rec5-annot.txt,True,True,True,128,1366,337,3904,3003,0.1580793301591701,0.41892972214523283,986,0,4284,3279,0.15,False,d9e060c57b6da4f2bc19fa9e7aeb2c71,False,False,False,pending_review,,True
PCBD0691,rec1.jpg,PCB DSLR Dataset,cvl_pcb_dslr_8,pcb154,PCB,pcb,4928,3280,rec1-mask.png,rec1-annot.txt,True,True,True,128,1021,1471,4669,2385,0.11225760710326259,0.20656199269480519,474,1334,4927,2522,0.15,False,d52c2f777c68f4900a5ae6ca6be2970b,False,False,False,pending_review,,True
PCBD0692,rec2.jpg,PCB DSLR Dataset,cvl_pcb_dslr_8,pcb154,PCB,pcb,4928,3280,rec2-mask.png,rec2-annot.txt,True,True,True,128,1141,316,4150,2838,0.11196324635730123,0.4698283328713969,690,0,4601,3216,0.15,False,dd03a560208402dd12d82d6267e3bfd4,False,False,False,pending_review,,True
PCBD0693,rec3.jpg,PCB DSLR Dataset,cvl_pcb_dslr_8,pcb154,PCB,pcb,4928,3280,rec3-mask.png,rec3-annot.txt,True,True,True,128,1429,187,4771,2376,0.11207646202882483,0.4529350698843839,928,0,4927,2704,0.15,False,d9ee93e11ac99d52e98b26a2e2a1202d,False,False,False,pending_review,,True
PCBD0694,rec4.jpg,PCB DSLR Dataset,cvl_pcb_dslr_8,pcb154,PCB,pcb,4928,3280,rec4-mask.png,rec4-annot.txt,True,True,True,128,1042,757,4690,1665,0.11218299611973392,0.20520748782467532,495,621,4927,1801,0.15,False,408b468883cd46d76bfd0d0f3158e97f,False,False,False,pending_review,,True
PCBD0695,rec5.jpg,PCB DSLR Dataset,cvl_pcb_dslr_8,pcb154,PCB,pcb,4928,3280,rec5-mask.png,rec5-annot.txt,True,True,True,128,1336,142,4240,2790,0.11197122713414634,0.4760839627217295,901,0,4675,3187,0.15,False,d5e6e58196fa791101a5816033f40195,False,False,False,pending_review,,True
PCBD0696,rec1.jpg,PCB DSLR Dataset,cvl_pcb_dslr_8,pcb155,PCB,pcb,4928,3280,rec1-mask.png,rec1-annot.txt,True,True,True,128,1693,1381,4381,2880,0.2362196730479886,0.24953847600570161,1290,1156,4784,3105,0.15,False,fdb2ad13bef8a78e0fec2290751baa6f,False,False,False,pending_review,,False
PCBD0697,rec2.jpg,PCB DSLR Dataset,cvl_pcb_dslr_8,pcb155,PCB,pcb,4928,3280,rec2-mask.png,rec2-annot.txt,True,True,True,128,1408,190,4270,3027,0.23605151993585682,0.5026772103658537,979,0,4699,3279,0.15,False,2bd20081e7bc8d54e9858eababb8332f,False,False,False,pending_review,,True
PCBD0698,rec3.jpg,PCB DSLR Dataset,cvl_pcb_dslr_8,pcb155,PCB,pcb,4928,3280,rec3-mask.png,rec3-annot.txt,True,True,True,128,2314,211,4549,3168,0.23648916346610707,0.40919039040228067,1979,0,4884,3279,0.15,False,df04800dec5fc17355da9262d4c9e974,False,False,False,pending_review,,True
PCBD0699,rec1.jpg,PCB DSLR Dataset,cvl_pcb_dslr_8,pcb156,PCB,pcb,4928,3280,rec1-mask.png,rec1-annot.txt,True,True,True,128,1246,1318,4579,1947,0.10416602737963256,0.12994560698447893,746,1224,4927,2041,0.15,False,dbc3327cb6fceadfefb151c160ac7a09,False,False,False,pending_review,,True
PCBD0700,rec2.jpg,PCB DSLR Dataset,cvl_pcb_dslr_8,pcb156,PCB,pcb,4928,3280,rec2-mask.png,rec2-annot.txt,True,True,True,128,1084,412,3913,3048,0.10427107667484954,0.46169165247861893,660,17,4337,3279,0.15,False,879c8354b24a3549af62c71f3e01db64,False,False,False,pending_review,,True
PCBD0701,rec3.jpg,PCB DSLR Dataset,cvl_pcb_dslr_8,pcb156,PCB,pcb,4928,3280,rec3-mask.png,rec3-annot.txt,True,True,True,128,1147,550,4444,2262,0.10416491378286348,0.34951311074596136,653,294,4927,2518,0.15,False,93621d4f3777b700d21031becc6133e8,False,False,False,pending_review,,True
PCBD0702,rec4.jpg,PCB DSLR Dataset,cvl_pcb_dslr_8,pcb156,PCB,pcb,4928,3280,rec4-mask.png,rec4-annot.txt,True,True,True,128,1123,619,4417,2340,0.10416268658932532,0.35102982954545453,629,361,4911,2598,0.15,False,943c742724e3e1b966c57ddab69f4ba5,False,False,False,pending_review,,False
PCBD0703,rec5.jpg,PCB DSLR Dataset,cvl_pcb_dslr_8,pcb156,PCB,pcb,4928,3280,rec5-mask.png,rec5-annot.txt,True,True,True,128,1249,262,4039,2943,0.1041903409090909,0.46309923879474185,831,0,4457,3279,0.15,False,46b649173fa39f2b389e182140a62da2,False,False,False,pending_review,,True
PCBD0704,rec1.jpg,PCB DSLR Dataset,cvl_pcb_dslr_8,pcb157,PCB,pcb,4928,3280,rec1-mask.png,rec1-annot.txt,True,True,False,128,1897,914,4174,1992,0.13160752642936333,0.1520654745407032,1556,753,4515,2153,0.15,False,be034e9eeb577e2c2cbd06cf51eefaeb,False,False,False,pending_review,,False
PCBD0705,rec2.jpg,PCB DSLR Dataset,cvl_pcb_dslr_8,pcb157,PCB,pcb,4928,3280,rec2-mask.png,rec2-annot.txt,True,True,False,128,1720,391,3562,2751,0.13127629325704784,0.26920106855796644,1444,37,3838,3105,0.15,False,86db771b5f8834a23e2de484ab785bb3,False,False,False,pending_review,,False
PCBD0706,rec3.jpg,PCB DSLR Dataset,cvl_pcb_dslr_8,pcb157,PCB,pcb,4928,3280,rec3-mask.png,rec3-annot.txt,True,True,False,128,1471,442,3427,2778,0.1313284467057333,0.2829469358766234,1178,92,3720,3128,0.15,False,5926177e97cb2abcd48e12c6d07683a8,False,False,False,pending_review,,False
PCBD0707,rec4.jpg,PCB DSLR Dataset,cvl_pcb_dslr_8,pcb157,PCB,pcb,4928,3280,rec4-mask.png,rec4-annot.txt,True,True,False,128,1279,970,3556,2022,0.13175823319211277,0.14840124623851758,938,813,3897,2179,0.15,False,2f2818f5c837622f79cb02147d40f421,False,False,False,pending_review,,False
PCBD0708,rec5.jpg,PCB DSLR Dataset,cvl_pcb_dslr_8,pcb157,PCB,pcb,4928,3280,rec5-mask.png,rec5-annot.txt,True,True,False,128,1939,403,3424,2754,0.131620765857618,0.21622782705099777,1717,51,3646,3106,0.15,False,dd9db5611a9253edef8b14a7cd9b3196,False,False,False,pending_review,,False
PCBD0709,rec1.jpg,PCB DSLR Dataset,cvl_pcb_dslr_8,pcb158,PCB,pcb,4928,3280,rec1-mask.png,rec1-annot.txt,True,True,True,128,1441,535,4297,2541,0.3288607162654419,0.354742375574121,1013,234,4725,2842,0.15,False,5a6db7b879c5277b08b49312f48babaa,False,False,False,pending_review,,False
PCBD0710,rec2.jpg,PCB DSLR Dataset,cvl_pcb_dslr_8,pcb158,PCB,pcb,4928,3280,rec2-mask.png,rec2-annot.txt,True,True,True,128,1408,286,4873,3237,0.328684211177542,0.6329951298701298,889,0,4927,3279,0.15,False,0ee52f279a86a225048a0e29405a9060,False,False,False,pending_review,,True
PCBD0711,rec3.jpg,PCB DSLR Dataset,cvl_pcb_dslr_8,pcb158,PCB,pcb,4928,3280,rec3-mask.png,rec3-annot.txt,True,True,True,128,1480,121,4792,3240,0.3303156304442509,0.6394866566360469,984,0,4927,3279,0.15,False,334b8056b8d5ff70b3d22a8cacdeb069,False,False,False,pending_review,,True
PCBD0712,rec4.jpg,PCB DSLR Dataset,cvl_pcb_dslr_8,pcb158,PCB,pcb,4928,3280,rec4-mask.png,rec4-annot.txt,True,True,True,128,1423,205,4513,2436,0.3304000781992398,0.42682382404181185,960,0,4927,2770,0.15,False,35b301795086568240a121cd610cd37f,False,False,False,pending_review,,True
PCBD0713,rec5.jpg,PCB DSLR Dataset,cvl_pcb_dslr_8,pcb158,PCB,pcb,4928,3280,rec5-mask.png,rec5-annot.txt,True,True,True,128,1912,193,3919,3060,0.33052628583306937,0.3562856350966107,1611,0,4220,3279,0.15,False,0c6b5b5006d3911b4077cc9c75dcbcfd,False,False,False,pending_review,,True
PCBD0714,rec1.jpg,PCB DSLR Dataset,cvl_pcb_dslr_8,pcb159,PCB,pcb,4928,3280,rec1-mask.png,rec1-annot.txt,True,True,True,128,1363,1234,4729,2064,0.16411186945676276,0.17310100817627494,858,1110,4927,2188,0.15,False,694bf70caa64b53ccecada5deefdaad5,False,False,False,pending_review,,True
PCBD0715,rec2.jpg,PCB DSLR Dataset,cvl_pcb_dslr_8,pcb159,PCB,pcb,4928,3280,rec2-mask.png,rec2-annot.txt,True,True,True,128,1351,127,4165,3210,0.1640363304759265,0.5370914337187203,929,0,4587,3279,0.15,False,7e0d613221044b40d2a6bae859edee9e,False,False,False,pending_review,,True
PCBD0716,rec3.jpg,PCB DSLR Dataset,cvl_pcb_dslr_8,pcb159,PCB,pcb,4928,3280,rec3-mask.png,rec3-annot.txt,True,True,True,128,1447,619,4690,3186,0.16392218680709533,0.5153844630978778,961,234,4927,3279,0.15,False,f4d8f8ab8b49da98155743891deb80a8,False,False,False,pending_review,,True
PCBD0717,rec4.jpg,PCB DSLR Dataset,cvl_pcb_dslr_8,pcb159,PCB,pcb,4928,3280,rec4-mask.png,rec4-annot.txt,True,True,True,128,1048,397,4495,2262,0.16405953040861576,0.39804699873297433,531,118,4927,2541,0.15,False,c12d7512c0a9a7e1c9a45f8b47914441,False,False,False,pending_review,,True
PCBD0718,rec5.jpg,PCB DSLR Dataset,cvl_pcb_dslr_8,pcb159,PCB,pcb,4928,3280,rec5-mask.png,rec5-annot.txt,True,True,True,128,1270,61,4081,3147,0.16407363596769084,0.5370409506651884,849,0,4502,3279,0.15,False,b7a275429be06e178e4621b9b9a11c2c,False,False,False,pending_review,,True
PCBD0719,rec1.jpg,PCB DSLR Dataset,cvl_pcb_dslr_8,pcb160,PCB,pcb,4928,3280,rec1-mask.png,rec1-annot.txt,True,True,True,128,1390,520,4714,1986,0.28363402508314856,0.301770804462306,892,300,4927,2206,0.15,False,3d471bbc5e857766025ca2eb9a1380e6,False,False,False,pending_review,,True
PCBD0720,rec2.jpg,PCB DSLR Dataset,cvl_pcb_dslr_8,pcb160,PCB,pcb,4928,3280,rec2-mask.png,rec2-annot.txt,True,True,True,128,1192,199,4747,2910,0.2833108964206525,0.5966324833702883,659,0,4927,3279,0.15,False,5087d497b34338370cb4492be65fcc38,False,False,False,pending_review,,True
PCBD0721,rec3.jpg,PCB DSLR Dataset,cvl_pcb_dslr_8,pcb160,PCB,pcb,4928,3280,rec3-mask.png,rec3-annot.txt,True,True,True,128,1390,559,4741,2055,0.2833938593799493,0.3104425681026291,888,335,4927,2279,0.15,False,758a9a45d60bf6d4790870f591c60915,False,False,False,pending_review,,True
PCBD0722,rec4.jpg,PCB DSLR Dataset,cvl_pcb_dslr_8,pcb160,PCB,pcb,4928,3280,rec4-mask.png,rec4-annot.txt,True,True,True,128,1126,214,4696,2736,0.2832674661466582,0.5573943444132088,591,0,4927,3114,0.15,False,29cd76fbc074673e409dfd81fc73cfc2,False,False,False,pending_review,,True
PCBD0723,rec5.jpg,PCB DSLR Dataset,cvl_pcb_dslr_8,pcb160,PCB,pcb,4928,3280,rec5-mask.png,rec5-annot.txt,True,True,True,128,1018,295,4534,3186,0.2834625311807095,0.6292541871238517,491,0,4927,3279,0.15,False,fcaea4ff01bb3ce5856e3db483190205,False,False,False,pending_review,,True
PCBD0724,rec1.jpg,PCB DSLR Dataset,cvl_pcb_dslr_8,pcb161,PCB,pcb,4928,3280,rec1-mask.png,rec1-annot.txt,True,True,True,128,1831,730,4228,2211,0.20248994050918592,0.2198633493031359,1472,508,4587,2433,0.15,False,f7630307574380900af83dafa59e55f1,False,False,False,pending_review,,False
PCBD0725,rec2.jpg,PCB DSLR Dataset,cvl_pcb_dslr_8,pcb161,PCB,pcb,4928,3280,rec2-mask.png,rec2-annot.txt,True,True,True,128,1483,307,4045,2964,0.202688160734083,0.4214625979965157,1099,0,4429,3279,0.15,False,9c9beedd8d0a0c712508043c13012a5e,False,False,False,pending_review,,True
PCBD0726,rec3.jpg,PCB DSLR Dataset,cvl_pcb_dslr_8,pcb161,PCB,pcb,4928,3280,rec3-mask.png,rec3-annot.txt,True,True,True,128,1873,565,3355,2952,0.2028752449912892,0.21909422513462148,1651,207,3577,3279,0.15,False,177c38a32a09a55f020e5bfd06fd22da,False,False,False,pending_review,,True
PCBD0727,rec4.jpg,PCB DSLR Dataset,cvl_pcb_dslr_8,pcb161,PCB,pcb,4928,3280,rec4-mask.png,rec4-annot.txt,True,True,True,128,1804,268,4240,1842,0.20305731806303454,0.23746059104767184,1439,32,4605,2078,0.15,False,c41828f55e36d56ecc9f4fb546711139,False,False,False,pending_review,,False
PCBD0728,rec5.jpg,PCB DSLR Dataset,cvl_pcb_dslr_8,pcb161,PCB,pcb,4928,3280,rec5-mask.png,rec5-annot.txt,True,True,True,128,1228,184,3523,2853,0.20297101431343048,0.37926136363636365,884,0,3867,3253,0.15,False,a9001052eb6b57f147535d926dd5e322,False,False,False,pending_review,,True
PCBD0729,rec1.jpg,PCB DSLR Dataset,cvl_pcb_dslr_8,pcb162,PCB,pcb,4928,3280,rec1-mask.png,rec1-annot.txt,True,True,False,128,1738,1288,4153,2175,0.12219095214998416,0.13272885650934432,1376,1155,4515,2308,0.15,False,cf38d7c0d9071b18af53bb6e855a0c6c,False,False,False,pending_review,,False
PCBD0730,rec2.jpg,PCB DSLR Dataset,cvl_pcb_dslr_8,pcb162,PCB,pcb,4928,3280,rec2-mask.png,rec2-annot.txt,True,True,False,128,1759,574,3811,2937,0.12247244466661387,0.30025612725688944,1452,220,4118,3279,0.15,False,239b67b6903763fe38114472fc59b60c,False,False,False,pending_review,,True
PCBD0731,rec3.jpg,PCB DSLR Dataset,cvl_pcb_dslr_8,pcb162,PCB,pcb,4928,3280,rec3-mask.png,rec3-annot.txt,True,True,False,128,1090,826,3391,2970,0.12167288218641115,0.30548372168989546,745,505,3736,3279,0.15,False,e62f34585c24f34a93d78d8ab325fe4b,False,False,False,pending_review,,True
PCBD0732,rec4.jpg,PCB DSLR Dataset,cvl_pcb_dslr_8,pcb162,PCB,pcb,4928,3280,rec4-mask.png,rec4-annot.txt,True,True,False,128,1489,1158,3904,2064,0.12147410516312955,0.13556877573645867,1127,1022,4266,2200,0.15,False,5d40d924294764e37d29984ca47b652c,False,False,False,pending_review,,False
PCBD0733,rec5.jpg,PCB DSLR Dataset,cvl_pcb_dslr_8,pcb162,PCB,pcb,4928,3280,rec5-mask.png,rec5-annot.txt,True,True,False,128,1636,274,3451,2724,0.12152372208584099,0.2753687242635413,1364,0,3723,3091,0.15,False,9301f306a3b5948d9344209b31c41f7c,False,False,False,pending_review,,True
PCBD0734,rec1.jpg,PCB DSLR Dataset,cvl_pcb_dslr_8,pcb163,PCB,pcb,4928,3280,rec1-mask.png,rec1-annot.txt,True,True,True,128,1591,1282,3865,2163,0.12319850976005702,0.12413819983370289,1250,1150,4206,2295,0.15,False,a29a37dffd32c160cce2e6276b60f269,False,False,False,pending_review,,False
PCBD0735,rec2.jpg,PCB DSLR Dataset,cvl_pcb_dslr_8,pcb163,PCB,pcb,4928,3280,rec2-mask.png,rec2-annot.txt,True,True,True,128,1636,706,3754,3015,0.12323915604212861,0.3028296493902439,1319,360,4071,3279,0.15,False,359359baf7b07e5520e2fc3ed6141886,False,False,False,pending_review,,True
PCBD0736,rec3.jpg,PCB DSLR Dataset,cvl_pcb_dslr_8,pcb163,PCB,pcb,4928,3280,rec3-mask.png,rec3-annot.txt,True,True,True,128,1735,610,3661,3003,0.12319498337028825,0.28540482954545454,1446,251,3950,3279,0.15,False,6f4ec38c8a2dbf4fdb4449841168e2a7,False,False,False,pending_review,,True
PCBD0737,rec4.jpg,PCB DSLR Dataset,cvl_pcb_dslr_8,pcb163,PCB,pcb,4928,3280,rec4-mask.png,rec4-annot.txt,True,True,True,128,1891,985,4231,2067,0.12300158873139055,0.15685029052502375,1540,823,4582,2229,0.15,False,52485be4dafa9e7df237a137786ccc37,False,False,False,pending_review,,False
PCBD0738,rec5.jpg,PCB DSLR Dataset,cvl_pcb_dslr_8,pcb163,PCB,pcb,4928,3280,rec5-mask.png,rec5-annot.txt,True,True,True,128,2011,538,3892,2943,0.1230903052739943,0.28013714562876146,1729,178,4174,3279,0.15,False,f18f62a44f0968b2e0420e8329649c2d,False,False,False,pending_review,,True
PCBD0739,rec1.jpg,PCB DSLR Dataset,cvl_pcb_dslr_8,pcb164,PCB,pcb,4928,3280,rec1-mask.png,rec1-annot.txt,True,True,True,128,1807,844,3229,2457,0.11927345234795692,0.14209012214919228,1594,602,3442,2699,0.15,False,5dce84378faa42695e6dbdaf002557d0,False,False,False,pending_review,,False
PCBD0740,rec2.jpg,PCB DSLR Dataset,cvl_pcb_dslr_8,pcb164,PCB,pcb,4928,3280,rec2-mask.png,rec2-annot.txt,True,True,True,128,1504,478,3433,2406,0.1193521465196389,0.23032707574437758,1215,189,3722,2695,0.15,False,5758e1bdb4fa0a0f6726692f436835bc,False,False,False,pending_review,,False
PCBD0741,rec3.jpg,PCB DSLR Dataset,cvl_pcb_dslr_8,pcb164,PCB,pcb,4928,3280,rec3-mask.png,rec3-annot.txt,True,True,True,128,1315,388,3151,2241,0.11948169494377574,0.21070475827526133,1040,110,3426,2519,0.15,False,4a1781b099cb4182d1e2754dca1770db,False,False,False,pending_review,,False
PCBD0742,rec4.jpg,PCB DSLR Dataset,cvl_pcb_dslr_8,pcb164,PCB,pcb,4928,3280,rec4-mask.png,rec4-annot.txt,True,True,True,128,1414,412,3295,2301,0.11933674176433323,0.22005785753880266,1132,129,3577,2584,0.15,False,ca026474ea31fb04d8c5af1ba77a401f,False,False,False,pending_review,,False
PCBD0743,rec5.jpg,PCB DSLR Dataset,cvl_pcb_dslr_8,pcb164,PCB,pcb,4928,3280,rec5-mask.png,rec5-annot.txt,True,True,True,128,1765,868,3178,2484,0.11924004444488438,0.14145388719512195,1553,626,3390,2726,0.15,False,0cca2e3d152115fc71f20b4d79cec959,False,False,False,pending_review,,False
PCBD0744,rec1.jpg,PCB DSLR Dataset,cvl_pcb_dslr_8,pcb165,PCB,pcb,4928,3280,rec1-mask.png,rec1-annot.txt,True,True,True,128,889,1024,4657,2217,0.24203728816914793,0.27841069943775737,324,845,4927,2396,0.15,False,a9ede6e52506a95dc01a4a87c9bceba5,False,False,False,pending_review,,True
PCBD0745,rec2.jpg,PCB DSLR Dataset,cvl_pcb_dslr_8,pcb165,PCB,pcb,4928,3280,rec2-mask.png,rec2-annot.txt,True,True,True,128,1012,70,4747,2814,0.24197269955654102,0.6344606232182451,452,0,4927,3225,0.15,False,de066a12c1dccd01dad3886991fa97df,False,False,False,pending_review,,True
PCBD0746,rec3.jpg,PCB DSLR Dataset,cvl_pcb_dslr_8,pcb165,PCB,pcb,4928,3280,rec3-mask.png,rec3-annot.txt,True,True,True,128,1021,442,4834,2973,0.2421133839483687,0.5974476362052582,449,63,4927,3279,0.15,False,cf600a0663b6d7f19aadff5c3a63ff66,False,False,False,pending_review,,True
PCBD0747,rec4.jpg,PCB DSLR Dataset,cvl_pcb_dslr_8,pcb165,PCB,pcb,4928,3280,rec4-mask.png,rec4-annot.txt,True,True,True,128,988,211,4627,3180,0.24231921375118784,0.6688262195121951,442,0,4927,3279,0.15,False,34771a9fcb32765f33175d5813cb8957,False,False,False,pending_review,,True
PCBD0748,rec5.jpg,PCB DSLR Dataset,cvl_pcb_dslr_8,pcb165,PCB,pcb,4928,3280,rec5-mask.png,rec5-annot.txt,True,True,True,128,985,76,4657,2997,0.24207830565014254,0.6639824447656002,435,0,4927,3279,0.15,False,3587f44c73d0a0164474596734b5bb6e,False,False,False,pending_review,,True
