file_id,file_name,source_dataset,original_split,original_label,esafe_label,width,height,bbox_x,bbox_y,bbox_width,bbox_height,bbox_area_ratio
RB00001,7_5_2_cyl.jpg,RecyBat24,train,cylindric,battery_powerbank,640,640,424,73,130,108,0.03427734375
RB00002,4_4_1_cyl.jpg,RecyBat24,train,cylindric,battery_powerbank,640,640,403,522,127,59,0.01829345703125
RB00003,2_3_2_cyl.jpg,RecyBat24,train,cylindric,battery_powerbank,640,640,95,303,136,76,0.025234375
RB00004,8_5_3_cyl.jpg,RecyBat24,train,cylindric,battery_powerbank,640,640,336,97,86,170,0.035693359375
RB00005,9_2_1_cyl.jpg,RecyBat24,train,cylindric,battery_powerbank,640,640,168,167,134,82,0.026826171875
RB00006,9_2_2_cyl.jpg,RecyBat24,train,cylindric,battery_powerbank,640,640,62,232,66,177,0.0285205078125
RB00007,6_2_3_cyl.jpg,RecyBat24,train,cylindric,battery_powerbank,640,640,140,256,49,172,0.020576171875
RB00008,9_1_3_cyl.jpg,RecyBat24,train,cylindric,battery_powerbank,640,640,250,188,74,181,0.0327001953125
RB00009,1_2_1_cyl.jpg,RecyBat24,train,cylindric,battery_powerbank,640,640,136,491,123,138,0.0414404296875
RB00010,4_5_2_cyl.jpg,RecyBat24,train,cylindric,battery_powerbank,640,640,434,69,128,82,0.025625
RB00011,15_3_3_cyl.jpg,RecyBat24,train,cylindric,battery_powerbank,640,640,326,61,88,177,0.03802734375
RB00012,9_4_1_cyl.jpg,RecyBat24,train,cylindric,battery_powerbank,640,640,418,471,114,143,0.0397998046875
RB00013,10_4_3_cyl.jpg,RecyBat24,train,cylindric,battery_powerbank,640,640,468,70,129,74,0.0233056640625
RB00014,12_1_1_cyl.jpg,RecyBat24,train,cylindric,battery_powerbank,640,640,74,410,144,60,0.02109375
RB00015,6_1_1_cyl.jpg,RecyBat24,train,cylindric,battery_powerbank,640,640,295,293,120,112,0.0328125
RB00016,2_5_1_cyl.jpg,RecyBat24,train,cylindric,battery_powerbank,640,640,481,378,132,81,0.026103515625
RB00017,6_5_1_cyl.jpg,RecyBat24,train,cylindric,battery_powerbank,640,640,192,490,116,144,0.04078125
RB00018,3_4_1_cyl.jpg,RecyBat24,train,cylindric,battery_powerbank,640,640,392,413,130,72,0.0228515625
RB00019,1_1_3_cyl.jpg,RecyBat24,train,cylindric,battery_powerbank,640,640,466,64,79,163,0.03143798828125
RB00020,5_5_2_cyl.jpg,RecyBat24,train,cylindric,battery_powerbank,640,640,165,436,109,151,0.04018310546875
RB00021,5_5_2_cyl.jpg,RecyBat24,train,cylindric,battery_powerbank,640,640,188,469,112,156,0.04265625
RB00022,11_2_3_cyl.jpg,RecyBat24,train,cylindric,battery_powerbank,640,640,137,360,131,105,0.03358154296875
RB00023,5_2_3_cyl.jpg,RecyBat24,train,cylindric,battery_powerbank,640,640,281,421,128,55,0.0171875
RB00024,5_2_3_cyl.jpg,RecyBat24,train,cylindric,battery_powerbank,640,640,280,365,128,67,0.0209375
RB00025,14_5_2_cyl.jpg,RecyBat24,train,cylindric,battery_powerbank,640,640,375,354,85,165,0.03424072265625
RB00026,14_3_1_cyl.jpg,RecyBat24,train,cylindric,battery_powerbank,640,640,357,430,135,73,0.02406005859375
RB00027,8_4_2_cyl.jpg,RecyBat24,train,cylindric,battery_powerbank,640,640,482,264,105,161,0.04127197265625
RB00028,8_3_3_cyl.jpg,RecyBat24,train,cylindric,battery_powerbank,640,640,156,23,133,123,0.03993896484375
RB00029,11_2_2_cyl.jpg,RecyBat24,train,cylindric,battery_powerbank,640,640,254,437,117,138,0.0394189453125
RB00030,10_4_2_cyl.jpg,RecyBat24,train,cylindric,battery_powerbank,640,640,237,417,129,87,0.02739990234375
RB00031,5_4_2_cyl.jpg,RecyBat24,train,cylindric,battery_powerbank,640,640,193,58,58,186,0.026337890625
RB00032,5_4_2_cyl.jpg,RecyBat24,train,cylindric,battery_powerbank,640,640,232,60,52,175,0.022216796875
RB00033,11_4_1_cyl.jpg,RecyBat24,train,cylindric,battery_powerbank,640,640,348,100,131,54,0.0172705078125
RB00034,8_2_1_cyl.jpg,RecyBat24,train,cylindric,battery_powerbank,640,640,213,379,87,176,0.0373828125
RB00035,14_2_3_cyl.jpg,RecyBat24,train,cylindric,battery_powerbank,640,640,81,212,63,177,0.02722412109375
RB00036,14_1_1_cyl.jpg,RecyBat24,train,cylindric,battery_powerbank,640,640,168,344,135,71,0.02340087890625
RB00037,6_2_1_cyl.jpg,RecyBat24,train,cylindric,battery_powerbank,640,640,358,540,126,92,0.02830078125
RB00038,14_3_3_cyl.jpg,RecyBat24,train,cylindric,battery_powerbank,640,640,63,449,138,58,0.019541015625
RB00039,5_3_3_cyl.jpg,RecyBat24,train,cylindric,battery_powerbank,640,640,148,477,131,114,0.0364599609375
RB00040,5_3_3_cyl.jpg,RecyBat24,train,cylindric,battery_powerbank,640,640,165,521,129,115,0.03621826171875
RB00041,9_3_3_cyl.jpg,RecyBat24,train,cylindric,battery_powerbank,640,640,147,504,127,131,0.04061767578125
RB00042,3_4_3_cyl.jpg,RecyBat24,train,cylindric,battery_powerbank,640,640,354,476,128,56,0.0175
RB00043,9_3_1_cyl.jpg,RecyBat24,train,cylindric,battery_powerbank,640,640,112,569,135,71,0.02340087890625
RB00044,8_3_1_cyl.jpg,RecyBat24,train,cylindric,battery_powerbank,640,640,126,102,117,165,0.04713134765625
RB00045,13_1_3_cyl.jpg,RecyBat24,train,cylindric,battery_powerbank,640,640,129,295,94,167,0.0383251953125
RB00046,13_4_1_cyl.jpg,RecyBat24,train,cylindric,battery_powerbank,640,640,431,59,61,180,0.026806640625
RB00047,5_4_3_cyl.jpg,RecyBat24,train,cylindric,battery_powerbank,640,640,423,415,125,90,0.0274658203125
RB00048,5_4_3_cyl.jpg,RecyBat24,train,cylindric,battery_powerbank,640,640,417,374,123,93,0.02792724609375
RB00049,2_4_2_cyl.jpg,RecyBat24,train,cylindric,battery_powerbank,640,640,89,342,140,77,0.026318359375
RB00050,15_5_3_cyl.jpg,RecyBat24,train,cylindric,battery_powerbank,640,640,433,401,131,97,0.03102294921875
RB00051,15_3_2_cyl.jpg,RecyBat24,train,cylindric,battery_powerbank,640,640,190,84,135,71,0.02340087890625
RB00052,6_3_3_cyl.jpg,RecyBat24,train,cylindric,battery_powerbank,640,640,512,296,45,166,0.0182373046875
RB00053,5_1_3_cyl.jpg,RecyBat24,train,cylindric,battery_powerbank,640,640,199,122,124,127,0.038447265625
RB00054,5_1_3_cyl.jpg,RecyBat24,train,cylindric,battery_powerbank,640,640,180,75,122,131,0.0390185546875
RB00055,12_1_2_cyl.jpg,RecyBat24,train,cylindric,battery_powerbank,640,640,249,312,58,179,0.0253466796875
RB00056,8_1_2_cyl.jpg,RecyBat24,train,cylindric,battery_powerbank,640,640,299,264,63,174,0.0267626953125
RB00057,4_3_3_cyl.jpg,RecyBat24,train,cylindric,battery_powerbank,640,640,106,377,108,164,0.0432421875
RB00058,11_3_1_cyl.jpg,RecyBat24,train,cylindric,battery_powerbank,640,640,356,404,118,137,0.0394677734375
RB00059,8_4_1_cyl.jpg,RecyBat24,train,cylindric,battery_powerbank,640,640,420,480,99,158,0.0381884765625
RB00060,15_1_1_cyl.jpg,RecyBat24,train,cylindric,battery_powerbank,640,640,210,238,65,171,0.02713623046875
RB00061,13_1_1_cyl.jpg,RecyBat24,train,cylindric,battery_powerbank,640,640,244,300,129,108,0.034013671875
RB00062,2_5_3_cyl.jpg,RecyBat24,train,cylindric,battery_powerbank,640,640,423,137,128,109,0.0340625
RB00063,13_2_2_cyl.jpg,RecyBat24,train,cylindric,battery_powerbank,640,640,108,340,39,176,0.0167578125
RB00064,13_3_1_cyl.jpg,RecyBat24,train,cylindric,battery_powerbank,640,640,397,469,116,141,0.039931640625
RB00065,7_4_1_cyl.jpg,RecyBat24,train,cylindric,battery_powerbank,640,640,477,483,96,157,0.036796875
RB00066,12_2_1_cyl.jpg,RecyBat24,train,cylindric,battery_powerbank,640,640,143,145,79,181,0.03490966796875
RB00067,14_3_2_cyl.jpg,RecyBat24,train,cylindric,battery_powerbank,640,640,255,16,136,65,0.02158203125
RB00068,13_4_3_cyl.jpg,RecyBat24,train,cylindric,battery_powerbank,640,640,212,473,111,155,0.04200439453125
RB00069,3_5_2_cyl.jpg,RecyBat24,train,cylindric,battery_powerbank,640,640,532,57,42,169,0.0173291015625
RB00070,11_1_2_cyl.jpg,RecyBat24,train,cylindric,battery_powerbank,640,640,238,338,39,172,0.016376953125
RB00071,13_5_2_cyl.jpg,RecyBat24,train,cylindric,battery_powerbank,640,640,127,155,136,115,0.03818359375
RB00072,2_3_3_cyl.jpg,RecyBat24,train,cylindric,battery_powerbank,640,640,76,29,136,138,0.0458203125
RB00073,4_2_2_cyl.jpg,RecyBat24,train,cylindric,battery_powerbank,640,640,51,0,120,156,0.045703125
RB00074,4_5_1_cyl.jpg,RecyBat24,train,cylindric,battery_powerbank,640,640,453,41,72,164,0.028828125
RB00075,1_2_3_cyl.jpg,RecyBat24,train,cylindric,battery_powerbank,640,640,262,418,103,157,0.03947998046875
RB00076,7_3_1_cyl.jpg,RecyBat24,train,cylindric,battery_powerbank,640,640,185,487,129,91,0.02865966796875
RB00077,11_1_1_cyl.jpg,RecyBat24,train,cylindric,battery_powerbank,640,640,270,344,102,157,0.0390966796875
RB00078,1_4_1_cyl.jpg,RecyBat24,train,cylindric,battery_powerbank,640,640,473,21,120,130,0.0380859375
RB00079,7_4_3_cyl.jpg,RecyBat24,train,cylindric,battery_powerbank,640,640,438,496,125,118,0.0360107421875
RB00080,3_2_2_cyl.jpg,RecyBat24,train,cylindric,battery_powerbank,640,640,77,82,142,92,0.03189453125
RB00081,6_3_1_cyl.jpg,RecyBat24,train,cylindric,battery_powerbank,640,640,402,30,106,150,0.038818359375
RB00082,9_4_2_cyl.jpg,RecyBat24,train,cylindric,battery_powerbank,640,640,279,445,136,78,0.0258984375
RB00083,13_1_2_cyl.jpg,RecyBat24,train,cylindric,battery_powerbank,640,640,237,294,77,170,0.0319580078125
RB00084,8_1_1_cyl.jpg,RecyBat24,train,cylindric,battery_powerbank,640,640,231,234,87,171,0.03632080078125
RB00085,2_1_2_cyl.jpg,RecyBat24,train,cylindric,battery_powerbank,640,640,189,394,131,74,0.0236669921875
RB00086,8_5_1_cyl.jpg,RecyBat24,train,cylindric,battery_powerbank,640,640,442,156,135,87,0.02867431640625
RB00087,11_3_3_cyl.jpg,RecyBat24,train,cylindric,battery_powerbank,640,640,346,481,129,72,0.02267578125
RB00088,15_2_1_cyl.jpg,RecyBat24,train,cylindric,battery_powerbank,640,640,37,478,135,68,0.022412109375
RB00089,2_4_3_cyl.jpg,RecyBat24,train,cylindric,battery_powerbank,640,640,414,424,108,146,0.03849609375
RB00090,11_5_2_cyl.jpg,RecyBat24,train,cylindric,battery_powerbank,640,640,209,353,53,172,0.022255859375
RB00091,6_5_2_cyl.jpg,RecyBat24,train,cylindric,battery_powerbank,640,640,423,128,130,70,0.022216796875
RB00092,10_1_3_cyl.jpg,RecyBat24,train,cylindric,battery_powerbank,640,640,231,279,119,140,0.040673828125
RB00093,13_2_1_cyl.jpg,RecyBat24,train,cylindric,battery_powerbank,640,640,82,384,133,118,0.0383154296875
RB00094,14_1_3_cyl.jpg,RecyBat24,train,cylindric,battery_powerbank,640,640,201,265,103,166,0.0417431640625
RB00095,15_2_3_cyl.jpg,RecyBat24,train,cylindric,battery_powerbank,640,640,87,443,132,106,0.03416015625
RB00096,8_2_3_cyl.jpg,RecyBat24,train,cylindric,battery_powerbank,640,640,159,479,136,105,0.03486328125
RB00097,12_5_3_cyl.jpg,RecyBat24,train,cylindric,battery_powerbank,640,640,264,341,139,68,0.023076171875
RB00098,12_5_1_cyl.jpg,RecyBat24,train,cylindric,battery_powerbank,640,640,341,48,143,123,0.04294189453125
RB00099,3_2_3_cyl.jpg,RecyBat24,train,cylindric,battery_powerbank,640,640,67,54,143,101,0.03526123046875
RB00100,12_3_2_cyl.jpg,RecyBat24,train,cylindric,battery_powerbank,640,640,154,514,134,69,0.0225732421875
RB00101,11_1_3_cyl.jpg,RecyBat24,train,cylindric,battery_powerbank,640,640,208,369,117,143,0.04084716796875
RB00102,7_2_3_cyl.jpg,RecyBat24,train,cylindric,battery_powerbank,640,640,117,250,133,79,0.02565185546875
RB00103,13_3_2_cyl.jpg,RecyBat24,train,cylindric,battery_powerbank,640,640,198,76,136,102,0.0338671875
RB00104,5_5_1_cyl.jpg,RecyBat24,train,cylindric,battery_powerbank,640,640,446,88,102,164,0.04083984375
RB00105,5_5_1_cyl.jpg,RecyBat24,train,cylindric,battery_powerbank,640,640,481,69,91,160,0.035546875
RB00106,11_4_2_cyl.jpg,RecyBat24,train,cylindric,battery_powerbank,640,640,173,194,130,51,0.0161865234375
RB00107,13_2_3_cyl.jpg,RecyBat24,train,cylindric,battery_powerbank,640,640,296,432,100,159,0.038818359375
RB00108,9_4_3_cyl.jpg,RecyBat24,train,cylindric,battery_powerbank,640,640,439,471,132,104,0.033515625
RB00109,8_2_2_cyl.jpg,RecyBat24,train,cylindric,battery_powerbank,640,640,46,310,144,84,0.02953125
RB00110,2_1_3_cyl.jpg,RecyBat24,train,cylindric,battery_powerbank,640,640,254,208,105,153,0.03922119140625
RB00111,4_2_3_cyl.jpg,RecyBat24,train,cylindric,battery_powerbank,640,640,96,310,132,78,0.02513671875
RB00112,1_3_2_cyl.jpg,RecyBat24,train,cylindric,battery_powerbank,640,640,482,67,115,137,0.03846435546875
RB00113,7_3_3_cyl.jpg,RecyBat24,train,cylindric,battery_powerbank,640,640,202,11,112,157,0.0429296875
RB00114,3_1_1_cyl.jpg,RecyBat24,train,cylindric,battery_powerbank,640,640,277,267,89,164,0.035634765625
RB00115,5_3_2_cyl.jpg,RecyBat24,train,cylindric,battery_powerbank,640,640,292,387,123,44,0.013212890625
RB00116,5_3_2_cyl.jpg,RecyBat24,train,cylindric,battery_powerbank,640,640,290,336,131,47,0.01503173828125
RB00117,3_3_1_cyl.jpg,RecyBat24,train,cylindric,battery_powerbank,640,640,126,507,130,119,0.0377685546875
RB00118,5_3_1_cyl.jpg,RecyBat24,train,cylindric,battery_powerbank,640,640,225,432,135,89,0.02933349609375
RB00119,5_3_1_cyl.jpg,RecyBat24,train,cylindric,battery_powerbank,640,640,236,486,128,79,0.0246875
RB00120,12_2_3_cyl.jpg,RecyBat24,train,cylindric,battery_powerbank,640,640,110,336,58,183,0.0259130859375
RB00121,12_3_3_cyl.jpg,RecyBat24,train,cylindric,battery_powerbank,640,640,73,451,141,97,0.03339111328125
RB00122,3_3_2_cyl.jpg,RecyBat24,train,cylindric,battery_powerbank,640,640,40,424,138,118,0.039755859375
RB00123,7_2_2_cyl.jpg,RecyBat24,train,cylindric,battery_powerbank,640,640,98,93,135,126,0.0415283203125
RB00124,4_3_1_cyl.jpg,RecyBat24,train,cylindric,battery_powerbank,640,640,212,434,41,170,0.0170166015625
RB00125,14_4_2_cyl.jpg,RecyBat24,train,cylindric,battery_powerbank,640,640,23,458,131,120,0.03837890625
RB00126,7_1_2_cyl.jpg,RecyBat24,train,cylindric,battery_powerbank,640,640,284,321,129,56,0.01763671875
RB00127,9_1_1_cyl.jpg,RecyBat24,train,cylindric,battery_powerbank,640,640,304,250,47,175,0.02008056640625
RB00128,14_4_3_cyl.jpg,RecyBat24,train,cylindric,battery_powerbank,640,640,310,448,129,78,0.0245654296875
RB00129,5_4_1_cyl.jpg,RecyBat24,train,cylindric,battery_powerbank,640,640,471,372,128,112,0.035
RB00130,5_4_1_cyl.jpg,RecyBat24,train,cylindric,battery_powerbank,640,640,486,415,125,113,0.03448486328125
RB00131,9_3_2_cyl.jpg,RecyBat24,train,cylindric,battery_powerbank,640,640,462,264,46,169,0.0189794921875
RB00132,11_3_2_cyl.jpg,RecyBat24,train,cylindric,battery_powerbank,640,640,401,85,122,143,0.0425927734375
RB00133,2_3_1_cyl.jpg,RecyBat24,train,cylindric,battery_powerbank,640,640,129,408,135,94,0.0309814453125
RB00134,4_4_2_cyl.jpg,RecyBat24,train,cylindric,battery_powerbank,640,640,412,441,126,90,0.027685546875
RB00135,10_5_2_cyl.jpg,RecyBat24,train,cylindric,battery_powerbank,640,640,434,49,130,90,0.028564453125
RB00136,9_5_1_cyl.jpg,RecyBat24,train,cylindric,battery_powerbank,640,640,422,74,69,174,0.0293115234375
RB00137,8_5_2_cyl.jpg,RecyBat24,train,cylindric,battery_powerbank,640,640,276,2,41,180,0.018017578125
RB00138,1_3_1_cyl.jpg,RecyBat24,train,cylindric,battery_powerbank,640,640,351,358,127,80,0.0248046875
RB00139,8_4_3_cyl.jpg,RecyBat24,train,cylindric,battery_powerbank,640,640,401,473,132,72,0.023203125
RB00140,3_1_3_cyl.jpg,RecyBat24,train,cylindric,battery_powerbank,640,640,235,284,130,99,0.0314208984375
RB00141,8_3_2_cyl.jpg,RecyBat24,train,cylindric,battery_powerbank,640,640,304,461,98,165,0.0394775390625
RB00142,2_2_2_cyl.jpg,RecyBat24,train,cylindric,battery_powerbank,640,640,278,82,72,169,0.02970703125
RB00143,14_2_1_cyl.jpg,RecyBat24,train,cylindric,battery_powerbank,640,640,18,419,138,77,0.0259423828125
RB00144,5_5_3_cyl.jpg,RecyBat24,train,cylindric,battery_powerbank,640,640,439,83,130,92,0.02919921875
RB00145,5_5_3_cyl.jpg,RecyBat24,train,cylindric,battery_powerbank,640,640,456,125,124,91,0.027548828125
RB00146,10_4_1_cyl.jpg,RecyBat24,train,cylindric,battery_powerbank,640,640,382,414,46,169,0.0189794921875
RB00147,14_1_2_cyl.jpg,RecyBat24,train,cylindric,battery_powerbank,640,640,179,271,134,71,0.0232275390625
RB00148,7_1_1_cyl.jpg,RecyBat24,train,cylindric,battery_powerbank,640,640,326,272,60,175,0.025634765625
RB00149,11_5_3_cyl.jpg,RecyBat24,train,cylindric,battery_powerbank,640,640,361,413,128,86,0.026875
RB00150,6_3_2_cyl.jpg,RecyBat24,train,cylindric,battery_powerbank,640,640,145,492,112,147,0.0401953125
RB00151,10_2_1_cyl.jpg,RecyBat24,train,cylindric,battery_powerbank,640,640,153,235,54,173,0.0228076171875
RB00152,4_4_3_cyl.jpg,RecyBat24,train,cylindric,battery_powerbank,640,640,446,397,78,163,0.0310400390625
RB00153,8_1_3_cyl.jpg,RecyBat24,train,cylindric,battery_powerbank,640,640,272,240,126,133,0.0409130859375
RB00154,4_1_2_cyl.jpg,RecyBat24,train,cylindric,battery_powerbank,640,640,259,246,112,136,0.0371875
RB00155,9_1_2_cyl.jpg,RecyBat24,train,cylindric,battery_powerbank,640,640,224,267,75,174,0.0318603515625
RB00156,7_3_2_cyl.jpg,RecyBat24,train,cylindric,battery_powerbank,640,640,114,499,128,98,0.030625
RB00157,4_2_1_cyl.jpg,RecyBat24,train,cylindric,battery_powerbank,640,640,224,29,92,166,0.03728515625
RB00158,5_1_1_cyl.jpg,RecyBat24,train,cylindric,battery_powerbank,640,640,221,411,134,58,0.018974609375
RB00159,5_1_1_cyl.jpg,RecyBat24,train,cylindric,battery_powerbank,640,640,218,345,143,80,0.0279296875
RB00160,10_2_2_cyl.jpg,RecyBat24,train,cylindric,battery_powerbank,640,640,55,324,138,58,0.019541015625
RB00161,12_4_3_cyl.jpg,RecyBat24,train,cylindric,battery_powerbank,640,640,444,398,119,152,0.04416015625
RB00162,2_2_1_cyl.jpg,RecyBat24,train,cylindric,battery_powerbank,640,640,197,16,54,180,0.02373046875
RB00163,13_5_1_cyl.jpg,RecyBat24,train,cylindric,battery_powerbank,640,640,131,135,131,130,0.0415771484375
RB00164,12_4_1_cyl.jpg,RecyBat24,train,cylindric,battery_powerbank,640,640,171,474,136,96,0.031875
RB00165,15_1_2_cyl.jpg,RecyBat24,train,cylindric,battery_powerbank,640,640,157,321,133,74,0.0240283203125
RB00166,4_5_3_cyl.jpg,RecyBat24,train,cylindric,battery_powerbank,640,640,444,64,127,111,0.03441650390625
RB00167,7_4_2_cyl.jpg,RecyBat24,train,cylindric,battery_powerbank,640,640,372,520,130,83,0.0263427734375
RB00168,10_3_3_cyl.jpg,RecyBat24,train,cylindric,battery_powerbank,640,640,348,294,102,154,0.038349609375
RB00169,12_3_1_cyl.jpg,RecyBat24,train,cylindric,battery_powerbank,640,640,331,473,144,75,0.0263671875
RB00170,11_4_3_cyl.jpg,RecyBat24,train,cylindric,battery_powerbank,640,640,360,140,128,118,0.036875
RB00171,12_5_2_cyl.jpg,RecyBat24,train,cylindric,battery_powerbank,640,640,417,199,136,85,0.02822265625
RB00172,6_4_1_cyl.jpg,RecyBat24,train,cylindric,battery_powerbank,640,640,167,72,104,152,0.03859375
RB00173,3_3_3_cyl.jpg,RecyBat24,train,cylindric,battery_powerbank,640,640,31,427,141,112,0.0385546875
RB00174,6_4_2_cyl.jpg,RecyBat24,train,cylindric,battery_powerbank,640,640,409,469,126,103,0.0316845703125
RB00175,1_1_1_cyl.jpg,RecyBat24,train,cylindric,battery_powerbank,640,640,158,150,129,115,0.03621826171875
RB00176,5_1_2_cyl.jpg,RecyBat24,train,cylindric,battery_powerbank,640,640,276,347,130,64,0.0203125
RB00177,5_1_2_cyl.jpg,RecyBat24,train,cylindric,battery_powerbank,640,640,282,296,134,64,0.0209375
RB00178,13_3_3_cyl.jpg,RecyBat24,train,cylindric,battery_powerbank,640,640,386,66,72,179,0.03146484375
RB00179,10_3_2_cyl.jpg,RecyBat24,train,cylindric,battery_powerbank,640,640,465,284,63,167,0.02568603515625
RB00180,13_5_3_cyl.jpg,RecyBat24,train,cylindric,battery_powerbank,640,640,121,100,93,181,0.04109619140625
RB00181,6_1_3_cyl.jpg,RecyBat24,train,cylindric,battery_powerbank,640,640,269,322,123,60,0.018017578125
RB00182,7_1_3_cyl.jpg,RecyBat24,train,cylindric,battery_powerbank,640,640,306,258,60,175,0.025634765625
RB00183,15_4_1_cyl.jpg,RecyBat24,train,cylindric,battery_powerbank,640,640,430,462,131,70,0.0223876953125
RB00184,1_3_3_cyl.jpg,RecyBat24,train,cylindric,battery_powerbank,640,640,75,257,136,88,0.02921875
RB00185,14_5_1_cyl.jpg,RecyBat24,train,cylindric,battery_powerbank,640,640,149,519,131,57,0.01822998046875
RB00186,2_2_3_cyl.jpg,RecyBat24,train,cylindric,battery_powerbank,640,640,267,421,128,105,0.0328125
RB00187,1_1_2_cyl.jpg,RecyBat24,train,cylindric,battery_powerbank,640,640,188,258,108,155,0.040869140625
RB00188,3_1_2_cyl.jpg,RecyBat24,train,cylindric,battery_powerbank,640,640,252,278,129,89,0.02802978515625
RB00189,2_5_2_cyl.jpg,RecyBat24,train,cylindric,battery_powerbank,640,640,438,355,132,60,0.0193359375
RB00190,10_5_1_cyl.jpg,RecyBat24,train,cylindric,battery_powerbank,640,640,334,163,130,83,0.0263427734375
RB00191,6_1_2_cyl.jpg,RecyBat24,train,cylindric,battery_powerbank,640,640,264,269,78,165,0.0314208984375
RB00192,3_4_2_cyl.jpg,RecyBat24,train,cylindric,battery_powerbank,640,640,390,481,130,57,0.0180908203125
RB00193,9_2_3_cyl.jpg,RecyBat24,train,cylindric,battery_powerbank,640,640,65,27,109,177,0.04710205078125
RB00194,9_5_3_cyl.jpg,RecyBat24,train,cylindric,battery_powerbank,640,640,477,20,58,184,0.0260546875
RB00195,11_2_1_cyl.jpg,RecyBat24,train,cylindric,battery_powerbank,640,640,92,194,74,177,0.0319775390625
RB00196,2_4_1_cyl.jpg,RecyBat24,train,cylindric,battery_powerbank,640,640,325,201,124,112,0.03390625
RB00197,10_1_2_cyl.jpg,RecyBat24,train,cylindric,battery_powerbank,640,640,230,326,128,53,0.0165625
RB00198,12_1_3_cyl.jpg,RecyBat24,train,cylindric,battery_powerbank,640,640,170,298,130,142,0.045068359375
RB00199,7_2_1_cyl.jpg,RecyBat24,train,cylindric,battery_powerbank,640,640,123,46,122,147,0.0437841796875
RB00200,3_5_3_cyl.jpg,RecyBat24,train,cylindric,battery_powerbank,640,640,437,214,120,135,0.03955078125
RB00201,4_1_3_cyl.jpg,RecyBat24,train,cylindric,battery_powerbank,640,640,263,301,111,144,0.0390234375
RB00202,15_3_1_cyl.jpg,RecyBat24,train,cylindric,battery_powerbank,640,640,383,106,134,72,0.0235546875
RB00203,1_5_1_cyl.jpg,RecyBat24,train,cylindric,battery_powerbank,640,640,470,502,122,101,0.0300830078125
RB00204,15_5_1_cyl.jpg,RecyBat24,train,cylindric,battery_powerbank,640,640,155,322,133,73,0.02370361328125
RB00205,3_5_1_cyl.jpg,RecyBat24,train,cylindric,battery_powerbank,640,640,461,50,77,168,0.03158203125
RB00206,15_4_2_cyl.jpg,RecyBat24,train,cylindric,battery_powerbank,640,640,391,369,131,76,0.024306640625
RB00207,5_2_2_cyl.jpg,RecyBat24,train,cylindric,battery_powerbank,640,640,251,284,130,64,0.0203125
RB00208,5_2_2_cyl.jpg,RecyBat24,train,cylindric,battery_powerbank,640,640,255,342,131,52,0.016630859375
RB00209,14_5_3_cyl.jpg,RecyBat24,train,cylindric,battery_powerbank,640,640,301,18,139,84,0.028505859375
RB00210,12_4_2_cyl.jpg,RecyBat24,train,cylindric,battery_powerbank,640,640,387,456,106,163,0.0421826171875
RB00211,1_2_2_cyl.jpg,RecyBat24,train,cylindric,battery_powerbank,640,640,88,498,133,115,0.03734130859375
RB00212,15_5_2_cyl.jpg,RecyBat24,train,cylindric,battery_powerbank,640,640,2,377,141,81,0.02788330078125
RB00213,4_1_1_cyl.jpg,RecyBat24,train,cylindric,battery_powerbank,640,640,238,228,95,158,0.0366455078125
RB00214,1_4_3_cyl.jpg,RecyBat24,train,cylindric,battery_powerbank,640,640,206,274,102,159,0.0395947265625
RB00215,4_3_2_cyl.jpg,RecyBat24,train,cylindric,battery_powerbank,640,640,135,529,129,75,0.02362060546875
RB00216,2_1_1_cyl.jpg,RecyBat24,train,cylindric,battery_powerbank,640,640,372,412,95,157,0.03641357421875
RB00217,15_1_3_cyl.jpg,RecyBat24,train,cylindric,battery_powerbank,640,640,192,273,91,167,0.03710205078125
RB00218,7_5_3_cyl.jpg,RecyBat24,train,cylindric,battery_powerbank,640,640,306,424,124,124,0.0375390625
RB00219,6_2_2_cyl.jpg,RecyBat24,train,cylindric,battery_powerbank,640,640,158,25,82,173,0.0346337890625
RB00220,10_5_3_cyl.jpg,RecyBat24,train,cylindric,battery_powerbank,640,640,230,292,103,164,0.041240234375
RB00221,5_2_1_cyl.jpg,RecyBat24,train,cylindric,battery_powerbank,640,640,115,87,139,94,0.0318994140625
RB00222,5_2_1_cyl.jpg,RecyBat24,train,cylindric,battery_powerbank,640,640,107,42,140,89,0.030419921875
RB00223,15_2_2_cyl.jpg,RecyBat24,train,cylindric,battery_powerbank,640,640,29,446,133,112,0.0363671875
RB00224,10_1_1_cyl.jpg,RecyBat24,train,cylindric,battery_powerbank,640,640,344,257,61,169,0.02516845703125
RB00225,10_2_3_cyl.jpg,RecyBat24,train,cylindric,battery_powerbank,640,640,159,274,44,173,0.018583984375
RB00226,6_4_3_cyl.jpg,RecyBat24,train,cylindric,battery_powerbank,640,640,307,41,42,170,0.017431640625
RB00227,11_5_1_cyl.jpg,RecyBat24,train,cylindric,battery_powerbank,640,640,398,460,106,154,0.039853515625
RB00228,1_5_2_cyl.jpg,RecyBat24,train,cylindric,battery_powerbank,640,640,338,280,70,165,0.0281982421875
RB00229,15_4_3_cyl.jpg,RecyBat24,train,cylindric,battery_powerbank,640,640,404,5,97,176,0.0416796875
RB00230,3_2_1_cyl.jpg,RecyBat24,train,cylindric,battery_powerbank,640,640,159,11,126,140,0.04306640625
RB00231,13_4_2_cyl.jpg,RecyBat24,train,cylindric,battery_powerbank,640,640,345,388,121,131,0.03869873046875
RB00232,7_5_1_cyl.jpg,RecyBat24,train,cylindric,battery_powerbank,640,640,482,256,61,175,0.02606201171875
RB00233,14_4_1_cyl.jpg,RecyBat24,train,cylindric,battery_powerbank,640,640,146,31,139,75,0.02545166015625
RB00234,6_5_3_cyl.jpg,RecyBat24,train,cylindric,battery_powerbank,640,640,328,428,55,171,0.02296142578125
RB00235,12_2_2_cyl.jpg,RecyBat24,train,cylindric,battery_powerbank,640,640,167,288,51,173,0.02154052734375
RB00236,9_5_2_cyl.jpg,RecyBat24,train,cylindric,battery_powerbank,640,640,289,28,134,104,0.0340234375
RB00237,1_5_3_cyl.jpg,RecyBat24,train,cylindric,battery_powerbank,640,640,228,125,91,161,0.03576904296875
RB00238,1_4_2_cyl.jpg,RecyBat24,train,cylindric,battery_powerbank,640,640,181,48,82,172,0.03443359375
RB00239,10_3_1_cyl.jpg,RecyBat24,train,cylindric,battery_powerbank,640,640,502,289,52,165,0.020947265625
RB00240,4_2_F_3_po.jpg,RecyBat24,train,pouch,battery_powerbank,640,640,194,89,179,248,0.10837890625
RB00241,3_4_F_1_po.jpg,RecyBat24,train,pouch,battery_powerbank,640,640,129,223,195,255,0.12139892578125
RB00242,21_5_F_1_po.jpg,RecyBat24,train,pouch,battery_powerbank,640,640,108,194,194,233,0.1103564453125
RB00243,20_2_F_1_po.jpg,RecyBat24,train,pouch,battery_powerbank,640,640,169,159,140,255,0.087158203125
RB00244,13_3_F_1_po.jpg,RecyBat24,train,pouch,battery_powerbank,640,640,286,131,95,246,0.0570556640625
RB00245,16_2_F_2_po.jpg,RecyBat24,train,pouch,battery_powerbank,640,640,148,65,190,208,0.096484375
RB00246,6_3_F_3_po.jpg,RecyBat24,train,pouch,battery_powerbank,640,640,185,186,124,250,0.07568359375
RB00247,5_1_F_3_po.jpg,RecyBat24,train,pouch,battery_powerbank,640,640,187,191,185,213,0.09620361328125
RB00248,1_5_F_1_po.jpg,RecyBat24,train,pouch,battery_powerbank,640,640,134,78,203,251,0.12439697265625
RB00249,24_4_F_3_po.jpg,RecyBat24,train,pouch,battery_powerbank,640,640,307,140,107,214,0.0559033203125
RB00250,14_5_F_1_po.jpg,RecyBat24,train,pouch,battery_powerbank,640,640,302,316,181,241,0.10649658203125
RB00251,2_4_F_1_po.jpg,RecyBat24,train,pouch,battery_powerbank,640,640,207,115,322,304,0.238984375
RB00252,20_5_F_2_po.jpg,RecyBat24,train,pouch,battery_powerbank,640,640,100,194,86,238,0.049970703125
RB00253,20_1_F_2_po.jpg,RecyBat24,train,pouch,battery_powerbank,640,640,108,210,155,248,0.09384765625
RB00254,4_5_F_2_po.jpg,RecyBat24,train,pouch,battery_powerbank,640,640,286,231,181,238,0.1051708984375
RB00255,20_4_F_1_po.jpg,RecyBat24,train,pouch,battery_powerbank,640,640,128,46,91,258,0.0573193359375
RB00256,6_1_F_2_po.jpg,RecyBat24,train,pouch,battery_powerbank,640,640,346,84,90,249,0.0547119140625
RB00257,28_2_F_3_po.jpg,RecyBat24,train,pouch,battery_powerbank,640,640,114,199,141,251,0.08640380859375
RB00258,19_5_F_3_po.jpg,RecyBat24,train,pouch,battery_powerbank,640,640,57,208,192,157,0.07359375
RB00259,21_1_F_1_po.jpg,RecyBat24,train,pouch,battery_powerbank,640,640,154,152,183,203,0.09069580078125
RB00260,5_3_F_1_po.jpg,RecyBat24,train,pouch,battery_powerbank,640,640,262,57,182,262,0.116416015625
RB00261,17_5_F_2_po.jpg,RecyBat24,train,pouch,battery_powerbank,640,640,210,138,169,256,0.105625
RB00262,18_5_F_1_po.jpg,RecyBat24,train,pouch,battery_powerbank,640,640,189,59,109,263,0.06998779296875
RB00263,10_2_F_3_po.jpg,RecyBat24,train,pouch,battery_powerbank,640,640,92,31,177,179,0.07735107421875
RB00264,10_4_F_2_po.jpg,RecyBat24,train,pouch,battery_powerbank,640,640,262,195,108,220,0.0580078125
RB00265,30_5_F_3_po.jpg,RecyBat24,train,pouch,battery_powerbank,640,640,245,297,227,134,0.0742626953125
RB00266,9_4_F_2_po.jpg,RecyBat24,train,pouch,battery_powerbank,640,640,203,211,184,200,0.08984375
RB00267,9_2_F_1_po.jpg,RecyBat24,train,pouch,battery_powerbank,640,640,253,247,199,247,0.12000244140625
RB00268,10_1_F_1_po.jpg,RecyBat24,train,pouch,battery_powerbank,640,640,76,151,180,194,0.08525390625
RB00269,16_3_F_3_po.jpg,RecyBat24,train,pouch,battery_powerbank,640,640,120,319,179,113,0.04938232421875
RB00270,17_3_F_3_po.jpg,RecyBat24,train,pouch,battery_powerbank,640,640,246,95,188,241,0.110615234375
RB00271,26_3_F_1_po.jpg,RecyBat24,train,pouch,battery_powerbank,640,640,317,263,170,227,0.0942138671875
RB00272,29_3_F_3_po.jpg,RecyBat24,train,pouch,battery_powerbank,640,640,244,245,175,253,0.10809326171875
RB00273,26_3_F_3_po.jpg,RecyBat24,train,pouch,battery_powerbank,640,640,272,128,171,237,0.09894287109375
RB00274,4_2_F_2_po.jpg,RecyBat24,train,pouch,battery_powerbank,640,640,116,2,169,239,0.09861083984375
RB00275,3_4_F_2_po.jpg,RecyBat24,train,pouch,battery_powerbank,640,640,244,79,201,263,0.12906005859375
RB00276,13_4_F_2_po.jpg,RecyBat24,train,pouch,battery_powerbank,640,640,99,271,179,222,0.0970166015625
RB00277,19_5_F_1_po.jpg,RecyBat24,train,pouch,battery_powerbank,640,640,201,175,77,225,0.04229736328125
RB00278,7_3_F_1_po.jpg,RecyBat24,train,pouch,battery_powerbank,640,640,117,137,186,273,0.1239697265625
RB00279,24_1_F_2_po.jpg,RecyBat24,train,pouch,battery_powerbank,640,640,92,198,174,199,0.0845361328125
RB00280,8_1_F_3_po.jpg,RecyBat24,train,pouch,battery_powerbank,640,640,223,179,172,227,0.095322265625
RB00281,27_4_F_3_po.jpg,RecyBat24,train,pouch,battery_powerbank,640,640,143,238,191,227,0.10585205078125
RB00282,17_1_F_3_po.jpg,RecyBat24,train,pouch,battery_powerbank,640,640,69,199,147,230,0.0825439453125
RB00283,8_5_F_3_po.jpg,RecyBat24,train,pouch,battery_powerbank,640,640,82,226,165,236,0.095068359375
RB00284,29_3_F_1_po.jpg,RecyBat24,train,pouch,battery_powerbank,640,640,161,270,198,251,0.1213330078125
RB00285,5_2_F_1_po.jpg,RecyBat24,train,pouch,battery_powerbank,640,640,197,259,188,238,0.10923828125
RB00286,16_3_F_1_po.jpg,RecyBat24,train,pouch,battery_powerbank,640,640,92,139,152,247,0.09166015625
RB00287,14_5_F_3_po.jpg,RecyBat24,train,pouch,battery_powerbank,640,640,94,137,145,230,0.0814208984375
RB00288,18_2_F_2_po.jpg,RecyBat24,train,pouch,battery_powerbank,640,640,202,228,184,97,0.04357421875
RB00289,4_1_F_1_po.jpg,RecyBat24,train,pouch,battery_powerbank,640,640,132,165,184,225,0.10107421875
RB00290,30_4_F_3_po.jpg,RecyBat24,train,pouch,battery_powerbank,640,640,89,127,146,317,0.1129931640625
RB00291,9_1_F_1_po.jpg,RecyBat24,train,pouch,battery_powerbank,640,640,141,183,176,184,0.0790625
RB00292,11_1_F_2_po.jpg,RecyBat24,train,pouch,battery_powerbank,640,640,93,211,191,211,0.09839111328125
RB00293,25_1_F_1_po.jpg,RecyBat24,train,pouch,battery_powerbank,640,640,240,215,164,145,0.058056640625
RB00294,18_2_F_3_po.jpg,RecyBat24,train,pouch,battery_powerbank,640,640,151,229,191,198,0.0923291015625
RB00295,24_5_F_1_po.jpg,RecyBat24,train,pouch,battery_powerbank,640,640,273,31,139,231,0.07839111328125
RB00296,20_3_F_1_po.jpg,RecyBat24,train,pouch,battery_powerbank,640,640,316,178,148,248,0.089609375
RB00297,11_2_F_1_po.jpg,RecyBat24,train,pouch,battery_powerbank,640,640,219,126,193,254,0.1196826171875
RB00298,17_4_F_2_po.jpg,RecyBat24,train,pouch,battery_powerbank,640,640,47,172,175,261,0.11151123046875
RB00299,8_3_F_1_po.jpg,RecyBat24,train,pouch,battery_powerbank,640,640,152,243,79,236,0.045517578125
RB00300,1_1_F_2_po.jpg,RecyBat24,train,pouch,battery_powerbank,640,640,104,119,207,266,0.1344287109375
RB00301,13_2_F_2_po.jpg,RecyBat24,train,pouch,battery_powerbank,640,640,224,162,142,255,0.0884033203125
RB00302,25_2_F_1_po.jpg,RecyBat24,train,pouch,battery_powerbank,640,640,131,234,177,175,0.07562255859375
RB00303,18_3_F_2_po.jpg,RecyBat24,train,pouch,battery_powerbank,640,640,116,174,161,246,0.0966943359375
RB00304,30_1_F_3_po.jpg,RecyBat24,train,pouch,battery_powerbank,640,640,104,223,202,300,0.14794921875
RB00305,18_4_F_2_po.jpg,RecyBat24,train,pouch,battery_powerbank,640,640,318,158,111,254,0.0688330078125
RB00306,7_5_F_1_po.jpg,RecyBat24,train,pouch,battery_powerbank,640,640,94,230,192,204,0.095625
RB00307,25_2_F_2_po.jpg,RecyBat24,train,pouch,battery_powerbank,640,640,149,46,91,228,0.050654296875
RB00308,29_1_F_1_po.jpg,RecyBat24,train,pouch,battery_powerbank,640,640,187,153,182,196,0.08708984375
RB00309,16_3_F_2_po.jpg,RecyBat24,train,pouch,battery_powerbank,640,640,180,255,185,142,0.0641357421875
RB00310,30_4_F_1_po.jpg,RecyBat24,train,pouch,battery_powerbank,640,640,263,131,170,316,0.13115234375
RB00311,5_4_F_3_po.jpg,RecyBat24,train,pouch,battery_powerbank,640,640,305,256,122,211,0.0628466796875
RB00312,1_3_F_3_po.jpg,RecyBat24,train,pouch,battery_powerbank,640,640,201,241,187,206,0.0940478515625
RB00313,3_4_F_3_po.jpg,RecyBat24,train,pouch,battery_powerbank,640,640,207,111,138,242,0.081533203125
RB00314,24_4_F_1_po.jpg,RecyBat24,train,pouch,battery_powerbank,640,640,322,240,137,218,0.0729150390625
RB00315,23_3_F_1_po.jpg,RecyBat24,train,pouch,battery_powerbank,640,640,170,246,228,218,0.12134765625
RB00316,14_2_F_3_po.jpg,RecyBat24,train,pouch,battery_powerbank,640,640,47,219,197,235,0.11302490234375
RB00317,30_5_F_2_po.jpg,RecyBat24,train,pouch,battery_powerbank,640,640,194,129,206,299,0.1503759765625
RB00318,16_1_F_3_po.jpg,RecyBat24,train,pouch,battery_powerbank,640,640,226,184,184,130,0.0583984375
RB00319,14_4_F_3_po.jpg,RecyBat24,train,pouch,battery_powerbank,640,640,204,34,172,259,0.108759765625
RB00320,30_3_F_2_po.jpg,RecyBat24,train,pouch,battery_powerbank,640,640,290,166,171,312,0.13025390625
RB00321,18_1_F_3_po.jpg,RecyBat24,train,pouch,battery_powerbank,640,640,96,159,193,125,0.05889892578125
RB00322,2_4_F_2_po.jpg,RecyBat24,train,pouch,battery_powerbank,640,640,166,282,311,255,0.19361572265625
RB00323,8_2_F_1_po.jpg,RecyBat24,train,pouch,battery_powerbank,640,640,179,243,174,103,0.0437548828125
RB00324,19_4_F_1_po.jpg,RecyBat24,train,pouch,battery_powerbank,640,640,182,178,182,223,0.0990869140625
RB00325,6_4_F_3_po.jpg,RecyBat24,train,pouch,battery_powerbank,640,640,71,285,88,241,0.05177734375
RB00326,27_1_F_2_po.jpg,RecyBat24,train,pouch,battery_powerbank,640,640,259,149,193,248,0.11685546875
RB00327,21_4_F_3_po.jpg,RecyBat24,train,pouch,battery_powerbank,640,640,271,165,114,207,0.0576123046875
RB00328,29_1_F_2_po.jpg,RecyBat24,train,pouch,battery_powerbank,640,640,110,176,196,264,0.126328125
RB00329,19_2_F_1_po.jpg,RecyBat24,train,pouch,battery_powerbank,640,640,153,99,196,182,0.08708984375
RB00330,12_5_F_3_po.jpg,RecyBat24,train,pouch,battery_powerbank,640,640,114,165,188,136,0.062421875
RB00331,25_4_F_2_po.jpg,RecyBat24,train,pouch,battery_powerbank,640,640,285,177,139,207,0.07024658203125
RB00332,20_5_F_1_po.jpg,RecyBat24,train,pouch,battery_powerbank,640,640,103,253,157,241,0.09237548828125
RB00333,17_1_F_2_po.jpg,RecyBat24,train,pouch,battery_powerbank,640,640,207,0,164,252,0.1008984375
RB00334,19_2_F_2_po.jpg,RecyBat24,train,pouch,battery_powerbank,640,640,240,276,173,136,0.05744140625
RB00335,18_3_F_3_po.jpg,RecyBat24,train,pouch,battery_powerbank,640,640,308,83,153,243,0.09076904296875
RB00336,3_2_F_2_po.jpg,RecyBat24,train,pouch,battery_powerbank,640,640,207,201,188,217,0.099599609375
RB00337,23_3_F_3_po.jpg,RecyBat24,train,pouch,battery_powerbank,640,640,134,63,205,324,0.162158203125
RB00338,26_1_F_1_po.jpg,RecyBat24,train,pouch,battery_powerbank,640,640,212,247,183,112,0.0500390625
RB00339,26_1_F_2_po.jpg,RecyBat24,train,pouch,battery_powerbank,640,640,163,218,195,177,0.08426513671875
RB00340,12_5_F_1_po.jpg,RecyBat24,train,pouch,battery_powerbank,640,640,189,43,120,258,0.0755859375
RB00341,14_4_F_1_po.jpg,RecyBat24,train,pouch,battery_powerbank,640,640,72,241,149,232,0.08439453125
RB00342,9_1_F_2_po.jpg,RecyBat24,train,pouch,battery_powerbank,640,640,171,199,177,260,0.112353515625
RB00343,27_4_F_1_po.jpg,RecyBat24,train,pouch,battery_powerbank,640,640,76,71,188,202,0.09271484375
RB00344,13_2_F_3_po.jpg,RecyBat24,train,pouch,battery_powerbank,640,640,212,211,143,247,0.08623291015625
RB00345,12_2_F_2_po.jpg,RecyBat24,train,pouch,battery_powerbank,640,640,137,169,188,209,0.095927734375
RB00346,18_1_F_1_po.jpg,RecyBat24,train,pouch,battery_powerbank,640,640,179,230,191,148,0.069013671875
RB00347,24_2_F_3_po.jpg,RecyBat24,train,pouch,battery_powerbank,640,640,104,242,164,211,0.084482421875
RB00348,6_2_F_3_po.jpg,RecyBat24,train,pouch,battery_powerbank,640,640,219,243,191,189,0.08813232421875
RB00349,11_5_F_2_po.jpg,RecyBat24,train,pouch,battery_powerbank,640,640,114,276,170,248,0.1029296875
RB00350,22_1_F_2_po.jpg,RecyBat24,train,pouch,battery_powerbank,640,640,271,219,142,247,0.0856298828125
RB00351,19_4_F_3_po.jpg,RecyBat24,train,pouch,battery_powerbank,640,640,78,292,195,177,0.08426513671875
RB00352,21_5_F_2_po.jpg,RecyBat24,train,pouch,battery_powerbank,640,640,209,150,189,229,0.10566650390625
RB00353,9_2_F_3_po.jpg,RecyBat24,train,pouch,battery_powerbank,640,640,190,76,187,207,0.09450439453125
RB00354,9_3_F_1_po.jpg,RecyBat24,train,pouch,battery_powerbank,640,640,299,58,203,258,0.1278662109375
RB00355,12_4_F_1_po.jpg,RecyBat24,train,pouch,battery_powerbank,640,640,102,188,115,245,0.06878662109375
RB00356,28_5_F_3_po.jpg,RecyBat24,train,pouch,battery_powerbank,640,640,230,97,170,229,0.0950439453125
RB00357,1_5_F_2_po.jpg,RecyBat24,train,pouch,battery_powerbank,640,640,184,173,177,259,0.11192138671875
RB00358,23_2_F_2_po.jpg,RecyBat24,train,pouch,battery_powerbank,640,640,271,137,200,321,0.15673828125
RB00359,17_1_F_1_po.jpg,RecyBat24,train,pouch,battery_powerbank,640,640,132,156,183,210,0.0938232421875
RB00360,6_5_F_1_po.jpg,RecyBat24,train,pouch,battery_powerbank,640,640,346,82,91,252,0.055986328125
RB00361,5_2_F_3_po.jpg,RecyBat24,train,pouch,battery_powerbank,640,640,205,58,193,239,0.11261474609375
RB00362,23_5_F_3_po.jpg,RecyBat24,train,pouch,battery_powerbank,640,640,66,172,224,317,0.173359375
RB00363,6_3_F_2_po.jpg,RecyBat24,train,pouch,battery_powerbank,640,640,153,74,81,252,0.049833984375
RB00364,12_4_F_2_po.jpg,RecyBat24,train,pouch,battery_powerbank,640,640,210,181,176,228,0.09796875
RB00365,22_3_F_1_po.jpg,RecyBat24,train,pouch,battery_powerbank,640,640,113,173,193,140,0.065966796875
RB00366,2_5_F_2_po.jpg,RecyBat24,train,pouch,battery_powerbank,640,640,133,29,180,428,0.1880859375
RB00367,10_3_F_2_po.jpg,RecyBat24,train,pouch,battery_powerbank,640,640,262,95,159,133,0.05162841796875
RB00368,20_2_F_3_po.jpg,RecyBat24,train,pouch,battery_powerbank,640,640,121,102,192,128,0.06
RB00369,22_4_F_3_po.jpg,RecyBat24,train,pouch,battery_powerbank,640,640,268,85,153,256,0.095625
RB00370,28_4_F_1_po.jpg,RecyBat24,train,pouch,battery_powerbank,640,640,212,289,175,121,0.05169677734375
RB00371,13_3_F_2_po.jpg,RecyBat24,train,pouch,battery_powerbank,640,640,291,81,76,246,0.04564453125
RB00372,14_3_F_3_po.jpg,RecyBat24,train,pouch,battery_powerbank,640,640,222,273,159,158,0.0613330078125
RB00373,13_1_F_3_po.jpg,RecyBat24,train,pouch,battery_powerbank,640,640,162,88,187,221,0.10089599609375
RB00374,29_2_F_3_po.jpg,RecyBat24,train,pouch,battery_powerbank,640,640,142,318,184,202,0.0907421875
RB00375,20_4_F_3_po.jpg,RecyBat24,train,pouch,battery_powerbank,640,640,224,140,172,236,0.0991015625
RB00376,25_5_F_1_po.jpg,RecyBat24,train,pouch,battery_powerbank,640,640,241,223,167,143,0.05830322265625
RB00377,14_1_F_1_po.jpg,RecyBat24,train,pouch,battery_powerbank,640,640,142,156,197,238,0.1144677734375
RB00378,10_3_F_3_po.jpg,RecyBat24,train,pouch,battery_powerbank,640,640,90,294,164,144,0.05765625
RB00379,6_5_F_2_po.jpg,RecyBat24,train,pouch,battery_powerbank,640,640,29,52,108,263,0.069345703125
RB00380,27_5_F_3_po.jpg,RecyBat24,train,pouch,battery_powerbank,640,640,76,241,194,247,0.1169873046875
RB00381,1_3_F_1_po.jpg,RecyBat24,train,pouch,battery_powerbank,640,640,140,10,201,233,0.11433837890625
RB00382,27_2_F_3_po.jpg,RecyBat24,train,pouch,battery_powerbank,640,640,91,118,163,242,0.0963037109375
RB00383,12_1_F_1_po.jpg,RecyBat24,train,pouch,battery_powerbank,640,640,167,239,176,102,0.043828125
RB00384,12_3_F_1_po.jpg,RecyBat24,train,pouch,battery_powerbank,640,640,242,294,187,162,0.0739599609375
RB00385,3_1_F_2_po.jpg,RecyBat24,train,pouch,battery_powerbank,640,640,0,21,189,234,0.1079736328125
RB00386,22_5_F_1_po.jpg,RecyBat24,train,pouch,battery_powerbank,640,640,95,241,87,242,0.0514013671875
RB00387,23_5_F_2_po.jpg,RecyBat24,train,pouch,battery_powerbank,640,640,168,231,215,196,0.102880859375
RB00388,23_1_F_1_po.jpg,RecyBat24,train,pouch,battery_powerbank,640,640,117,139,211,176,0.0906640625
RB00389,19_2_F_3_po.jpg,RecyBat24,train,pouch,battery_powerbank,640,640,130,201,183,216,0.09650390625
RB00390,16_5_F_1_po.jpg,RecyBat24,train,pouch,battery_powerbank,640,640,107,287,185,169,0.07633056640625
RB00391,28_2_F_1_po.jpg,RecyBat24,train,pouch,battery_powerbank,640,640,217,192,77,229,0.04304931640625
RB00392,22_3_F_2_po.jpg,RecyBat24,train,pouch,battery_powerbank,640,640,131,112,172,243,0.102041015625
RB00393,30_5_F_1_po.jpg,RecyBat24,train,pouch,battery_powerbank,640,640,104,265,226,118,0.065107421875
RB00394,11_4_F_3_po.jpg,RecyBat24,train,pouch,battery_powerbank,640,640,284,212,180,210,0.09228515625
RB00395,22_2_F_3_po.jpg,RecyBat24,train,pouch,battery_powerbank,640,640,122,273,191,180,0.083935546875
RB00396,23_4_F_1_po.jpg,RecyBat24,train,pouch,battery_powerbank,640,640,97,141,156,286,0.10892578125
RB00397,26_4_F_1_po.jpg,RecyBat24,train,pouch,battery_powerbank,640,640,314,264,172,225,0.094482421875
RB00398,9_5_F_1_po.jpg,RecyBat24,train,pouch,battery_powerbank,640,640,108,290,134,224,0.07328125
RB00399,7_1_F_3_po.jpg,RecyBat24,train,pouch,battery_powerbank,640,640,152,184,185,187,0.08446044921875
RB00400,4_4_F_2_po.jpg,RecyBat24,train,pouch,battery_powerbank,640,640,146,204,164,230,0.09208984375
RB00401,9_3_F_3_po.jpg,RecyBat24,train,pouch,battery_powerbank,640,640,294,113,179,267,0.11668212890625
RB00402,17_2_F_2_po.jpg,RecyBat24,train,pouch,battery_powerbank,640,640,195,169,189,248,0.11443359375
RB00403,28_1_F_2_po.jpg,RecyBat24,train,pouch,battery_powerbank,640,640,167,38,93,251,0.05698974609375
RB00404,23_2_F_1_po.jpg,RecyBat24,train,pouch,battery_powerbank,640,640,97,146,244,279,0.166201171875
RB00405,9_4_F_3_po.jpg,RecyBat24,train,pouch,battery_powerbank,640,640,183,215,191,266,0.1240380859375
RB00406,23_1_F_3_po.jpg,RecyBat24,train,pouch,battery_powerbank,640,640,110,41,238,308,0.17896484375
RB00407,24_3_F_2_po.jpg,RecyBat24,train,pouch,battery_powerbank,640,640,122,230,128,216,0.0675
RB00408,3_3_F_2_po.jpg,RecyBat24,train,pouch,battery_powerbank,640,640,175,191,200,260,0.126953125
RB00409,22_4_F_2_po.jpg,RecyBat24,train,pouch,battery_powerbank,640,640,108,215,175,230,0.0982666015625
RB00410,17_2_F_1_po.jpg,RecyBat24,train,pouch,battery_powerbank,640,640,164,80,187,258,0.1177880859375
RB00411,12_2_F_3_po.jpg,RecyBat24,train,pouch,battery_powerbank,640,640,204,113,184,151,0.06783203125
RB00412,23_4_F_2_po.jpg,RecyBat24,train,pouch,battery_powerbank,640,640,65,68,240,259,0.1517578125
RB00413,7_2_F_3_po.jpg,RecyBat24,train,pouch,battery_powerbank,640,640,185,175,183,265,0.11839599609375
RB00414,5_2_F_2_po.jpg,RecyBat24,train,pouch,battery_powerbank,640,640,183,318,178,188,0.08169921875
RB00415,26_2_F_2_po.jpg,RecyBat24,train,pouch,battery_powerbank,640,640,134,254,188,118,0.05416015625
RB00416,6_1_F_3_po.jpg,RecyBat24,train,pouch,battery_powerbank,640,640,82,147,171,246,0.1027001953125
RB00417,12_1_F_2_po.jpg,RecyBat24,train,pouch,battery_powerbank,640,640,197,2,184,229,0.10287109375
RB00418,8_2_F_3_po.jpg,RecyBat24,train,pouch,battery_powerbank,640,640,264,70,182,163,0.0724267578125
RB00419,29_5_F_2_po.jpg,RecyBat24,train,pouch,battery_powerbank,640,640,108,116,199,230,0.1117431640625
RB00420,10_5_F_3_po.jpg,RecyBat24,train,pouch,battery_powerbank,640,640,68,246,147,226,0.0811083984375
RB00421,8_1_F_1_po.jpg,RecyBat24,train,pouch,battery_powerbank,640,640,146,187,185,161,0.07271728515625
RB00422,24_5_F_3_po.jpg,RecyBat24,train,pouch,battery_powerbank,640,640,191,276,153,118,0.0440771484375
RB00423,24_5_F_3_po.jpg,RecyBat24,train,pouch,battery_powerbank,640,640,187,273,157,119,0.04561279296875
RB00424,24_5_F_3_po.jpg,RecyBat24,train,pouch,battery_powerbank,640,640,157,273,189,129,0.05952392578125
RB00425,11_3_F_2_po.jpg,RecyBat24,train,pouch,battery_powerbank,640,640,244,106,187,260,0.118701171875
RB00426,22_1_F_1_po.jpg,RecyBat24,train,pouch,battery_powerbank,640,640,215,77,85,250,0.0518798828125
RB00427,2_1_F_2_po.jpg,RecyBat24,train,pouch,battery_powerbank,640,640,89,67,323,251,0.19793212890625
RB00428,10_2_F_1_po.jpg,RecyBat24,train,pouch,battery_powerbank,640,640,132,283,166,146,0.059169921875
RB00429,23_4_F_3_po.jpg,RecyBat24,train,pouch,battery_powerbank,640,640,214,72,186,315,0.1430419921875
RB00430,24_3_F_3_po.jpg,RecyBat24,train,pouch,battery_powerbank,640,640,262,280,153,138,0.0515478515625
RB00431,8_1_F_2_po.jpg,RecyBat24,train,pouch,battery_powerbank,640,640,97,234,182,149,0.0662060546875
RB00432,27_2_F_1_po.jpg,RecyBat24,train,pouch,battery_powerbank,640,640,172,178,172,248,0.104140625
RB00433,16_5_F_2_po.jpg,RecyBat24,train,pouch,battery_powerbank,640,640,206,111,170,234,0.097119140625
RB00434,25_5_F_2_po.jpg,RecyBat24,train,pouch,battery_powerbank,640,640,137,204,120,210,0.0615234375
RB00435,19_3_F_1_po.jpg,RecyBat24,train,pouch,battery_powerbank,640,640,171,222,187,177,0.08080810546875
RB00436,11_2_F_2_po.jpg,RecyBat24,train,pouch,battery_powerbank,640,640,204,218,176,191,0.0820703125
RB00437,25_5_F_3_po.jpg,RecyBat24,train,pouch,battery_powerbank,640,640,179,231,158,202,0.077919921875
RB00438,8_4_F_2_po.jpg,RecyBat24,train,pouch,battery_powerbank,640,640,221,201,181,210,0.0927978515625
RB00439,14_3_F_2_po.jpg,RecyBat24,train,pouch,battery_powerbank,640,640,65,208,176,251,0.1078515625
RB00440,30_3_F_1_po.jpg,RecyBat24,train,pouch,battery_powerbank,640,640,61,112,127,313,0.09704833984375
RB00441,4_4_F_3_po.jpg,RecyBat24,train,pouch,battery_powerbank,640,640,253,218,165,233,0.09385986328125
RB00442,8_4_F_1_po.jpg,RecyBat24,train,pouch,battery_powerbank,640,640,256,245,178,151,0.0656201171875
RB00443,12_3_F_3_po.jpg,RecyBat24,train,pouch,battery_powerbank,640,640,201,315,188,162,0.07435546875
RB00444,10_5_F_2_po.jpg,RecyBat24,train,pouch,battery_powerbank,640,640,137,152,175,200,0.08544921875
RB00445,1_4_F_3_po.jpg,RecyBat24,train,pouch,battery_powerbank,640,640,6,42,211,276,0.142177734375
RB00446,28_2_F_2_po.jpg,RecyBat24,train,pouch,battery_powerbank,640,640,135,264,190,125,0.0579833984375
RB00447,1_2_F_1_po.jpg,RecyBat24,train,pouch,battery_powerbank,640,640,315,220,194,249,0.1179345703125
RB00448,20_1_F_3_po.jpg,RecyBat24,train,pouch,battery_powerbank,640,640,166,199,155,243,0.09195556640625
RB00449,11_1_F_3_po.jpg,RecyBat24,train,pouch,battery_powerbank,640,640,5,10,203,279,0.13827392578125
RB00450,19_4_F_2_po.jpg,RecyBat24,train,pouch,battery_powerbank,640,640,137,117,142,252,0.08736328125
RB00451,25_3_F_2_po.jpg,RecyBat24,train,pouch,battery_powerbank,640,640,255,66,167,164,0.066865234375
RB00452,13_4_F_3_po.jpg,RecyBat24,train,pouch,battery_powerbank,640,640,309,135,133,252,0.081826171875
RB00453,22_2_F_1_po.jpg,RecyBat24,train,pouch,battery_powerbank,640,640,191,222,174,232,0.0985546875
RB00454,26_5_F_2_po.jpg,RecyBat24,train,pouch,battery_powerbank,640,640,189,239,184,179,0.08041015625
RB00455,10_4_F_1_po.jpg,RecyBat24,train,pouch,battery_powerbank,640,640,56,224,152,229,0.08498046875
RB00456,28_3_F_3_po.jpg,RecyBat24,train,pouch,battery_powerbank,640,640,159,335,180,149,0.065478515625
RB00457,13_5_F_1_po.jpg,RecyBat24,train,pouch,battery_powerbank,640,640,104,264,181,99,0.04374755859375
RB00458,1_2_F_2_po.jpg,RecyBat24,train,pouch,battery_powerbank,640,640,240,186,176,258,0.110859375
RB00459,25_4_F_3_po.jpg,RecyBat24,train,pouch,battery_powerbank,640,640,331,220,161,155,0.06092529296875
RB00460,24_5_F_2_po.jpg,RecyBat24,train,pouch,battery_powerbank,640,640,91,212,133,224,0.072734375
RB00461,25_1_F_3_po.jpg,RecyBat24,train,pouch,battery_powerbank,640,640,109,239,173,170,0.0718017578125
RB00462,21_4_F_1_po.jpg,RecyBat24,train,pouch,battery_powerbank,640,640,263,87,165,252,0.101513671875
RB00463,30_2_F_3_po.jpg,RecyBat24,train,pouch,battery_powerbank,640,640,63,93,210,309,0.1584228515625
RB00464,11_4_F_2_po.jpg,RecyBat24,train,pouch,battery_powerbank,640,640,77,33,156,249,0.094833984375
RB00465,2_2_F_3_po.jpg,RecyBat24,train,pouch,battery_powerbank,640,640,1,94,305,390,0.2904052734375
RB00466,24_1_F_3_po.jpg,RecyBat24,train,pouch,battery_powerbank,640,640,42,66,171,231,0.09643798828125
RB00467,6_2_F_2_po.jpg,RecyBat24,train,pouch,battery_powerbank,640,640,198,222,175,229,0.09783935546875
RB00468,7_4_F_2_po.jpg,RecyBat24,train,pouch,battery_powerbank,640,640,105,153,201,227,0.11139404296875
RB00469,1_4_F_1_po.jpg,RecyBat24,train,pouch,battery_powerbank,640,640,49,194,137,230,0.0769287109375
RB00470,29_5_F_3_po.jpg,RecyBat24,train,pouch,battery_powerbank,640,640,93,44,136,241,0.08001953125
RB00471,3_1_F_1_po.jpg,RecyBat24,train,pouch,battery_powerbank,640,640,101,164,206,248,0.1247265625
RB00472,16_4_F_1_po.jpg,RecyBat24,train,pouch,battery_powerbank,640,640,242,150,180,117,0.051416015625
RB00473,25_1_F_2_po.jpg,RecyBat24,train,pouch,battery_powerbank,640,640,151,180,118,226,0.065107421875
RB00474,3_3_F_3_po.jpg,RecyBat24,train,pouch,battery_powerbank,640,640,123,102,205,257,0.12862548828125
RB00475,9_1_F_3_po.jpg,RecyBat24,train,pouch,battery_powerbank,640,640,87,208,197,209,0.10052001953125
RB00476,27_3_F_1_po.jpg,RecyBat24,train,pouch,battery_powerbank,640,640,93,250,184,193,0.08669921875
RB00477,30_1_F_1_po.jpg,RecyBat24,train,pouch,battery_powerbank,640,640,113,121,234,267,0.1525341796875
RB00478,3_5_F_1_po.jpg,RecyBat24,train,pouch,battery_powerbank,640,640,62,157,161,250,0.0982666015625
RB00479,21_2_F_3_po.jpg,RecyBat24,train,pouch,battery_powerbank,640,640,114,45,202,246,0.121318359375
RB00480,17_2_F_3_po.jpg,RecyBat24,train,pouch,battery_powerbank,640,640,215,226,148,236,0.0852734375
RB00481,4_3_F_2_po.jpg,RecyBat24,train,pouch,battery_powerbank,640,640,237,148,183,244,0.109013671875
RB00482,23_1_F_2_po.jpg,RecyBat24,train,pouch,battery_powerbank,640,640,115,124,231,312,0.17595703125
RB00483,25_2_F_3_po.jpg,RecyBat24,train,pouch,battery_powerbank,640,640,130,44,157,241,0.09237548828125
RB00484,21_1_F_3_po.jpg,RecyBat24,train,pouch,battery_powerbank,640,640,229,126,160,161,0.062890625
RB00485,26_4_F_2_po.jpg,RecyBat24,train,pouch,battery_powerbank,640,640,397,117,79,244,0.047060546875
RB00486,25_3_F_3_po.jpg,RecyBat24,train,pouch,battery_powerbank,640,640,318,24,116,223,0.063154296875
RB00487,9_5_F_2_po.jpg,RecyBat24,train,pouch,battery_powerbank,640,640,82,204,205,264,0.13212890625
RB00488,24_2_F_2_po.jpg,RecyBat24,train,pouch,battery_powerbank,640,640,117,54,170,185,0.0767822265625
RB00489,11_3_F_3_po.jpg,RecyBat24,train,pouch,battery_powerbank,640,640,64,304,187,206,0.0940478515625
RB00490,11_2_F_3_po.jpg,RecyBat24,train,pouch,battery_powerbank,640,640,164,186,197,248,0.11927734375
RB00491,13_5_F_3_po.jpg,RecyBat24,train,pouch,battery_powerbank,640,640,182,189,173,230,0.0971435546875
RB00492,18_4_F_3_po.jpg,RecyBat24,train,pouch,battery_powerbank,640,640,98,44,125,266,0.0811767578125
RB00493,14_1_F_3_po.jpg,RecyBat24,train,pouch,battery_powerbank,640,640,86,124,179,254,0.1110009765625
RB00494,19_5_F_2_po.jpg,RecyBat24,train,pouch,battery_powerbank,640,640,208,64,112,260,0.07109375
RB00495,10_1_F_2_po.jpg,RecyBat24,train,pouch,battery_powerbank,640,640,158,173,144,231,0.0812109375
RB00496,23_2_F_3_po.jpg,RecyBat24,train,pouch,battery_powerbank,640,640,171,187,229,219,0.12243896484375
RB00497,29_3_F_2_po.jpg,RecyBat24,train,pouch,battery_powerbank,640,640,228,231,192,221,0.10359375
RB00498,21_1_F_2_po.jpg,RecyBat24,train,pouch,battery_powerbank,640,640,149,74,196,238,0.11388671875
RB00499,22_3_F_3_po.jpg,RecyBat24,train,pouch,battery_powerbank,640,640,114,176,194,182,0.086201171875
RB00500,1_1_F_1_po.jpg,RecyBat24,train,pouch,battery_powerbank,640,640,132,238,194,212,0.10041015625
RB00501,25_4_F_1_po.jpg,RecyBat24,train,pouch,battery_powerbank,640,640,257,0,164,195,0.078076171875
RB00502,5_1_F_1_po.jpg,RecyBat24,train,pouch,battery_powerbank,640,640,160,194,180,194,0.08525390625
RB00503,17_5_F_3_po.jpg,RecyBat24,train,pouch,battery_powerbank,640,640,62,31,162,256,0.10125
RB00504,20_5_F_3_po.jpg,RecyBat24,train,pouch,battery_powerbank,640,640,262,27,152,262,0.0972265625
RB00505,8_2_F_2_po.jpg,RecyBat24,train,pouch,battery_powerbank,640,640,252,180,149,242,0.0880322265625
RB00506,30_2_F_1_po.jpg,RecyBat24,train,pouch,battery_powerbank,640,640,145,333,235,167,0.09581298828125
RB00507,1_3_F_2_po.jpg,RecyBat24,train,pouch,battery_powerbank,640,640,126,240,177,255,0.11019287109375
RB00508,1_5_F_3_po.jpg,RecyBat24,train,pouch,battery_powerbank,640,640,15,263,204,230,0.11455078125
RB00509,6_2_F_1_po.jpg,RecyBat24,train,pouch,battery_powerbank,640,640,210,197,174,232,0.0985546875
RB00510,26_2_F_1_po.jpg,RecyBat24,train,pouch,battery_powerbank,640,640,210,158,105,250,0.0640869140625
RB00511,7_1_F_2_po.jpg,RecyBat24,train,pouch,battery_powerbank,640,640,128,180,199,257,0.12486083984375
RB00512,7_3_F_3_po.jpg,RecyBat24,train,pouch,battery_powerbank,640,640,290,214,171,255,0.10645751953125
RB00513,19_1_F_1_po.jpg,RecyBat24,train,pouch,battery_powerbank,640,640,129,203,183,188,0.083994140625
RB00514,22_5_F_2_po.jpg,RecyBat24,train,pouch,battery_powerbank,640,640,234,202,165,233,0.09385986328125
RB00515,17_4_F_1_po.jpg,RecyBat24,train,pouch,battery_powerbank,640,640,94,197,188,254,0.11658203125
RB00516,11_1_F_1_po.jpg,RecyBat24,train,pouch,battery_powerbank,640,640,98,148,203,252,0.124892578125
RB00517,26_4_F_3_po.jpg,RecyBat24,train,pouch,battery_powerbank,640,640,220,93,193,125,0.05889892578125
RB00518,26_3_F_2_po.jpg,RecyBat24,train,pouch,battery_powerbank,640,640,278,47,196,198,0.09474609375
RB00519,27_1_F_1_po.jpg,RecyBat24,train,pouch,battery_powerbank,640,640,221,168,158,167,0.0644189453125
RB00520,3_5_F_2_po.jpg,RecyBat24,train,pouch,battery_powerbank,640,640,103,54,203,249,0.12340576171875
RB00521,2_4_F_3_po.jpg,RecyBat24,train,pouch,battery_powerbank,640,640,182,35,255,438,0.2726806640625
RB00522,3_1_F_3_po.jpg,RecyBat24,train,pouch,battery_powerbank,640,640,260,199,197,253,0.12168212890625
RB00523,27_5_F_1_po.jpg,RecyBat24,train,pouch,battery_powerbank,640,640,286,161,182,219,0.0973095703125
RB00524,13_5_F_2_po.jpg,RecyBat24,train,pouch,battery_powerbank,640,640,85,162,198,202,0.097646484375
RB00525,12_3_F_2_po.jpg,RecyBat24,train,pouch,battery_powerbank,640,640,117,11,116,261,0.073916015625
RB00526,25_3_F_1_po.jpg,RecyBat24,train,pouch,battery_powerbank,640,640,82,110,121,233,0.06883056640625
RB00527,21_3_F_1_po.jpg,RecyBat24,train,pouch,battery_powerbank,640,640,185,181,142,229,0.0793896484375
RB00528,21_2_F_1_po.jpg,RecyBat24,train,pouch,battery_powerbank,640,640,73,171,176,251,0.1078515625
RB00529,21_3_F_3_po.jpg,RecyBat24,train,pouch,battery_powerbank,640,640,179,155,162,245,0.0968994140625
RB00530,4_2_F_1_po.jpg,RecyBat24,train,pouch,battery_powerbank,640,640,205,47,180,251,0.110302734375
RB00531,16_4_F_3_po.jpg,RecyBat24,train,pouch,battery_powerbank,640,640,72,110,117,253,0.07226806640625
RB00532,2_3_F_2_po.jpg,RecyBat24,train,pouch,battery_powerbank,640,640,119,115,328,330,0.2642578125
RB00533,11_4_F_1_po.jpg,RecyBat24,train,pouch,battery_powerbank,640,640,129,218,186,255,0.1157958984375
RB00534,27_3_F_3_po.jpg,RecyBat24,train,pouch,battery_powerbank,640,640,161,29,184,268,0.120390625
RB00535,18_5_F_2_po.jpg,RecyBat24,train,pouch,battery_powerbank,640,640,180,25,153,264,0.09861328125
RB00536,26_1_F_3_po.jpg,RecyBat24,train,pouch,battery_powerbank,640,640,64,142,198,123,0.0594580078125
RB00537,20_1_F_1_po.jpg,RecyBat24,train,pouch,battery_powerbank,640,640,96,154,196,149,0.071298828125
RB00538,8_5_F_2_po.jpg,RecyBat24,train,pouch,battery_powerbank,640,640,123,224,77,235,0.04417724609375
RB00539,8_3_F_2_po.jpg,RecyBat24,train,pouch,battery_powerbank,640,640,172,44,143,253,0.08832763671875
RB00540,16_1_F_1_po.jpg,RecyBat24,train,pouch,battery_powerbank,640,640,141,150,190,193,0.0895263671875
RB00541,5_4_F_2_po.jpg,RecyBat24,train,pouch,battery_powerbank,640,640,166,95,193,251,0.11826904296875
RB00542,6_1_F_1_po.jpg,RecyBat24,train,pouch,battery_powerbank,640,640,173,71,113,261,0.07200439453125
RB00543,11_5_F_3_po.jpg,RecyBat24,train,pouch,battery_powerbank,640,640,293,133,195,248,0.11806640625
RB00544,4_1_F_3_po.jpg,RecyBat24,train,pouch,battery_powerbank,640,640,297,244,163,194,0.0772021484375
RB00545,13_1_F_1_po.jpg,RecyBat24,train,pouch,battery_powerbank,640,640,159,201,193,149,0.07020751953125
RB00546,13_1_F_2_po.jpg,RecyBat24,train,pouch,battery_powerbank,640,640,86,78,174,247,0.1049267578125
RB00547,2_3_F_1_po.jpg,RecyBat24,train,pouch,battery_powerbank,640,640,17,223,326,383,0.3048291015625
RB00548,27_1_F_3_po.jpg,RecyBat24,train,pouch,battery_powerbank,640,640,206,177,181,252,0.111357421875
RB00549,14_2_F_1_po.jpg,RecyBat24,train,pouch,battery_powerbank,640,640,220,169,191,237,0.11051513671875
RB00550,28_1_F_3_po.jpg,RecyBat24,train,pouch,battery_powerbank,640,640,204,43,139,262,0.0889111328125
RB00551,18_1_F_2_po.jpg,RecyBat24,train,pouch,battery_powerbank,640,640,236,115,139,258,0.0875537109375
RB00552,2_5_F_3_po.jpg,RecyBat24,train,pouch,battery_powerbank,640,640,43,118,316,415,0.320166015625
RB00553,13_4_F_1_po.jpg,RecyBat24,train,pouch,battery_powerbank,640,640,135,58,170,256,0.10625
RB00554,27_2_F_2_po.jpg,RecyBat24,train,pouch,battery_powerbank,640,640,151,196,183,248,0.11080078125
RB00555,2_1_F_3_po.jpg,RecyBat24,train,pouch,battery_powerbank,640,640,67,77,318,413,0.3206396484375
RB00556,14_5_F_2_po.jpg,RecyBat24,train,pouch,battery_powerbank,640,640,62,143,162,240,0.094921875
RB00557,16_5_F_3_po.jpg,RecyBat24,train,pouch,battery_powerbank,640,640,0,131,157,251,0.09620849609375
RB00558,17_5_F_1_po.jpg,RecyBat24,train,pouch,battery_powerbank,640,640,0,27,170,264,0.1095703125
RB00559,1_4_F_2_po.jpg,RecyBat24,train,pouch,battery_powerbank,640,640,132,3,154,234,0.087978515625
RB00560,9_5_F_3_po.jpg,RecyBat24,train,pouch,battery_powerbank,640,640,49,221,183,191,0.08533447265625
RB00561,26_5_F_1_po.jpg,RecyBat24,train,pouch,battery_powerbank,640,640,112,104,193,122,0.0574853515625
RB00562,24_4_F_2_po.jpg,RecyBat24,train,pouch,battery_powerbank,640,640,276,267,160,181,0.070703125
RB00563,18_2_F_1_po.jpg,RecyBat24,train,pouch,battery_powerbank,640,640,107,258,167,234,0.0954052734375
RB00564,10_2_F_2_po.jpg,RecyBat24,train,pouch,battery_powerbank,640,640,130,98,178,160,0.06953125
RB00565,26_5_F_3_po.jpg,RecyBat24,train,pouch,battery_powerbank,640,640,123,174,100,250,0.06103515625
RB00566,29_1_F_3_po.jpg,RecyBat24,train,pouch,battery_powerbank,640,640,105,10,213,255,0.13260498046875
RB00567,8_5_F_1_po.jpg,RecyBat24,train,pouch,battery_powerbank,640,640,254,0,150,259,0.0948486328125
RB00568,4_5_F_3_po.jpg,RecyBat24,train,pouch,battery_powerbank,640,640,239,175,169,201,0.08293212890625
RB00569,7_4_F_1_po.jpg,RecyBat24,train,pouch,battery_powerbank,640,640,97,39,208,243,0.1233984375
RB00570,29_2_F_2_po.jpg,RecyBat24,train,pouch,battery_powerbank,640,640,180,6,209,262,0.1336865234375
RB00571,16_4_F_2_po.jpg,RecyBat24,train,pouch,battery_powerbank,640,640,167,115,103,252,0.063369140625
RB00572,21_5_F_3_po.jpg,RecyBat24,train,pouch,battery_powerbank,640,640,210,0,188,264,0.121171875
RB00573,27_5_F_2_po.jpg,RecyBat24,train,pouch,battery_powerbank,640,640,205,178,182,252,0.11197265625
RB00574,16_1_F_2_po.jpg,RecyBat24,train,pouch,battery_powerbank,640,640,108,292,182,107,0.0475439453125
RB00575,6_4_F_1_po.jpg,RecyBat24,train,pouch,battery_powerbank,640,640,127,122,140,259,0.088525390625
RB00576,7_2_F_2_po.jpg,RecyBat24,train,pouch,battery_powerbank,640,640,243,118,194,263,0.1245654296875
RB00577,21_3_F_2_po.jpg,RecyBat24,train,pouch,battery_powerbank,640,640,332,107,144,233,0.0819140625
RB00578,27_3_F_2_po.jpg,RecyBat24,train,pouch,battery_powerbank,640,640,129,65,197,249,0.11975830078125
RB00579,17_3_F_1_po.jpg,RecyBat24,train,pouch,battery_powerbank,640,640,259,132,186,232,0.1053515625
RB00580,9_2_F_2_po.jpg,RecyBat24,train,pouch,battery_powerbank,640,640,8,50,195,277,0.13187255859375
RB00581,29_4_F_1_po.jpg,RecyBat24,train,pouch,battery_powerbank,640,640,225,120,167,168,0.06849609375
RB00582,7_5_F_3_po.jpg,RecyBat24,train,pouch,battery_powerbank,640,640,142,80,152,243,0.09017578125
RB00583,4_4_F_1_po.jpg,RecyBat24,train,pouch,battery_powerbank,640,640,217,252,173,219,0.09249755859375
RB00584,6_5_F_3_po.jpg,RecyBat24,train,pouch,battery_powerbank,640,640,255,238,187,206,0.0940478515625
RB00585,29_4_F_3_po.jpg,RecyBat24,train,pouch,battery_powerbank,640,640,119,262,128,222,0.069375
RB00586,10_1_F_3_po.jpg,RecyBat24,train,pouch,battery_powerbank,640,640,179,171,148,227,0.082021484375
RB00587,12_2_F_1_po.jpg,RecyBat24,train,pouch,battery_powerbank,640,640,173,78,197,190,0.0913818359375
RB00588,2_1_F_1_po.jpg,RecyBat24,train,pouch,battery_powerbank,640,640,167,104,325,378,0.2999267578125
RB00589,14_2_F_2_po.jpg,RecyBat24,train,pouch,battery_powerbank,640,640,217,136,189,223,0.10289794921875
RB00590,24_2_F_1_po.jpg,RecyBat24,train,pouch,battery_powerbank,640,640,117,84,104,214,0.0543359375
RB00591,8_3_F_3_po.jpg,RecyBat24,train,pouch,battery_powerbank,640,640,137,157,115,241,0.06766357421875
RB00592,28_5_F_2_po.jpg,RecyBat24,train,pouch,battery_powerbank,640,640,169,255,180,120,0.052734375
RB00593,29_2_F_1_po.jpg,RecyBat24,train,pouch,battery_powerbank,640,640,146,152,133,222,0.0720849609375
RB00594,14_4_F_2_po.jpg,RecyBat24,train,pouch,battery_powerbank,640,640,164,28,148,247,0.089248046875
RB00595,16_2_F_3_po.jpg,RecyBat24,train,pouch,battery_powerbank,640,640,190,31,171,238,0.0993603515625
RB00596,5_1_F_2_po.jpg,RecyBat24,train,pouch,battery_powerbank,640,640,167,205,165,164,0.066064453125
RB00597,2_5_F_1_po.jpg,RecyBat24,train,pouch,battery_powerbank,640,640,65,15,336,368,0.301875
RB00598,17_4_F_3_po.jpg,RecyBat24,train,pouch,battery_powerbank,640,640,230,242,175,196,0.083740234375
RB00599,5_3_F_2_po.jpg,RecyBat24,train,pouch,battery_powerbank,640,640,289,101,183,212,0.094716796875
RB00600,11_3_F_1_po.jpg,RecyBat24,train,pouch,battery_powerbank,640,640,74,176,149,224,0.081484375
RB00601,27_4_F_2_po.jpg,RecyBat24,train,pouch,battery_powerbank,640,640,317,30,151,246,0.0906884765625
RB00602,30_1_F_2_po.jpg,RecyBat24,train,pouch,battery_powerbank,640,640,96,180,243,190,0.1127197265625
RB00603,19_3_F_3_po.jpg,RecyBat24,train,pouch,battery_powerbank,640,640,272,253,180,210,0.09228515625
RB00604,28_3_F_1_po.jpg,RecyBat24,train,pouch,battery_powerbank,640,640,85,315,161,226,0.0888330078125
RB00605,5_5_F_3_po.jpg,RecyBat24,train,pouch,battery_powerbank,640,640,82,99,189,261,0.12043212890625
RB00606,5_3_F_3_po.jpg,RecyBat24,train,pouch,battery_powerbank,640,640,90,230,170,248,0.1029296875
RB00607,23_3_F_2_po.jpg,RecyBat24,train,pouch,battery_powerbank,640,640,171,112,183,310,0.1385009765625
RB00608,13_2_F_1_po.jpg,RecyBat24,train,pouch,battery_powerbank,640,640,160,254,183,213,0.09516357421875
RB00609,16_2_F_1_po.jpg,RecyBat24,train,pouch,battery_powerbank,640,640,205,316,173,104,0.04392578125
RB00610,26_2_F_3_po.jpg,RecyBat24,train,pouch,battery_powerbank,640,640,165,190,138,249,0.0838916015625
RB00611,28_4_F_3_po.jpg,RecyBat24,train,pouch,battery_powerbank,640,640,200,244,178,199,0.0864794921875
RB00612,22_5_F_3_po.jpg,RecyBat24,train,pouch,battery_powerbank,640,640,363,141,95,246,0.0570556640625
RB00613,6_3_F_1_po.jpg,RecyBat24,train,pouch,battery_powerbank,640,640,98,243,189,106,0.0489111328125
RB00614,28_5_F_1_po.jpg,RecyBat24,train,pouch,battery_powerbank,640,640,237,46,110,262,0.070361328125
RB00615,3_2_F_3_po.jpg,RecyBat24,train,pouch,battery_powerbank,640,640,22,264,203,246,0.1219189453125
RB00616,7_5_F_2_po.jpg,RecyBat24,train,pouch,battery_powerbank,640,640,133,78,205,252,0.126123046875
RB00617,14_3_F_1_po.jpg,RecyBat24,train,pouch,battery_powerbank,640,640,229,66,191,243,0.11331298828125
RB00618,4_1_F_2_po.jpg,RecyBat24,train,pouch,battery_powerbank,640,640,136,172,187,236,0.107744140625
RB00619,18_3_F_1_po.jpg,RecyBat24,train,pouch,battery_powerbank,640,640,99,94,193,207,0.09753662109375
RB00620,20_2_F_2_po.jpg,RecyBat24,train,pouch,battery_powerbank,640,640,215,238,152,244,0.090546875
RB00621,4_3_F_3_po.jpg,RecyBat24,train,pouch,battery_powerbank,640,640,47,251,181,237,0.10472900390625
RB00622,24_3_F_1_po.jpg,RecyBat24,train,pouch,battery_powerbank,640,640,77,312,164,151,0.060458984375
RB00623,17_3_F_2_po.jpg,RecyBat24,train,pouch,battery_powerbank,640,640,118,197,183,203,0.09069580078125
RB00624,29_4_F_2_po.jpg,RecyBat24,train,pouch,battery_powerbank,640,640,155,242,160,244,0.0953125
RB00625,19_1_F_2_po.jpg,RecyBat24,train,pouch,battery_powerbank,640,640,85,147,173,237,0.10010009765625
RB00626,21_4_F_2_po.jpg,RecyBat24,train,pouch,battery_powerbank,640,640,155,215,170,250,0.103759765625
RB00627,30_3_F_3_po.jpg,RecyBat24,train,pouch,battery_powerbank,640,640,190,79,233,191,0.10864990234375
RB00628,29_5_F_1_po.jpg,RecyBat24,train,pouch,battery_powerbank,640,640,54,31,210,274,0.140478515625
RB00629,13_3_F_3_po.jpg,RecyBat24,train,pouch,battery_powerbank,640,640,125,154,102,246,0.061259765625
RB00630,19_3_F_2_po.jpg,RecyBat24,train,pouch,battery_powerbank,640,640,228,111,179,214,0.0935205078125
RB00631,2_3_F_3_po.jpg,RecyBat24,train,pouch,battery_powerbank,640,640,107,280,303,210,0.1553466796875
RB00632,10_4_F_3_po.jpg,RecyBat24,train,pouch,battery_powerbank,640,640,272,160,165,211,0.08499755859375
RB00633,24_1_F_1_po.jpg,RecyBat24,train,pouch,battery_powerbank,640,640,152,219,168,194,0.0795703125
RB00634,5_4_F_1_po.jpg,RecyBat24,train,pouch,battery_powerbank,640,640,74,165,150,232,0.0849609375
RB00635,1_2_F_3_po.jpg,RecyBat24,train,pouch,battery_powerbank,640,640,202,4,206,244,0.12271484375
RB00636,10_3_F_1_po.jpg,RecyBat24,train,pouch,battery_powerbank,640,640,230,152,172,199,0.083564453125
RB00637,30_4_F_2_po.jpg,RecyBat24,train,pouch,battery_powerbank,640,640,174,111,99,303,0.07323486328125
RB00638,20_4_F_2_po.jpg,RecyBat24,train,pouch,battery_powerbank,640,640,201,4,167,254,0.1035595703125
RB00639,8_4_F_3_po.jpg,RecyBat24,train,pouch,battery_powerbank,640,640,71,47,137,254,0.0849560546875
RB00640,12_4_F_3_po.jpg,RecyBat24,train,pouch,battery_powerbank,640,640,210,52,158,250,0.096435546875
RB00641,21_2_F_2_po.jpg,RecyBat24,train,pouch,battery_powerbank,640,640,242,112,172,252,0.1058203125
RB00642,18_5_F_3_po.jpg,RecyBat24,train,pouch,battery_powerbank,640,640,144,263,195,167,0.07950439453125
RB00643,3_5_F_3_po.jpg,RecyBat24,train,pouch,battery_powerbank,640,640,113,206,204,249,0.124013671875
RB00644,12_1_F_3_po.jpg,RecyBat24,train,pouch,battery_powerbank,640,640,137,166,171,238,0.0993603515625
RB00645,4_3_F_1_po.jpg,RecyBat24,train,pouch,battery_powerbank,640,640,227,218,153,225,0.08404541015625
RB00646,22_4_F_1_po.jpg,RecyBat24,train,pouch,battery_powerbank,640,640,160,23,164,261,0.104501953125
RB00647,1_1_F_3_po.jpg,RecyBat24,train,pouch,battery_powerbank,640,640,210,147,189,208,0.0959765625
RB00648,28_1_F_1_po.jpg,RecyBat24,train,pouch,battery_powerbank,640,640,182,245,176,101,0.0433984375
RB00649,2_2_F_1_po.jpg,RecyBat24,train,pouch,battery_powerbank,640,640,29,31,299,439,0.32046142578125
RB00650,3_2_F_1_po.jpg,RecyBat24,train,pouch,battery_powerbank,640,640,178,294,174,181,0.0768896484375
RB00651,19_1_F_3_po.jpg,RecyBat24,train,pouch,battery_powerbank,640,640,93,72,196,170,0.08134765625
RB00652,7_4_F_3_po.jpg,RecyBat24,train,pouch,battery_powerbank,640,640,128,228,134,231,0.0755712890625
RB00653,7_2_F_1_po.jpg,RecyBat24,train,pouch,battery_powerbank,640,640,212,223,197,228,0.109658203125
RB00654,12_5_F_2_po.jpg,RecyBat24,train,pouch,battery_powerbank,640,640,95,167,115,245,0.06878662109375
RB00655,9_3_F_2_po.jpg,RecyBat24,train,pouch,battery_powerbank,640,640,236,32,199,237,0.11514404296875
RB00656,22_1_F_3_po.jpg,RecyBat24,train,pouch,battery_powerbank,640,640,159,80,159,252,0.097822265625
RB00657,7_3_F_2_po.jpg,RecyBat24,train,pouch,battery_powerbank,640,640,142,211,171,259,0.10812744140625
RB00658,11_5_F_1_po.jpg,RecyBat24,train,pouch,battery_powerbank,640,640,90,177,175,188,0.080322265625
RB00659,7_1_F_1_po.jpg,RecyBat24,train,pouch,battery_powerbank,640,640,158,92,187,275,0.12554931640625
RB00660,22_2_F_2_po.jpg,RecyBat24,train,pouch,battery_powerbank,640,640,169,217,116,250,0.07080078125
RB00661,30_2_F_2_po.jpg,RecyBat24,train,pouch,battery_powerbank,640,640,198,23,245,206,0.1232177734375
RB00662,10_5_F_1_po.jpg,RecyBat24,train,pouch,battery_powerbank,640,640,298,67,115,229,0.06429443359375
RB00663,4_5_F_1_po.jpg,RecyBat24,train,pouch,battery_powerbank,640,640,70,231,186,238,0.108076171875
RB00664,28_4_F_2_po.jpg,RecyBat24,train,pouch,battery_powerbank,640,640,300,134,89,237,0.05149658203125
RB00665,3_3_F_1_po.jpg,RecyBat24,train,pouch,battery_powerbank,640,640,267,253,186,208,0.094453125
RB00666,20_3_F_3_po.jpg,RecyBat24,train,pouch,battery_powerbank,640,640,68,207,195,188,0.089501953125
RB00667,14_1_F_2_po.jpg,RecyBat24,train,pouch,battery_powerbank,640,640,296,288,186,228,0.10353515625
RB00668,5_5_F_1_po.jpg,RecyBat24,train,pouch,battery_powerbank,640,640,272,293,142,222,0.076962890625
RB00669,28_3_F_2_po.jpg,RecyBat24,train,pouch,battery_powerbank,640,640,124,108,169,241,0.09943603515625
RB00670,18_4_F_1_po.jpg,RecyBat24,train,pouch,battery_powerbank,640,640,260,183,186,215,0.0976318359375
RB00671,2_2_F_2_po.jpg,RecyBat24,train,pouch,battery_powerbank,640,640,87,160,330,331,0.2666748046875
RB00672,9_4_F_1_po.jpg,RecyBat24,train,pouch,battery_powerbank,640,640,169,180,131,225,0.07196044921875
RB00673,6_4_F_2_po.jpg,RecyBat24,train,pouch,battery_powerbank,640,640,140,160,81,245,0.04844970703125
RB00674,5_5_F_2_po.jpg,RecyBat24,train,pouch,battery_powerbank,640,640,240,288,177,244,0.105439453125
RB00675,20_3_F_2_po.jpg,RecyBat24,train,pouch,battery_powerbank,640,640,192,182,185,109,0.04923095703125
RB00676,23_5_F_1_po.jpg,RecyBat24,train,pouch,battery_powerbank,640,640,202,0,230,301,0.1690185546875
RB00677,54_4_F_2_po.jpg,RecyBat24,train,pouch,battery_powerbank,640,640,122,264,239,169,0.09861083984375
RB00678,38_4_F_3_po.jpg,RecyBat24,train,pouch,battery_powerbank,640,640,200,324,178,93,0.0404150390625
RB00679,40_2_F_2_po.jpg,RecyBat24,train,pouch,battery_powerbank,640,640,178,70,202,259,0.1277294921875
RB00680,31_3_F_2_po.jpg,RecyBat24,train,pouch,battery_powerbank,640,640,277,214,233,196,0.111494140625
RB00681,58_1_F_1_po.jpg,RecyBat24,train,pouch,battery_powerbank,640,640,136,145,161,217,0.08529541015625
RB00682,36_3_F_3_po.jpg,RecyBat24,train,pouch,battery_powerbank,640,640,194,212,194,243,0.1150927734375
RB00683,35_5_F_2_po.jpg,RecyBat24,train,pouch,battery_powerbank,640,640,297,105,129,249,0.07842041015625
RB00684,57_2_F_2_po.jpg,RecyBat24,train,pouch,battery_powerbank,640,640,91,123,173,194,0.0819384765625
RB00685,52_1_F_2_po.jpg,RecyBat24,train,pouch,battery_powerbank,640,640,169,17,192,265,0.12421875
RB00686,50_5_F_3_po.jpg,RecyBat24,train,pouch,battery_powerbank,640,640,227,162,220,316,0.1697265625
RB00687,41_3_F_3_po.jpg,RecyBat24,train,pouch,battery_powerbank,640,640,40,114,180,232,0.101953125
RB00688,41_4_F_2_po.jpg,RecyBat24,train,pouch,battery_powerbank,640,640,287,102,88,245,0.05263671875
RB00689,38_4_F_2_po.jpg,RecyBat24,train,pouch,battery_powerbank,640,640,188,213,168,234,0.0959765625
RB00690,35_2_F_1_po.jpg,RecyBat24,train,pouch,battery_powerbank,640,640,214,218,181,206,0.0910302734375
RB00691,58_5_F_1_po.jpg,RecyBat24,train,pouch,battery_powerbank,640,640,180,108,93,216,0.04904296875
RB00692,31_4_F_2_po.jpg,RecyBat24,train,pouch,battery_powerbank,640,640,252,85,216,330,0.1740234375
RB00693,52_2_F_1_po.jpg,RecyBat24,train,pouch,battery_powerbank,640,640,150,202,190,246,0.114111328125
RB00694,42_1_F_3_po.jpg,RecyBat24,train,pouch,battery_powerbank,640,640,275,180,135,220,0.072509765625
RB00695,46_5_F_3_po.jpg,RecyBat24,train,pouch,battery_powerbank,640,640,163,56,133,226,0.0733837890625
RB00696,43_4_F_3_po.jpg,RecyBat24,train,pouch,battery_powerbank,640,640,219,231,167,193,0.07868896484375
RB00697,52_2_F_3_po.jpg,RecyBat24,train,pouch,battery_powerbank,640,640,227,194,161,160,0.062890625
RB00698,59_4_F_2_po.jpg,RecyBat24,train,pouch,battery_powerbank,640,640,39,279,200,243,0.11865234375
RB00699,37_2_F_1_po.jpg,RecyBat24,train,pouch,battery_powerbank,640,640,268,3,145,229,0.08106689453125
RB00700,44_5_F_3_po.jpg,RecyBat24,train,pouch,battery_powerbank,640,640,266,66,164,130,0.05205078125
RB00701,44_4_F_1_po.jpg,RecyBat24,train,pouch,battery_powerbank,640,640,194,61,156,225,0.085693359375
RB00702,41_3_F_2_po.jpg,RecyBat24,train,pouch,battery_powerbank,640,640,67,1,132,267,0.086044921875
RB00703,47_4_F_2_po.jpg,RecyBat24,train,pouch,battery_powerbank,640,640,118,225,74,231,0.0417333984375
RB00704,48_2_F_2_po.jpg,RecyBat24,train,pouch,battery_powerbank,640,640,182,165,159,231,0.08967041015625
RB00705,44_1_F_3_po.jpg,RecyBat24,train,pouch,battery_powerbank,640,640,212,274,151,108,0.039814453125
RB00706,44_2_F_3_po.jpg,RecyBat24,train,pouch,battery_powerbank,640,640,212,75,164,167,0.066865234375
RB00707,53_5_F_1_po.jpg,RecyBat24,train,pouch,battery_powerbank,640,640,245,285,159,224,0.086953125
RB00708,41_2_F_1_po.jpg,RecyBat24,train,pouch,battery_powerbank,640,640,173,208,192,163,0.07640625
RB00709,32_1_F_2_po.jpg,RecyBat24,train,pouch,battery_powerbank,640,640,261,76,157,237,0.09084228515625
RB00710,56_3_F_2_po.jpg,RecyBat24,train,pouch,battery_powerbank,640,640,41,55,198,210,0.101513671875
RB00711,40_5_F_3_po.jpg,RecyBat24,train,pouch,battery_powerbank,640,640,35,255,193,201,0.09470947265625
RB00712,33_5_F_1_po.jpg,RecyBat24,train,pouch,battery_powerbank,640,640,142,277,138,221,0.0744580078125
RB00713,40_1_F_3_po.jpg,RecyBat24,train,pouch,battery_powerbank,640,640,85,57,181,270,0.1193115234375
RB00714,31_5_F_2_po.jpg,RecyBat24,train,pouch,battery_powerbank,640,640,174,97,203,332,0.164541015625
RB00715,56_5_F_1_po.jpg,RecyBat24,train,pouch,battery_powerbank,640,640,144,262,189,261,0.12043212890625
RB00716,50_4_F_3_po.jpg,RecyBat24,train,pouch,battery_powerbank,640,640,86,136,218,192,0.1021875
RB00717,42_5_F_2_po.jpg,RecyBat24,train,pouch,battery_powerbank,640,640,132,86,167,137,0.05585693359375
RB00718,54_5_F_2_po.jpg,RecyBat24,train,pouch,battery_powerbank,640,640,279,273,231,158,0.0891064453125
RB00719,36_2_F_1_po.jpg,RecyBat24,train,pouch,battery_powerbank,640,640,207,161,168,249,0.10212890625
RB00720,51_1_F_3_po.jpg,RecyBat24,train,pouch,battery_powerbank,640,640,178,278,183,200,0.08935546875
RB00721,37_4_F_1_po.jpg,RecyBat24,train,pouch,battery_powerbank,640,640,125,239,179,186,0.0812841796875
RB00722,47_4_F_1_po.jpg,RecyBat24,train,pouch,battery_powerbank,640,640,246,41,151,247,0.09105712890625
RB00723,37_2_F_2_po.jpg,RecyBat24,train,pouch,battery_powerbank,640,640,141,92,179,259,0.11318603515625
RB00724,51_3_F_2_po.jpg,RecyBat24,train,pouch,battery_powerbank,640,640,73,108,166,252,0.10212890625
RB00725,35_1_F_2_po.jpg,RecyBat24,train,pouch,battery_powerbank,640,640,242,183,169,221,0.09118408203125
RB00726,54_3_F_2_po.jpg,RecyBat24,train,pouch,battery_powerbank,640,640,217,34,174,328,0.1393359375
RB00727,50_5_F_1_po.jpg,RecyBat24,train,pouch,battery_powerbank,640,640,191,72,223,206,0.1121533203125
RB00728,56_5_F_3_po.jpg,RecyBat24,train,pouch,battery_powerbank,640,640,225,143,187,208,0.0949609375
RB00729,55_4_F_2_po.jpg,RecyBat24,train,pouch,battery_powerbank,640,640,142,277,156,204,0.0776953125
RB00730,54_2_F_2_po.jpg,RecyBat24,train,pouch,battery_powerbank,640,640,85,237,236,257,0.148076171875
RB00731,39_5_F_1_po.jpg,RecyBat24,train,pouch,battery_powerbank,640,640,125,253,125,231,0.07049560546875
RB00732,31_1_F_2_po.jpg,RecyBat24,train,pouch,battery_powerbank,640,640,142,111,252,262,0.16119140625
RB00733,48_4_F_2_po.jpg,RecyBat24,train,pouch,battery_powerbank,640,640,237,303,160,164,0.0640625
RB00734,53_2_F_1_po.jpg,RecyBat24,train,pouch,battery_powerbank,640,640,264,294,182,165,0.0733154296875
RB00735,50_2_F_3_po.jpg,RecyBat24,train,pouch,battery_powerbank,640,640,217,116,147,287,0.10300048828125
RB00736,45_4_F_3_po.jpg,RecyBat24,train,pouch,battery_powerbank,640,640,120,98,121,253,0.07473876953125
RB00737,38_5_F_2_po.jpg,RecyBat24,train,pouch,battery_powerbank,640,640,293,66,151,258,0.0951123046875
RB00738,37_3_F_1_po.jpg,RecyBat24,train,pouch,battery_powerbank,640,640,236,281,129,218,0.0686572265625
RB00739,57_2_F_1_po.jpg,RecyBat24,train,pouch,battery_powerbank,640,640,159,269,166,226,0.091591796875
RB00740,48_2_F_1_po.jpg,RecyBat24,train,pouch,battery_powerbank,640,640,317,61,123,217,0.06516357421875
RB00741,42_2_F_3_po.jpg,RecyBat24,train,pouch,battery_powerbank,640,640,127,256,106,215,0.0556396484375
RB00742,42_4_F_2_po.jpg,RecyBat24,train,pouch,battery_powerbank,640,640,222,129,165,189,0.07613525390625
RB00743,49_3_F_1_po.jpg,RecyBat24,train,pouch,battery_powerbank,640,640,135,82,160,255,0.099609375
RB00744,58_4_F_2_po.jpg,RecyBat24,train,pouch,battery_powerbank,640,640,255,104,166,137,0.0555224609375
RB00745,39_1_F_1_po.jpg,RecyBat24,train,pouch,battery_powerbank,640,640,233,238,180,138,0.06064453125
RB00746,37_4_F_3_po.jpg,RecyBat24,train,pouch,battery_powerbank,640,640,124,142,177,252,0.108896484375
RB00747,36_1_F_3_po.jpg,RecyBat24,train,pouch,battery_powerbank,640,640,165,43,191,257,0.11984130859375
RB00748,42_1_F_1_po.jpg,RecyBat24,train,pouch,battery_powerbank,640,640,222,144,164,202,0.08087890625
RB00749,56_4_F_2_po.jpg,RecyBat24,train,pouch,battery_powerbank,640,640,208,49,190,208,0.096484375
RB00750,55_1_F_1_po.jpg,RecyBat24,train,pouch,battery_powerbank,640,640,102,84,165,214,0.0862060546875
RB00751,58_2_F_1_po.jpg,RecyBat24,train,pouch,battery_powerbank,640,640,206,210,164,210,0.08408203125
RB00752,43_2_F_2_po.jpg,RecyBat24,train,pouch,battery_powerbank,640,640,284,52,162,188,0.07435546875
RB00753,59_1_F_1_po.jpg,RecyBat24,train,pouch,battery_powerbank,640,640,80,58,202,266,0.131181640625
RB00754,38_3_F_1_po.jpg,RecyBat24,train,pouch,battery_powerbank,640,640,295,177,193,170,0.0801025390625
RB00755,53_2_F_3_po.jpg,RecyBat24,train,pouch,battery_powerbank,640,640,136,249,180,109,0.047900390625
RB00756,55_1_F_3_po.jpg,RecyBat24,train,pouch,battery_powerbank,640,640,266,170,127,178,0.0551904296875
RB00757,56_2_F_2_po.jpg,RecyBat24,train,pouch,battery_powerbank,640,640,82,188,196,267,0.127763671875
RB00758,46_1_F_3_po.jpg,RecyBat24,train,pouch,battery_powerbank,640,640,168,211,187,250,0.1141357421875
RB00759,46_3_F_3_po.jpg,RecyBat24,train,pouch,battery_powerbank,640,640,196,162,193,242,0.1140283203125
RB00760,57_3_F_1_po.jpg,RecyBat24,train,pouch,battery_powerbank,640,640,168,53,165,242,0.0974853515625
RB00761,48_2_F_3_po.jpg,RecyBat24,train,pouch,battery_powerbank,640,640,58,193,200,244,0.119140625
RB00762,31_1_F_3_po.jpg,RecyBat24,train,pouch,battery_powerbank,640,640,127,181,256,285,0.178125
RB00763,49_1_F_2_po.jpg,RecyBat24,train,pouch,battery_powerbank,640,640,97,254,195,154,0.0733154296875
RB00764,42_1_F_2_po.jpg,RecyBat24,train,pouch,battery_powerbank,640,640,311,71,128,228,0.07125
RB00765,35_2_F_3_po.jpg,RecyBat24,train,pouch,battery_powerbank,640,640,155,223,128,244,0.07625
RB00766,43_3_F_2_po.jpg,RecyBat24,train,pouch,battery_powerbank,640,640,192,214,174,224,0.09515625
RB00767,34_5_F_1_po.jpg,RecyBat24,train,pouch,battery_powerbank,640,640,260,19,203,253,0.12538818359375
RB00768,34_5_F_3_po.jpg,RecyBat24,train,pouch,battery_powerbank,640,640,329,3,136,223,0.07404296875
RB00769,36_4_F_1_po.jpg,RecyBat24,train,pouch,battery_powerbank,640,640,104,208,183,195,0.08712158203125
RB00770,51_1_F_1_po.jpg,RecyBat24,train,pouch,battery_powerbank,640,640,170,105,184,264,0.11859375
RB00771,51_5_F_1_po.jpg,RecyBat24,train,pouch,battery_powerbank,640,640,261,37,199,255,0.12388916015625
RB00772,38_5_F_3_po.jpg,RecyBat24,train,pouch,battery_powerbank,640,640,209,207,132,249,0.080244140625
RB00773,44_1_F_1_po.jpg,RecyBat24,train,pouch,battery_powerbank,640,640,221,214,156,102,0.03884765625
RB00774,41_1_F_2_po.jpg,RecyBat24,train,pouch,battery_powerbank,640,640,211,298,186,131,0.0594873046875
RB00775,46_2_F_3_po.jpg,RecyBat24,train,pouch,battery_powerbank,640,640,204,84,179,196,0.085654296875
RB00776,37_3_F_3_po.jpg,RecyBat24,train,pouch,battery_powerbank,640,640,124,139,176,253,0.1087109375
RB00777,54_4_F_1_po.jpg,RecyBat24,train,pouch,battery_powerbank,640,640,99,96,191,319,0.14875244140625
RB00778,31_2_F_3_po.jpg,RecyBat24,train,pouch,battery_powerbank,640,640,167,28,250,225,0.1373291015625
RB00779,54_1_F_2_po.jpg,RecyBat24,train,pouch,battery_powerbank,640,640,246,120,120,310,0.0908203125
RB00780,35_1_F_1_po.jpg,RecyBat24,train,pouch,battery_powerbank,640,640,224,229,180,93,0.040869140625
RB00781,58_2_F_2_po.jpg,RecyBat24,train,pouch,battery_powerbank,640,640,121,213,128,223,0.0696875
RB00782,40_5_F_2_po.jpg,RecyBat24,train,pouch,battery_powerbank,640,640,123,242,183,256,0.114375
RB00783,38_3_F_3_po.jpg,RecyBat24,train,pouch,battery_powerbank,640,640,112,117,167,246,0.1002978515625
RB00784,39_2_F_2_po.jpg,RecyBat24,train,pouch,battery_powerbank,640,640,198,144,162,226,0.089384765625
RB00785,44_2_F_2_po.jpg,RecyBat24,train,pouch,battery_powerbank,640,640,157,120,165,199,0.08016357421875
RB00786,54_3_F_3_po.jpg,RecyBat24,train,pouch,battery_powerbank,640,640,64,151,235,136,0.07802734375
RB00787,50_2_F_1_po.jpg,RecyBat24,train,pouch,battery_powerbank,640,640,199,199,139,279,0.09468017578125
RB00788,55_3_F_1_po.jpg,RecyBat24,train,pouch,battery_powerbank,640,640,237,77,167,221,0.09010498046875
RB00789,43_1_F_3_po.jpg,RecyBat24,train,pouch,battery_powerbank,640,640,302,117,161,178,0.0699658203125
RB00790,31_5_F_1_po.jpg,RecyBat24,train,pouch,battery_powerbank,640,640,172,137,230,324,0.18193359375
RB00791,55_2_F_2_po.jpg,RecyBat24,train,pouch,battery_powerbank,640,640,292,104,135,192,0.06328125
RB00792,47_4_F_3_po.jpg,RecyBat24,train,pouch,battery_powerbank,640,640,265,154,74,228,0.04119140625
RB00793,37_5_F_1_po.jpg,RecyBat24,train,pouch,battery_powerbank,640,640,93,263,135,223,0.07349853515625
RB00794,49_2_F_1_po.jpg,RecyBat24,train,pouch,battery_powerbank,640,640,206,199,180,220,0.0966796875
RB00795,48_5_F_1_po.jpg,RecyBat24,train,pouch,battery_powerbank,640,640,83,100,193,260,0.122509765625
RB00796,36_1_F_2_po.jpg,RecyBat24,train,pouch,battery_powerbank,640,640,278,134,144,223,0.0783984375
RB00797,57_2_F_3_po.jpg,RecyBat24,train,pouch,battery_powerbank,640,640,156,111,169,240,0.0990234375
RB00798,55_5_F_2_po.jpg,RecyBat24,train,pouch,battery_powerbank,640,640,257,270,119,169,0.04909912109375
RB00799,50_1_F_3_po.jpg,RecyBat24,train,pouch,battery_powerbank,640,640,120,80,214,326,0.170322265625
RB00800,38_1_F_1_po.jpg,RecyBat24,train,pouch,battery_powerbank,640,640,209,239,180,99,0.043505859375
RB00801,51_5_F_3_po.jpg,RecyBat24,train,pouch,battery_powerbank,640,640,209,236,189,251,0.11581787109375
RB00802,32_2_F_1_po.jpg,RecyBat24,train,pouch,battery_powerbank,640,640,229,244,168,220,0.090234375
RB00803,52_4_F_2_po.jpg,RecyBat24,train,pouch,battery_powerbank,640,640,219,118,177,198,0.0855615234375
RB00804,56_5_F_2_po.jpg,RecyBat24,train,pouch,battery_powerbank,640,640,234,133,179,268,0.117119140625
RB00805,59_4_F_1_po.jpg,RecyBat24,train,pouch,battery_powerbank,640,640,204,76,196,246,0.11771484375
RB00806,32_4_F_2_po.jpg,RecyBat24,train,pouch,battery_powerbank,640,640,186,47,149,177,0.06438720703125
RB00807,58_4_F_3_po.jpg,RecyBat24,train,pouch,battery_powerbank,640,640,277,174,160,178,0.06953125
RB00808,56_3_F_3_po.jpg,RecyBat24,train,pouch,battery_powerbank,640,640,176,59,190,214,0.099267578125
RB00809,31_4_F_3_po.jpg,RecyBat24,train,pouch,battery_powerbank,640,640,72,301,248,244,0.147734375
RB00810,40_1_F_2_po.jpg,RecyBat24,train,pouch,battery_powerbank,640,640,106,206,206,260,0.13076171875
RB00811,44_3_F_2_po.jpg,RecyBat24,train,pouch,battery_powerbank,640,640,158,231,137,219,0.07324951171875
RB00812,55_5_F_3_po.jpg,RecyBat24,train,pouch,battery_powerbank,640,640,315,330,124,157,0.047529296875
RB00813,50_1_F_2_po.jpg,RecyBat24,train,pouch,battery_powerbank,640,640,202,69,198,324,0.15662109375
RB00814,31_4_F_1_po.jpg,RecyBat24,train,pouch,battery_powerbank,640,640,321,23,193,339,0.15973388671875
RB00815,46_3_F_1_po.jpg,RecyBat24,train,pouch,battery_powerbank,640,640,93,145,150,232,0.0849609375
RB00816,50_3_F_2_po.jpg,RecyBat24,train,pouch,battery_powerbank,640,640,134,242,188,306,0.14044921875
RB00817,48_1_F_3_po.jpg,RecyBat24,train,pouch,battery_powerbank,640,640,128,57,164,260,0.1041015625
RB00818,41_4_F_3_po.jpg,RecyBat24,train,pouch,battery_powerbank,640,640,230,134,188,135,0.061962890625
RB00819,58_3_F_1_po.jpg,RecyBat24,train,pouch,battery_powerbank,640,640,301,65,163,207,0.08237548828125
RB00820,51_1_F_2_po.jpg,RecyBat24,train,pouch,battery_powerbank,640,640,252,239,194,233,0.1103564453125
RB00821,36_4_F_3_po.jpg,RecyBat24,train,pouch,battery_powerbank,640,640,191,123,183,213,0.09516357421875
RB00822,33_4_F_2_po.jpg,RecyBat24,train,pouch,battery_powerbank,640,640,189,94,173,181,0.07644775390625
RB00823,40_3_F_1_po.jpg,RecyBat24,train,pouch,battery_powerbank,640,640,76,127,204,229,0.114052734375
RB00824,56_2_F_1_po.jpg,RecyBat24,train,pouch,battery_powerbank,640,640,185,42,204,264,0.131484375
RB00825,54_2_F_3_po.jpg,RecyBat24,train,pouch,battery_powerbank,640,640,111,241,230,264,0.1482421875
RB00826,53_1_F_3_po.jpg,RecyBat24,train,pouch,battery_powerbank,640,640,83,117,187,217,0.09906982421875
RB00827,51_2_F_2_po.jpg,RecyBat24,train,pouch,battery_powerbank,640,640,160,250,191,216,0.10072265625
RB00828,51_4_F_1_po.jpg,RecyBat24,train,pouch,battery_powerbank,640,640,110,37,200,233,0.11376953125
RB00829,53_1_F_2_po.jpg,RecyBat24,train,pouch,battery_powerbank,640,640,175,319,173,98,0.0413916015625
RB00830,56_4_F_1_po.jpg,RecyBat24,train,pouch,battery_powerbank,640,640,60,119,179,270,0.1179931640625
RB00831,38_2_F_3_po.jpg,RecyBat24,train,pouch,battery_powerbank,640,640,131,205,196,175,0.083740234375
RB00832,34_4_F_1_po.jpg,RecyBat24,train,pouch,battery_powerbank,640,640,318,197,184,252,0.113203125
RB00833,34_1_F_3_po.jpg,RecyBat24,train,pouch,battery_powerbank,640,640,201,64,191,220,0.102587890625
RB00834,53_2_F_2_po.jpg,RecyBat24,train,pouch,battery_powerbank,640,640,73,175,185,208,0.0939453125
RB00835,53_1_F_1_po.jpg,RecyBat24,train,pouch,battery_powerbank,640,640,211,206,187,183,0.08354736328125
RB00836,44_5_F_1_po.jpg,RecyBat24,train,pouch,battery_powerbank,640,640,157,239,162,141,0.0557666015625
RB00837,36_4_F_2_po.jpg,RecyBat24,train,pouch,battery_powerbank,640,640,191,234,186,247,0.1121630859375
RB00838,44_4_F_3_po.jpg,RecyBat24,train,pouch,battery_powerbank,640,640,189,238,152,208,0.0771875
RB00839,45_3_F_3_po.jpg,RecyBat24,train,pouch,battery_powerbank,640,640,139,302,177,112,0.0483984375
RB00840,52_1_F_1_po.jpg,RecyBat24,train,pouch,battery_powerbank,640,640,188,150,169,176,0.0726171875
RB00841,41_5_F_3_po.jpg,RecyBat24,train,pouch,battery_powerbank,640,640,228,193,102,244,0.06076171875
RB00842,57_4_F_3_po.jpg,RecyBat24,train,pouch,battery_powerbank,640,640,198,62,130,221,0.0701416015625
RB00843,48_3_F_2_po.jpg,RecyBat24,train,pouch,battery_powerbank,640,640,96,269,179,245,0.10706787109375
RB00844,53_5_F_2_po.jpg,RecyBat24,train,pouch,battery_powerbank,640,640,225,160,113,242,0.0667626953125
RB00845,59_2_F_3_po.jpg,RecyBat24,train,pouch,battery_powerbank,640,640,85,48,173,256,0.108125
RB00846,59_5_F_1_po.jpg,RecyBat24,train,pouch,battery_powerbank,640,640,286,235,132,218,0.07025390625
RB00847,49_5_F_2_po.jpg,RecyBat24,train,pouch,battery_powerbank,640,640,272,62,151,255,0.09400634765625
RB00848,44_4_F_2_po.jpg,RecyBat24,train,pouch,battery_powerbank,640,640,96,154,111,218,0.0590771484375
RB00849,53_4_F_2_po.jpg,RecyBat24,train,pouch,battery_powerbank,640,640,169,156,110,244,0.06552734375
RB00850,32_1_F_1_po.jpg,RecyBat24,train,pouch,battery_powerbank,640,640,187,206,144,153,0.0537890625
RB00851,47_5_F_2_po.jpg,RecyBat24,train,pouch,battery_powerbank,640,640,158,218,185,186,0.0840087890625
RB00852,32_2_F_2_po.jpg,RecyBat24,train,pouch,battery_powerbank,640,640,206,265,172,215,0.090283203125
RB00853,34_2_F_2_po.jpg,RecyBat24,train,pouch,battery_powerbank,640,640,87,147,169,252,0.103974609375
RB00854,35_3_F_1_po.jpg,RecyBat24,train,pouch,battery_powerbank,640,640,181,143,79,239,0.04609619140625
RB00855,38_2_F_2_po.jpg,RecyBat24,train,pouch,battery_powerbank,640,640,113,108,140,258,0.08818359375
RB00856,53_4_F_3_po.jpg,RecyBat24,train,pouch,battery_powerbank,640,640,243,191,170,218,0.090478515625
RB00857,37_1_F_2_po.jpg,RecyBat24,train,pouch,battery_powerbank,640,640,80,82,196,230,0.11005859375
RB00858,39_2_F_3_po.jpg,RecyBat24,train,pouch,battery_powerbank,640,640,218,237,176,189,0.0812109375
RB00859,36_3_F_1_po.jpg,RecyBat24,train,pouch,battery_powerbank,640,640,157,1,191,257,0.11984130859375
RB00860,46_4_F_2_po.jpg,RecyBat24,train,pouch,battery_powerbank,640,640,48,77,145,243,0.08602294921875
RB00861,32_1_F_3_po.jpg,RecyBat24,train,pouch,battery_powerbank,640,640,242,247,117,179,0.05113037109375
RB00862,52_2_F_2_po.jpg,RecyBat24,train,pouch,battery_powerbank,640,640,123,217,144,230,0.080859375
RB00863,47_1_F_2_po.jpg,RecyBat24,train,pouch,battery_powerbank,640,640,141,172,170,227,0.0942138671875
RB00864,35_4_F_3_po.jpg,RecyBat24,train,pouch,battery_powerbank,640,640,98,80,188,123,0.056455078125
RB00865,34_5_F_2_po.jpg,RecyBat24,train,pouch,battery_powerbank,640,640,110,307,173,181,0.07644775390625
RB00866,52_4_F_1_po.jpg,RecyBat24,train,pouch,battery_powerbank,640,640,191,8,172,268,0.1125390625
RB00867,44_3_F_1_po.jpg,RecyBat24,train,pouch,battery_powerbank,640,640,152,204,101,213,0.05252197265625
RB00868,33_3_F_3_po.jpg,RecyBat24,train,pouch,battery_powerbank,640,640,380,237,178,248,0.1077734375
RB00869,47_1_F_3_po.jpg,RecyBat24,train,pouch,battery_powerbank,640,640,142,79,192,157,0.07359375
RB00870,50_3_F_3_po.jpg,RecyBat24,train,pouch,battery_powerbank,640,640,132,238,227,234,0.1296826171875
RB00871,46_5_F_1_po.jpg,RecyBat24,train,pouch,battery_powerbank,640,640,80,224,195,250,0.1190185546875
RB00872,34_1_F_2_po.jpg,RecyBat24,train,pouch,battery_powerbank,640,640,153,153,195,220,0.104736328125
RB00873,50_3_F_1_po.jpg,RecyBat24,train,pouch,battery_powerbank,640,640,210,66,218,322,0.171376953125
RB00874,57_4_F_1_po.jpg,RecyBat24,train,pouch,battery_powerbank,640,640,73,174,183,222,0.0991845703125
RB00875,41_1_F_1_po.jpg,RecyBat24,train,pouch,battery_powerbank,640,640,212,119,164,242,0.09689453125
RB00876,37_5_F_3_po.jpg,RecyBat24,train,pouch,battery_powerbank,640,640,227,191,169,173,0.07137939453125
RB00877,31_1_F_1_po.jpg,RecyBat24,train,pouch,battery_powerbank,640,640,170,165,233,179,0.10182373046875
RB00878,49_4_F_3_po.jpg,RecyBat24,train,pouch,battery_powerbank,640,640,114,110,190,221,0.1025146484375
RB00879,54_2_F_1_po.jpg,RecyBat24,train,pouch,battery_powerbank,640,640,169,49,229,295,0.16492919921875
RB00880,45_2_F_3_po.jpg,RecyBat24,train,pouch,battery_powerbank,640,640,205,182,186,183,0.0831005859375
RB00881,36_3_F_2_po.jpg,RecyBat24,train,pouch,battery_powerbank,640,640,162,173,175,192,0.08203125
RB00882,45_4_F_1_po.jpg,RecyBat24,train,pouch,battery_powerbank,640,640,304,139,155,231,0.08741455078125
RB00883,48_5_F_2_po.jpg,RecyBat24,train,pouch,battery_powerbank,640,640,177,125,176,248,0.1065625
RB00884,48_4_F_3_po.jpg,RecyBat24,train,pouch,battery_powerbank,640,640,139,322,174,181,0.0768896484375
RB00885,57_5_F_3_po.jpg,RecyBat24,train,pouch,battery_powerbank,640,640,260,100,125,207,0.06317138671875
RB00886,59_5_F_2_po.jpg,RecyBat24,train,pouch,battery_powerbank,640,640,184,24,199,268,0.130205078125
RB00887,52_3_F_2_po.jpg,RecyBat24,train,pouch,battery_powerbank,640,640,236,242,182,248,0.1101953125
RB00888,45_4_F_2_po.jpg,RecyBat24,train,pouch,battery_powerbank,640,640,96,355,180,125,0.054931640625
RB00889,45_5_F_3_po.jpg,RecyBat24,train,pouch,battery_powerbank,640,640,291,104,83,237,0.04802490234375
RB00890,53_5_F_3_po.jpg,RecyBat24,train,pouch,battery_powerbank,640,640,127,104,182,226,0.100419921875
RB00891,31_3_F_1_po.jpg,RecyBat24,train,pouch,battery_powerbank,640,640,182,105,238,321,0.1865185546875
RB00892,54_4_F_3_po.jpg,RecyBat24,train,pouch,battery_powerbank,640,640,228,215,240,212,0.12421875
RB00893,33_5_F_2_po.jpg,RecyBat24,train,pouch,battery_powerbank,640,640,256,190,189,253,0.11674072265625
RB00894,46_5_F_2_po.jpg,RecyBat24,train,pouch,battery_powerbank,640,640,82,234,152,242,0.0898046875
RB00895,45_5_F_1_po.jpg,RecyBat24,train,pouch,battery_powerbank,640,640,147,101,176,224,0.09625
RB00896,35_1_F_3_po.jpg,RecyBat24,train,pouch,battery_powerbank,640,640,177,322,184,147,0.06603515625
RB00897,48_3_F_1_po.jpg,RecyBat24,train,pouch,battery_powerbank,640,640,162,38,208,257,0.1305078125
RB00898,43_4_F_2_po.jpg,RecyBat24,train,pouch,battery_powerbank,640,640,121,160,150,226,0.082763671875
RB00899,43_3_F_1_po.jpg,RecyBat24,train,pouch,battery_powerbank,640,640,307,198,158,195,0.0752197265625
RB00900,37_5_F_2_po.jpg,RecyBat24,train,pouch,battery_powerbank,640,640,81,65,184,264,0.11859375
RB00901,31_5_F_3_po.jpg,RecyBat24,train,pouch,battery_powerbank,640,640,225,215,230,184,0.1033203125
RB00902,42_2_F_1_po.jpg,RecyBat24,train,pouch,battery_powerbank,640,640,221,262,131,218,0.0697216796875
RB00903,49_2_F_3_po.jpg,RecyBat24,train,pouch,battery_powerbank,640,640,189,286,158,240,0.092578125
RB00904,43_5_F_1_po.jpg,RecyBat24,train,pouch,battery_powerbank,640,640,186,256,167,224,0.091328125
RB00905,56_4_F_3_po.jpg,RecyBat24,train,pouch,battery_powerbank,640,640,79,234,196,216,0.103359375
RB00906,50_5_F_2_po.jpg,RecyBat24,train,pouch,battery_powerbank,640,640,162,119,243,253,0.15009521484375
RB00907,39_2_F_1_po.jpg,RecyBat24,train,pouch,battery_powerbank,640,640,289,134,127,241,0.07472412109375
RB00908,57_1_F_1_po.jpg,RecyBat24,train,pouch,battery_powerbank,640,640,181,213,166,181,0.0733544921875
RB00909,49_1_F_1_po.jpg,RecyBat24,train,pouch,battery_powerbank,640,640,238,119,177,222,0.0959326171875
RB00910,39_3_F_3_po.jpg,RecyBat24,train,pouch,battery_powerbank,640,640,85,267,179,197,0.08609130859375
RB00911,38_1_F_2_po.jpg,RecyBat24,train,pouch,battery_powerbank,640,640,246,176,98,246,0.058857421875
RB00912,33_4_F_1_po.jpg,RecyBat24,train,pouch,battery_powerbank,640,640,291,256,118,203,0.0584814453125
RB00913,49_5_F_3_po.jpg,RecyBat24,train,pouch,battery_powerbank,640,640,291,71,84,248,0.050859375
RB00914,32_4_F_3_po.jpg,RecyBat24,train,pouch,battery_powerbank,640,640,236,35,152,179,0.06642578125
RB00915,46_2_F_1_po.jpg,RecyBat24,train,pouch,battery_powerbank,640,640,165,237,177,190,0.0821044921875
RB00916,53_3_F_2_po.jpg,RecyBat24,train,pouch,battery_powerbank,640,640,168,156,111,244,0.066123046875
RB00917,33_1_F_3_po.jpg,RecyBat24,train,pouch,battery_powerbank,640,640,202,74,198,257,0.1242333984375
RB00918,54_1_F_1_po.jpg,RecyBat24,train,pouch,battery_powerbank,640,640,220,267,239,211,0.12311767578125
RB00919,40_4_F_2_po.jpg,RecyBat24,train,pouch,battery_powerbank,640,640,277,234,197,250,0.1202392578125
RB00920,42_4_F_1_po.jpg,RecyBat24,train,pouch,battery_powerbank,640,640,116,72,164,222,0.08888671875
RB00921,35_3_F_3_po.jpg,RecyBat24,train,pouch,battery_powerbank,640,640,199,74,154,245,0.0921142578125
RB00922,41_1_F_3_po.jpg,RecyBat24,train,pouch,battery_powerbank,640,640,164,258,193,168,0.07916015625
RB00923,36_2_F_3_po.jpg,RecyBat24,train,pouch,battery_powerbank,640,640,234,62,184,265,0.11904296875
RB00924,32_4_F_1_po.jpg,RecyBat24,train,pouch,battery_powerbank,640,640,143,88,159,232,0.09005859375
RB00925,47_3_F_1_po.jpg,RecyBat24,train,pouch,battery_powerbank,640,640,107,177,81,231,0.04568115234375
RB00926,39_5_F_3_po.jpg,RecyBat24,train,pouch,battery_powerbank,640,640,272,70,102,242,0.060263671875
RB00927,47_2_F_1_po.jpg,RecyBat24,train,pouch,battery_powerbank,640,640,194,235,155,230,0.0870361328125
RB00928,49_1_F_3_po.jpg,RecyBat24,train,pouch,battery_powerbank,640,640,220,150,141,253,0.08709228515625
RB00929,59_4_F_3_po.jpg,RecyBat24,train,pouch,battery_powerbank,640,640,220,101,125,218,0.0665283203125
RB00930,52_5_F_1_po.jpg,RecyBat24,train,pouch,battery_powerbank,640,640,169,248,183,248,0.11080078125
RB00931,49_4_F_1_po.jpg,RecyBat24,train,pouch,battery_powerbank,640,640,280,81,94,250,0.057373046875
RB00932,59_3_F_3_po.jpg,RecyBat24,train,pouch,battery_powerbank,640,640,86,243,148,233,0.084189453125
RB00933,40_2_F_1_po.jpg,RecyBat24,train,pouch,battery_powerbank,640,640,105,161,200,267,0.13037109375
RB00934,45_3_F_1_po.jpg,RecyBat24,train,pouch,battery_powerbank,640,640,180,280,171,211,0.08808837890625
RB00935,38_3_F_2_po.jpg,RecyBat24,train,pouch,battery_powerbank,640,640,98,194,195,188,0.089501953125
RB00936,41_5_F_1_po.jpg,RecyBat24,train,pouch,battery_powerbank,640,640,141,175,198,166,0.080244140625
RB00937,54_1_F_3_po.jpg,RecyBat24,train,pouch,battery_powerbank,640,640,224,101,237,160,0.092578125
RB00938,57_1_F_2_po.jpg,RecyBat24,train,pouch,battery_powerbank,640,640,179,79,176,230,0.098828125
RB00939,45_1_F_3_po.jpg,RecyBat24,train,pouch,battery_powerbank,640,640,205,71,136,250,0.0830078125
RB00940,52_5_F_3_po.jpg,RecyBat24,train,pouch,battery_powerbank,640,640,262,45,163,253,0.10068115234375
RB00941,53_4_F_1_po.jpg,RecyBat24,train,pouch,battery_powerbank,640,640,278,76,137,250,0.0836181640625
RB00942,37_3_F_2_po.jpg,RecyBat24,train,pouch,battery_powerbank,640,640,252,226,180,245,0.107666015625
RB00943,37_1_F_3_po.jpg,RecyBat24,train,pouch,battery_powerbank,640,640,217,189,184,249,0.11185546875
RB00944,40_4_F_1_po.jpg,RecyBat24,train,pouch,battery_powerbank,640,640,199,161,166,254,0.102939453125
RB00945,59_3_F_1_po.jpg,RecyBat24,train,pouch,battery_powerbank,640,640,35,110,206,247,0.1242236328125
RB00946,33_1_F_1_po.jpg,RecyBat24,train,pouch,battery_powerbank,640,640,213,136,181,198,0.0874951171875
RB00947,34_4_F_2_po.jpg,RecyBat24,train,pouch,battery_powerbank,640,640,0,256,164,244,0.0976953125
RB00948,41_3_F_1_po.jpg,RecyBat24,train,pouch,battery_powerbank,640,640,270,133,150,247,0.0904541015625
RB00949,35_4_F_2_po.jpg,RecyBat24,train,pouch,battery_powerbank,640,640,142,55,182,228,0.10130859375
RB00950,43_3_F_3_po.jpg,RecyBat24,train,pouch,battery_powerbank,640,640,162,63,179,226,0.0987646484375
RB00951,58_4_F_1_po.jpg,RecyBat24,train,pouch,battery_powerbank,640,640,77,278,166,126,0.051064453125
RB00952,33_4_F_3_po.jpg,RecyBat24,train,pouch,battery_powerbank,640,640,246,256,186,253,0.1148876953125
RB00953,41_4_F_1_po.jpg,RecyBat24,train,pouch,battery_powerbank,640,640,176,256,162,234,0.092548828125
RB00954,44_1_F_2_po.jpg,RecyBat24,train,pouch,battery_powerbank,640,640,245,223,163,176,0.0700390625
RB00955,55_3_F_3_po.jpg,RecyBat24,train,pouch,battery_powerbank,640,640,53,316,137,173,0.05786376953125
RB00956,40_1_F_1_po.jpg,RecyBat24,train,pouch,battery_powerbank,640,640,134,152,182,186,0.082646484375
RB00957,58_5_F_2_po.jpg,RecyBat24,train,pouch,battery_powerbank,640,640,226,203,166,198,0.080244140625
RB00958,54_5_F_1_po.jpg,RecyBat24,train,pouch,battery_powerbank,640,640,300,145,198,307,0.1484033203125
RB00959,33_1_F_2_po.jpg,RecyBat24,train,pouch,battery_powerbank,640,640,39,120,197,263,0.12649169921875
RB00960,47_5_F_3_po.jpg,RecyBat24,train,pouch,battery_powerbank,640,640,47,191,180,221,0.097119140625
RB00961,45_1_F_2_po.jpg,RecyBat24,train,pouch,battery_powerbank,640,640,184,241,183,170,0.0759521484375
RB00962,43_1_F_1_po.jpg,RecyBat24,train,pouch,battery_powerbank,640,640,201,120,177,234,0.1011181640625
RB00963,31_2_F_1_po.jpg,RecyBat24,train,pouch,battery_powerbank,640,640,212,110,224,327,0.178828125
RB00964,34_2_F_1_po.jpg,RecyBat24,train,pouch,battery_powerbank,640,640,150,280,192,224,0.105
RB00965,39_5_F_2_po.jpg,RecyBat24,train,pouch,battery_powerbank,640,640,143,138,142,239,0.0828564453125
RB00966,32_5_F_1_po.jpg,RecyBat24,train,pouch,battery_powerbank,640,640,226,192,147,175,0.06280517578125
RB00967,45_1_F_1_po.jpg,RecyBat24,train,pouch,battery_powerbank,640,640,247,150,177,204,0.088154296875
RB00968,43_5_F_2_po.jpg,RecyBat24,train,pouch,battery_powerbank,640,640,151,144,178,215,0.0934326171875
RB00969,51_4_F_3_po.jpg,RecyBat24,train,pouch,battery_powerbank,640,640,208,49,154,243,0.0913623046875
RB00970,44_5_F_2_po.jpg,RecyBat24,train,pouch,battery_powerbank,640,640,182,102,161,130,0.0510986328125
RB00971,32_2_F_3_po.jpg,RecyBat24,train,pouch,battery_powerbank,640,640,197,236,146,169,0.0602392578125
RB00972,36_2_F_2_po.jpg,RecyBat24,train,pouch,battery_powerbank,640,640,169,26,201,239,0.11728271484375
RB00973,55_3_F_2_po.jpg,RecyBat24,train,pouch,battery_powerbank,640,640,106,196,143,185,0.06458740234375
RB00974,52_4_F_3_po.jpg,RecyBat24,train,pouch,battery_powerbank,640,640,107,6,173,256,0.108125
RB00975,39_4_F_1_po.jpg,RecyBat24,train,pouch,battery_powerbank,640,640,109,108,171,234,0.0976904296875
RB00976,37_1_F_1_po.jpg,RecyBat24,train,pouch,battery_powerbank,640,640,159,149,176,184,0.0790625
RB00977,38_2_F_1_po.jpg,RecyBat24,train,pouch,battery_powerbank,640,640,276,130,81,244,0.048251953125
RB00978,46_1_F_2_po.jpg,RecyBat24,train,pouch,battery_powerbank,640,640,252,41,174,264,0.1121484375
RB00979,45_5_F_2_po.jpg,RecyBat24,train,pouch,battery_powerbank,640,640,297,148,142,241,0.0835498046875
RB00980,40_2_F_3_po.jpg,RecyBat24,train,pouch,battery_powerbank,640,640,244,225,190,258,0.119677734375
RB00981,57_3_F_2_po.jpg,RecyBat24,train,pouch,battery_powerbank,640,640,219,228,169,190,0.0783935546875
RB00982,56_1_F_1_po.jpg,RecyBat24,train,pouch,battery_powerbank,640,640,137,198,186,202,0.091728515625
RB00983,46_4_F_3_po.jpg,RecyBat24,train,pouch,battery_powerbank,640,640,98,145,163,247,0.09829345703125
RB00984,46_1_F_1_po.jpg,RecyBat24,train,pouch,battery_powerbank,640,640,155,150,181,200,0.08837890625
RB00985,46_2_F_2_po.jpg,RecyBat24,train,pouch,battery_powerbank,640,640,206,293,192,231,0.10828125
RB00986,44_2_F_1_po.jpg,RecyBat24,train,pouch,battery_powerbank,640,640,247,227,140,215,0.073486328125
RB00987,47_2_F_3_po.jpg,RecyBat24,train,pouch,battery_powerbank,640,640,92,229,186,197,0.0894580078125
RB00988,58_1_F_2_po.jpg,RecyBat24,train,pouch,battery_powerbank,640,640,242,230,118,221,0.0636669921875
RB00989,37_4_F_2_po.jpg,RecyBat24,train,pouch,battery_powerbank,640,640,107,278,174,247,0.1049267578125
RB00990,55_2_F_3_po.jpg,RecyBat24,train,pouch,battery_powerbank,640,640,160,175,133,180,0.058447265625
RB00991,33_3_F_1_po.jpg,RecyBat24,train,pouch,battery_powerbank,640,640,201,51,147,241,0.08649169921875
RB00992,34_3_F_3_po.jpg,RecyBat24,train,pouch,battery_powerbank,640,640,85,154,155,239,0.09044189453125
RB00993,35_5_F_3_po.jpg,RecyBat24,train,pouch,battery_powerbank,640,640,184,173,177,219,0.09463623046875
RB00994,33_2_F_2_po.jpg,RecyBat24,train,pouch,battery_powerbank,640,640,173,281,157,234,0.0896923828125
RB00995,38_1_F_3_po.jpg,RecyBat24,train,pouch,battery_powerbank,640,640,246,75,87,250,0.0531005859375
RB00996,42_3_F_3_po.jpg,RecyBat24,train,pouch,battery_powerbank,640,640,118,93,136,231,0.07669921875
RB00997,42_4_F_3_po.jpg,RecyBat24,train,pouch,battery_powerbank,640,640,72,93,173,167,0.07053466796875
RB00998,47_2_F_2_po.jpg,RecyBat24,train,pouch,battery_powerbank,640,640,82,143,190,154,0.071435546875
RB00999,36_5_F_3_po.jpg,RecyBat24,train,pouch,battery_powerbank,640,640,137,283,168,170,0.0697265625
RB01000,50_2_F_2_po.jpg,RecyBat24,train,pouch,battery_powerbank,640,640,138,66,136,287,0.09529296875
RB01001,57_4_F_2_po.jpg,RecyBat24,train,pouch,battery_powerbank,640,640,71,285,173,195,0.08236083984375
RB01002,55_4_F_3_po.jpg,RecyBat24,train,pouch,battery_powerbank,640,640,236,217,122,157,0.0467626953125
RB01003,44_3_F_3_po.jpg,RecyBat24,train,pouch,battery_powerbank,640,640,172,147,105,221,0.05665283203125
RB01004,59_1_F_3_po.jpg,RecyBat24,train,pouch,battery_powerbank,640,640,190,206,188,218,0.10005859375
RB01005,51_2_F_1_po.jpg,RecyBat24,train,pouch,battery_powerbank,640,640,219,229,159,238,0.0923876953125
RB01006,35_2_F_2_po.jpg,RecyBat24,train,pouch,battery_powerbank,640,640,165,87,112,256,0.07
RB01007,58_1_F_3_po.jpg,RecyBat24,train,pouch,battery_powerbank,640,640,150,210,118,219,0.0630908203125
RB01008,35_5_F_1_po.jpg,RecyBat24,train,pouch,battery_powerbank,640,640,264,275,178,106,0.046064453125
RB01009,54_3_F_1_po.jpg,RecyBat24,train,pouch,battery_powerbank,640,640,180,259,232,249,0.14103515625
RB01010,47_3_F_2_po.jpg,RecyBat24,train,pouch,battery_powerbank,640,640,340,220,100,230,0.05615234375
RB01011,58_3_F_3_po.jpg,RecyBat24,train,pouch,battery_powerbank,640,640,200,74,118,227,0.0653955078125
RB01012,59_2_F_1_po.jpg,RecyBat24,train,pouch,battery_powerbank,640,640,169,192,197,247,0.11879638671875
RB01013,51_4_F_2_po.jpg,RecyBat24,train,pouch,battery_powerbank,640,640,246,2,152,227,0.08423828125
RB01014,56_1_F_2_po.jpg,RecyBat24,train,pouch,battery_powerbank,640,640,149,87,205,261,0.13062744140625
RB01015,45_2_F_2_po.jpg,RecyBat24,train,pouch,battery_powerbank,640,640,128,95,146,248,0.0883984375
RB01016,53_3_F_1_po.jpg,RecyBat24,train,pouch,battery_powerbank,640,640,179,153,79,240,0.0462890625
RB01017,48_1_F_1_po.jpg,RecyBat24,train,pouch,battery_powerbank,640,640,262,242,129,218,0.0686572265625
RB01018,47_3_F_3_po.jpg,RecyBat24,train,pouch,battery_powerbank,640,640,107,128,189,192,0.08859375
RB01019,41_2_F_3_po.jpg,RecyBat24,train,pouch,battery_powerbank,640,640,154,169,118,249,0.0717333984375
RB01020,49_2_F_2_po.jpg,RecyBat24,train,pouch,battery_powerbank,640,640,46,118,108,256,0.0675
RB01021,37_2_F_3_po.jpg,RecyBat24,train,pouch,battery_powerbank,640,640,168,255,189,237,0.10935791015625
RB01022,33_2_F_1_po.jpg,RecyBat24,train,pouch,battery_powerbank,640,640,163,250,179,193,0.08434326171875
RB01023,50_4_F_2_po.jpg,RecyBat24,train,pouch,battery_powerbank,640,640,180,182,236,249,0.143466796875
RB01024,42_2_F_2_po.jpg,RecyBat24,train,pouch,battery_powerbank,640,640,229,316,156,127,0.048369140625
RB01025,52_1_F_3_po.jpg,RecyBat24,train,pouch,battery_powerbank,640,640,177,194,195,237,0.11282958984375
RB01026,35_3_F_2_po.jpg,RecyBat24,train,pouch,battery_powerbank,640,640,166,233,184,180,0.080859375
RB01027,43_2_F_1_po.jpg,RecyBat24,train,pouch,battery_powerbank,640,640,194,255,163,185,0.07362060546875
RB01028,51_3_F_3_po.jpg,RecyBat24,train,pouch,battery_powerbank,640,640,173,258,168,244,0.100078125
RB01029,39_1_F_2_po.jpg,RecyBat24,train,pouch,battery_powerbank,640,640,84,95,114,244,0.06791015625
RB01030,40_5_F_1_po.jpg,RecyBat24,train,pouch,battery_powerbank,640,640,306,7,130,231,0.0733154296875
RB01031,42_5_F_1_po.jpg,RecyBat24,train,pouch,battery_powerbank,640,640,266,39,110,230,0.061767578125
RB01032,35_4_F_1_po.jpg,RecyBat24,train,pouch,battery_powerbank,640,640,292,148,173,221,0.09334228515625
RB01033,52_3_F_3_po.jpg,RecyBat24,train,pouch,battery_powerbank,640,640,116,234,182,254,0.112861328125
RB01034,38_5_F_1_po.jpg,RecyBat24,train,pouch,battery_powerbank,640,640,313,307,153,234,0.0874072265625
RB01035,55_4_F_1_po.jpg,RecyBat24,train,pouch,battery_powerbank,640,640,43,249,154,206,0.077451171875
RB01036,38_4_F_1_po.jpg,RecyBat24,train,pouch,battery_powerbank,640,640,166,355,189,133,0.06136962890625
RB01037,56_2_F_3_po.jpg,RecyBat24,train,pouch,battery_powerbank,640,640,174,190,181,256,0.113125
RB01038,41_5_F_2_po.jpg,RecyBat24,train,pouch,battery_powerbank,640,640,181,186,194,163,0.0772021484375
RB01039,42_3_F_2_po.jpg,RecyBat24,train,pouch,battery_powerbank,640,640,167,219,83,200,0.04052734375
RB01040,57_3_F_3_po.jpg,RecyBat24,train,pouch,battery_powerbank,640,640,168,273,147,215,0.07716064453125
RB01041,32_5_F_2_po.jpg,RecyBat24,train,pouch,battery_powerbank,640,640,260,49,158,234,0.090263671875
RB01042,43_5_F_3_po.jpg,RecyBat24,train,pouch,battery_powerbank,640,640,151,192,127,197,0.06108154296875
RB01043,36_5_F_1_po.jpg,RecyBat24,train,pouch,battery_powerbank,640,640,162,108,186,262,0.118974609375
RB01044,41_2_F_2_po.jpg,RecyBat24,train,pouch,battery_powerbank,640,640,100,194,139,250,0.0848388671875
RB01045,55_2_F_1_po.jpg,RecyBat24,train,pouch,battery_powerbank,640,640,151,243,161,214,0.0841162109375
RB01046,43_4_F_1_po.jpg,RecyBat24,train,pouch,battery_powerbank,640,640,321,91,153,174,0.0649951171875
RB01047,59_3_F_2_po.jpg,RecyBat24,train,pouch,battery_powerbank,640,640,42,27,202,273,0.1346337890625
RB01048,39_4_F_3_po.jpg,RecyBat24,train,pouch,battery_powerbank,640,640,123,151,187,181,0.08263427734375
RB01049,40_3_F_3_po.jpg,RecyBat24,train,pouch,battery_powerbank,640,640,133,225,201,227,0.11139404296875
RB01050,56_3_F_1_po.jpg,RecyBat24,train,pouch,battery_powerbank,640,640,204,171,193,264,0.12439453125
RB01051,47_5_F_1_po.jpg,RecyBat24,train,pouch,battery_powerbank,640,640,222,224,182,152,0.0675390625
RB01052,39_1_F_3_po.jpg,RecyBat24,train,pouch,battery_powerbank,640,640,113,150,183,117,0.05227294921875
RB01053,53_3_F_3_po.jpg,RecyBat24,train,pouch,battery_powerbank,640,640,282,89,113,246,0.0678662109375
RB01054,46_3_F_2_po.jpg,RecyBat24,train,pouch,battery_powerbank,640,640,289,190,175,248,0.10595703125
RB01055,34_3_F_2_po.jpg,RecyBat24,train,pouch,battery_powerbank,640,640,0,178,154,235,0.0883544921875
RB01056,40_3_F_2_po.jpg,RecyBat24,train,pouch,battery_powerbank,640,640,60,85,207,249,0.12583740234375
RB01057,32_5_F_3_po.jpg,RecyBat24,train,pouch,battery_powerbank,640,640,289,241,159,188,0.072978515625
RB01058,49_5_F_1_po.jpg,RecyBat24,train,pouch,battery_powerbank,640,640,135,254,176,229,0.0983984375
RB01059,57_5_F_2_po.jpg,RecyBat24,train,pouch,battery_powerbank,640,640,121,108,178,206,0.089521484375
RB01060,51_3_F_1_po.jpg,RecyBat24,train,pouch,battery_powerbank,640,640,76,244,191,256,0.119375
RB01061,31_3_F_3_po.jpg,RecyBat24,train,pouch,battery_powerbank,640,640,155,118,153,320,0.11953125
RB01062,46_4_F_1_po.jpg,RecyBat24,train,pouch,battery_powerbank,640,640,277,86,182,203,0.0902001953125
RB01063,36_1_F_1_po.jpg,RecyBat24,train,pouch,battery_powerbank,640,640,194,149,175,196,0.083740234375
RB01064,55_1_F_2_po.jpg,RecyBat24,train,pouch,battery_powerbank,640,640,224,209,158,210,0.081005859375
RB01065,58_3_F_2_po.jpg,RecyBat24,train,pouch,battery_powerbank,640,640,75,68,175,189,0.08074951171875
RB01066,32_3_F_2_po.jpg,RecyBat24,train,pouch,battery_powerbank,640,640,109,167,173,199,0.08405029296875
RB01067,39_4_F_2_po.jpg,RecyBat24,train,pouch,battery_powerbank,640,640,190,213,184,176,0.0790625
RB01068,50_4_F_1_po.jpg,RecyBat24,train,pouch,battery_powerbank,640,640,55,198,233,308,0.175205078125
RB01069,42_3_F_1_po.jpg,RecyBat24,train,pouch,battery_powerbank,640,640,99,190,157,213,0.08164306640625
RB01070,55_5_F_1_po.jpg,RecyBat24,train,pouch,battery_powerbank,640,640,77,106,158,221,0.0852490234375
RB01071,39_3_F_2_po.jpg,RecyBat24,train,pouch,battery_powerbank,640,640,301,162,132,238,0.07669921875
RB01072,58_5_F_3_po.jpg,RecyBat24,train,pouch,battery_powerbank,640,640,72,192,167,203,0.08276611328125
RB01073,57_5_F_1_po.jpg,RecyBat24,train,pouch,battery_powerbank,640,640,192,226,177,210,0.0907470703125
RB01074,57_1_F_3_po.jpg,RecyBat24,train,pouch,battery_powerbank,640,640,77,198,176,238,0.102265625
RB01075,39_3_F_1_po.jpg,RecyBat24,train,pouch,battery_powerbank,640,640,174,272,149,225,0.08184814453125
RB01076,34_1_F_1_po.jpg,RecyBat24,train,pouch,battery_powerbank,640,640,179,141,195,232,0.11044921875
RB01077,45_2_F_1_po.jpg,RecyBat24,train,pouch,battery_powerbank,640,640,215,125,179,102,0.0445751953125
RB01078,43_1_F_2_po.jpg,RecyBat24,train,pouch,battery_powerbank,640,640,189,206,173,211,0.08911865234375
RB01079,40_4_F_3_po.jpg,RecyBat24,train,pouch,battery_powerbank,640,640,149,93,191,213,0.09932373046875
RB01080,48_3_F_3_po.jpg,RecyBat24,train,pouch,battery_powerbank,640,640,231,122,185,258,0.1165283203125
RB01081,59_2_F_2_po.jpg,RecyBat24,train,pouch,battery_powerbank,640,640,160,161,193,224,0.105546875
RB01082,56_1_F_3_po.jpg,RecyBat24,train,pouch,battery_powerbank,640,640,186,112,129,227,0.07149169921875
RB01083,54_5_F_3_po.jpg,RecyBat24,train,pouch,battery_powerbank,640,640,174,36,226,296,0.1633203125
RB01084,49_3_F_2_po.jpg,RecyBat24,train,pouch,battery_powerbank,640,640,141,63,192,220,0.103125
RB01085,50_1_F_1_po.jpg,RecyBat24,train,pouch,battery_powerbank,640,640,137,89,248,268,0.162265625
RB01086,52_5_F_2_po.jpg,RecyBat24,train,pouch,battery_powerbank,640,640,197,34,194,250,0.118408203125
RB01087,31_2_F_2_po.jpg,RecyBat24,train,pouch,battery_powerbank,640,640,165,10,251,269,0.16484130859375
RB01088,52_3_F_1_po.jpg,RecyBat24,train,pouch,battery_powerbank,640,640,304,224,169,244,0.100673828125
RB01089,49_3_F_3_po.jpg,RecyBat24,train,pouch,battery_powerbank,640,640,104,307,188,123,0.056455078125
RB01090,49_4_F_2_po.jpg,RecyBat24,train,pouch,battery_powerbank,640,640,172,207,113,248,0.06841796875
RB01091,59_5_F_3_po.jpg,RecyBat24,train,pouch,battery_powerbank,640,640,252,210,185,211,0.09530029296875
RB01092,34_3_F_1_po.jpg,RecyBat24,train,pouch,battery_powerbank,640,640,125,78,198,247,0.1193994140625
RB01093,45_3_F_2_po.jpg,RecyBat24,train,pouch,battery_powerbank,640,640,222,317,177,186,0.0803759765625
RB01094,48_5_F_3_po.jpg,RecyBat24,train,pouch,battery_powerbank,640,640,139,187,172,261,0.109599609375
RB01095,43_2_F_3_po.jpg,RecyBat24,train,pouch,battery_powerbank,640,640,197,210,179,223,0.09745361328125
RB01096,34_4_F_3_po.jpg,RecyBat24,train,pouch,battery_powerbank,640,640,262,217,140,222,0.07587890625
RB01097,33_3_F_2_po.jpg,RecyBat24,train,pouch,battery_powerbank,640,640,92,259,183,195,0.08712158203125
RB01098,32_3_F_3_po.jpg,RecyBat24,train,pouch,battery_powerbank,640,640,79,317,148,161,0.058173828125
RB01099,34_2_F_3_po.jpg,RecyBat24,train,pouch,battery_powerbank,640,640,195,257,163,170,0.0676513671875
RB01100,36_5_F_2_po.jpg,RecyBat24,train,pouch,battery_powerbank,640,640,162,148,178,177,0.0769189453125
RB01101,59_1_F_2_po.jpg,RecyBat24,train,pouch,battery_powerbank,640,640,151,196,159,241,0.09355224609375
RB01102,58_2_F_3_po.jpg,RecyBat24,train,pouch,battery_powerbank,640,640,69,75,84,217,0.044501953125
RB01103,51_5_F_2_po.jpg,RecyBat24,train,pouch,battery_powerbank,640,640,284,262,124,209,0.063271484375
RB01104,51_2_F_3_po.jpg,RecyBat24,train,pouch,battery_powerbank,640,640,73,141,208,255,0.1294921875
RB01105,47_1_F_1_po.jpg,RecyBat24,train,pouch,battery_powerbank,640,640,141,214,183,126,0.0562939453125
RB01106,42_5_F_3_po.jpg,RecyBat24,train,pouch,battery_powerbank,640,640,101,235,133,220,0.071435546875
RB01107,33_2_F_3_po.jpg,RecyBat24,train,pouch,battery_powerbank,640,640,93,188,192,252,0.118125
RB01108,2_4_F_2_pri.jpg,RecyBat24,train,prismatic,battery_powerbank,640,640,158,190,126,224,0.06890625
RB01109,3_4_F_3_pri.jpg,RecyBat24,train,prismatic,battery_powerbank,640,640,330,244,131,158,0.0505322265625
RB01110,9_5_F_3_pri.jpg,RecyBat24,train,prismatic,battery_powerbank,640,640,260,96,143,187,0.06528564453125
RB01111,7_4_F_1_pri.jpg,RecyBat24,train,prismatic,battery_powerbank,640,640,108,83,186,253,0.1148876953125
RB01112,9_1_F_2_pri.jpg,RecyBat24,train,prismatic,battery_powerbank,640,640,246,301,118,145,0.0417724609375
RB01113,2_2_F_2_pri.jpg,RecyBat24,train,prismatic,battery_powerbank,640,640,213,449,160,123,0.048046875
RB01114,9_1_F_1_pri.jpg,RecyBat24,train,prismatic,battery_powerbank,640,640,220,278,120,145,0.04248046875
RB01115,8_3_F_2_pri.jpg,RecyBat24,train,prismatic,battery_powerbank,640,640,143,290,105,177,0.04537353515625
RB01116,4_1_F_3_pri.jpg,RecyBat24,train,prismatic,battery_powerbank,640,640,190,304,130,167,0.0530029296875
RB01117,6_1_F_1_pri.jpg,RecyBat24,train,prismatic,battery_powerbank,640,640,190,283,131,158,0.0505322265625
RB01118,8_5_F_2_pri.jpg,RecyBat24,train,prismatic,battery_powerbank,640,640,415,328,95,164,0.038037109375
RB01119,5_3_F_3_pri.jpg,RecyBat24,train,prismatic,battery_powerbank,640,640,157,335,89,251,0.05453857421875
RB01120,5_1_F_2_pri.jpg,RecyBat24,train,prismatic,battery_powerbank,640,640,255,396,193,160,0.075390625
RB01121,3_1_F_2_pri.jpg,RecyBat24,train,prismatic,battery_powerbank,640,640,185,266,111,110,0.0298095703125
RB01122,11_4_F_3_pri.jpg,RecyBat24,train,prismatic,battery_powerbank,640,640,304,299,113,149,0.04110595703125
RB01123,1_5_F_3_pri.jpg,RecyBat24,train,prismatic,battery_powerbank,640,640,294,82,111,190,0.0514892578125
RB01124,3_3_F_2_pri.jpg,RecyBat24,train,prismatic,battery_powerbank,640,640,134,148,137,169,0.05652587890625
RB01125,6_5_F_1_pri.jpg,RecyBat24,train,prismatic,battery_powerbank,640,640,302,64,139,176,0.0597265625
RB01126,11_5_F_1_pri.jpg,RecyBat24,train,prismatic,battery_powerbank,640,640,273,132,117,124,0.035419921875
RB01127,3_3_F_3_pri.jpg,RecyBat24,train,prismatic,battery_powerbank,640,640,152,140,103,161,0.04048583984375
RB01128,3_4_F_1_pri.jpg,RecyBat24,train,prismatic,battery_powerbank,640,640,264,129,114,123,0.0342333984375
RB01129,5_4_F_1_pri.jpg,RecyBat24,train,prismatic,battery_powerbank,640,640,176,327,148,266,0.09611328125
RB01130,7_1_F_3_pri.jpg,RecyBat24,train,prismatic,battery_powerbank,640,640,304,296,180,228,0.1001953125
RB01131,1_1_F_3_pri.jpg,RecyBat24,train,prismatic,battery_powerbank,640,640,164,327,125,110,0.0335693359375
RB01132,1_4_F_3_pri.jpg,RecyBat24,train,prismatic,battery_powerbank,640,640,80,128,146,161,0.0573876953125
RB01133,7_2_F_3_pri.jpg,RecyBat24,train,prismatic,battery_powerbank,640,640,241,400,188,216,0.099140625
RB01134,7_4_F_3_pri.jpg,RecyBat24,train,prismatic,battery_powerbank,640,640,241,57,196,223,0.106708984375
RB01135,6_2_F_3_pri.jpg,RecyBat24,train,prismatic,battery_powerbank,640,640,270,383,137,186,0.0622119140625
RB01136,10_2_F_1_pri.jpg,RecyBat24,train,prismatic,battery_powerbank,640,640,294,333,187,263,0.12007080078125
RB01137,4_3_F_1_pri.jpg,RecyBat24,train,prismatic,battery_powerbank,640,640,114,271,135,169,0.05570068359375
RB01138,4_5_F_1_pri.jpg,RecyBat24,train,prismatic,battery_powerbank,640,640,290,173,122,163,0.0485498046875
RB01139,1_3_F_2_pri.jpg,RecyBat24,train,prismatic,battery_powerbank,640,640,81,153,146,157,0.0559619140625
RB01140,2_3_F_2_pri.jpg,RecyBat24,train,prismatic,battery_powerbank,640,640,94,346,149,219,0.07966552734375
RB01141,9_4_F_3_pri.jpg,RecyBat24,train,prismatic,battery_powerbank,640,640,151,230,152,202,0.0749609375
RB01142,3_5_F_3_pri.jpg,RecyBat24,train,prismatic,battery_powerbank,640,640,321,434,91,146,0.0324365234375
RB01143,3_2_F_1_pri.jpg,RecyBat24,train,prismatic,battery_powerbank,640,640,170,386,115,165,0.04632568359375
RB01144,7_3_F_3_pri.jpg,RecyBat24,train,prismatic,battery_powerbank,640,640,132,282,172,246,0.10330078125
RB01145,9_2_F_1_pri.jpg,RecyBat24,train,prismatic,battery_powerbank,640,640,393,299,117,143,0.04084716796875
RB01146,9_2_F_2_pri.jpg,RecyBat24,train,prismatic,battery_powerbank,640,640,409,336,123,174,0.0522509765625
RB01147,9_3_F_2_pri.jpg,RecyBat24,train,prismatic,battery_powerbank,640,640,259,389,153,196,0.073212890625
RB01148,5_1_F_3_pri.jpg,RecyBat24,train,prismatic,battery_powerbank,640,640,195,310,192,119,0.05578125
RB01149,11_2_F_2_pri.jpg,RecyBat24,train,prismatic,battery_powerbank,640,640,355,303,97,149,0.03528564453125
RB01150,9_4_F_1_pri.jpg,RecyBat24,train,prismatic,battery_powerbank,640,640,282,500,110,138,0.037060546875
RB01151,4_2_F_2_pri.jpg,RecyBat24,train,prismatic,battery_powerbank,640,640,101,439,133,171,0.05552490234375
RB01152,6_2_F_1_pri.jpg,RecyBat24,train,prismatic,battery_powerbank,640,640,305,365,153,199,0.07433349609375
RB01153,10_3_F_1_pri.jpg,RecyBat24,train,prismatic,battery_powerbank,640,640,123,424,199,216,0.10494140625
RB01154,8_3_F_1_pri.jpg,RecyBat24,train,prismatic,battery_powerbank,640,640,331,398,153,199,0.07433349609375
RB01155,4_4_F_1_pri.jpg,RecyBat24,train,prismatic,battery_powerbank,640,640,116,121,131,173,0.05532958984375
RB01156,4_3_F_2_pri.jpg,RecyBat24,train,prismatic,battery_powerbank,640,640,108,274,137,173,0.05786376953125
RB01157,7_2_F_2_pri.jpg,RecyBat24,train,prismatic,battery_powerbank,640,640,308,512,172,111,0.046611328125
RB01158,3_4_F_2_pri.jpg,RecyBat24,train,prismatic,battery_powerbank,640,640,300,78,133,178,0.0577978515625
RB01159,3_3_F_1_pri.jpg,RecyBat24,train,prismatic,battery_powerbank,640,640,145,215,129,171,0.05385498046875
RB01160,7_4_F_2_pri.jpg,RecyBat24,train,prismatic,battery_powerbank,640,640,217,52,191,145,0.06761474609375
RB01161,5_3_F_1_pri.jpg,RecyBat24,train,prismatic,battery_powerbank,640,640,174,396,189,240,0.1107421875
RB01162,6_1_F_3_pri.jpg,RecyBat24,train,prismatic,battery_powerbank,640,640,221,255,110,156,0.04189453125
RB01163,6_2_F_2_pri.jpg,RecyBat24,train,prismatic,battery_powerbank,640,640,274,354,149,197,0.07166259765625
RB01164,9_5_F_2_pri.jpg,RecyBat24,train,prismatic,battery_powerbank,640,640,195,349,130,162,0.051416015625
RB01165,1_3_F_3_pri.jpg,RecyBat24,train,prismatic,battery_powerbank,640,640,33,333,131,188,0.060126953125
RB01166,2_5_F_1_pri.jpg,RecyBat24,train,prismatic,battery_powerbank,640,640,233,376,168,185,0.07587890625
RB01167,9_5_F_1_pri.jpg,RecyBat24,train,prismatic,battery_powerbank,640,640,229,60,126,177,0.0544482421875
RB01168,5_5_F_3_pri.jpg,RecyBat24,train,prismatic,battery_powerbank,640,640,99,111,205,231,0.11561279296875
RB01169,4_5_F_3_pri.jpg,RecyBat24,train,prismatic,battery_powerbank,640,640,180,339,117,155,0.04427490234375
RB01170,5_3_F_2_pri.jpg,RecyBat24,train,prismatic,battery_powerbank,640,640,111,307,142,267,0.0925634765625
RB01171,1_3_F_1_pri.jpg,RecyBat24,train,prismatic,battery_powerbank,640,640,45,401,125,184,0.05615234375
RB01172,7_3_F_2_pri.jpg,RecyBat24,train,prismatic,battery_powerbank,640,640,166,394,102,234,0.058271484375
RB01173,8_2_F_2_pri.jpg,RecyBat24,train,prismatic,battery_powerbank,640,640,247,378,156,194,0.07388671875
RB01174,11_3_F_2_pri.jpg,RecyBat24,train,prismatic,battery_powerbank,640,640,242,459,105,147,0.03768310546875
RB01175,4_3_F_3_pri.jpg,RecyBat24,train,prismatic,battery_powerbank,640,640,314,142,133,176,0.0571484375
RB01176,3_1_F_3_pri.jpg,RecyBat24,train,prismatic,battery_powerbank,640,640,243,381,107,108,0.028212890625
RB01177,3_5_F_2_pri.jpg,RecyBat24,train,prismatic,battery_powerbank,640,640,341,303,122,132,0.03931640625
RB01178,8_5_F_1_pri.jpg,RecyBat24,train,prismatic,battery_powerbank,640,640,134,256,160,189,0.073828125
RB01179,10_5_F_1_pri.jpg,RecyBat24,train,prismatic,battery_powerbank,640,640,182,41,216,285,0.15029296875
RB01180,2_1_F_3_pri.jpg,RecyBat24,train,prismatic,battery_powerbank,640,640,131,303,160,111,0.043359375
RB01181,8_1_F_2_pri.jpg,RecyBat24,train,prismatic,battery_powerbank,640,640,206,244,141,144,0.0495703125
RB01182,5_5_F_2_pri.jpg,RecyBat24,train,prismatic,battery_powerbank,640,640,354,101,196,238,0.11388671875
RB01183,3_5_F_1_pri.jpg,RecyBat24,train,prismatic,battery_powerbank,640,640,263,129,115,123,0.03453369140625
RB01184,9_1_F_3_pri.jpg,RecyBat24,train,prismatic,battery_powerbank,640,640,238,264,119,145,0.04212646484375
RB01185,2_3_F_3_pri.jpg,RecyBat24,train,prismatic,battery_powerbank,640,640,43,166,90,214,0.047021484375
RB01186,4_1_F_1_pri.jpg,RecyBat24,train,prismatic,battery_powerbank,640,640,210,300,102,133,0.0331201171875
RB01187,6_5_F_2_pri.jpg,RecyBat24,train,prismatic,battery_powerbank,640,640,324,93,154,210,0.078955078125
RB01188,11_3_F_3_pri.jpg,RecyBat24,train,prismatic,battery_powerbank,640,640,197,421,117,145,0.04141845703125
RB01189,11_5_F_3_pri.jpg,RecyBat24,train,prismatic,battery_powerbank,640,640,181,73,112,160,0.04375
RB01190,10_2_F_3_pri.jpg,RecyBat24,train,prismatic,battery_powerbank,640,640,11,281,165,253,0.10191650390625
RB01191,8_4_F_3_pri.jpg,RecyBat24,train,prismatic,battery_powerbank,640,640,167,315,140,143,0.048876953125
RB01192,7_1_F_2_pri.jpg,RecyBat24,train,prismatic,battery_powerbank,640,640,168,292,178,117,0.0508447265625
RB01193,7_5_F_1_pri.jpg,RecyBat24,train,prismatic,battery_powerbank,640,640,363,150,99,240,0.0580078125
RB01194,4_2_F_3_pri.jpg,RecyBat24,train,prismatic,battery_powerbank,640,640,315,416,116,155,0.043896484375
RB01195,11_2_F_3_pri.jpg,RecyBat24,train,prismatic,battery_powerbank,640,640,103,289,86,148,0.03107421875
RB01196,9_3_F_3_pri.jpg,RecyBat24,train,prismatic,battery_powerbank,640,640,158,414,152,191,0.07087890625
RB01197,2_3_F_1_pri.jpg,RecyBat24,train,prismatic,battery_powerbank,640,640,63,109,122,229,0.0682080078125
RB01198,10_1_F_2_pri.jpg,RecyBat24,train,prismatic,battery_powerbank,640,640,246,283,137,225,0.07525634765625
RB01199,10_5_F_2_pri.jpg,RecyBat24,train,prismatic,battery_powerbank,640,640,380,276,196,263,0.125849609375
RB01200,5_4_F_2_pri.jpg,RecyBat24,train,prismatic,battery_powerbank,640,640,207,105,196,242,0.11580078125
RB01201,8_4_F_2_pri.jpg,RecyBat24,train,prismatic,battery_powerbank,640,640,245,72,151,168,0.06193359375
RB01202,6_3_F_2_pri.jpg,RecyBat24,train,prismatic,battery_powerbank,640,640,123,406,138,166,0.055927734375
RB01203,10_5_F_3_pri.jpg,RecyBat24,train,prismatic,battery_powerbank,640,640,324,294,179,201,0.08783935546875
RB01204,4_1_F_2_pri.jpg,RecyBat24,train,prismatic,battery_powerbank,640,640,194,325,133,171,0.05552490234375
RB01205,1_1_F_2_pri.jpg,RecyBat24,train,prismatic,battery_powerbank,640,640,177,302,119,186,0.0540380859375
RB01206,1_5_F_1_pri.jpg,RecyBat24,train,prismatic,battery_powerbank,640,640,258,104,147,179,0.06424072265625
RB01207,10_2_F_2_pri.jpg,RecyBat24,train,prismatic,battery_powerbank,640,640,179,307,188,268,0.1230078125
RB01208,11_1_F_3_pri.jpg,RecyBat24,train,prismatic,battery_powerbank,640,640,202,306,112,110,0.030078125
RB01209,1_1_F_1_pri.jpg,RecyBat24,train,prismatic,battery_powerbank,640,640,211,288,130,123,0.0390380859375
RB01210,7_3_F_1_pri.jpg,RecyBat24,train,prismatic,battery_powerbank,640,640,94,382,177,237,0.10241455078125
RB01211,8_4_F_1_pri.jpg,RecyBat24,train,prismatic,battery_powerbank,640,640,173,421,110,182,0.048876953125
RB01212,4_4_F_2_pri.jpg,RecyBat24,train,prismatic,battery_powerbank,640,640,159,121,137,180,0.060205078125
RB01213,4_2_F_1_pri.jpg,RecyBat24,train,prismatic,battery_powerbank,640,640,230,340,123,168,0.05044921875
RB01214,10_4_F_1_pri.jpg,RecyBat24,train,prismatic,battery_powerbank,640,640,154,296,178,183,0.0795263671875
RB01215,6_3_F_3_pri.jpg,RecyBat24,train,prismatic,battery_powerbank,640,640,116,399,146,179,0.0638037109375
RB01216,9_4_F_2_pri.jpg,RecyBat24,train,prismatic,battery_powerbank,640,640,211,72,148,198,0.07154296875
RB01217,5_2_F_1_pri.jpg,RecyBat24,train,prismatic,battery_powerbank,640,640,205,287,201,183,0.08980224609375
RB01218,11_2_F_1_pri.jpg,RecyBat24,train,prismatic,battery_powerbank,640,640,352,388,114,129,0.0359033203125
RB01219,2_1_F_2_pri.jpg,RecyBat24,train,prismatic,battery_powerbank,640,640,177,284,168,136,0.05578125
RB01220,9_2_F_3_pri.jpg,RecyBat24,train,prismatic,battery_powerbank,640,640,288,376,150,194,0.071044921875
RB01221,6_4_F_1_pri.jpg,RecyBat24,train,prismatic,battery_powerbank,640,640,161,177,113,163,0.04496826171875
RB01222,4_4_F_3_pri.jpg,RecyBat24,train,prismatic,battery_powerbank,640,640,314,143,133,175,0.05682373046875
RB01223,6_1_F_2_pri.jpg,RecyBat24,train,prismatic,battery_powerbank,640,640,210,269,126,151,0.0464501953125
RB01224,8_2_F_3_pri.jpg,RecyBat24,train,prismatic,battery_powerbank,640,640,269,526,130,111,0.0352294921875
RB01225,11_1_F_2_pri.jpg,RecyBat24,train,prismatic,battery_powerbank,640,640,217,319,117,147,0.04198974609375
RB01226,2_5_F_3_pri.jpg,RecyBat24,train,prismatic,battery_powerbank,640,640,180,293,154,219,0.0823388671875
RB01227,5_2_F_2_pri.jpg,RecyBat24,train,prismatic,battery_powerbank,640,640,257,396,191,161,0.07507568359375
RB01228,10_1_F_1_pri.jpg,RecyBat24,train,prismatic,battery_powerbank,640,640,151,269,180,185,0.081298828125
RB01229,2_2_F_3_pri.jpg,RecyBat24,train,prismatic,battery_powerbank,640,640,88,386,166,209,0.0847021484375
RB01230,1_4_F_2_pri.jpg,RecyBat24,train,prismatic,battery_powerbank,640,640,265,60,147,197,0.07070068359375
RB01231,3_2_F_3_pri.jpg,RecyBat24,train,prismatic,battery_powerbank,640,640,201,414,84,143,0.029326171875
RB01232,2_5_F_2_pri.jpg,RecyBat24,train,prismatic,battery_powerbank,640,640,286,148,161,131,0.05149169921875
RB01233,4_5_F_2_pri.jpg,RecyBat24,train,prismatic,battery_powerbank,640,640,291,316,101,133,0.03279541015625
RB01234,1_4_F_1_pri.jpg,RecyBat24,train,prismatic,battery_powerbank,640,640,43,141,150,149,0.0545654296875
RB01235,2_1_F_1_pri.jpg,RecyBat24,train,prismatic,battery_powerbank,640,640,121,301,166,128,0.051875
RB01236,7_5_F_2_pri.jpg,RecyBat24,train,prismatic,battery_powerbank,640,640,277,304,175,234,0.0999755859375
RB01237,2_2_F_1_pri.jpg,RecyBat24,train,prismatic,battery_powerbank,640,640,102,376,162,211,0.0834521484375
RB01238,5_1_F_1_pri.jpg,RecyBat24,train,prismatic,battery_powerbank,640,640,114,334,199,142,0.0689892578125
RB01239,7_1_F_1_pri.jpg,RecyBat24,train,prismatic,battery_powerbank,640,640,107,295,179,115,0.05025634765625
RB01240,11_4_F_2_pri.jpg,RecyBat24,train,prismatic,battery_powerbank,640,640,200,187,110,160,0.04296875
RB01241,10_3_F_3_pri.jpg,RecyBat24,train,prismatic,battery_powerbank,640,640,157,433,203,206,0.1020947265625
RB01242,10_4_F_2_pri.jpg,RecyBat24,train,prismatic,battery_powerbank,640,640,114,56,213,288,0.149765625
RB01243,6_4_F_3_pri.jpg,RecyBat24,train,prismatic,battery_powerbank,640,640,130,188,163,208,0.0827734375
RB01244,11_1_F_1_pri.jpg,RecyBat24,train,prismatic,battery_powerbank,640,640,239,320,102,88,0.0219140625
RB01245,1_2_F_2_pri.jpg,RecyBat24,train,prismatic,battery_powerbank,640,640,135,407,128,184,0.0575
RB01246,6_3_F_1_pri.jpg,RecyBat24,train,prismatic,battery_powerbank,640,640,152,401,153,195,0.07283935546875
RB01247,9_3_F_1_pri.jpg,RecyBat24,train,prismatic,battery_powerbank,640,640,424,490,116,138,0.03908203125
RB01248,8_1_F_3_pri.jpg,RecyBat24,train,prismatic,battery_powerbank,640,640,199,281,136,138,0.0458203125
RB01249,5_4_F_3_pri.jpg,RecyBat24,train,prismatic,battery_powerbank,640,640,157,332,94,251,0.0576025390625
RB01250,3_2_F_2_pri.jpg,RecyBat24,train,prismatic,battery_powerbank,640,640,147,372,129,167,0.05259521484375
RB01251,11_5_F_2_pri.jpg,RecyBat24,train,prismatic,battery_powerbank,640,640,266,69,115,162,0.0454833984375
RB01252,8_5_F_3_pri.jpg,RecyBat24,train,prismatic,battery_powerbank,640,640,322,300,150,201,0.0736083984375
RB01253,1_2_F_1_pri.jpg,RecyBat24,train,prismatic,battery_powerbank,640,640,242,476,134,139,0.0454736328125
RB01254,7_2_F_1_pri.jpg,RecyBat24,train,prismatic,battery_powerbank,640,640,217,383,169,238,0.0981982421875
RB01255,11_3_F_1_pri.jpg,RecyBat24,train,prismatic,battery_powerbank,640,640,211,496,103,142,0.0357080078125
RB01256,2_4_F_1_pri.jpg,RecyBat24,train,prismatic,battery_powerbank,640,640,257,107,176,177,0.0760546875
RB01257,11_4_F_1_pri.jpg,RecyBat24,train,prismatic,battery_powerbank,640,640,128,299,92,150,0.03369140625
RB01258,2_4_F_3_pri.jpg,RecyBat24,train,prismatic,battery_powerbank,640,640,177,90,166,226,0.091591796875
RB01259,7_5_F_3_pri.jpg,RecyBat24,train,prismatic,battery_powerbank,640,640,362,303,94,233,0.0534716796875
RB01260,8_3_F_3_pri.jpg,RecyBat24,train,prismatic,battery_powerbank,640,640,286,22,100,186,0.04541015625
RB01261,10_4_F_3_pri.jpg,RecyBat24,train,prismatic,battery_powerbank,640,640,235,61,138,240,0.080859375
RB01262,1_2_F_3_pri.jpg,RecyBat24,train,prismatic,battery_powerbank,640,640,117,513,142,124,0.04298828125
RB01263,8_2_F_1_pri.jpg,RecyBat24,train,prismatic,battery_powerbank,640,640,230,306,131,128,0.0409375
RB01264,8_1_F_1_pri.jpg,RecyBat24,train,prismatic,battery_powerbank,640,640,226,247,137,141,0.04716064453125
RB01265,3_1_F_1_pri.jpg,RecyBat24,train,prismatic,battery_powerbank,640,640,201,301,109,109,0.02900634765625
RB01266,10_3_F_2_pri.jpg,RecyBat24,train,prismatic,battery_powerbank,640,640,93,396,207,242,0.1222998046875
RB01267,6_4_F_2_pri.jpg,RecyBat24,train,prismatic,battery_powerbank,640,640,98,127,118,167,0.0481103515625
RB01268,1_5_F_2_pri.jpg,RecyBat24,train,prismatic,battery_powerbank,640,640,307,378,141,161,0.05542236328125
RB01269,6_5_F_3_pri.jpg,RecyBat24,train,prismatic,battery_powerbank,640,640,301,111,122,174,0.051826171875
RB01270,5_2_F_3_pri.jpg,RecyBat24,train,prismatic,battery_powerbank,640,640,195,309,192,120,0.05625
RB01271,5_5_F_1_pri.jpg,RecyBat24,train,prismatic,battery_powerbank,640,640,128,120,187,260,0.118701171875
RB01272,10_1_F_3_pri.jpg,RecyBat24,train,prismatic,battery_powerbank,640,640,181,276,149,241,0.08766845703125
RB01273,17_5_F_1_pri.jpg,RecyBat24,train,prismatic,battery_powerbank,640,640,208,417,105,116,0.029736328125
RB01274,14_1_F_2_pri.jpg,RecyBat24,train,prismatic,battery_powerbank,640,640,189,208,127,155,0.04805908203125
RB01275,15_1_F_1_pri.jpg,RecyBat24,train,prismatic,battery_powerbank,640,640,246,220,118,140,0.04033203125
RB01276,17_2_F_2_pri.jpg,RecyBat24,train,prismatic,battery_powerbank,640,640,319,178,119,154,0.0447412109375
RB01277,22_4_F_2_pri.jpg,RecyBat24,train,prismatic,battery_powerbank,640,640,182,253,180,111,0.048779296875
RB01278,18_5_F_1_pri.jpg,RecyBat24,train,prismatic,battery_powerbank,640,640,155,465,106,97,0.0251025390625
RB01279,16_2_F_2_pri.jpg,RecyBat24,train,prismatic,battery_powerbank,640,640,117,60,146,185,0.0659423828125
RB01280,18_4_F_3_pri.jpg,RecyBat24,train,prismatic,battery_powerbank,640,640,163,411,116,121,0.034267578125
RB01281,16_3_F_1_pri.jpg,RecyBat24,train,prismatic,battery_powerbank,640,640,115,227,144,174,0.061171875
RB01282,21_1_F_2_pri.jpg,RecyBat24,train,prismatic,battery_powerbank,640,640,120,226,185,134,0.0605224609375
RB01283,12_5_F_2_pri.jpg,RecyBat24,train,prismatic,battery_powerbank,640,640,354,234,139,169,0.05735107421875
RB01284,12_4_F_1_pri.jpg,RecyBat24,train,prismatic,battery_powerbank,640,640,311,33,142,177,0.0613623046875
RB01285,15_1_F_3_pri.jpg,RecyBat24,train,prismatic,battery_powerbank,640,640,213,181,152,205,0.07607421875
RB01286,17_4_F_1_pri.jpg,RecyBat24,train,prismatic,battery_powerbank,640,640,344,164,118,145,0.0417724609375
RB01287,16_4_F_2_pri.jpg,RecyBat24,train,prismatic,battery_powerbank,640,640,278,397,137,171,0.05719482421875
RB01288,15_2_F_1_pri.jpg,RecyBat24,train,prismatic,battery_powerbank,640,640,128,99,142,191,0.0662158203125
RB01289,19_1_F_2_pri.jpg,RecyBat24,train,prismatic,battery_powerbank,640,640,240,220,112,115,0.0314453125
RB01290,19_4_F_3_pri.jpg,RecyBat24,train,prismatic,battery_powerbank,640,640,151,255,99,155,0.03746337890625
RB01291,21_2_F_2_pri.jpg,RecyBat24,train,prismatic,battery_powerbank,640,640,99,102,156,251,0.095595703125
RB01292,19_5_F_1_pri.jpg,RecyBat24,train,prismatic,battery_powerbank,640,640,329,173,98,153,0.0366064453125
RB01293,19_1_F_1_pri.jpg,RecyBat24,train,prismatic,battery_powerbank,640,640,247,267,102,91,0.0226611328125
RB01294,12_3_F_2_pri.jpg,RecyBat24,train,prismatic,battery_powerbank,640,640,97,120,153,194,0.0724658203125
RB01295,13_5_F_2_pri.jpg,RecyBat24,train,prismatic,battery_powerbank,640,640,135,456,144,179,0.0629296875
RB01296,17_3_F_3_pri.jpg,RecyBat24,train,prismatic,battery_powerbank,640,640,286,50,119,153,0.04445068359375
RB01297,12_5_F_1_pri.jpg,RecyBat24,train,prismatic,battery_powerbank,640,640,211,409,123,131,0.03933837890625
RB01298,13_2_F_2_pri.jpg,RecyBat24,train,prismatic,battery_powerbank,640,640,297,0,157,210,0.0804931640625
RB01299,20_3_F_2_pri.jpg,RecyBat24,train,prismatic,battery_powerbank,640,640,318,431,141,143,0.04922607421875
RB01300,12_2_F_2_pri.jpg,RecyBat24,train,prismatic,battery_powerbank,640,640,163,179,103,165,0.04149169921875
RB01301,14_2_F_3_pri.jpg,RecyBat24,train,prismatic,battery_powerbank,640,640,326,130,121,149,0.04401611328125
RB01302,18_1_F_1_pri.jpg,RecyBat24,train,prismatic,battery_powerbank,640,640,222,216,104,94,0.0238671875
RB01303,19_4_F_2_pri.jpg,RecyBat24,train,prismatic,battery_powerbank,640,640,341,430,119,133,0.03864013671875
RB01304,18_5_F_3_pri.jpg,RecyBat24,train,prismatic,battery_powerbank,640,640,106,211,87,146,0.0310107421875
RB01305,20_3_F_1_pri.jpg,RecyBat24,train,prismatic,battery_powerbank,640,640,306,3,139,203,0.06888916015625
RB01306,14_2_F_1_pri.jpg,RecyBat24,train,prismatic,battery_powerbank,640,640,78,184,133,158,0.0513037109375
RB01307,18_1_F_3_pri.jpg,RecyBat24,train,prismatic,battery_powerbank,640,640,247,242,106,101,0.0261376953125
RB01308,14_4_F_3_pri.jpg,RecyBat24,train,prismatic,battery_powerbank,640,640,214,416,130,163,0.0517333984375
RB01309,19_1_F_3_pri.jpg,RecyBat24,train,prismatic,battery_powerbank,640,640,240,251,107,101,0.02638427734375
RB01310,17_4_F_2_pri.jpg,RecyBat24,train,prismatic,battery_powerbank,640,640,216,436,109,126,0.0335302734375
RB01311,17_1_F_1_pri.jpg,RecyBat24,train,prismatic,battery_powerbank,640,640,228,245,103,111,0.02791259765625
RB01312,15_4_F_3_pri.jpg,RecyBat24,train,prismatic,battery_powerbank,640,640,195,26,142,192,0.0665625
RB01313,21_2_F_1_pri.jpg,RecyBat24,train,prismatic,battery_powerbank,640,640,177,115,90,230,0.050537109375
RB01314,12_3_F_3_pri.jpg,RecyBat24,train,prismatic,battery_powerbank,640,640,154,38,148,183,0.066123046875
RB01315,16_4_F_3_pri.jpg,RecyBat24,train,prismatic,battery_powerbank,640,640,205,407,142,192,0.0665625
RB01316,20_1_F_3_pri.jpg,RecyBat24,train,prismatic,battery_powerbank,640,640,192,210,157,170,0.0651611328125
RB01317,18_4_F_2_pri.jpg,RecyBat24,train,prismatic,battery_powerbank,640,640,202,416,108,101,0.026630859375
RB01318,22_4_F_3_pri.jpg,RecyBat24,train,prismatic,battery_powerbank,640,640,203,419,191,167,0.07787353515625
RB01319,19_5_F_2_pri.jpg,RecyBat24,train,prismatic,battery_powerbank,640,640,181,400,94,154,0.035341796875
RB01320,16_1_F_3_pri.jpg,RecyBat24,train,prismatic,battery_powerbank,640,640,198,180,155,199,0.07530517578125
RB01321,20_1_F_1_pri.jpg,RecyBat24,train,prismatic,battery_powerbank,640,640,223,201,161,192,0.07546875
RB01322,15_1_F_2_pri.jpg,RecyBat24,train,prismatic,battery_powerbank,640,640,179,214,152,196,0.072734375
RB01323,20_2_F_1_pri.jpg,RecyBat24,train,prismatic,battery_powerbank,640,640,150,100,146,213,0.0759228515625
RB01324,21_3_F_1_pri.jpg,RecyBat24,train,prismatic,battery_powerbank,640,640,271,18,180,227,0.099755859375
RB01325,14_3_F_2_pri.jpg,RecyBat24,train,prismatic,battery_powerbank,640,640,187,37,143,195,0.06807861328125
RB01326,17_1_F_2_pri.jpg,RecyBat24,train,prismatic,battery_powerbank,640,640,200,216,108,119,0.031376953125
RB01327,15_2_F_3_pri.jpg,RecyBat24,train,prismatic,battery_powerbank,640,640,200,413,147,192,0.06890625
RB01328,22_5_F_2_pri.jpg,RecyBat24,train,prismatic,battery_powerbank,640,640,205,427,181,131,0.05788818359375
RB01329,13_1_F_2_pri.jpg,RecyBat24,train,prismatic,battery_powerbank,640,640,190,160,155,211,0.07984619140625
RB01330,21_5_F_1_pri.jpg,RecyBat24,train,prismatic,battery_powerbank,640,640,183,439,182,126,0.055986328125
RB01331,22_2_F_1_pri.jpg,RecyBat24,train,prismatic,battery_powerbank,640,640,121,115,134,254,0.083095703125
RB01332,18_3_F_2_pri.jpg,RecyBat24,train,prismatic,battery_powerbank,640,640,292,174,110,150,0.040283203125
RB01333,20_4_F_2_pri.jpg,RecyBat24,train,prismatic,battery_powerbank,640,640,317,431,142,143,0.0495751953125
RB01334,22_1_F_2_pri.jpg,RecyBat24,train,prismatic,battery_powerbank,640,640,177,60,188,220,0.1009765625
RB01335,18_2_F_1_pri.jpg,RecyBat24,train,prismatic,battery_powerbank,640,640,339,175,104,151,0.03833984375
RB01336,16_4_F_1_pri.jpg,RecyBat24,train,prismatic,battery_powerbank,640,640,250,414,141,176,0.0605859375
RB01337,20_2_F_3_pri.jpg,RecyBat24,train,prismatic,battery_powerbank,640,640,218,54,136,127,0.04216796875
RB01338,12_1_F_1_pri.jpg,RecyBat24,train,prismatic,battery_powerbank,640,640,205,202,128,144,0.045
RB01339,19_2_F_2_pri.jpg,RecyBat24,train,prismatic,battery_powerbank,640,640,141,102,81,144,0.0284765625
RB01340,19_2_F_3_pri.jpg,RecyBat24,train,prismatic,battery_powerbank,640,640,343,196,81,144,0.0284765625
RB01341,19_5_F_3_pri.jpg,RecyBat24,train,prismatic,battery_powerbank,640,640,184,414,112,111,0.0303515625
RB01342,17_2_F_1_pri.jpg,RecyBat24,train,prismatic,battery_powerbank,640,640,146,210,82,132,0.02642578125
RB01343,22_5_F_3_pri.jpg,RecyBat24,train,prismatic,battery_powerbank,640,640,357,123,118,246,0.070869140625
RB01344,16_3_F_2_pri.jpg,RecyBat24,train,prismatic,battery_powerbank,640,640,323,118,117,140,0.039990234375
RB01345,12_5_F_3_pri.jpg,RecyBat24,train,prismatic,battery_powerbank,640,640,265,407,124,140,0.0423828125
RB01346,21_1_F_1_pri.jpg,RecyBat24,train,prismatic,battery_powerbank,640,640,215,228,177,111,0.04796630859375
RB01347,12_1_F_2_pri.jpg,RecyBat24,train,prismatic,battery_powerbank,640,640,222,184,141,193,0.06643798828125
RB01348,16_1_F_2_pri.jpg,RecyBat24,train,prismatic,battery_powerbank,640,640,219,182,144,176,0.061875
RB01349,14_4_F_1_pri.jpg,RecyBat24,train,prismatic,battery_powerbank,640,640,286,39,147,196,0.070341796875
RB01350,14_5_F_2_pri.jpg,RecyBat24,train,prismatic,battery_powerbank,640,640,200,380,153,206,0.0769482421875
RB01351,13_1_F_1_pri.jpg,RecyBat24,train,prismatic,battery_powerbank,640,640,270,213,124,148,0.0448046875
RB01352,13_5_F_3_pri.jpg,RecyBat24,train,prismatic,battery_powerbank,640,640,340,241,152,207,0.07681640625
RB01353,14_1_F_3_pri.jpg,RecyBat24,train,prismatic,battery_powerbank,640,640,183,172,144,193,0.0678515625
RB01354,20_2_F_2_pri.jpg,RecyBat24,train,prismatic,battery_powerbank,640,640,149,0,156,194,0.07388671875
RB01355,20_3_F_3_pri.jpg,RecyBat24,train,prismatic,battery_powerbank,640,640,115,150,132,205,0.066064453125
RB01356,12_3_F_1_pri.jpg,RecyBat24,train,prismatic,battery_powerbank,640,640,171,55,146,177,0.0630908203125
RB01357,15_4_F_1_pri.jpg,RecyBat24,train,prismatic,battery_powerbank,640,640,347,138,149,197,0.07166259765625
RB01358,18_2_F_2_pri.jpg,RecyBat24,train,prismatic,battery_powerbank,640,640,195,178,87,146,0.0310107421875
RB01359,17_3_F_1_pri.jpg,RecyBat24,train,prismatic,battery_powerbank,640,640,230,55,119,144,0.0418359375
RB01360,21_3_F_3_pri.jpg,RecyBat24,train,prismatic,battery_powerbank,640,640,213,54,174,113,0.0480029296875
RB01361,15_5_F_2_pri.jpg,RecyBat24,train,prismatic,battery_powerbank,640,640,373,222,141,182,0.0626513671875
RB01362,13_2_F_3_pri.jpg,RecyBat24,train,prismatic,battery_powerbank,640,640,114,105,168,217,0.08900390625
RB01363,20_4_F_1_pri.jpg,RecyBat24,train,prismatic,battery_powerbank,640,640,294,408,115,197,0.05531005859375
RB01364,22_5_F_1_pri.jpg,RecyBat24,train,prismatic,battery_powerbank,640,640,101,178,102,247,0.0615087890625
RB01365,18_2_F_3_pri.jpg,RecyBat24,train,prismatic,battery_powerbank,640,640,351,112,92,148,0.0332421875
RB01366,16_5_F_1_pri.jpg,RecyBat24,train,prismatic,battery_powerbank,640,640,297,93,152,197,0.07310546875
RB01367,13_4_F_1_pri.jpg,RecyBat24,train,prismatic,battery_powerbank,640,640,347,67,158,210,0.081005859375
RB01368,15_4_F_2_pri.jpg,RecyBat24,train,prismatic,battery_powerbank,640,640,141,160,131,158,0.0505322265625
RB01369,21_2_F_3_pri.jpg,RecyBat24,train,prismatic,battery_powerbank,640,640,104,66,140,252,0.0861328125
RB01370,22_1_F_3_pri.jpg,RecyBat24,train,prismatic,battery_powerbank,640,640,91,201,84,240,0.04921875
RB01371,22_2_F_3_pri.jpg,RecyBat24,train,prismatic,battery_powerbank,640,640,163,112,190,153,0.0709716796875
RB01372,15_5_F_3_pri.jpg,RecyBat24,train,prismatic,battery_powerbank,640,640,225,423,153,201,0.07508056640625
RB01373,17_3_F_2_pri.jpg,RecyBat24,train,prismatic,battery_powerbank,640,640,223,75,115,137,0.03846435546875
RB01374,12_4_F_3_pri.jpg,RecyBat24,train,prismatic,battery_powerbank,640,640,370,195,142,189,0.0655224609375
RB01375,19_2_F_1_pri.jpg,RecyBat24,train,prismatic,battery_powerbank,640,640,205,89,89,148,0.032158203125
RB01376,15_3_F_3_pri.jpg,RecyBat24,train,prismatic,battery_powerbank,640,640,94,164,159,208,0.0807421875
RB01377,22_1_F_1_pri.jpg,RecyBat24,train,prismatic,battery_powerbank,640,640,186,259,176,108,0.04640625
RB01378,16_3_F_3_pri.jpg,RecyBat24,train,prismatic,battery_powerbank,640,640,135,66,124,170,0.05146484375
RB01379,14_3_F_3_pri.jpg,RecyBat24,train,prismatic,battery_powerbank,640,640,201,31,135,166,0.0547119140625
RB01380,21_4_F_1_pri.jpg,RecyBat24,train,prismatic,battery_powerbank,640,640,338,244,183,149,0.06656982421875
RB01381,12_2_F_3_pri.jpg,RecyBat24,train,prismatic,battery_powerbank,640,640,101,162,112,172,0.04703125
RB01382,21_4_F_3_pri.jpg,RecyBat24,train,prismatic,battery_powerbank,640,640,289,108,173,238,0.1005224609375
RB01383,20_5_F_1_pri.jpg,RecyBat24,train,prismatic,battery_powerbank,640,640,141,406,147,151,0.05419189453125
RB01384,13_3_F_1_pri.jpg,RecyBat24,train,prismatic,battery_powerbank,640,640,225,54,119,171,0.04968017578125
RB01385,20_4_F_3_pri.jpg,RecyBat24,train,prismatic,battery_powerbank,640,640,353,154,114,189,0.0526025390625
RB01386,16_5_F_2_pri.jpg,RecyBat24,train,prismatic,battery_powerbank,640,640,129,418,144,179,0.0629296875
RB01387,13_3_F_3_pri.jpg,RecyBat24,train,prismatic,battery_powerbank,640,640,203,51,122,176,0.052421875
RB01388,19_3_F_1_pri.jpg,RecyBat24,train,prismatic,battery_powerbank,640,640,132,170,105,158,0.0405029296875
RB01389,16_2_F_3_pri.jpg,RecyBat24,train,prismatic,battery_powerbank,640,640,283,92,147,195,0.06998291015625
RB01390,12_1_F_3_pri.jpg,RecyBat24,train,prismatic,battery_powerbank,640,640,226,162,132,150,0.04833984375
RB01391,17_4_F_3_pri.jpg,RecyBat24,train,prismatic,battery_powerbank,640,640,231,442,100,109,0.026611328125
RB01392,13_5_F_1_pri.jpg,RecyBat24,train,prismatic,battery_powerbank,640,640,267,373,163,216,0.08595703125
RB01393,21_5_F_2_pri.jpg,RecyBat24,train,prismatic,battery_powerbank,640,640,182,410,177,113,0.04883056640625
RB01394,16_5_F_3_pri.jpg,RecyBat24,train,prismatic,battery_powerbank,640,640,361,172,149,202,0.0734814453125
RB01395,14_4_F_2_pri.jpg,RecyBat24,train,prismatic,battery_powerbank,640,640,294,112,152,199,0.07384765625
RB01396,21_1_F_3_pri.jpg,RecyBat24,train,prismatic,battery_powerbank,640,640,170,238,176,113,0.0485546875
RB01397,15_5_F_1_pri.jpg,RecyBat24,train,prismatic,battery_powerbank,640,640,256,389,144,184,0.0646875
RB01398,13_3_F_2_pri.jpg,RecyBat24,train,prismatic,battery_powerbank,640,640,169,64,162,215,0.0850341796875
RB01399,22_2_F_2_pri.jpg,RecyBat24,train,prismatic,battery_powerbank,640,640,368,137,112,242,0.066171875
RB01400,14_5_F_3_pri.jpg,RecyBat24,train,prismatic,battery_powerbank,640,640,151,175,156,204,0.0776953125
RB01401,21_5_F_3_pri.jpg,RecyBat24,train,prismatic,battery_powerbank,640,640,228,394,179,128,0.0559375
RB01402,14_1_F_1_pri.jpg,RecyBat24,train,prismatic,battery_powerbank,640,640,193,176,132,161,0.051884765625
RB01403,19_3_F_3_pri.jpg,RecyBat24,train,prismatic,battery_powerbank,640,640,205,122,118,150,0.043212890625
RB01404,12_2_F_1_pri.jpg,RecyBat24,train,prismatic,battery_powerbank,640,640,95,173,108,168,0.044296875
RB01405,19_4_F_1_pri.jpg,RecyBat24,train,prismatic,battery_powerbank,640,640,230,414,110,107,0.0287353515625
RB01406,13_4_F_2_pri.jpg,RecyBat24,train,prismatic,battery_powerbank,640,640,297,397,148,188,0.0679296875
RB01407,22_3_F_2_pri.jpg,RecyBat24,train,prismatic,battery_powerbank,640,640,182,251,180,113,0.049658203125
RB01408,13_2_F_1_pri.jpg,RecyBat24,train,prismatic,battery_powerbank,640,640,147,164,165,216,0.08701171875
RB01409,16_2_F_1_pri.jpg,RecyBat24,train,prismatic,battery_powerbank,640,640,191,101,153,203,0.07582763671875
RB01410,20_1_F_2_pri.jpg,RecyBat24,train,prismatic,battery_powerbank,640,640,187,207,140,128,0.04375
RB01411,13_4_F_3_pri.jpg,RecyBat24,train,prismatic,battery_powerbank,640,640,325,59,154,209,0.0785791015625
RB01412,14_5_F_1_pri.jpg,RecyBat24,train,prismatic,battery_powerbank,640,640,296,396,133,186,0.0603955078125
RB01413,18_1_F_2_pri.jpg,RecyBat24,train,prismatic,battery_powerbank,640,640,171,180,113,152,0.04193359375
RB01414,17_5_F_2_pri.jpg,RecyBat24,train,prismatic,battery_powerbank,640,640,135,218,90,139,0.0305419921875
RB01415,15_2_F_2_pri.jpg,RecyBat24,train,prismatic,battery_powerbank,640,640,114,146,127,171,0.05302001953125
RB01416,18_3_F_3_pri.jpg,RecyBat24,train,prismatic,battery_powerbank,640,640,183,76,78,141,0.0268505859375
RB01417,15_3_F_2_pri.jpg,RecyBat24,train,prismatic,battery_powerbank,640,640,243,38,151,195,0.07188720703125
RB01418,14_3_F_1_pri.jpg,RecyBat24,train,prismatic,battery_powerbank,640,640,156,42,139,167,0.05667236328125
RB01419,18_5_F_2_pri.jpg,RecyBat24,train,prismatic,battery_powerbank,640,640,97,125,118,153,0.0440771484375
RB01420,22_3_F_3_pri.jpg,RecyBat24,train,prismatic,battery_powerbank,640,640,298,160,111,245,0.06639404296875
RB01421,20_5_F_2_pri.jpg,RecyBat24,train,prismatic,battery_powerbank,640,640,138,422,157,217,0.08317626953125
RB01422,21_4_F_2_pri.jpg,RecyBat24,train,prismatic,battery_powerbank,640,640,291,193,187,211,0.09633056640625
RB01423,12_4_F_2_pri.jpg,RecyBat24,train,prismatic,battery_powerbank,640,640,269,85,123,139,0.04174072265625
RB01424,21_3_F_2_pri.jpg,RecyBat24,train,prismatic,battery_powerbank,640,640,217,53,181,139,0.06142333984375
RB01425,20_5_F_3_pri.jpg,RecyBat24,train,prismatic,battery_powerbank,640,640,272,383,154,168,0.0631640625
RB01426,18_3_F_1_pri.jpg,RecyBat24,train,prismatic,battery_powerbank,640,640,227,45,99,151,0.03649658203125
RB01427,16_1_F_1_pri.jpg,RecyBat24,train,prismatic,battery_powerbank,640,640,218,230,120,147,0.04306640625
RB01428,17_5_F_3_pri.jpg,RecyBat24,train,prismatic,battery_powerbank,640,640,97,121,122,160,0.04765625
RB01429,17_2_F_3_pri.jpg,RecyBat24,train,prismatic,battery_powerbank,640,640,391,185,105,114,0.0292236328125
RB01430,18_4_F_1_pri.jpg,RecyBat24,train,prismatic,battery_powerbank,640,640,285,195,114,145,0.0403564453125
RB01431,19_3_F_2_pri.jpg,RecyBat24,train,prismatic,battery_powerbank,640,640,305,53,119,146,0.0424169921875
RB01432,22_3_F_1_pri.jpg,RecyBat24,train,prismatic,battery_powerbank,640,640,250,121,181,138,0.0609814453125
RB01433,15_3_F_1_pri.jpg,RecyBat24,train,prismatic,battery_powerbank,640,640,276,28,111,159,0.04308837890625
RB01434,14_2_F_2_pri.jpg,RecyBat24,train,prismatic,battery_powerbank,640,640,57,151,162,210,0.083056640625
RB01435,13_1_F_3_pri.jpg,RecyBat24,train,prismatic,battery_powerbank,640,640,203,151,161,209,0.08215087890625
RB01436,22_4_F_1_pri.jpg,RecyBat24,train,prismatic,battery_powerbank,640,640,188,422,181,114,0.0503759765625
RB01437,17_1_F_3_pri.jpg,RecyBat24,train,prismatic,battery_powerbank,640,640,259,162,120,147,0.04306640625
RB01438,26_2_3_cyl.jpg,RecyBat24,val,cylindric,battery_powerbank,640,640,219,488,129,67,0.02110107421875
RB01439,26_1_2_cyl.jpg,RecyBat24,val,cylindric,battery_powerbank,640,640,157,272,127,77,0.02387451171875
RB01440,19_2_1_cyl.jpg,RecyBat24,val,cylindric,battery_powerbank,640,640,161,418,111,159,0.04308837890625
RB01441,19_2_1_cyl.jpg,RecyBat24,val,cylindric,battery_powerbank,640,640,198,462,99,141,0.03407958984375
RB01442,19_1_1_cyl.jpg,RecyBat24,val,cylindric,battery_powerbank,640,640,208,292,140,53,0.018115234375
RB01443,19_1_1_cyl.jpg,RecyBat24,val,cylindric,battery_powerbank,640,640,205,238,140,66,0.02255859375
RB01444,26_4_2_cyl.jpg,RecyBat24,val,cylindric,battery_powerbank,640,640,342,173,129,125,0.03936767578125
RB01445,24_1_1_cyl.jpg,RecyBat24,val,cylindric,battery_powerbank,640,640,194,297,106,162,0.041923828125
RB01446,24_2_2_cyl.jpg,RecyBat24,val,cylindric,battery_powerbank,640,640,92,469,125,129,0.03936767578125
RB01447,17_4_3_cyl.jpg,RecyBat24,val,cylindric,battery_powerbank,640,640,296,28,126,144,0.044296875
RB01448,20_4_1_cyl.jpg,RecyBat24,val,cylindric,battery_powerbank,640,640,353,433,132,65,0.020947265625
RB01449,16_4_2_cyl.jpg,RecyBat24,val,cylindric,battery_powerbank,640,640,407,47,116,164,0.0464453125
RB01450,16_4_2_cyl.jpg,RecyBat24,val,cylindric,battery_powerbank,640,640,436,84,109,155,0.04124755859375
RB01451,22_4_1_cyl.jpg,RecyBat24,val,cylindric,battery_powerbank,640,640,370,101,104,170,0.0431640625
RB01452,25_1_1_cyl.jpg,RecyBat24,val,cylindric,battery_powerbank,640,640,253,242,117,143,0.04084716796875
RB01453,29_2_3_cyl.jpg,RecyBat24,val,cylindric,battery_powerbank,640,640,223,403,57,170,0.0236572265625
RB01454,16_1_2_cyl.jpg,RecyBat24,val,cylindric,battery_powerbank,640,640,268,274,44,176,0.01890625
RB01455,16_1_2_cyl.jpg,RecyBat24,val,cylindric,battery_powerbank,640,640,309,274,34,175,0.0145263671875
RB01456,19_3_1_cyl.jpg,RecyBat24,val,cylindric,battery_powerbank,640,640,401,388,130,109,0.0345947265625
RB01457,19_3_1_cyl.jpg,RecyBat24,val,cylindric,battery_powerbank,640,640,423,436,119,99,0.02876220703125
RB01458,23_4_2_cyl.jpg,RecyBat24,val,cylindric,battery_powerbank,640,640,234,16,136,71,0.02357421875
RB01459,23_2_3_cyl.jpg,RecyBat24,val,cylindric,battery_powerbank,640,640,162,477,112,142,0.038828125
RB01460,17_5_3_cyl.jpg,RecyBat24,val,cylindric,battery_powerbank,640,640,346,403,130,93,0.0295166015625
RB01461,24_3_1_cyl.jpg,RecyBat24,val,cylindric,battery_powerbank,640,640,3,111,150,86,0.031494140625
RB01462,23_1_1_cyl.jpg,RecyBat24,val,cylindric,battery_powerbank,640,640,259,282,131,61,0.01950927734375
RB01463,16_5_2_cyl.jpg,RecyBat24,val,cylindric,battery_powerbank,640,640,378,448,135,53,0.01746826171875
RB01464,16_5_2_cyl.jpg,RecyBat24,val,cylindric,battery_powerbank,640,640,382,497,130,47,0.0149169921875
RB01465,29_5_3_cyl.jpg,RecyBat24,val,cylindric,battery_powerbank,640,640,145,240,132,64,0.020625
RB01466,19_4_2_cyl.jpg,RecyBat24,val,cylindric,battery_powerbank,640,640,317,69,134,122,0.039912109375
RB01467,19_4_2_cyl.jpg,RecyBat24,val,cylindric,battery_powerbank,640,640,347,114,121,126,0.0372216796875
RB01468,26_3_1_cyl.jpg,RecyBat24,val,cylindric,battery_powerbank,640,640,87,437,42,177,0.0181494140625
RB01469,25_3_2_cyl.jpg,RecyBat24,val,cylindric,battery_powerbank,640,640,208,279,97,164,0.038837890625
RB01470,17_5_1_cyl.jpg,RecyBat24,val,cylindric,battery_powerbank,640,640,413,5,124,151,0.045712890625
RB01471,23_3_1_cyl.jpg,RecyBat24,val,cylindric,battery_powerbank,640,640,172,35,64,186,0.0290625
RB01472,24_4_3_cyl.jpg,RecyBat24,val,cylindric,battery_powerbank,640,640,138,74,124,161,0.048740234375
RB01473,25_4_1_cyl.jpg,RecyBat24,val,cylindric,battery_powerbank,640,640,236,107,96,173,0.040546875
RB01474,26_5_3_cyl.jpg,RecyBat24,val,cylindric,battery_powerbank,640,640,365,175,130,119,0.0377685546875
RB01475,18_4_2_cyl.jpg,RecyBat24,val,cylindric,battery_powerbank,640,640,393,428,124,121,0.036630859375
RB01476,17_5_2_cyl.jpg,RecyBat24,val,cylindric,battery_powerbank,640,640,345,433,130,54,0.017138671875
RB01477,23_1_3_cyl.jpg,RecyBat24,val,cylindric,battery_powerbank,640,640,200,257,117,146,0.0417041015625
RB01478,21_4_1_cyl.jpg,RecyBat24,val,cylindric,battery_powerbank,640,640,368,40,93,178,0.0404150390625
RB01479,21_2_3_cyl.jpg,RecyBat24,val,cylindric,battery_powerbank,640,640,74,479,137,78,0.0260888671875
RB01480,21_5_3_cyl.jpg,RecyBat24,val,cylindric,battery_powerbank,640,640,164,500,131,64,0.02046875
RB01481,29_4_1_cyl.jpg,RecyBat24,val,cylindric,battery_powerbank,640,640,271,183,118,146,0.042060546875
RB01482,27_4_3_cyl.jpg,RecyBat24,val,cylindric,battery_powerbank,640,640,365,390,127,60,0.018603515625
RB01483,26_4_1_cyl.jpg,RecyBat24,val,cylindric,battery_powerbank,640,640,66,84,130,141,0.0447509765625
RB01484,18_1_1_cyl.jpg,RecyBat24,val,cylindric,battery_powerbank,640,640,230,293,126,109,0.0335302734375
RB01485,24_5_1_cyl.jpg,RecyBat24,val,cylindric,battery_powerbank,640,640,272,458,129,59,0.01858154296875
RB01486,27_3_1_cyl.jpg,RecyBat24,val,cylindric,battery_powerbank,640,640,101,347,40,170,0.0166015625
RB01487,22_2_3_cyl.jpg,RecyBat24,val,cylindric,battery_powerbank,640,640,161,439,132,61,0.019658203125
RB01488,23_5_2_cyl.jpg,RecyBat24,val,cylindric,battery_powerbank,640,640,322,238,83,159,0.03221923828125
RB01489,21_1_2_cyl.jpg,RecyBat24,val,cylindric,battery_powerbank,640,640,145,296,134,107,0.0350048828125
RB01490,29_5_1_cyl.jpg,RecyBat24,val,cylindric,battery_powerbank,640,640,240,267,131,102,0.0326220703125
RB01491,25_4_2_cyl.jpg,RecyBat24,val,cylindric,battery_powerbank,640,640,66,43,111,171,0.04634033203125
RB01492,19_4_3_cyl.jpg,RecyBat24,val,cylindric,battery_powerbank,640,640,373,448,129,87,0.02739990234375
RB01493,19_4_3_cyl.jpg,RecyBat24,val,cylindric,battery_powerbank,640,640,353,398,130,100,0.03173828125
RB01494,20_5_1_cyl.jpg,RecyBat24,val,cylindric,battery_powerbank,640,640,357,68,118,164,0.04724609375
RB01495,25_2_2_cyl.jpg,RecyBat24,val,cylindric,battery_powerbank,640,640,81,473,108,158,0.04166015625
RB01496,23_1_2_cyl.jpg,RecyBat24,val,cylindric,battery_powerbank,640,640,176,306,122,132,0.03931640625
RB01497,24_3_3_cyl.jpg,RecyBat24,val,cylindric,battery_powerbank,640,640,111,519,129,66,0.0207861328125
RB01498,17_4_1_cyl.jpg,RecyBat24,val,cylindric,battery_powerbank,640,640,251,67,53,179,0.02316162109375
RB01499,20_5_2_cyl.jpg,RecyBat24,val,cylindric,battery_powerbank,640,640,401,404,118,147,0.0423486328125
RB01500,28_4_2_cyl.jpg,RecyBat24,val,cylindric,battery_powerbank,640,640,277,82,135,66,0.0217529296875
RB01501,18_5_1_cyl.jpg,RecyBat24,val,cylindric,battery_powerbank,640,640,276,128,98,165,0.0394775390625
RB01502,17_4_2_cyl.jpg,RecyBat24,val,cylindric,battery_powerbank,640,640,292,16,107,169,0.04414794921875
RB01503,28_5_3_cyl.jpg,RecyBat24,val,cylindric,battery_powerbank,640,640,327,464,133,87,0.02824951171875
RB01504,20_1_3_cyl.jpg,RecyBat24,val,cylindric,battery_powerbank,640,640,213,248,90,174,0.038232421875
RB01505,21_1_3_cyl.jpg,RecyBat24,val,cylindric,battery_powerbank,640,640,155,294,129,135,0.04251708984375
RB01506,26_5_2_cyl.jpg,RecyBat24,val,cylindric,battery_powerbank,640,640,244,116,43,180,0.018896484375
RB01507,22_5_3_cyl.jpg,RecyBat24,val,cylindric,battery_powerbank,640,640,427,247,74,173,0.0312548828125
RB01508,25_4_3_cyl.jpg,RecyBat24,val,cylindric,battery_powerbank,640,640,258,13,43,187,0.01963134765625
RB01509,20_4_2_cyl.jpg,RecyBat24,val,cylindric,battery_powerbank,640,640,392,41,46,186,0.020888671875
RB01510,28_3_2_cyl.jpg,RecyBat24,val,cylindric,battery_powerbank,640,640,5,45,117,152,0.04341796875
RB01511,22_4_2_cyl.jpg,RecyBat24,val,cylindric,battery_powerbank,640,640,285,66,117,164,0.046845703125
RB01512,27_4_1_cyl.jpg,RecyBat24,val,cylindric,battery_powerbank,640,640,89,65,125,147,0.04486083984375
RB01513,20_2_1_cyl.jpg,RecyBat24,val,cylindric,battery_powerbank,640,640,61,315,139,116,0.039365234375
RB01514,22_1_2_cyl.jpg,RecyBat24,val,cylindric,battery_powerbank,640,640,120,295,135,54,0.0177978515625
RB01515,20_2_3_cyl.jpg,RecyBat24,val,cylindric,battery_powerbank,640,640,135,434,91,167,0.03710205078125
RB01516,19_4_1_cyl.jpg,RecyBat24,val,cylindric,battery_powerbank,640,640,208,44,144,80,0.028125
RB01517,19_4_1_cyl.jpg,RecyBat24,val,cylindric,battery_powerbank,640,640,210,107,139,67,0.02273681640625
RB01518,27_5_3_cyl.jpg,RecyBat24,val,cylindric,battery_powerbank,640,640,306,13,125,143,0.04364013671875
RB01519,28_4_3_cyl.jpg,RecyBat24,val,cylindric,battery_powerbank,640,640,301,48,134,138,0.045146484375
RB01520,19_5_2_cyl.jpg,RecyBat24,val,cylindric,battery_powerbank,640,640,120,194,147,89,0.03194091796875
RB01521,19_5_2_cyl.jpg,RecyBat24,val,cylindric,battery_powerbank,640,640,103,136,137,106,0.0354541015625
RB01522,27_1_2_cyl.jpg,RecyBat24,val,cylindric,battery_powerbank,640,640,214,301,130,85,0.0269775390625
RB01523,25_2_1_cyl.jpg,RecyBat24,val,cylindric,battery_powerbank,640,640,314,448,130,73,0.0231689453125
RB01524,25_3_1_cyl.jpg,RecyBat24,val,cylindric,battery_powerbank,640,640,129,466,133,87,0.02824951171875
RB01525,23_5_3_cyl.jpg,RecyBat24,val,cylindric,battery_powerbank,640,640,307,460,119,126,0.0366064453125
RB01526,17_3_2_cyl.jpg,RecyBat24,val,cylindric,battery_powerbank,640,640,118,28,125,159,0.04852294921875
RB01527,21_3_3_cyl.jpg,RecyBat24,val,cylindric,battery_powerbank,640,640,63,125,145,92,0.032568359375
RB01528,29_3_2_cyl.jpg,RecyBat24,val,cylindric,battery_powerbank,640,640,129,425,130,69,0.0218994140625
RB01529,25_3_3_cyl.jpg,RecyBat24,val,cylindric,battery_powerbank,640,640,42,468,100,162,0.03955078125
RB01530,26_1_1_cyl.jpg,RecyBat24,val,cylindric,battery_powerbank,640,640,201,259,89,167,0.03628662109375
RB01531,25_5_3_cyl.jpg,RecyBat24,val,cylindric,battery_powerbank,640,640,358,395,132,93,0.029970703125
RB01532,22_1_3_cyl.jpg,RecyBat24,val,cylindric,battery_powerbank,640,640,135,315,134,59,0.0193017578125
RB01533,24_1_2_cyl.jpg,RecyBat24,val,cylindric,battery_powerbank,640,640,180,227,98,161,0.0385205078125
RB01534,23_3_2_cyl.jpg,RecyBat24,val,cylindric,battery_powerbank,640,640,106,279,135,108,0.035595703125
RB01535,29_3_1_cyl.jpg,RecyBat24,val,cylindric,battery_powerbank,640,640,347,299,129,69,0.02173095703125
RB01536,18_3_3_cyl.jpg,RecyBat24,val,cylindric,battery_powerbank,640,640,402,392,125,50,0.0152587890625
RB01537,18_4_3_cyl.jpg,RecyBat24,val,cylindric,battery_powerbank,640,640,366,20,104,175,0.04443359375
RB01538,16_3_2_cyl.jpg,RecyBat24,val,cylindric,battery_powerbank,640,640,111,41,79,173,0.03336669921875
RB01539,16_3_2_cyl.jpg,RecyBat24,val,cylindric,battery_powerbank,640,640,142,60,84,178,0.03650390625
RB01540,23_2_2_cyl.jpg,RecyBat24,val,cylindric,battery_powerbank,640,640,159,449,130,76,0.02412109375
RB01541,22_3_2_cyl.jpg,RecyBat24,val,cylindric,battery_powerbank,640,640,40,135,100,173,0.042236328125
RB01542,20_1_1_cyl.jpg,RecyBat24,val,cylindric,battery_powerbank,640,640,209,251,113,153,0.04220947265625
RB01543,18_2_2_cyl.jpg,RecyBat24,val,cylindric,battery_powerbank,640,640,163,258,84,172,0.0352734375
RB01544,21_2_2_cyl.jpg,RecyBat24,val,cylindric,battery_powerbank,640,640,61,429,136,123,0.04083984375
RB01545,26_2_1_cyl.jpg,RecyBat24,val,cylindric,battery_powerbank,640,640,270,497,124,57,0.017255859375
RB01546,20_3_2_cyl.jpg,RecyBat24,val,cylindric,battery_powerbank,640,640,75,85,145,98,0.0346923828125
RB01547,17_1_3_cyl.jpg,RecyBat24,val,cylindric,battery_powerbank,640,640,97,266,138,66,0.022236328125
RB01548,29_3_3_cyl.jpg,RecyBat24,val,cylindric,battery_powerbank,640,640,281,164,130,121,0.0384033203125
RB01549,22_5_1_cyl.jpg,RecyBat24,val,cylindric,battery_powerbank,640,640,345,458,131,90,0.0287841796875
RB01550,24_2_3_cyl.jpg,RecyBat24,val,cylindric,battery_powerbank,640,640,286,356,118,134,0.038603515625
RB01551,22_2_1_cyl.jpg,RecyBat24,val,cylindric,battery_powerbank,640,640,98,425,124,137,0.041474609375
RB01552,18_4_1_cyl.jpg,RecyBat24,val,cylindric,battery_powerbank,640,640,353,4,110,166,0.044580078125
RB01553,24_1_3_cyl.jpg,RecyBat24,val,cylindric,battery_powerbank,640,640,67,268,134,133,0.0435107421875
RB01554,29_5_2_cyl.jpg,RecyBat24,val,cylindric,battery_powerbank,640,640,212,417,41,172,0.017216796875
RB01555,16_3_3_cyl.jpg,RecyBat24,val,cylindric,battery_powerbank,640,640,31,99,140,102,0.03486328125
RB01556,16_3_3_cyl.jpg,RecyBat24,val,cylindric,battery_powerbank,640,640,47,148,138,104,0.0350390625
RB01557,19_5_1_cyl.jpg,RecyBat24,val,cylindric,battery_powerbank,640,640,154,272,127,129,0.03999755859375
RB01558,19_5_1_cyl.jpg,RecyBat24,val,cylindric,battery_powerbank,640,640,182,311,116,125,0.035400390625
RB01559,23_4_1_cyl.jpg,RecyBat24,val,cylindric,battery_powerbank,640,640,348,118,129,125,0.03936767578125
RB01560,28_2_1_cyl.jpg,RecyBat24,val,cylindric,battery_powerbank,640,640,197,475,134,84,0.02748046875
RB01561,18_5_3_cyl.jpg,RecyBat24,val,cylindric,battery_powerbank,640,640,257,125,46,178,0.019990234375
RB01562,17_2_3_cyl.jpg,RecyBat24,val,cylindric,battery_powerbank,640,640,191,491,128,105,0.0328125
RB01563,28_5_1_cyl.jpg,RecyBat24,val,cylindric,battery_powerbank,640,640,356,441,134,116,0.03794921875
RB01564,19_5_3_cyl.jpg,RecyBat24,val,cylindric,battery_powerbank,640,640,359,10,132,129,0.041572265625
RB01565,19_5_3_cyl.jpg,RecyBat24,val,cylindric,battery_powerbank,640,640,382,58,127,128,0.0396875
RB01566,27_2_1_cyl.jpg,RecyBat24,val,cylindric,battery_powerbank,640,640,228,421,126,93,0.0286083984375
RB01567,24_5_2_cyl.jpg,RecyBat24,val,cylindric,battery_powerbank,640,640,268,502,127,78,0.0241845703125
RB01568,28_5_2_cyl.jpg,RecyBat24,val,cylindric,battery_powerbank,640,640,339,429,131,58,0.0185498046875
RB01569,27_1_1_cyl.jpg,RecyBat24,val,cylindric,battery_powerbank,640,640,210,239,108,155,0.040869140625
RB01570,22_4_3_cyl.jpg,RecyBat24,val,cylindric,battery_powerbank,640,640,213,31,136,138,0.0458203125
RB01571,16_3_1_cyl.jpg,RecyBat24,val,cylindric,battery_powerbank,640,640,130,382,104,147,0.03732421875
RB01572,16_3_1_cyl.jpg,RecyBat24,val,cylindric,battery_powerbank,640,640,157,417,105,147,0.03768310546875
RB01573,29_1_3_cyl.jpg,RecyBat24,val,cylindric,battery_powerbank,640,640,200,116,68,181,0.030048828125
RB01574,21_2_1_cyl.jpg,RecyBat24,val,cylindric,battery_powerbank,640,640,76,449,116,151,0.042763671875
RB01575,22_3_1_cyl.jpg,RecyBat24,val,cylindric,battery_powerbank,640,640,54,89,141,128,0.0440625
RB01576,27_3_2_cyl.jpg,RecyBat24,val,cylindric,battery_powerbank,640,640,69,250,53,173,0.02238525390625
RB01577,19_3_2_cyl.jpg,RecyBat24,val,cylindric,battery_powerbank,640,640,383,355,114,145,0.0403564453125
RB01578,19_3_2_cyl.jpg,RecyBat24,val,cylindric,battery_powerbank,640,640,414,393,104,139,0.03529296875
RB01579,26_4_3_cyl.jpg,RecyBat24,val,cylindric,battery_powerbank,640,640,215,7,135,60,0.019775390625
RB01580,21_5_1_cyl.jpg,RecyBat24,val,cylindric,battery_powerbank,640,640,364,442,131,112,0.0358203125
RB01581,17_1_2_cyl.jpg,RecyBat24,val,cylindric,battery_powerbank,640,640,230,294,111,149,0.04037841796875
RB01582,23_3_3_cyl.jpg,RecyBat24,val,cylindric,battery_powerbank,640,640,244,26,56,182,0.0248828125
RB01583,19_2_2_cyl.jpg,RecyBat24,val,cylindric,battery_powerbank,640,640,171,441,110,151,0.0405517578125
RB01584,19_2_2_cyl.jpg,RecyBat24,val,cylindric,battery_powerbank,640,640,197,484,104,137,0.03478515625
RB01585,26_5_1_cyl.jpg,RecyBat24,val,cylindric,battery_powerbank,640,640,324,29,138,69,0.0232470703125
RB01586,17_2_1_cyl.jpg,RecyBat24,val,cylindric,battery_powerbank,640,640,331,411,129,96,0.030234375
RB01587,18_5_2_cyl.jpg,RecyBat24,val,cylindric,battery_powerbank,640,640,389,21,122,148,0.04408203125
RB01588,19_2_3_cyl.jpg,RecyBat24,val,cylindric,battery_powerbank,640,640,54,387,140,52,0.0177734375
RB01589,19_2_3_cyl.jpg,RecyBat24,val,cylindric,battery_powerbank,640,640,52,332,141,68,0.023408203125
RB01590,16_5_3_cyl.jpg,RecyBat24,val,cylindric,battery_powerbank,640,640,266,62,133,96,0.031171875
RB01591,16_5_3_cyl.jpg,RecyBat24,val,cylindric,battery_powerbank,640,640,277,111,131,91,0.02910400390625
RB01592,18_3_1_cyl.jpg,RecyBat24,val,cylindric,battery_powerbank,640,640,372,359,116,143,0.040498046875
RB01593,20_5_3_cyl.jpg,RecyBat24,val,cylindric,battery_powerbank,640,640,329,379,135,63,0.02076416015625
RB01594,29_1_2_cyl.jpg,RecyBat24,val,cylindric,battery_powerbank,640,640,127,252,133,52,0.016884765625
RB01595,24_5_3_cyl.jpg,RecyBat24,val,cylindric,battery_powerbank,640,640,352,110,132,113,0.036416015625
RB01596,29_1_1_cyl.jpg,RecyBat24,val,cylindric,battery_powerbank,640,640,149,253,132,116,0.0373828125
RB01597,25_5_1_cyl.jpg,RecyBat24,val,cylindric,battery_powerbank,640,640,331,302,129,112,0.0352734375
RB01598,23_4_3_cyl.jpg,RecyBat24,val,cylindric,battery_powerbank,640,640,357,214,132,73,0.023525390625
RB01599,24_2_1_cyl.jpg,RecyBat24,val,cylindric,battery_powerbank,640,640,75,477,124,122,0.03693359375
RB01600,19_3_3_cyl.jpg,RecyBat24,val,cylindric,battery_powerbank,640,640,180,542,144,66,0.023203125
RB01601,19_3_3_cyl.jpg,RecyBat24,val,cylindric,battery_powerbank,640,640,174,485,134,91,0.0297705078125
RB01602,21_3_1_cyl.jpg,RecyBat24,val,cylindric,battery_powerbank,640,640,80,89,125,158,0.0482177734375
RB01603,18_2_3_cyl.jpg,RecyBat24,val,cylindric,battery_powerbank,640,640,167,557,128,60,0.01875
RB01604,16_4_1_cyl.jpg,RecyBat24,val,cylindric,battery_powerbank,640,640,85,123,135,114,0.0375732421875
RB01605,16_4_1_cyl.jpg,RecyBat24,val,cylindric,battery_powerbank,640,640,105,166,129,117,0.03684814453125
RB01606,28_3_3_cyl.jpg,RecyBat24,val,cylindric,battery_powerbank,640,640,8,18,54,191,0.0251806640625
RB01607,20_3_3_cyl.jpg,RecyBat24,val,cylindric,battery_powerbank,640,640,99,111,101,184,0.04537109375
RB01608,25_5_2_cyl.jpg,RecyBat24,val,cylindric,battery_powerbank,640,640,344,115,135,65,0.02142333984375
RB01609,25_1_2_cyl.jpg,RecyBat24,val,cylindric,battery_powerbank,640,640,154,290,121,144,0.0425390625
RB01610,26_2_2_cyl.jpg,RecyBat24,val,cylindric,battery_powerbank,640,640,191,526,123,52,0.015615234375
RB01611,27_3_3_cyl.jpg,RecyBat24,val,cylindric,battery_powerbank,640,640,144,516,124,115,0.034814453125
RB01612,28_1_3_cyl.jpg,RecyBat24,val,cylindric,battery_powerbank,640,640,175,288,128,116,0.03625
RB01613,16_2_1_cyl.jpg,RecyBat24,val,cylindric,battery_powerbank,640,640,353,66,119,164,0.047646484375
RB01614,16_2_1_cyl.jpg,RecyBat24,val,cylindric,battery_powerbank,640,640,382,97,117,170,0.0485595703125
RB01615,27_2_2_cyl.jpg,RecyBat24,val,cylindric,battery_powerbank,640,640,221,349,128,96,0.03
RB01616,23_5_1_cyl.jpg,RecyBat24,val,cylindric,battery_powerbank,640,640,335,400,124,106,0.03208984375
RB01617,21_4_3_cyl.jpg,RecyBat24,val,cylindric,battery_powerbank,640,640,370,483,130,59,0.0187255859375
RB01618,27_1_3_cyl.jpg,RecyBat24,val,cylindric,battery_powerbank,640,640,254,273,42,172,0.01763671875
RB01619,17_2_2_cyl.jpg,RecyBat24,val,cylindric,battery_powerbank,640,640,155,407,130,66,0.020947265625
RB01620,26_3_3_cyl.jpg,RecyBat24,val,cylindric,battery_powerbank,640,640,139,143,66,182,0.029326171875
RB01621,22_5_2_cyl.jpg,RecyBat24,val,cylindric,battery_powerbank,640,640,284,414,126,76,0.02337890625
RB01622,21_3_2_cyl.jpg,RecyBat24,val,cylindric,battery_powerbank,640,640,81,77,123,163,0.04894775390625
RB01623,17_1_1_cyl.jpg,RecyBat24,val,cylindric,battery_powerbank,640,640,194,270,99,160,0.038671875
RB01624,19_1_2_cyl.jpg,RecyBat24,val,cylindric,battery_powerbank,640,640,239,271,138,71,0.0239208984375
RB01625,19_1_2_cyl.jpg,RecyBat24,val,cylindric,battery_powerbank,640,640,249,330,138,54,0.018193359375
RB01626,26_3_2_cyl.jpg,RecyBat24,val,cylindric,battery_powerbank,640,640,84,295,46,172,0.01931640625
RB01627,21_5_2_cyl.jpg,RecyBat24,val,cylindric,battery_powerbank,640,640,358,420,132,100,0.0322265625
RB01628,25_1_3_cyl.jpg,RecyBat24,val,cylindric,battery_powerbank,640,640,204,318,125,127,0.03875732421875
RB01629,20_3_1_cyl.jpg,RecyBat24,val,cylindric,battery_powerbank,640,640,116,488,139,74,0.0251123046875
RB01630,20_2_2_cyl.jpg,RecyBat24,val,cylindric,battery_powerbank,640,640,133,499,128,134,0.041875
RB01631,28_1_1_cyl.jpg,RecyBat24,val,cylindric,battery_powerbank,640,640,209,237,132,116,0.0373828125
RB01632,17_3_1_cyl.jpg,RecyBat24,val,cylindric,battery_powerbank,640,640,139,475,131,74,0.0236669921875
RB01633,28_2_3_cyl.jpg,RecyBat24,val,cylindric,battery_powerbank,640,640,74,441,142,77,0.0266943359375
RB01634,21_1_1_cyl.jpg,RecyBat24,val,cylindric,battery_powerbank,640,640,206,311,135,73,0.02406005859375
RB01635,29_2_2_cyl.jpg,RecyBat24,val,cylindric,battery_powerbank,640,640,250,63,113,163,0.04496826171875
RB01636,27_2_3_cyl.jpg,RecyBat24,val,cylindric,battery_powerbank,640,640,66,319,136,71,0.02357421875
RB01637,28_1_2_cyl.jpg,RecyBat24,val,cylindric,battery_powerbank,640,640,223,328,132,71,0.022880859375
RB01638,27_4_2_cyl.jpg,RecyBat24,val,cylindric,battery_powerbank,640,640,251,28,90,175,0.0384521484375
RB01639,22_2_2_cyl.jpg,RecyBat24,val,cylindric,battery_powerbank,640,640,82,458,131,108,0.034541015625
RB01640,27_5_2_cyl.jpg,RecyBat24,val,cylindric,battery_powerbank,640,640,354,510,116,125,0.035400390625
RB01641,23_2_1_cyl.jpg,RecyBat24,val,cylindric,battery_powerbank,640,640,134,430,112,141,0.0385546875
RB01642,22_3_3_cyl.jpg,RecyBat24,val,cylindric,battery_powerbank,640,640,70,262,85,173,0.03590087890625
RB01643,29_2_1_cyl.jpg,RecyBat24,val,cylindric,battery_powerbank,640,640,65,330,123,139,0.04174072265625
RB01644,18_1_3_cyl.jpg,RecyBat24,val,cylindric,battery_powerbank,640,640,199,216,106,168,0.0434765625
RB01645,28_4_1_cyl.jpg,RecyBat24,val,cylindric,battery_powerbank,640,640,216,91,131,138,0.0441357421875
RB01646,18_2_1_cyl.jpg,RecyBat24,val,cylindric,battery_powerbank,640,640,192,495,122,123,0.0366357421875
RB01647,24_4_2_cyl.jpg,RecyBat24,val,cylindric,battery_powerbank,640,640,340,83,137,75,0.02508544921875
RB01648,16_5_1_cyl.jpg,RecyBat24,val,cylindric,battery_powerbank,640,640,263,287,133,61,0.01980712890625
RB01649,16_5_1_cyl.jpg,RecyBat24,val,cylindric,battery_powerbank,640,640,264,336,129,57,0.01795166015625
RB01650,24_4_1_cyl.jpg,RecyBat24,val,cylindric,battery_powerbank,640,640,291,31,130,149,0.0472900390625
RB01651,19_1_3_cyl.jpg,RecyBat24,val,cylindric,battery_powerbank,640,640,241,256,129,93,0.02928955078125
RB01652,19_1_3_cyl.jpg,RecyBat24,val,cylindric,battery_powerbank,640,640,230,302,126,98,0.030146484375
RB01653,20_1_2_cyl.jpg,RecyBat24,val,cylindric,battery_powerbank,640,640,182,280,123,145,0.04354248046875
RB01654,27_5_1_cyl.jpg,RecyBat24,val,cylindric,battery_powerbank,640,640,284,52,100,167,0.040771484375
RB01655,29_4_2_cyl.jpg,RecyBat24,val,cylindric,battery_powerbank,640,640,45,259,138,54,0.018193359375
RB01656,25_2_3_cyl.jpg,RecyBat24,val,cylindric,battery_powerbank,640,640,347,431,130,80,0.025390625
RB01657,21_4_2_cyl.jpg,RecyBat24,val,cylindric,battery_powerbank,640,640,374,31,73,184,0.03279296875
RB01658,18_1_2_cyl.jpg,RecyBat24,val,cylindric,battery_powerbank,640,640,245,215,65,176,0.0279296875
RB01659,22_1_1_cyl.jpg,RecyBat24,val,cylindric,battery_powerbank,640,640,228,287,112,145,0.0396484375
RB01660,26_1_3_cyl.jpg,RecyBat24,val,cylindric,battery_powerbank,640,640,199,249,129,103,0.03243896484375
RB01661,18_3_2_cyl.jpg,RecyBat24,val,cylindric,battery_powerbank,640,640,175,506,125,115,0.03509521484375
RB01662,29_4_3_cyl.jpg,RecyBat24,val,cylindric,battery_powerbank,640,640,167,141,130,127,0.0403076171875
RB01663,24_3_2_cyl.jpg,RecyBat24,val,cylindric,battery_powerbank,640,640,28,31,99,174,0.0420556640625
RB01664,17_3_3_cyl.jpg,RecyBat24,val,cylindric,battery_powerbank,640,640,64,25,145,119,0.04212646484375
RB01665,28_3_1_cyl.jpg,RecyBat24,val,cylindric,battery_powerbank,640,640,59,289,63,174,0.0267626953125
RB01666,16_2_2_cyl.jpg,RecyBat24,val,cylindric,battery_powerbank,640,640,176,419,58,181,0.0256298828125
RB01667,16_2_2_cyl.jpg,RecyBat24,val,cylindric,battery_powerbank,640,640,214,423,52,180,0.0228515625
RB01668,16_2_3_cyl.jpg,RecyBat24,val,cylindric,battery_powerbank,640,640,74,310,48,167,0.0195703125
RB01669,16_2_3_cyl.jpg,RecyBat24,val,cylindric,battery_powerbank,640,640,111,316,48,167,0.0195703125
RB01670,20_4_3_cyl.jpg,RecyBat24,val,cylindric,battery_powerbank,640,640,301,112,129,155,0.04881591796875
RB01671,28_2_2_cyl.jpg,RecyBat24,val,cylindric,battery_powerbank,640,640,115,422,133,88,0.02857421875
RB01672,23_1_R_3_po.jpg,RecyBat24,val,pouch,battery_powerbank,640,640,60,160,242,242,0.142978515625
RB01673,11_3_R_2_po.jpg,RecyBat24,val,pouch,battery_powerbank,640,640,87,243,189,216,0.09966796875
RB01674,24_3_R_1_po.jpg,RecyBat24,val,pouch,battery_powerbank,640,640,72,92,132,233,0.075087890625
RB01675,8_3_R_1_po.jpg,RecyBat24,val,pouch,battery_powerbank,640,640,284,162,171,242,0.1010302734375
RB01676,13_2_R_3_po.jpg,RecyBat24,val,pouch,battery_powerbank,640,640,148,228,186,114,0.051767578125
RB01677,23_2_R_3_po.jpg,RecyBat24,val,pouch,battery_powerbank,640,640,73,56,250,278,0.169677734375
RB01678,24_2_R_1_po.jpg,RecyBat24,val,pouch,battery_powerbank,640,640,76,163,138,231,0.0778271484375
RB01679,28_4_R_1_po.jpg,RecyBat24,val,pouch,battery_powerbank,640,640,66,316,195,164,0.078076171875
RB01680,25_5_R_1_po.jpg,RecyBat24,val,pouch,battery_powerbank,640,640,62,215,175,203,0.08673095703125
RB01681,19_5_R_1_po.jpg,RecyBat24,val,pouch,battery_powerbank,640,640,57,169,203,173,0.08573974609375
RB01682,25_3_R_2_po.jpg,RecyBat24,val,pouch,battery_powerbank,640,640,112,166,98,224,0.05359375
RB01683,2_1_R_1_po.jpg,RecyBat24,val,pouch,battery_powerbank,640,640,37,99,338,318,0.262412109375
RB01684,9_4_R_3_po.jpg,RecyBat24,val,pouch,battery_powerbank,640,640,254,144,183,269,0.12018310546875
RB01685,24_4_R_1_po.jpg,RecyBat24,val,pouch,battery_powerbank,640,640,174,299,165,150,0.0604248046875
RB01686,17_2_R_1_po.jpg,RecyBat24,val,pouch,battery_powerbank,640,640,199,277,162,159,0.0628857421875
RB01687,14_1_R_1_po.jpg,RecyBat24,val,pouch,battery_powerbank,640,640,149,112,196,244,0.1167578125
RB01688,29_4_R_2_po.jpg,RecyBat24,val,pouch,battery_powerbank,640,640,136,216,196,258,0.12345703125
RB01689,20_5_R_2_po.jpg,RecyBat24,val,pouch,battery_powerbank,640,640,327,160,86,247,0.0518603515625
RB01690,30_5_R_2_po.jpg,RecyBat24,val,pouch,battery_powerbank,640,640,144,226,232,134,0.0758984375
RB01691,2_3_R_3_po.jpg,RecyBat24,val,pouch,battery_powerbank,640,640,166,56,307,422,0.3162939453125
RB01692,26_1_R_2_po.jpg,RecyBat24,val,pouch,battery_powerbank,640,640,184,172,189,206,0.0950537109375
RB01693,29_3_R_1_po.jpg,RecyBat24,val,pouch,battery_powerbank,640,640,279,111,184,266,0.1194921875
RB01694,13_4_R_1_po.jpg,RecyBat24,val,pouch,battery_powerbank,640,640,43,262,190,214,0.099267578125
RB01695,22_5_R_1_po.jpg,RecyBat24,val,pouch,battery_powerbank,640,640,223,64,179,228,0.099638671875
RB01696,3_2_R_3_po.jpg,RecyBat24,val,pouch,battery_powerbank,640,640,212,89,174,178,0.075615234375
RB01697,1_2_R_2_po.jpg,RecyBat24,val,pouch,battery_powerbank,640,640,147,170,141,234,0.0805517578125
RB01698,25_2_R_3_po.jpg,RecyBat24,val,pouch,battery_powerbank,640,640,140,182,111,226,0.0612451171875
RB01699,21_1_R_3_po.jpg,RecyBat24,val,pouch,battery_powerbank,640,640,137,242,193,234,0.1102587890625
RB01700,29_3_R_2_po.jpg,RecyBat24,val,pouch,battery_powerbank,640,640,196,79,144,244,0.08578125
RB01701,6_4_R_1_po.jpg,RecyBat24,val,pouch,battery_powerbank,640,640,131,74,191,210,0.0979248046875
RB01702,11_3_R_3_po.jpg,RecyBat24,val,pouch,battery_powerbank,640,640,62,178,200,258,0.1259765625
RB01703,20_5_R_3_po.jpg,RecyBat24,val,pouch,battery_powerbank,640,640,221,62,173,250,0.1055908203125
RB01704,24_5_R_3_po.jpg,RecyBat24,val,pouch,battery_powerbank,640,640,211,187,169,210,0.0866455078125
RB01705,11_5_R_1_po.jpg,RecyBat24,val,pouch,battery_powerbank,640,640,201,263,181,248,0.10958984375
RB01706,6_5_R_2_po.jpg,RecyBat24,val,pouch,battery_powerbank,640,640,49,261,193,199,0.09376708984375
RB01707,3_2_R_2_po.jpg,RecyBat24,val,pouch,battery_powerbank,640,640,236,35,191,213,0.09932373046875
RB01708,24_2_R_3_po.jpg,RecyBat24,val,pouch,battery_powerbank,640,640,72,240,168,218,0.0894140625
RB01709,17_1_R_2_po.jpg,RecyBat24,val,pouch,battery_powerbank,640,640,274,105,170,257,0.1066650390625
RB01710,17_5_R_1_po.jpg,RecyBat24,val,pouch,battery_powerbank,640,640,252,75,186,244,0.11080078125
RB01711,9_3_R_2_po.jpg,RecyBat24,val,pouch,battery_powerbank,640,640,217,11,196,283,0.135419921875
RB01712,12_4_R_3_po.jpg,RecyBat24,val,pouch,battery_powerbank,640,640,253,260,181,182,0.0804248046875
RB01713,26_1_R_1_po.jpg,RecyBat24,val,pouch,battery_powerbank,640,640,127,179,186,227,0.1030810546875
RB01714,22_4_R_2_po.jpg,RecyBat24,val,pouch,battery_powerbank,640,640,336,160,121,251,0.07414794921875
RB01715,5_5_R_1_po.jpg,RecyBat24,val,pouch,battery_powerbank,640,640,26,274,174,254,0.107900390625
RB01716,14_5_R_2_po.jpg,RecyBat24,val,pouch,battery_powerbank,640,640,167,65,171,170,0.0709716796875
RB01717,3_5_R_1_po.jpg,RecyBat24,val,pouch,battery_powerbank,640,640,127,34,155,248,0.09384765625
RB01718,26_2_R_1_po.jpg,RecyBat24,val,pouch,battery_powerbank,640,640,208,34,131,263,0.08411376953125
RB01719,23_5_R_2_po.jpg,RecyBat24,val,pouch,battery_powerbank,640,640,123,169,172,304,0.12765625
RB01720,29_2_R_3_po.jpg,RecyBat24,val,pouch,battery_powerbank,640,640,198,66,198,231,0.1116650390625
RB01721,25_5_R_3_po.jpg,RecyBat24,val,pouch,battery_powerbank,640,640,225,234,164,208,0.08328125
RB01722,21_2_R_3_po.jpg,RecyBat24,val,pouch,battery_powerbank,640,640,162,186,170,168,0.0697265625
RB01723,11_1_R_2_po.jpg,RecyBat24,val,pouch,battery_powerbank,640,640,211,270,134,221,0.0722998046875
RB01724,6_3_R_3_po.jpg,RecyBat24,val,pouch,battery_powerbank,640,640,247,185,145,245,0.08673095703125
RB01725,17_4_R_1_po.jpg,RecyBat24,val,pouch,battery_powerbank,640,640,65,219,196,235,0.112451171875
RB01726,21_5_R_1_po.jpg,RecyBat24,val,pouch,battery_powerbank,640,640,88,201,160,240,0.09375
RB01727,25_4_R_1_po.jpg,RecyBat24,val,pouch,battery_powerbank,640,640,262,258,160,130,0.05078125
RB01728,18_2_R_1_po.jpg,RecyBat24,val,pouch,battery_powerbank,640,640,200,40,204,170,0.08466796875
RB01729,21_1_R_1_po.jpg,RecyBat24,val,pouch,battery_powerbank,640,640,203,111,185,261,0.11788330078125
RB01730,27_1_R_3_po.jpg,RecyBat24,val,pouch,battery_powerbank,640,640,105,155,149,228,0.082939453125
RB01731,20_2_R_2_po.jpg,RecyBat24,val,pouch,battery_powerbank,640,640,196,212,175,229,0.09783935546875
RB01732,25_1_R_1_po.jpg,RecyBat24,val,pouch,battery_powerbank,640,640,174,321,158,110,0.042431640625
RB01733,3_1_R_1_po.jpg,RecyBat24,val,pouch,battery_powerbank,640,640,130,189,205,252,0.126123046875
RB01734,26_5_R_3_po.jpg,RecyBat24,val,pouch,battery_powerbank,640,640,287,272,147,235,0.08433837890625
RB01735,10_3_R_2_po.jpg,RecyBat24,val,pouch,battery_powerbank,640,640,145,104,181,193,0.08528564453125
RB01736,15_5_R_3_po.jpg,RecyBat24,val,pouch,battery_powerbank,640,640,186,329,175,115,0.04913330078125
RB01737,2_5_R_2_po.jpg,RecyBat24,val,pouch,battery_powerbank,640,640,187,85,184,414,0.1859765625
RB01738,12_5_R_3_po.jpg,RecyBat24,val,pouch,battery_powerbank,640,640,327,157,83,236,0.047822265625
RB01739,22_2_R_1_po.jpg,RecyBat24,val,pouch,battery_powerbank,640,640,149,296,192,160,0.075
RB01740,26_4_R_2_po.jpg,RecyBat24,val,pouch,battery_powerbank,640,640,126,63,200,201,0.09814453125
RB01741,19_4_R_2_po.jpg,RecyBat24,val,pouch,battery_powerbank,640,640,152,137,139,256,0.086875
RB01742,27_4_R_3_po.jpg,RecyBat24,val,pouch,battery_powerbank,640,640,190,171,188,259,0.118876953125
RB01743,1_4_R_3_po.jpg,RecyBat24,val,pouch,battery_powerbank,640,640,3,119,210,268,0.13740234375
RB01744,8_4_R_1_po.jpg,RecyBat24,val,pouch,battery_powerbank,640,640,142,83,109,251,0.06679443359375
RB01745,20_3_R_1_po.jpg,RecyBat24,val,pouch,battery_powerbank,640,640,84,101,195,119,0.05665283203125
RB01746,4_1_R_1_po.jpg,RecyBat24,val,pouch,battery_powerbank,640,640,191,153,155,167,0.06319580078125
RB01747,24_3_R_3_po.jpg,RecyBat24,val,pouch,battery_powerbank,640,640,52,20,184,230,0.1033203125
RB01748,27_1_R_2_po.jpg,RecyBat24,val,pouch,battery_powerbank,640,640,131,149,155,245,0.09271240234375
RB01749,22_3_R_1_po.jpg,RecyBat24,val,pouch,battery_powerbank,640,640,5,119,198,206,0.099580078125
RB01750,2_5_R_1_po.jpg,RecyBat24,val,pouch,battery_powerbank,640,640,6,165,330,383,0.3085693359375
RB01751,4_4_R_2_po.jpg,RecyBat24,val,pouch,battery_powerbank,640,640,94,217,189,237,0.10935791015625
RB01752,11_3_R_1_po.jpg,RecyBat24,val,pouch,battery_powerbank,640,640,56,31,207,261,0.13190185546875
RB01753,26_1_R_3_po.jpg,RecyBat24,val,pouch,battery_powerbank,640,640,316,169,92,244,0.0548046875
RB01754,1_5_R_2_po.jpg,RecyBat24,val,pouch,battery_powerbank,640,640,130,209,193,220,0.103662109375
RB01755,23_3_R_2_po.jpg,RecyBat24,val,pouch,battery_powerbank,640,640,141,205,228,226,0.12580078125
RB01756,19_2_R_3_po.jpg,RecyBat24,val,pouch,battery_powerbank,640,640,88,252,181,223,0.09854248046875
RB01757,29_1_R_1_po.jpg,RecyBat24,val,pouch,battery_powerbank,640,640,157,176,192,208,0.0975
RB01758,15_3_R_1_po.jpg,RecyBat24,val,pouch,battery_powerbank,640,640,271,269,185,168,0.07587890625
RB01759,18_5_R_2_po.jpg,RecyBat24,val,pouch,battery_powerbank,640,640,129,48,201,203,0.09961669921875
RB01760,21_5_R_3_po.jpg,RecyBat24,val,pouch,battery_powerbank,640,640,47,113,169,250,0.1031494140625
RB01761,8_3_R_2_po.jpg,RecyBat24,val,pouch,battery_powerbank,640,640,261,159,167,249,0.10152099609375
RB01762,3_4_R_1_po.jpg,RecyBat24,val,pouch,battery_powerbank,640,640,82,219,147,237,0.08505615234375
RB01763,7_1_R_2_po.jpg,RecyBat24,val,pouch,battery_powerbank,640,640,95,213,188,199,0.091337890625
RB01764,2_3_R_2_po.jpg,RecyBat24,val,pouch,battery_powerbank,640,640,150,88,260,437,0.277392578125
RB01765,13_1_R_2_po.jpg,RecyBat24,val,pouch,battery_powerbank,640,640,217,222,192,161,0.07546875
RB01766,17_3_R_2_po.jpg,RecyBat24,val,pouch,battery_powerbank,640,640,224,15,170,258,0.107080078125
RB01767,29_2_R_2_po.jpg,RecyBat24,val,pouch,battery_powerbank,640,640,53,22,212,271,0.140263671875
RB01768,17_1_R_3_po.jpg,RecyBat24,val,pouch,battery_powerbank,640,640,244,167,175,253,0.10809326171875
RB01769,18_1_R_3_po.jpg,RecyBat24,val,pouch,battery_powerbank,640,640,217,6,108,267,0.070400390625
RB01770,28_5_R_3_po.jpg,RecyBat24,val,pouch,battery_powerbank,640,640,111,229,177,223,0.09636474609375
RB01771,9_5_R_1_po.jpg,RecyBat24,val,pouch,battery_powerbank,640,640,55,53,180,278,0.12216796875
RB01772,28_4_R_3_po.jpg,RecyBat24,val,pouch,battery_powerbank,640,640,118,137,103,250,0.0628662109375
RB01773,19_2_R_1_po.jpg,RecyBat24,val,pouch,battery_powerbank,640,640,103,37,199,192,0.09328125
RB01774,9_5_R_3_po.jpg,RecyBat24,val,pouch,battery_powerbank,640,640,117,246,188,269,0.123466796875
RB01775,19_3_R_1_po.jpg,RecyBat24,val,pouch,battery_powerbank,640,640,286,159,148,244,0.0881640625
RB01776,13_5_R_3_po.jpg,RecyBat24,val,pouch,battery_powerbank,640,640,233,49,140,262,0.08955078125
RB01777,25_3_R_1_po.jpg,RecyBat24,val,pouch,battery_powerbank,640,640,281,90,148,231,0.083466796875
RB01778,21_4_R_3_po.jpg,RecyBat24,val,pouch,battery_powerbank,640,640,77,246,192,251,0.11765625
RB01779,1_1_R_1_po.jpg,RecyBat24,val,pouch,battery_powerbank,640,640,66,268,182,176,0.078203125
RB01780,29_5_R_2_po.jpg,RecyBat24,val,pouch,battery_powerbank,640,640,65,183,194,212,0.10041015625
RB01781,11_4_R_2_po.jpg,RecyBat24,val,pouch,battery_powerbank,640,640,205,145,194,254,0.120302734375
RB01782,20_3_R_3_po.jpg,RecyBat24,val,pouch,battery_powerbank,640,640,112,260,195,162,0.0771240234375
RB01783,14_3_R_1_po.jpg,RecyBat24,val,pouch,battery_powerbank,640,640,61,124,164,249,0.099697265625
RB01784,18_5_R_3_po.jpg,RecyBat24,val,pouch,battery_powerbank,640,640,42,133,171,246,0.1027001953125
RB01785,30_5_R_3_po.jpg,RecyBat24,val,pouch,battery_powerbank,640,640,269,151,218,273,0.1452978515625
RB01786,13_2_R_2_po.jpg,RecyBat24,val,pouch,battery_powerbank,640,640,127,74,198,132,0.06380859375
RB01787,2_2_R_1_po.jpg,RecyBat24,val,pouch,battery_powerbank,640,640,51,207,332,296,0.239921875
RB01788,27_4_R_2_po.jpg,RecyBat24,val,pouch,battery_powerbank,640,640,208,75,188,222,0.10189453125
RB01789,10_5_R_1_po.jpg,RecyBat24,val,pouch,battery_powerbank,640,640,222,240,123,225,0.06756591796875
RB01790,27_1_R_1_po.jpg,RecyBat24,val,pouch,battery_powerbank,640,640,113,92,188,211,0.096845703125
RB01791,22_1_R_1_po.jpg,RecyBat24,val,pouch,battery_powerbank,640,640,197,139,192,212,0.099375
RB01792,23_1_R_2_po.jpg,RecyBat24,val,pouch,battery_powerbank,640,640,93,66,245,299,0.17884521484375
RB01793,28_5_R_2_po.jpg,RecyBat24,val,pouch,battery_powerbank,640,640,143,134,90,244,0.05361328125
RB01794,8_1_R_2_po.jpg,RecyBat24,val,pouch,battery_powerbank,640,640,147,213,154,245,0.0921142578125
RB01795,8_4_R_3_po.jpg,RecyBat24,val,pouch,battery_powerbank,640,640,92,144,183,232,0.10365234375
RB01796,30_2_R_3_po.jpg,RecyBat24,val,pouch,battery_powerbank,640,640,182,15,186,330,0.149853515625
RB01797,18_2_R_2_po.jpg,RecyBat24,val,pouch,battery_powerbank,640,640,230,275,192,194,0.0909375
RB01798,2_4_R_1_po.jpg,RecyBat24,val,pouch,battery_powerbank,640,640,182,153,322,367,0.2885107421875
RB01799,20_1_R_3_po.jpg,RecyBat24,val,pouch,battery_powerbank,640,640,224,224,179,223,0.09745361328125
RB01800,24_1_R_3_po.jpg,RecyBat24,val,pouch,battery_powerbank,640,640,202,206,88,207,0.04447265625
RB01801,26_3_R_1_po.jpg,RecyBat24,val,pouch,battery_powerbank,640,640,307,215,192,196,0.091875
RB01802,17_5_R_2_po.jpg,RecyBat24,val,pouch,battery_powerbank,640,640,287,296,144,226,0.079453125
RB01803,7_3_R_3_po.jpg,RecyBat24,val,pouch,battery_powerbank,640,640,279,0,201,217,0.10648681640625
RB01804,11_5_R_3_po.jpg,RecyBat24,val,pouch,battery_powerbank,640,640,180,240,176,188,0.08078125
RB01805,29_3_R_3_po.jpg,RecyBat24,val,pouch,battery_powerbank,640,640,110,62,158,256,0.09875
RB01806,4_2_R_2_po.jpg,RecyBat24,val,pouch,battery_powerbank,640,640,252,170,184,250,0.1123046875
RB01807,5_5_R_2_po.jpg,RecyBat24,val,pouch,battery_powerbank,640,640,238,250,195,244,0.116162109375
RB01808,19_4_R_3_po.jpg,RecyBat24,val,pouch,battery_powerbank,640,640,117,172,156,250,0.09521484375
RB01809,3_3_R_2_po.jpg,RecyBat24,val,pouch,battery_powerbank,640,640,27,231,184,186,0.0835546875
RB01810,10_2_R_2_po.jpg,RecyBat24,val,pouch,battery_powerbank,640,640,140,211,178,180,0.07822265625
RB01811,13_5_R_1_po.jpg,RecyBat24,val,pouch,battery_powerbank,640,640,256,118,154,253,0.0951220703125
RB01812,3_4_R_2_po.jpg,RecyBat24,val,pouch,battery_powerbank,640,640,175,105,177,263,0.11364990234375
RB01813,4_1_R_2_po.jpg,RecyBat24,val,pouch,battery_powerbank,640,640,133,225,157,171,0.06554443359375
RB01814,1_1_R_3_po.jpg,RecyBat24,val,pouch,battery_powerbank,640,640,139,73,197,216,0.10388671875
RB01815,4_4_R_3_po.jpg,RecyBat24,val,pouch,battery_powerbank,640,640,102,259,168,238,0.0976171875
RB01816,15_4_R_1_po.jpg,RecyBat24,val,pouch,battery_powerbank,640,640,207,93,116,250,0.07080078125
RB01817,8_5_R_2_po.jpg,RecyBat24,val,pouch,battery_powerbank,640,640,154,259,180,225,0.098876953125
RB01818,18_3_R_2_po.jpg,RecyBat24,val,pouch,battery_powerbank,640,640,82,247,173,245,0.10347900390625
RB01819,15_1_R_2_po.jpg,RecyBat24,val,pouch,battery_powerbank,640,640,50,295,192,149,0.06984375
RB01820,22_5_R_3_po.jpg,RecyBat24,val,pouch,battery_powerbank,640,640,307,226,76,236,0.0437890625
RB01821,2_5_R_3_po.jpg,RecyBat24,val,pouch,battery_powerbank,640,640,81,159,314,415,0.3181396484375
RB01822,23_1_R_1_po.jpg,RecyBat24,val,pouch,battery_powerbank,640,640,62,124,221,321,0.17319580078125
RB01823,11_5_R_2_po.jpg,RecyBat24,val,pouch,battery_powerbank,640,640,200,276,179,190,0.0830322265625
RB01824,12_3_R_1_po.jpg,RecyBat24,val,pouch,battery_powerbank,640,640,228,64,187,205,0.09359130859375
RB01825,6_1_R_1_po.jpg,RecyBat24,val,pouch,battery_powerbank,640,640,240,289,188,182,0.08353515625
RB01826,27_4_R_1_po.jpg,RecyBat24,val,pouch,battery_powerbank,640,640,224,105,167,173,0.07053466796875
RB01827,6_1_R_2_po.jpg,RecyBat24,val,pouch,battery_powerbank,640,640,93,221,105,247,0.06331787109375
RB01828,9_4_R_2_po.jpg,RecyBat24,val,pouch,battery_powerbank,640,640,39,229,192,269,0.12609375
RB01829,29_5_R_3_po.jpg,RecyBat24,val,pouch,battery_powerbank,640,640,40,78,144,239,0.0840234375
RB01830,5_1_R_1_po.jpg,RecyBat24,val,pouch,battery_powerbank,640,640,182,229,193,242,0.1140283203125
RB01831,27_3_R_2_po.jpg,RecyBat24,val,pouch,battery_powerbank,640,640,108,181,194,234,0.110830078125
RB01832,6_4_R_2_po.jpg,RecyBat24,val,pouch,battery_powerbank,640,640,138,38,180,235,0.103271484375
RB01833,5_4_R_3_po.jpg,RecyBat24,val,pouch,battery_powerbank,640,640,151,258,169,250,0.1031494140625
RB01834,5_3_R_3_po.jpg,RecyBat24,val,pouch,battery_powerbank,640,640,294,165,169,245,0.10108642578125
RB01835,5_4_R_1_po.jpg,RecyBat24,val,pouch,battery_powerbank,640,640,254,189,191,260,0.121240234375
RB01836,4_5_R_2_po.jpg,RecyBat24,val,pouch,battery_powerbank,640,640,117,58,173,202,0.0853173828125
RB01837,18_1_R_2_po.jpg,RecyBat24,val,pouch,battery_powerbank,640,640,244,58,80,258,0.050390625
RB01838,23_4_R_2_po.jpg,RecyBat24,val,pouch,battery_powerbank,640,640,251,133,175,304,0.1298828125
RB01839,13_5_R_2_po.jpg,RecyBat24,val,pouch,battery_powerbank,640,640,255,125,102,249,0.0620068359375
RB01840,7_2_R_1_po.jpg,RecyBat24,val,pouch,battery_powerbank,640,640,201,185,164,252,0.1008984375
RB01841,13_1_R_1_po.jpg,RecyBat24,val,pouch,battery_powerbank,640,640,193,231,194,184,0.0871484375
RB01842,11_4_R_3_po.jpg,RecyBat24,val,pouch,battery_powerbank,640,640,154,20,203,258,0.1278662109375
RB01843,6_2_R_3_po.jpg,RecyBat24,val,pouch,battery_powerbank,640,640,56,233,197,168,0.08080078125
RB01844,14_4_R_1_po.jpg,RecyBat24,val,pouch,battery_powerbank,640,640,279,97,128,228,0.07125
RB01845,1_1_R_2_po.jpg,RecyBat24,val,pouch,battery_powerbank,640,640,319,79,144,248,0.0871875
RB01846,7_4_R_1_po.jpg,RecyBat24,val,pouch,battery_powerbank,640,640,238,246,190,199,0.0923095703125
RB01847,26_2_R_3_po.jpg,RecyBat24,val,pouch,battery_powerbank,640,640,211,125,161,252,0.099052734375
RB01848,12_2_R_2_po.jpg,RecyBat24,val,pouch,battery_powerbank,640,640,173,216,161,241,0.09472900390625
RB01849,28_1_R_1_po.jpg,RecyBat24,val,pouch,battery_powerbank,640,640,220,189,185,104,0.04697265625
RB01850,19_3_R_2_po.jpg,RecyBat24,val,pouch,battery_powerbank,640,640,291,162,140,246,0.08408203125
RB01851,12_4_R_1_po.jpg,RecyBat24,val,pouch,battery_powerbank,640,640,127,187,124,246,0.07447265625
RB01852,30_3_R_2_po.jpg,RecyBat24,val,pouch,battery_powerbank,640,640,97,143,113,307,0.08469482421875
RB01853,10_1_R_3_po.jpg,RecyBat24,val,pouch,battery_powerbank,640,640,207,140,169,142,0.0585888671875
RB01854,17_1_R_1_po.jpg,RecyBat24,val,pouch,battery_powerbank,640,640,194,120,181,204,0.090146484375
RB01855,26_3_R_2_po.jpg,RecyBat24,val,pouch,battery_powerbank,640,640,141,207,173,236,0.099677734375
RB01856,20_1_R_2_po.jpg,RecyBat24,val,pouch,battery_powerbank,640,640,16,205,203,160,0.079296875
RB01857,4_4_R_1_po.jpg,RecyBat24,val,pouch,battery_powerbank,640,640,232,42,191,245,0.11424560546875
RB01858,20_2_R_1_po.jpg,RecyBat24,val,pouch,battery_powerbank,640,640,84,171,178,234,0.101689453125
RB01859,6_5_R_3_po.jpg,RecyBat24,val,pouch,battery_powerbank,640,640,64,259,152,251,0.09314453125
RB01860,15_1_R_3_po.jpg,RecyBat24,val,pouch,battery_powerbank,640,640,124,278,188,143,0.065634765625
RB01861,7_5_R_2_po.jpg,RecyBat24,val,pouch,battery_powerbank,640,640,36,207,176,262,0.112578125
RB01862,10_1_R_1_po.jpg,RecyBat24,val,pouch,battery_powerbank,640,640,102,254,165,132,0.053173828125
RB01863,8_2_R_3_po.jpg,RecyBat24,val,pouch,battery_powerbank,640,640,106,191,188,226,0.10373046875
RB01864,5_5_R_3_po.jpg,RecyBat24,val,pouch,battery_powerbank,640,640,189,3,156,253,0.096357421875
RB01865,24_2_R_2_po.jpg,RecyBat24,val,pouch,battery_powerbank,640,640,98,209,109,209,0.05561767578125
RB01866,20_3_R_2_po.jpg,RecyBat24,val,pouch,battery_powerbank,640,640,176,107,195,152,0.07236328125
RB01867,1_5_R_3_po.jpg,RecyBat24,val,pouch,battery_powerbank,640,640,261,207,200,258,0.1259765625
RB01868,27_2_R_2_po.jpg,RecyBat24,val,pouch,battery_powerbank,640,640,103,108,171,254,0.1060400390625
RB01869,1_3_R_3_po.jpg,RecyBat24,val,pouch,battery_powerbank,640,640,82,269,182,185,0.0822021484375
RB01870,17_4_R_2_po.jpg,RecyBat24,val,pouch,battery_powerbank,640,640,157,298,166,243,0.0984814453125
RB01871,21_2_R_2_po.jpg,RecyBat24,val,pouch,battery_powerbank,640,640,128,101,169,166,0.0684912109375
RB01872,9_4_R_1_po.jpg,RecyBat24,val,pouch,battery_powerbank,640,640,231,237,196,260,0.1244140625
RB01873,23_2_R_2_po.jpg,RecyBat24,val,pouch,battery_powerbank,640,640,189,234,230,295,0.1656494140625
RB01874,12_2_R_3_po.jpg,RecyBat24,val,pouch,battery_powerbank,640,640,39,32,188,235,0.107861328125
RB01875,27_5_R_1_po.jpg,RecyBat24,val,pouch,battery_powerbank,640,640,151,137,186,263,0.1194287109375
RB01876,21_3_R_1_po.jpg,RecyBat24,val,pouch,battery_powerbank,640,640,134,213,189,209,0.09643798828125
RB01877,25_1_R_3_po.jpg,RecyBat24,val,pouch,battery_powerbank,640,640,227,259,153,107,0.03996826171875
RB01878,30_4_R_3_po.jpg,RecyBat24,val,pouch,battery_powerbank,640,640,53,218,187,310,0.1415283203125
RB01879,18_2_R_3_po.jpg,RecyBat24,val,pouch,battery_powerbank,640,640,158,248,186,214,0.097177734375
RB01880,1_4_R_2_po.jpg,RecyBat24,val,pouch,battery_powerbank,640,640,183,50,187,192,0.08765625
RB01881,6_4_R_3_po.jpg,RecyBat24,val,pouch,battery_powerbank,640,640,130,94,87,248,0.05267578125
RB01882,28_1_R_2_po.jpg,RecyBat24,val,pouch,battery_powerbank,640,640,256,112,77,240,0.0451171875
RB01883,29_1_R_3_po.jpg,RecyBat24,val,pouch,battery_powerbank,640,640,164,226,188,208,0.09546875
RB01884,10_4_R_1_po.jpg,RecyBat24,val,pouch,battery_powerbank,640,640,53,213,128,228,0.07125
RB01885,9_2_R_3_po.jpg,RecyBat24,val,pouch,battery_powerbank,640,640,155,215,204,235,0.117041015625
RB01886,28_2_R_3_po.jpg,RecyBat24,val,pouch,battery_powerbank,640,640,161,246,183,116,0.051826171875
RB01887,22_5_R_2_po.jpg,RecyBat24,val,pouch,battery_powerbank,640,640,158,153,104,250,0.0634765625
RB01888,11_2_R_1_po.jpg,RecyBat24,val,pouch,battery_powerbank,640,640,123,256,198,233,0.1126318359375
RB01889,4_2_R_1_po.jpg,RecyBat24,val,pouch,battery_powerbank,640,640,82,153,174,250,0.106201171875
RB01890,30_4_R_2_po.jpg,RecyBat24,val,pouch,battery_powerbank,640,640,102,0,184,304,0.1365625
RB01891,1_2_R_1_po.jpg,RecyBat24,val,pouch,battery_powerbank,640,640,158,34,206,257,0.1292529296875
RB01892,30_1_R_3_po.jpg,RecyBat24,val,pouch,battery_powerbank,640,640,177,182,236,150,0.08642578125
RB01893,15_3_R_2_po.jpg,RecyBat24,val,pouch,battery_powerbank,640,640,210,62,173,238,0.1005224609375
RB01894,23_4_R_3_po.jpg,RecyBat24,val,pouch,battery_powerbank,640,640,162,199,172,291,0.122197265625
RB01895,9_1_R_2_po.jpg,RecyBat24,val,pouch,battery_powerbank,640,640,71,136,196,276,0.1320703125
RB01896,9_5_R_2_po.jpg,RecyBat24,val,pouch,battery_powerbank,640,640,119,45,203,280,0.13876953125
RB01897,8_1_R_3_po.jpg,RecyBat24,val,pouch,battery_powerbank,640,640,266,90,190,150,0.069580078125
RB01898,28_2_R_1_po.jpg,RecyBat24,val,pouch,battery_powerbank,640,640,196,124,152,251,0.09314453125
RB01899,4_1_R_3_po.jpg,RecyBat24,val,pouch,battery_powerbank,640,640,112,204,164,165,0.066064453125
RB01900,30_3_R_1_po.jpg,RecyBat24,val,pouch,battery_powerbank,640,640,110,137,94,301,0.0690771484375
RB01901,14_4_R_2_po.jpg,RecyBat24,val,pouch,battery_powerbank,640,640,167,222,192,249,0.11671875
RB01902,21_1_R_2_po.jpg,RecyBat24,val,pouch,battery_powerbank,640,640,158,162,188,259,0.118876953125
RB01903,15_4_R_3_po.jpg,RecyBat24,val,pouch,battery_powerbank,640,640,310,95,146,248,0.0883984375
RB01904,2_2_R_3_po.jpg,RecyBat24,val,pouch,battery_powerbank,640,640,176,98,254,433,0.2685107421875
RB01905,23_2_R_1_po.jpg,RecyBat24,val,pouch,battery_powerbank,640,640,221,196,172,295,0.123876953125
RB01906,14_1_R_3_po.jpg,RecyBat24,val,pouch,battery_powerbank,640,640,257,145,185,257,0.11607666015625
RB01907,27_3_R_1_po.jpg,RecyBat24,val,pouch,battery_powerbank,640,640,89,195,198,245,0.1184326171875
RB01908,20_2_R_3_po.jpg,RecyBat24,val,pouch,battery_powerbank,640,640,184,189,181,106,0.0468408203125
RB01909,5_1_R_3_po.jpg,RecyBat24,val,pouch,battery_powerbank,640,640,115,178,160,240,0.09375
RB01910,30_1_R_1_po.jpg,RecyBat24,val,pouch,battery_powerbank,640,640,44,93,228,290,0.16142578125
RB01911,3_5_R_3_po.jpg,RecyBat24,val,pouch,battery_powerbank,640,640,173,161,151,237,0.08737060546875
RB01912,1_3_R_1_po.jpg,RecyBat24,val,pouch,battery_powerbank,640,640,220,262,191,213,0.09932373046875
RB01913,5_2_R_1_po.jpg,RecyBat24,val,pouch,battery_powerbank,640,640,158,130,170,173,0.0718017578125
RB01914,14_5_R_1_po.jpg,RecyBat24,val,pouch,battery_powerbank,640,640,180,171,200,242,0.1181640625
RB01915,8_2_R_1_po.jpg,RecyBat24,val,pouch,battery_powerbank,640,640,135,253,184,125,0.05615234375
RB01916,8_2_R_2_po.jpg,RecyBat24,val,pouch,battery_powerbank,640,640,233,108,177,118,0.0509912109375
RB01917,14_4_R_3_po.jpg,RecyBat24,val,pouch,battery_powerbank,640,640,97,49,194,265,0.1255126953125
RB01918,8_3_R_3_po.jpg,RecyBat24,val,pouch,battery_powerbank,640,640,264,223,181,184,0.08130859375
RB01919,7_5_R_1_po.jpg,RecyBat24,val,pouch,battery_powerbank,640,640,92,262,175,166,0.0709228515625
RB01920,1_3_R_2_po.jpg,RecyBat24,val,pouch,battery_powerbank,640,640,217,284,193,254,0.1196826171875
RB01921,7_4_R_2_po.jpg,RecyBat24,val,pouch,battery_powerbank,640,640,243,97,160,259,0.101171875
RB01922,21_2_R_1_po.jpg,RecyBat24,val,pouch,battery_powerbank,640,640,258,168,177,192,0.08296875
RB01923,14_5_R_3_po.jpg,RecyBat24,val,pouch,battery_powerbank,640,640,262,190,192,229,0.10734375
RB01924,24_3_R_2_po.jpg,RecyBat24,val,pouch,battery_powerbank,640,640,117,39,178,207,0.0899560546875
RB01925,2_4_R_3_po.jpg,RecyBat24,val,pouch,battery_powerbank,640,640,77,92,322,230,0.180810546875
RB01926,5_4_R_2_po.jpg,RecyBat24,val,pouch,battery_powerbank,640,640,234,251,191,242,0.1128466796875
RB01927,29_2_R_1_po.jpg,RecyBat24,val,pouch,battery_powerbank,640,640,198,17,205,263,0.13162841796875
RB01928,10_5_R_3_po.jpg,RecyBat24,val,pouch,battery_powerbank,640,640,164,177,162,121,0.0478564453125
RB01929,9_3_R_1_po.jpg,RecyBat24,val,pouch,battery_powerbank,640,640,51,274,201,264,0.12955078125
RB01930,19_3_R_3_po.jpg,RecyBat24,val,pouch,battery_powerbank,640,640,254,169,131,252,0.080595703125
RB01931,10_2_R_1_po.jpg,RecyBat24,val,pouch,battery_powerbank,640,640,122,129,170,233,0.0967041015625
RB01932,18_3_R_1_po.jpg,RecyBat24,val,pouch,battery_powerbank,640,640,222,192,140,253,0.086474609375
RB01933,12_1_R_3_po.jpg,RecyBat24,val,pouch,battery_powerbank,640,640,171,101,148,256,0.0925
RB01934,1_5_R_1_po.jpg,RecyBat24,val,pouch,battery_powerbank,640,640,116,329,204,246,0.12251953125
RB01935,15_4_R_2_po.jpg,RecyBat24,val,pouch,battery_powerbank,640,640,89,34,120,260,0.076171875
RB01936,5_3_R_1_po.jpg,RecyBat24,val,pouch,battery_powerbank,640,640,226,183,164,164,0.0656640625
RB01937,12_5_R_1_po.jpg,RecyBat24,val,pouch,battery_powerbank,640,640,389,88,100,246,0.06005859375
RB01938,13_4_R_3_po.jpg,RecyBat24,val,pouch,battery_powerbank,640,640,291,246,119,246,0.0714697265625
RB01939,10_3_R_3_po.jpg,RecyBat24,val,pouch,battery_powerbank,640,640,157,121,93,212,0.048134765625
RB01940,6_2_R_2_po.jpg,RecyBat24,val,pouch,battery_powerbank,640,640,216,210,168,232,0.09515625
RB01941,30_2_R_1_po.jpg,RecyBat24,val,pouch,battery_powerbank,640,640,142,199,241,206,0.1212060546875
RB01942,3_3_R_3_po.jpg,RecyBat24,val,pouch,battery_powerbank,640,640,74,147,186,265,0.1203369140625
RB01943,15_5_R_2_po.jpg,RecyBat24,val,pouch,battery_powerbank,640,640,148,283,166,228,0.09240234375
RB01944,18_4_R_3_po.jpg,RecyBat24,val,pouch,battery_powerbank,640,640,180,130,197,196,0.094267578125
RB01945,21_4_R_1_po.jpg,RecyBat24,val,pouch,battery_powerbank,640,640,134,95,193,235,0.11072998046875
RB01946,29_1_R_2_po.jpg,RecyBat24,val,pouch,battery_powerbank,640,640,78,173,201,220,0.107958984375
RB01947,12_4_R_2_po.jpg,RecyBat24,val,pouch,battery_powerbank,640,640,172,275,182,155,0.0688720703125
RB01948,24_5_R_1_po.jpg,RecyBat24,val,pouch,battery_powerbank,640,640,255,74,169,160,0.066015625
RB01949,20_4_R_2_po.jpg,RecyBat24,val,pouch,battery_powerbank,640,640,224,143,170,246,0.102099609375
RB01950,25_4_R_3_po.jpg,RecyBat24,val,pouch,battery_powerbank,640,640,247,152,168,143,0.05865234375
RB01951,24_1_R_1_po.jpg,RecyBat24,val,pouch,battery_powerbank,640,640,227,186,121,222,0.0655810546875
RB01952,6_5_R_1_po.jpg,RecyBat24,val,pouch,battery_powerbank,640,640,42,256,199,181,0.08793701171875
RB01953,19_5_R_2_po.jpg,RecyBat24,val,pouch,battery_powerbank,640,640,113,120,199,118,0.0573291015625
RB01954,12_2_R_1_po.jpg,RecyBat24,val,pouch,battery_powerbank,640,640,247,96,172,241,0.101201171875
RB01955,6_3_R_1_po.jpg,RecyBat24,val,pouch,battery_powerbank,640,640,121,127,131,262,0.0837939453125
RB01956,13_3_R_3_po.jpg,RecyBat24,val,pouch,battery_powerbank,640,640,83,243,168,239,0.09802734375
RB01957,15_3_R_3_po.jpg,RecyBat24,val,pouch,battery_powerbank,640,640,224,144,134,247,0.0808056640625
RB01958,22_2_R_2_po.jpg,RecyBat24,val,pouch,battery_powerbank,640,640,147,310,191,182,0.0848681640625
RB01959,11_1_R_3_po.jpg,RecyBat24,val,pouch,battery_powerbank,640,640,224,158,193,256,0.120625
RB01960,20_4_R_1_po.jpg,RecyBat24,val,pouch,battery_powerbank,640,640,348,244,77,233,0.04380126953125
RB01961,24_1_R_2_po.jpg,RecyBat24,val,pouch,battery_powerbank,640,640,241,225,168,185,0.07587890625
RB01962,17_5_R_3_po.jpg,RecyBat24,val,pouch,battery_powerbank,640,640,266,231,170,179,0.0742919921875
RB01963,2_3_R_1_po.jpg,RecyBat24,val,pouch,battery_powerbank,640,640,85,102,227,430,0.2383056640625
RB01964,3_1_R_3_po.jpg,RecyBat24,val,pouch,battery_powerbank,640,640,218,197,193,251,0.11826904296875
RB01965,4_5_R_3_po.jpg,RecyBat24,val,pouch,battery_powerbank,640,640,289,257,186,243,0.1103466796875
RB01966,27_5_R_3_po.jpg,RecyBat24,val,pouch,battery_powerbank,640,640,140,344,175,186,0.0794677734375
RB01967,30_2_R_2_po.jpg,RecyBat24,val,pouch,battery_powerbank,640,640,212,140,168,316,0.129609375
RB01968,8_5_R_3_po.jpg,RecyBat24,val,pouch,battery_powerbank,640,640,42,330,158,231,0.0891064453125
RB01969,5_2_R_2_po.jpg,RecyBat24,val,pouch,battery_powerbank,640,640,153,193,193,254,0.1196826171875
RB01970,5_1_R_2_po.jpg,RecyBat24,val,pouch,battery_powerbank,640,640,94,158,154,239,0.0898583984375
RB01971,7_2_R_3_po.jpg,RecyBat24,val,pouch,battery_powerbank,640,640,259,135,189,270,0.1245849609375
RB01972,21_3_R_3_po.jpg,RecyBat24,val,pouch,battery_powerbank,640,640,275,257,189,230,0.1061279296875
RB01973,4_3_R_1_po.jpg,RecyBat24,val,pouch,battery_powerbank,640,640,267,182,187,242,0.1104833984375
RB01974,10_1_R_2_po.jpg,RecyBat24,val,pouch,battery_powerbank,640,640,152,75,174,156,0.06626953125
RB01975,25_2_R_2_po.jpg,RecyBat24,val,pouch,battery_powerbank,640,640,202,197,170,200,0.0830078125
RB01976,30_5_R_1_po.jpg,RecyBat24,val,pouch,battery_powerbank,640,640,196,33,248,231,0.13986328125
RB01977,25_3_R_3_po.jpg,RecyBat24,val,pouch,battery_powerbank,640,640,132,50,178,195,0.0847412109375
RB01978,22_1_R_3_po.jpg,RecyBat24,val,pouch,battery_powerbank,640,640,114,204,196,182,0.08708984375
RB01979,10_5_R_2_po.jpg,RecyBat24,val,pouch,battery_powerbank,640,640,267,189,160,227,0.088671875
RB01980,8_5_R_1_po.jpg,RecyBat24,val,pouch,battery_powerbank,640,640,132,285,180,122,0.05361328125
RB01981,18_1_R_1_po.jpg,RecyBat24,val,pouch,battery_powerbank,640,640,130,201,195,118,0.0561767578125
RB01982,28_3_R_2_po.jpg,RecyBat24,val,pouch,battery_powerbank,640,640,152,244,183,112,0.0500390625
RB01983,24_4_R_3_po.jpg,RecyBat24,val,pouch,battery_powerbank,640,640,220,39,144,237,0.0833203125
RB01984,1_4_R_1_po.jpg,RecyBat24,val,pouch,battery_powerbank,640,640,23,129,207,272,0.1374609375
RB01985,21_3_R_2_po.jpg,RecyBat24,val,pouch,battery_powerbank,640,640,214,243,192,236,0.110625
RB01986,5_2_R_3_po.jpg,RecyBat24,val,pouch,battery_powerbank,640,640,177,63,146,243,0.0866162109375
RB01987,3_1_R_2_po.jpg,RecyBat24,val,pouch,battery_powerbank,640,640,241,242,188,264,0.121171875
RB01988,5_3_R_2_po.jpg,RecyBat24,val,pouch,battery_powerbank,640,640,241,65,196,258,0.12345703125
RB01989,17_2_R_3_po.jpg,RecyBat24,val,pouch,battery_powerbank,640,640,163,95,175,260,0.111083984375
RB01990,23_3_R_1_po.jpg,RecyBat24,val,pouch,battery_powerbank,640,640,219,99,167,302,0.1231298828125
RB01991,25_5_R_2_po.jpg,RecyBat24,val,pouch,battery_powerbank,640,640,195,245,167,193,0.07868896484375
RB01992,15_2_R_3_po.jpg,RecyBat24,val,pouch,battery_powerbank,640,640,120,83,189,123,0.05675537109375
RB01993,29_5_R_1_po.jpg,RecyBat24,val,pouch,battery_powerbank,640,640,91,75,181,182,0.0804248046875
RB01994,24_4_R_2_po.jpg,RecyBat24,val,pouch,battery_powerbank,640,640,119,199,163,221,0.08794677734375
RB01995,18_3_R_3_po.jpg,RecyBat24,val,pouch,battery_powerbank,640,640,97,134,142,259,0.0897900390625
RB01996,6_3_R_2_po.jpg,RecyBat24,val,pouch,battery_powerbank,640,640,205,157,189,147,0.06782958984375
RB01997,10_4_R_3_po.jpg,RecyBat24,val,pouch,battery_powerbank,640,640,226,199,156,232,0.088359375
RB01998,4_3_R_3_po.jpg,RecyBat24,val,pouch,battery_powerbank,640,640,172,83,150,237,0.0867919921875
RB01999,20_4_R_3_po.jpg,RecyBat24,val,pouch,battery_powerbank,640,640,76,142,199,169,0.08210693359375
RB02000,7_2_R_2_po.jpg,RecyBat24,val,pouch,battery_powerbank,640,640,203,204,199,245,0.11903076171875
RB02001,12_3_R_3_po.jpg,RecyBat24,val,pouch,battery_powerbank,640,640,71,266,189,175,0.08074951171875
RB02002,6_1_R_3_po.jpg,RecyBat24,val,pouch,battery_powerbank,640,640,47,49,179,247,0.10794189453125
RB02003,26_4_R_3_po.jpg,RecyBat24,val,pouch,battery_powerbank,640,640,282,68,91,254,0.0564306640625
RB02004,15_2_R_2_po.jpg,RecyBat24,val,pouch,battery_powerbank,640,640,221,219,182,202,0.089755859375
RB02005,7_4_R_3_po.jpg,RecyBat24,val,pouch,battery_powerbank,640,640,248,68,201,236,0.115810546875
RB02006,28_3_R_3_po.jpg,RecyBat24,val,pouch,battery_powerbank,640,640,120,105,162,250,0.098876953125
RB02007,4_5_R_1_po.jpg,RecyBat24,val,pouch,battery_powerbank,640,640,109,237,169,245,0.10108642578125
RB02008,22_4_R_1_po.jpg,RecyBat24,val,pouch,battery_powerbank,640,640,215,232,93,241,0.05471923828125
RB02009,28_1_R_3_po.jpg,RecyBat24,val,pouch,battery_powerbank,640,640,190,124,185,225,0.10162353515625
RB02010,11_2_R_3_po.jpg,RecyBat24,val,pouch,battery_powerbank,640,640,291,187,140,230,0.07861328125
RB02011,2_1_R_2_po.jpg,RecyBat24,val,pouch,battery_powerbank,640,640,17,178,330,278,0.223974609375
RB02012,10_4_R_2_po.jpg,RecyBat24,val,pouch,battery_powerbank,640,640,71,255,154,231,0.0868505859375
RB02013,30_3_R_3_po.jpg,RecyBat24,val,pouch,battery_powerbank,640,640,221,126,115,305,0.08563232421875
RB02014,19_5_R_3_po.jpg,RecyBat24,val,pouch,battery_powerbank,640,640,59,38,200,149,0.07275390625
RB02015,9_1_R_3_po.jpg,RecyBat24,val,pouch,battery_powerbank,640,640,133,101,208,253,0.1284765625
RB02016,11_2_R_2_po.jpg,RecyBat24,val,pouch,battery_powerbank,640,640,241,198,192,243,0.11390625
RB02017,10_2_R_3_po.jpg,RecyBat24,val,pouch,battery_powerbank,640,640,157,285,161,125,0.04913330078125
RB02018,7_3_R_1_po.jpg,RecyBat24,val,pouch,battery_powerbank,640,640,165,45,135,236,0.077783203125
RB02019,25_2_R_1_po.jpg,RecyBat24,val,pouch,battery_powerbank,640,640,114,53,118,236,0.06798828125
RB02020,6_2_R_1_po.jpg,RecyBat24,val,pouch,battery_powerbank,640,640,143,250,185,214,0.0966552734375
RB02021,28_2_R_2_po.jpg,RecyBat24,val,pouch,battery_powerbank,640,640,90,124,138,261,0.0879345703125
RB02022,7_1_R_3_po.jpg,RecyBat24,val,pouch,battery_powerbank,640,640,63,172,202,272,0.134140625
RB02023,23_4_R_1_po.jpg,RecyBat24,val,pouch,battery_powerbank,640,640,91,121,243,306,0.1815380859375
RB02024,3_3_R_1_po.jpg,RecyBat24,val,pouch,battery_powerbank,640,640,256,176,178,262,0.113857421875
RB02025,12_1_R_2_po.jpg,RecyBat24,val,pouch,battery_powerbank,640,640,312,135,78,238,0.045322265625
RB02026,14_2_R_3_po.jpg,RecyBat24,val,pouch,battery_powerbank,640,640,185,28,194,228,0.10798828125
RB02027,14_3_R_2_po.jpg,RecyBat24,val,pouch,battery_powerbank,640,640,284,169,126,217,0.0667529296875
RB02028,23_3_R_3_po.jpg,RecyBat24,val,pouch,battery_powerbank,640,640,217,75,234,307,0.1753857421875
RB02029,14_2_R_2_po.jpg,RecyBat24,val,pouch,battery_powerbank,640,640,144,159,179,253,0.11056396484375
RB02030,11_4_R_1_po.jpg,RecyBat24,val,pouch,battery_powerbank,640,640,75,331,197,242,0.1163916015625
RB02031,9_2_R_1_po.jpg,RecyBat24,val,pouch,battery_powerbank,640,640,178,16,212,259,0.134052734375
RB02032,13_3_R_2_po.jpg,RecyBat24,val,pouch,battery_powerbank,640,640,111,294,193,137,0.06455322265625
RB02033,30_4_R_1_po.jpg,RecyBat24,val,pouch,battery_powerbank,640,640,116,61,233,296,0.16837890625
RB02034,26_2_R_2_po.jpg,RecyBat24,val,pouch,battery_powerbank,640,640,117,181,87,243,0.05161376953125
RB02035,22_1_R_2_po.jpg,RecyBat24,val,pouch,battery_powerbank,640,640,210,69,138,262,0.088271484375
RB02036,27_2_R_1_po.jpg,RecyBat24,val,pouch,battery_powerbank,640,640,175,169,162,245,0.0968994140625
RB02037,7_1_R_1_po.jpg,RecyBat24,val,pouch,battery_powerbank,640,640,55,159,178,261,0.1134228515625
RB02038,29_4_R_3_po.jpg,RecyBat24,val,pouch,battery_powerbank,640,640,78,262,174,252,0.10705078125
RB02039,28_5_R_1_po.jpg,RecyBat24,val,pouch,battery_powerbank,640,640,259,265,92,238,0.05345703125
RB02040,28_4_R_2_po.jpg,RecyBat24,val,pouch,battery_powerbank,640,640,194,103,158,251,0.0968212890625
RB02041,14_2_R_1_po.jpg,RecyBat24,val,pouch,battery_powerbank,640,640,135,278,180,197,0.086572265625
RB02042,8_4_R_2_po.jpg,RecyBat24,val,pouch,battery_powerbank,640,640,105,130,116,253,0.071650390625
RB02043,17_3_R_1_po.jpg,RecyBat24,val,pouch,battery_powerbank,640,640,63,62,194,269,0.1274072265625
RB02044,7_3_R_2_po.jpg,RecyBat24,val,pouch,battery_powerbank,640,640,147,232,162,252,0.09966796875
RB02045,23_5_R_1_po.jpg,RecyBat24,val,pouch,battery_powerbank,640,640,82,21,221,182,0.0981982421875
RB02046,26_3_R_3_po.jpg,RecyBat24,val,pouch,battery_powerbank,640,640,122,135,188,229,0.105107421875
RB02047,13_2_R_1_po.jpg,RecyBat24,val,pouch,battery_powerbank,640,640,116,73,165,255,0.10272216796875
RB02048,19_1_R_3_po.jpg,RecyBat24,val,pouch,battery_powerbank,640,640,129,22,192,201,0.09421875
RB02049,24_5_R_2_po.jpg,RecyBat24,val,pouch,battery_powerbank,640,640,296,76,160,230,0.08984375
RB02050,20_5_R_1_po.jpg,RecyBat24,val,pouch,battery_powerbank,640,640,32,214,193,204,0.096123046875
RB02051,9_2_R_2_po.jpg,RecyBat24,val,pouch,battery_powerbank,640,640,208,178,190,265,0.1229248046875
RB02052,9_1_R_1_po.jpg,RecyBat24,val,pouch,battery_powerbank,640,640,115,214,189,194,0.0895166015625
RB02053,3_5_R_2_po.jpg,RecyBat24,val,pouch,battery_powerbank,640,640,277,251,155,240,0.0908203125
RB02054,20_1_R_1_po.jpg,RecyBat24,val,pouch,battery_powerbank,640,640,205,185,185,118,0.0532958984375
RB02055,18_4_R_1_po.jpg,RecyBat24,val,pouch,battery_powerbank,640,640,77,174,201,198,0.0971630859375
RB02056,28_3_R_1_po.jpg,RecyBat24,val,pouch,battery_powerbank,640,640,103,204,174,248,0.1053515625
RB02057,14_1_R_2_po.jpg,RecyBat24,val,pouch,battery_powerbank,640,640,87,47,203,253,0.12538818359375
RB02058,17_3_R_3_po.jpg,RecyBat24,val,pouch,battery_powerbank,640,640,73,275,193,220,0.103662109375
RB02059,12_1_R_1_po.jpg,RecyBat24,val,pouch,battery_powerbank,640,640,132,215,182,104,0.0462109375
RB02060,14_3_R_3_po.jpg,RecyBat24,val,pouch,battery_powerbank,640,640,171,195,167,169,0.06890380859375
RB02061,26_5_R_1_po.jpg,RecyBat24,val,pouch,battery_powerbank,640,640,105,221,176,240,0.103125
RB02062,29_4_R_1_po.jpg,RecyBat24,val,pouch,battery_powerbank,640,640,172,258,194,243,0.1150927734375
RB02063,9_3_R_3_po.jpg,RecyBat24,val,pouch,battery_powerbank,640,640,72,89,184,273,0.12263671875
RB02064,22_2_R_3_po.jpg,RecyBat24,val,pouch,battery_powerbank,640,640,125,179,199,178,0.0864794921875
RB02065,10_3_R_1_po.jpg,RecyBat24,val,pouch,battery_powerbank,640,640,246,165,143,238,0.0830908203125
RB02066,15_1_R_1_po.jpg,RecyBat24,val,pouch,battery_powerbank,640,640,199,196,186,129,0.0585791015625
RB02067,13_4_R_2_po.jpg,RecyBat24,val,pouch,battery_powerbank,640,640,65,104,159,254,0.0985986328125
RB02068,19_4_R_1_po.jpg,RecyBat24,val,pouch,battery_powerbank,640,640,133,183,156,243,0.092548828125
RB02069,3_4_R_3_po.jpg,RecyBat24,val,pouch,battery_powerbank,640,640,148,45,196,274,0.13111328125
RB02070,19_1_R_2_po.jpg,RecyBat24,val,pouch,battery_powerbank,640,640,165,172,181,106,0.0468408203125
RB02071,23_5_R_3_po.jpg,RecyBat24,val,pouch,battery_powerbank,640,640,122,158,243,296,0.17560546875
RB02072,1_2_R_3_po.jpg,RecyBat24,val,pouch,battery_powerbank,640,640,242,92,175,184,0.07861328125
RB02073,26_5_R_2_po.jpg,RecyBat24,val,pouch,battery_powerbank,640,640,172,189,197,191,0.09186279296875
RB02074,12_5_R_2_po.jpg,RecyBat24,val,pouch,battery_powerbank,640,640,205,114,139,246,0.0834814453125
RB02075,27_5_R_2_po.jpg,RecyBat24,val,pouch,battery_powerbank,640,640,217,189,157,241,0.09237548828125
RB02076,15_5_R_1_po.jpg,RecyBat24,val,pouch,battery_powerbank,640,640,76,135,172,238,0.09994140625
RB02077,30_1_R_2_po.jpg,RecyBat24,val,pouch,battery_powerbank,640,640,204,122,231,133,0.07500732421875
RB02078,15_2_R_1_po.jpg,RecyBat24,val,pouch,battery_powerbank,640,640,71,235,192,154,0.0721875
RB02079,2_1_R_3_po.jpg,RecyBat24,val,pouch,battery_powerbank,640,640,0,141,330,343,0.2763427734375
RB02080,27_3_R_3_po.jpg,RecyBat24,val,pouch,battery_powerbank,640,640,265,100,163,169,0.06725341796875
RB02081,19_2_R_2_po.jpg,RecyBat24,val,pouch,battery_powerbank,640,640,186,217,171,235,0.09810791015625
RB02082,8_1_R_1_po.jpg,RecyBat24,val,pouch,battery_powerbank,640,640,116,61,181,247,0.10914794921875
RB02083,18_5_R_1_po.jpg,RecyBat24,val,pouch,battery_powerbank,640,640,151,84,194,217,0.1027783203125
RB02084,22_4_R_3_po.jpg,RecyBat24,val,pouch,battery_powerbank,640,640,123,272,151,245,0.09031982421875
RB02085,12_3_R_2_po.jpg,RecyBat24,val,pouch,battery_powerbank,640,640,132,64,194,211,0.0999365234375
RB02086,27_2_R_3_po.jpg,RecyBat24,val,pouch,battery_powerbank,640,640,62,108,184,197,0.08849609375
RB02087,13_3_R_1_po.jpg,RecyBat24,val,pouch,battery_powerbank,640,640,190,164,192,205,0.09609375
RB02088,3_2_R_1_po.jpg,RecyBat24,val,pouch,battery_powerbank,640,640,152,63,204,254,0.12650390625
RB02089,4_3_R_2_po.jpg,RecyBat24,val,pouch,battery_powerbank,640,640,252,113,188,249,0.114287109375
RB02090,18_4_R_2_po.jpg,RecyBat24,val,pouch,battery_powerbank,640,640,137,62,179,243,0.10619384765625
RB02091,4_2_R_3_po.jpg,RecyBat24,val,pouch,battery_powerbank,640,640,292,189,148,223,0.080576171875
RB02092,25_4_R_2_po.jpg,RecyBat24,val,pouch,battery_powerbank,640,640,222,25,175,212,0.090576171875
RB02093,13_1_R_3_po.jpg,RecyBat24,val,pouch,battery_powerbank,640,640,266,97,133,255,0.08280029296875
RB02094,21_5_R_2_po.jpg,RecyBat24,val,pouch,battery_powerbank,640,640,188,264,176,247,0.1061328125
RB02095,22_3_R_2_po.jpg,RecyBat24,val,pouch,battery_powerbank,640,640,160,236,192,167,0.07828125
RB02096,21_4_R_2_po.jpg,RecyBat24,val,pouch,battery_powerbank,640,640,122,241,125,212,0.064697265625
RB02097,17_2_R_2_po.jpg,RecyBat24,val,pouch,battery_powerbank,640,640,94,111,178,257,0.1116845703125
RB02098,7_5_R_3_po.jpg,RecyBat24,val,pouch,battery_powerbank,640,640,151,124,168,262,0.1074609375
RB02099,19_1_R_1_po.jpg,RecyBat24,val,pouch,battery_powerbank,640,640,95,207,194,185,0.0876220703125
RB02100,2_2_R_2_po.jpg,RecyBat24,val,pouch,battery_powerbank,640,640,134,111,331,297,0.24000732421875
RB02101,2_4_R_2_po.jpg,RecyBat24,val,pouch,battery_powerbank,640,640,37,140,330,385,0.3101806640625
RB02102,26_4_R_1_po.jpg,RecyBat24,val,pouch,battery_powerbank,640,640,153,108,111,256,0.069375
RB02103,17_4_R_3_po.jpg,RecyBat24,val,pouch,battery_powerbank,640,640,191,0,182,174,0.077314453125
RB02104,11_1_R_1_po.jpg,RecyBat24,val,pouch,battery_powerbank,640,640,223,153,180,195,0.085693359375
RB02105,22_3_R_3_po.jpg,RecyBat24,val,pouch,battery_powerbank,640,640,154,128,132,259,0.083466796875
RB02106,25_1_R_2_po.jpg,RecyBat24,val,pouch,battery_powerbank,640,640,77,72,167,230,0.0937744140625
RB02107,42_3_R_2_po.jpg,RecyBat24,val,pouch,battery_powerbank,640,640,117,250,112,216,0.0590625
RB02108,36_4_R_2_po.jpg,RecyBat24,val,pouch,battery_powerbank,640,640,185,112,194,263,0.1245654296875
RB02109,38_1_R_2_po.jpg,RecyBat24,val,pouch,battery_powerbank,640,640,231,133,88,246,0.0528515625
RB02110,50_4_R_3_po.jpg,RecyBat24,val,pouch,battery_powerbank,640,640,114,39,239,256,0.149375
RB02111,54_2_R_1_po.jpg,RecyBat24,val,pouch,battery_powerbank,640,640,88,273,242,223,0.1317529296875
RB02112,34_1_R_3_po.jpg,RecyBat24,val,pouch,battery_powerbank,640,640,215,50,178,259,0.1125537109375
RB02113,54_4_R_3_po.jpg,RecyBat24,val,pouch,battery_powerbank,640,640,133,315,241,205,0.12061767578125
RB02114,48_4_R_3_po.jpg,RecyBat24,val,pouch,battery_powerbank,640,640,281,92,124,212,0.0641796875
RB02115,45_5_R_2_po.jpg,RecyBat24,val,pouch,battery_powerbank,640,640,375,132,156,234,0.08912109375
RB02116,54_5_R_1_po.jpg,RecyBat24,val,pouch,battery_powerbank,640,640,257,70,113,313,0.08635009765625
RB02117,56_5_R_1_po.jpg,RecyBat24,val,pouch,battery_powerbank,640,640,110,292,194,209,0.0989892578125
RB02118,45_4_R_1_po.jpg,RecyBat24,val,pouch,battery_powerbank,640,640,87,270,146,237,0.0844775390625
RB02119,37_5_R_2_po.jpg,RecyBat24,val,pouch,battery_powerbank,640,640,173,112,171,255,0.10645751953125
RB02120,53_2_R_1_po.jpg,RecyBat24,val,pouch,battery_powerbank,640,640,262,229,171,226,0.0943505859375
RB02121,32_4_R_1_po.jpg,RecyBat24,val,pouch,battery_powerbank,640,640,204,251,122,167,0.0497412109375
RB02122,53_5_R_3_po.jpg,RecyBat24,val,pouch,battery_powerbank,640,640,78,170,193,180,0.084814453125
RB02123,35_3_R_2_po.jpg,RecyBat24,val,pouch,battery_powerbank,640,640,250,195,163,230,0.0915283203125
RB02124,43_1_R_1_po.jpg,RecyBat24,val,pouch,battery_powerbank,640,640,211,192,164,226,0.09048828125
RB02125,48_3_R_2_po.jpg,RecyBat24,val,pouch,battery_powerbank,640,640,156,256,189,215,0.09920654296875
RB02126,41_1_R_3_po.jpg,RecyBat24,val,pouch,battery_powerbank,640,640,133,227,144,248,0.0871875
RB02127,46_1_R_2_po.jpg,RecyBat24,val,pouch,battery_powerbank,640,640,113,221,127,214,0.0663525390625
RB02128,52_1_R_3_po.jpg,RecyBat24,val,pouch,battery_powerbank,640,640,192,254,187,220,0.100439453125
RB02129,46_2_R_3_po.jpg,RecyBat24,val,pouch,battery_powerbank,640,640,68,110,183,193,0.08622802734375
RB02130,37_4_R_1_po.jpg,RecyBat24,val,pouch,battery_powerbank,640,640,147,199,189,254,0.1172021484375
RB02131,51_4_R_2_po.jpg,RecyBat24,val,pouch,battery_powerbank,640,640,276,209,196,250,0.11962890625
RB02132,47_2_R_3_po.jpg,RecyBat24,val,pouch,battery_powerbank,640,640,117,151,184,116,0.052109375
RB02133,54_1_R_1_po.jpg,RecyBat24,val,pouch,battery_powerbank,640,640,187,117,235,238,0.1365478515625
RB02134,41_2_R_1_po.jpg,RecyBat24,val,pouch,battery_powerbank,640,640,175,74,88,250,0.0537109375
RB02135,50_5_R_1_po.jpg,RecyBat24,val,pouch,battery_powerbank,640,640,229,168,231,292,0.164677734375
RB02136,40_2_R_3_po.jpg,RecyBat24,val,pouch,battery_powerbank,640,640,170,39,205,271,0.13563232421875
RB02137,40_4_R_1_po.jpg,RecyBat24,val,pouch,battery_powerbank,640,640,225,223,188,263,0.120712890625
RB02138,39_4_R_3_po.jpg,RecyBat24,val,pouch,battery_powerbank,640,640,162,282,175,116,0.049560546875
RB02139,52_4_R_3_po.jpg,RecyBat24,val,pouch,battery_powerbank,640,640,176,234,190,221,0.1025146484375
RB02140,36_2_R_3_po.jpg,RecyBat24,val,pouch,battery_powerbank,640,640,67,46,200,228,0.111328125
RB02141,47_4_R_1_po.jpg,RecyBat24,val,pouch,battery_powerbank,640,640,143,192,80,227,0.0443359375
RB02142,57_4_R_2_po.jpg,RecyBat24,val,pouch,battery_powerbank,640,640,73,161,148,230,0.08310546875
RB02143,49_3_R_2_po.jpg,RecyBat24,val,pouch,battery_powerbank,640,640,271,110,161,247,0.09708740234375
RB02144,42_5_R_1_po.jpg,RecyBat24,val,pouch,battery_powerbank,640,640,195,194,167,165,0.06727294921875
RB02145,31_4_R_1_po.jpg,RecyBat24,val,pouch,battery_powerbank,640,640,192,222,215,320,0.16796875
RB02146,55_1_R_1_po.jpg,RecyBat24,val,pouch,battery_powerbank,640,640,212,150,148,204,0.0737109375
RB02147,58_4_R_3_po.jpg,RecyBat24,val,pouch,battery_powerbank,640,640,97,324,164,112,0.04484375
RB02148,47_5_R_2_po.jpg,RecyBat24,val,pouch,battery_powerbank,640,640,142,70,180,224,0.0984375
RB02149,33_3_R_1_po.jpg,RecyBat24,val,pouch,battery_powerbank,640,640,302,51,145,247,0.08743896484375
RB02150,59_1_R_1_po.jpg,RecyBat24,val,pouch,battery_powerbank,640,640,111,108,199,230,0.1117431640625
RB02151,46_2_R_2_po.jpg,RecyBat24,val,pouch,battery_powerbank,640,640,103,42,143,243,0.08483642578125
RB02152,34_2_R_1_po.jpg,RecyBat24,val,pouch,battery_powerbank,640,640,197,213,165,251,0.10111083984375
RB02153,44_4_R_1_po.jpg,RecyBat24,val,pouch,battery_powerbank,640,640,211,69,171,210,0.0876708984375
RB02154,56_1_R_3_po.jpg,RecyBat24,val,pouch,battery_powerbank,640,640,82,104,202,270,0.133154296875
RB02155,43_4_R_2_po.jpg,RecyBat24,val,pouch,battery_powerbank,640,640,131,207,174,229,0.0972802734375
RB02156,45_2_R_2_po.jpg,RecyBat24,val,pouch,battery_powerbank,640,640,256,241,185,139,0.06278076171875
RB02157,37_3_R_1_po.jpg,RecyBat24,val,pouch,battery_powerbank,640,640,171,3,177,251,0.10846435546875
RB02158,52_3_R_2_po.jpg,RecyBat24,val,pouch,battery_powerbank,640,640,106,157,195,242,0.1152099609375
RB02159,31_4_R_3_po.jpg,RecyBat24,val,pouch,battery_powerbank,640,640,188,209,244,298,0.17751953125
RB02160,37_2_R_1_po.jpg,RecyBat24,val,pouch,battery_powerbank,640,640,265,175,191,232,0.10818359375
RB02161,42_5_R_2_po.jpg,RecyBat24,val,pouch,battery_powerbank,640,640,133,164,173,151,0.06377685546875
RB02162,32_3_R_2_po.jpg,RecyBat24,val,pouch,battery_powerbank,640,640,86,150,153,209,0.07806884765625
RB02163,42_5_R_3_po.jpg,RecyBat24,val,pouch,battery_powerbank,640,640,221,76,173,189,0.07982666015625
RB02164,38_3_R_1_po.jpg,RecyBat24,val,pouch,battery_powerbank,640,640,157,103,143,260,0.090771484375
RB02165,53_5_R_2_po.jpg,RecyBat24,val,pouch,battery_powerbank,640,640,209,6,162,251,0.0992724609375
RB02166,55_1_R_2_po.jpg,RecyBat24,val,pouch,battery_powerbank,640,640,154,275,124,157,0.047529296875
RB02167,45_3_R_2_po.jpg,RecyBat24,val,pouch,battery_powerbank,640,640,144,322,185,147,0.06639404296875
RB02168,39_4_R_1_po.jpg,RecyBat24,val,pouch,battery_powerbank,640,640,148,118,157,238,0.0912255859375
RB02169,54_4_R_2_po.jpg,RecyBat24,val,pouch,battery_powerbank,640,640,84,291,238,169,0.0981982421875
RB02170,50_4_R_1_po.jpg,RecyBat24,val,pouch,battery_powerbank,640,640,300,60,133,282,0.0915673828125
RB02171,58_2_R_1_po.jpg,RecyBat24,val,pouch,battery_powerbank,640,640,175,27,175,161,0.06878662109375
RB02172,35_1_R_3_po.jpg,RecyBat24,val,pouch,battery_powerbank,640,640,200,139,145,245,0.08673095703125
RB02173,48_2_R_3_po.jpg,RecyBat24,val,pouch,battery_powerbank,640,640,105,212,191,242,0.1128466796875
RB02174,49_2_R_3_po.jpg,RecyBat24,val,pouch,battery_powerbank,640,640,169,204,128,251,0.0784375
RB02175,49_3_R_3_po.jpg,RecyBat24,val,pouch,battery_powerbank,640,640,73,240,190,126,0.058447265625
RB02176,51_2_R_1_po.jpg,RecyBat24,val,pouch,battery_powerbank,640,640,194,161,176,258,0.110859375
RB02177,59_1_R_3_po.jpg,RecyBat24,val,pouch,battery_powerbank,640,640,110,139,189,212,0.097822265625
RB02178,48_5_R_1_po.jpg,RecyBat24,val,pouch,battery_powerbank,640,640,24,87,200,236,0.115234375
RB02179,37_1_R_1_po.jpg,RecyBat24,val,pouch,battery_powerbank,640,640,201,212,172,178,0.07474609375
RB02180,59_4_R_3_po.jpg,RecyBat24,val,pouch,battery_powerbank,640,640,170,198,185,256,0.115625
RB02181,47_1_R_1_po.jpg,RecyBat24,val,pouch,battery_powerbank,640,640,81,236,189,170,0.0784423828125
RB02182,34_4_R_2_po.jpg,RecyBat24,val,pouch,battery_powerbank,640,640,311,275,133,217,0.07046142578125
RB02183,32_3_R_1_po.jpg,RecyBat24,val,pouch,battery_powerbank,640,640,272,214,165,226,0.0910400390625
RB02184,43_2_R_1_po.jpg,RecyBat24,val,pouch,battery_powerbank,640,640,71,184,179,218,0.0952685546875
RB02185,31_5_R_1_po.jpg,RecyBat24,val,pouch,battery_powerbank,640,640,162,245,230,197,0.1106201171875
RB02186,58_1_R_2_po.jpg,RecyBat24,val,pouch,battery_powerbank,640,640,181,137,165,206,0.0829833984375
RB02187,54_2_R_3_po.jpg,RecyBat24,val,pouch,battery_powerbank,640,640,129,120,235,279,0.16007080078125
RB02188,31_5_R_3_po.jpg,RecyBat24,val,pouch,battery_powerbank,640,640,155,200,131,300,0.095947265625
RB02189,56_2_R_1_po.jpg,RecyBat24,val,pouch,battery_powerbank,640,640,50,307,192,199,0.09328125
RB02190,42_3_R_3_po.jpg,RecyBat24,val,pouch,battery_powerbank,640,640,274,236,110,218,0.058544921875
RB02191,56_3_R_1_po.jpg,RecyBat24,val,pouch,battery_powerbank,640,640,86,89,193,199,0.09376708984375
RB02192,33_4_R_2_po.jpg,RecyBat24,val,pouch,battery_powerbank,640,640,181,142,185,263,0.11878662109375
RB02193,37_4_R_2_po.jpg,RecyBat24,val,pouch,battery_powerbank,640,640,166,204,183,249,0.11124755859375
RB02194,59_2_R_1_po.jpg,RecyBat24,val,pouch,battery_powerbank,640,640,201,154,170,257,0.1066650390625
RB02195,54_2_R_2_po.jpg,RecyBat24,val,pouch,battery_powerbank,640,640,189,168,233,257,0.14619384765625
RB02196,31_3_R_2_po.jpg,RecyBat24,val,pouch,battery_powerbank,640,640,215,200,239,207,0.12078369140625
RB02197,53_4_R_1_po.jpg,RecyBat24,val,pouch,battery_powerbank,640,640,240,87,166,236,0.09564453125
RB02198,47_1_R_2_po.jpg,RecyBat24,val,pouch,battery_powerbank,640,640,111,155,135,244,0.080419921875
RB02199,38_3_R_2_po.jpg,RecyBat24,val,pouch,battery_powerbank,640,640,192,260,187,122,0.0556982421875
RB02200,35_3_R_1_po.jpg,RecyBat24,val,pouch,battery_powerbank,640,640,67,79,191,216,0.10072265625
RB02201,43_4_R_3_po.jpg,RecyBat24,val,pouch,battery_powerbank,640,640,262,168,171,227,0.09476806640625
RB02202,51_1_R_2_po.jpg,RecyBat24,val,pouch,battery_powerbank,640,640,240,138,155,243,0.09195556640625
RB02203,46_4_R_3_po.jpg,RecyBat24,val,pouch,battery_powerbank,640,640,212,200,194,228,0.10798828125
RB02204,57_5_R_3_po.jpg,RecyBat24,val,pouch,battery_powerbank,640,640,209,278,156,229,0.087216796875
RB02205,55_2_R_2_po.jpg,RecyBat24,val,pouch,battery_powerbank,640,640,268,36,159,227,0.08811767578125
RB02206,40_1_R_3_po.jpg,RecyBat24,val,pouch,battery_powerbank,640,640,42,192,207,252,0.127353515625
RB02207,48_3_R_1_po.jpg,RecyBat24,val,pouch,battery_powerbank,640,640,219,227,150,229,0.0838623046875
RB02208,40_5_R_2_po.jpg,RecyBat24,val,pouch,battery_powerbank,640,640,126,217,127,223,0.06914306640625
RB02209,54_3_R_1_po.jpg,RecyBat24,val,pouch,battery_powerbank,640,640,116,58,245,256,0.153125
RB02210,59_5_R_1_po.jpg,RecyBat24,val,pouch,battery_powerbank,640,640,90,222,181,255,0.11268310546875
RB02211,55_4_R_2_po.jpg,RecyBat24,val,pouch,battery_powerbank,640,640,87,188,156,211,0.080361328125
RB02212,54_5_R_3_po.jpg,RecyBat24,val,pouch,battery_powerbank,640,640,130,120,235,277,0.15892333984375
RB02213,41_1_R_1_po.jpg,RecyBat24,val,pouch,battery_powerbank,640,640,187,162,179,227,0.09920166015625
RB02214,49_5_R_2_po.jpg,RecyBat24,val,pouch,battery_powerbank,640,640,137,162,167,245,0.09989013671875
RB02215,45_4_R_2_po.jpg,RecyBat24,val,pouch,battery_powerbank,640,640,218,126,131,246,0.0786767578125
RB02216,47_5_R_3_po.jpg,RecyBat24,val,pouch,battery_powerbank,640,640,131,193,184,201,0.09029296875
RB02217,45_4_R_3_po.jpg,RecyBat24,val,pouch,battery_powerbank,640,640,258,214,163,238,0.0947119140625
RB02218,57_3_R_2_po.jpg,RecyBat24,val,pouch,battery_powerbank,640,640,87,212,117,196,0.055986328125
RB02219,46_2_R_1_po.jpg,RecyBat24,val,pouch,battery_powerbank,640,640,314,223,165,243,0.09788818359375
RB02220,52_3_R_3_po.jpg,RecyBat24,val,pouch,battery_powerbank,640,640,242,60,148,237,0.085634765625
RB02221,42_1_R_2_po.jpg,RecyBat24,val,pouch,battery_powerbank,640,640,191,192,170,165,0.0684814453125
RB02222,37_3_R_2_po.jpg,RecyBat24,val,pouch,battery_powerbank,640,640,282,264,182,205,0.0910888671875
RB02223,31_1_R_3_po.jpg,RecyBat24,val,pouch,battery_powerbank,640,640,95,124,219,335,0.17911376953125
RB02224,38_2_R_2_po.jpg,RecyBat24,val,pouch,battery_powerbank,640,640,281,130,177,222,0.0959326171875
RB02225,54_5_R_2_po.jpg,RecyBat24,val,pouch,battery_powerbank,640,640,243,102,201,309,0.15163330078125
RB02226,35_5_R_2_po.jpg,RecyBat24,val,pouch,battery_powerbank,640,640,158,121,178,220,0.09560546875
RB02227,38_1_R_3_po.jpg,RecyBat24,val,pouch,battery_powerbank,640,640,223,82,191,136,0.06341796875
RB02228,41_3_R_1_po.jpg,RecyBat24,val,pouch,battery_powerbank,640,640,62,131,158,256,0.09875
RB02229,52_1_R_2_po.jpg,RecyBat24,val,pouch,battery_powerbank,640,640,159,168,146,227,0.0809130859375
RB02230,35_2_R_2_po.jpg,RecyBat24,val,pouch,battery_powerbank,640,640,178,112,185,209,0.09439697265625
RB02231,40_2_R_1_po.jpg,RecyBat24,val,pouch,battery_powerbank,640,640,81,113,162,258,0.102041015625
RB02232,56_2_R_2_po.jpg,RecyBat24,val,pouch,battery_powerbank,640,640,155,174,172,257,0.107919921875
RB02233,31_1_R_2_po.jpg,RecyBat24,val,pouch,battery_powerbank,640,640,112,82,207,337,0.17031005859375
RB02234,47_3_R_3_po.jpg,RecyBat24,val,pouch,battery_powerbank,640,640,103,261,152,234,0.0868359375
RB02235,54_1_R_2_po.jpg,RecyBat24,val,pouch,battery_powerbank,640,640,125,110,140,319,0.109033203125
RB02236,52_4_R_1_po.jpg,RecyBat24,val,pouch,battery_powerbank,640,640,187,268,168,171,0.07013671875
RB02237,52_5_R_2_po.jpg,RecyBat24,val,pouch,battery_powerbank,640,640,127,94,191,208,0.0969921875
RB02238,52_5_R_1_po.jpg,RecyBat24,val,pouch,battery_powerbank,640,640,93,169,194,260,0.12314453125
RB02239,33_1_R_1_po.jpg,RecyBat24,val,pouch,battery_powerbank,640,640,144,220,166,158,0.064033203125
RB02240,57_4_R_1_po.jpg,RecyBat24,val,pouch,battery_powerbank,640,640,185,267,169,183,0.07550537109375
RB02241,36_5_R_2_po.jpg,RecyBat24,val,pouch,battery_powerbank,640,640,161,56,187,216,0.09861328125
RB02242,43_3_R_3_po.jpg,RecyBat24,val,pouch,battery_powerbank,640,640,259,300,149,155,0.05638427734375
RB02243,33_4_R_1_po.jpg,RecyBat24,val,pouch,battery_powerbank,640,640,170,68,195,268,0.127587890625
RB02244,53_5_R_1_po.jpg,RecyBat24,val,pouch,battery_powerbank,640,640,344,275,128,235,0.0734375
RB02245,33_3_R_2_po.jpg,RecyBat24,val,pouch,battery_powerbank,640,640,293,0,132,224,0.0721875
RB02246,37_5_R_3_po.jpg,RecyBat24,val,pouch,battery_powerbank,640,640,150,209,174,249,0.1057763671875
RB02247,34_3_R_3_po.jpg,RecyBat24,val,pouch,battery_powerbank,640,640,189,245,186,217,0.0985400390625
RB02248,34_1_R_1_po.jpg,RecyBat24,val,pouch,battery_powerbank,640,640,136,129,185,217,0.09801025390625
RB02249,44_1_R_3_po.jpg,RecyBat24,val,pouch,battery_powerbank,640,640,169,225,165,123,0.04954833984375
RB02250,43_4_R_1_po.jpg,RecyBat24,val,pouch,battery_powerbank,640,640,226,81,174,216,0.0917578125
RB02251,45_3_R_3_po.jpg,RecyBat24,val,pouch,battery_powerbank,640,640,97,248,178,214,0.092998046875
RB02252,40_3_R_2_po.jpg,RecyBat24,val,pouch,battery_powerbank,640,640,259,226,198,231,0.1116650390625
RB02253,47_4_R_2_po.jpg,RecyBat24,val,pouch,battery_powerbank,640,640,134,194,177,213,0.09204345703125
RB02254,34_5_R_3_po.jpg,RecyBat24,val,pouch,battery_powerbank,640,640,145,84,156,244,0.0929296875
RB02255,59_3_R_3_po.jpg,RecyBat24,val,pouch,battery_powerbank,640,640,262,200,154,242,0.090986328125
RB02256,54_3_R_2_po.jpg,RecyBat24,val,pouch,battery_powerbank,640,640,29,40,258,234,0.147392578125
RB02257,34_5_R_2_po.jpg,RecyBat24,val,pouch,battery_powerbank,640,640,299,55,166,252,0.10212890625
RB02258,48_1_R_1_po.jpg,RecyBat24,val,pouch,battery_powerbank,640,640,114,121,200,232,0.11328125
RB02259,46_3_R_1_po.jpg,RecyBat24,val,pouch,battery_powerbank,640,640,113,244,179,251,0.10968994140625
RB02260,45_2_R_1_po.jpg,RecyBat24,val,pouch,battery_powerbank,640,640,238,187,166,231,0.0936181640625
RB02261,47_2_R_1_po.jpg,RecyBat24,val,pouch,battery_powerbank,640,640,180,75,186,141,0.0640283203125
RB02262,31_3_R_3_po.jpg,RecyBat24,val,pouch,battery_powerbank,640,640,239,114,231,169,0.09531005859375
RB02263,44_3_R_1_po.jpg,RecyBat24,val,pouch,battery_powerbank,640,640,117,129,123,228,0.068466796875
RB02264,49_3_R_1_po.jpg,RecyBat24,val,pouch,battery_powerbank,640,640,112,107,104,257,0.06525390625
RB02265,44_4_R_3_po.jpg,RecyBat24,val,pouch,battery_powerbank,640,640,342,70,129,234,0.0736962890625
RB02266,58_3_R_2_po.jpg,RecyBat24,val,pouch,battery_powerbank,640,640,101,184,129,225,0.07086181640625
RB02267,36_3_R_1_po.jpg,RecyBat24,val,pouch,battery_powerbank,640,640,222,187,196,249,0.119150390625
RB02268,48_4_R_2_po.jpg,RecyBat24,val,pouch,battery_powerbank,640,640,74,198,194,244,0.11556640625
RB02269,39_5_R_2_po.jpg,RecyBat24,val,pouch,battery_powerbank,640,640,195,74,177,219,0.09463623046875
RB02270,33_5_R_1_po.jpg,RecyBat24,val,pouch,battery_powerbank,640,640,109,201,167,165,0.06727294921875
RB02271,46_1_R_1_po.jpg,RecyBat24,val,pouch,battery_powerbank,640,640,145,136,204,248,0.123515625
RB02272,33_1_R_3_po.jpg,RecyBat24,val,pouch,battery_powerbank,640,640,154,196,167,183,0.07461181640625
RB02273,46_1_R_3_po.jpg,RecyBat24,val,pouch,battery_powerbank,640,640,80,167,194,230,0.108935546875
RB02274,42_1_R_3_po.jpg,RecyBat24,val,pouch,battery_powerbank,640,640,87,117,141,235,0.08089599609375
RB02275,56_1_R_2_po.jpg,RecyBat24,val,pouch,battery_powerbank,640,640,94,170,200,261,0.12744140625
RB02276,39_2_R_1_po.jpg,RecyBat24,val,pouch,battery_powerbank,640,640,201,232,179,148,0.064677734375
RB02277,37_5_R_1_po.jpg,RecyBat24,val,pouch,battery_powerbank,640,640,161,134,191,256,0.119375
RB02278,31_2_R_2_po.jpg,RecyBat24,val,pouch,battery_powerbank,640,640,121,2,250,318,0.194091796875
RB02279,41_5_R_3_po.jpg,RecyBat24,val,pouch,battery_powerbank,640,640,149,85,162,250,0.098876953125
RB02280,39_4_R_2_po.jpg,RecyBat24,val,pouch,battery_powerbank,640,640,199,254,174,202,0.085810546875
RB02281,45_1_R_3_po.jpg,RecyBat24,val,pouch,battery_powerbank,640,640,222,215,152,234,0.0868359375
RB02282,34_3_R_1_po.jpg,RecyBat24,val,pouch,battery_powerbank,640,640,115,228,154,232,0.0872265625
RB02283,34_2_R_2_po.jpg,RecyBat24,val,pouch,battery_powerbank,640,640,159,205,195,230,0.1094970703125
RB02284,42_3_R_1_po.jpg,RecyBat24,val,pouch,battery_powerbank,640,640,87,83,110,221,0.0593505859375
RB02285,43_5_R_1_po.jpg,RecyBat24,val,pouch,battery_powerbank,640,640,140,189,179,221,0.09657958984375
RB02286,48_3_R_3_po.jpg,RecyBat24,val,pouch,battery_powerbank,640,640,101,167,128,216,0.0675
RB02287,40_5_R_1_po.jpg,RecyBat24,val,pouch,battery_powerbank,640,640,121,254,203,260,0.128857421875
RB02288,51_2_R_2_po.jpg,RecyBat24,val,pouch,battery_powerbank,640,640,184,132,145,232,0.08212890625
RB02289,59_5_R_2_po.jpg,RecyBat24,val,pouch,battery_powerbank,640,640,178,227,197,239,0.11494873046875
RB02290,56_1_R_1_po.jpg,RecyBat24,val,pouch,battery_powerbank,640,640,194,158,183,189,0.08444091796875
RB02291,57_1_R_2_po.jpg,RecyBat24,val,pouch,battery_powerbank,640,640,158,208,180,231,0.101513671875
RB02292,38_4_R_2_po.jpg,RecyBat24,val,pouch,battery_powerbank,640,640,160,113,119,260,0.075537109375
RB02293,32_1_R_2_po.jpg,RecyBat24,val,pouch,battery_powerbank,640,640,165,180,150,178,0.065185546875
RB02294,32_4_R_3_po.jpg,RecyBat24,val,pouch,battery_powerbank,640,640,109,77,143,202,0.0705224609375
RB02295,43_5_R_2_po.jpg,RecyBat24,val,pouch,battery_powerbank,640,640,305,146,158,229,0.0883349609375
RB02296,41_2_R_3_po.jpg,RecyBat24,val,pouch,battery_powerbank,640,640,129,120,84,244,0.0500390625
RB02297,58_1_R_1_po.jpg,RecyBat24,val,pouch,battery_powerbank,640,640,105,174,179,196,0.085654296875
RB02298,53_2_R_3_po.jpg,RecyBat24,val,pouch,battery_powerbank,640,640,114,117,153,248,0.09263671875
RB02299,32_5_R_3_po.jpg,RecyBat24,val,pouch,battery_powerbank,640,640,115,259,172,222,0.09322265625
RB02300,31_2_R_1_po.jpg,RecyBat24,val,pouch,battery_powerbank,640,640,121,56,146,325,0.1158447265625
RB02301,56_3_R_3_po.jpg,RecyBat24,val,pouch,battery_powerbank,640,640,73,168,173,180,0.076025390625
RB02302,43_1_R_2_po.jpg,RecyBat24,val,pouch,battery_powerbank,640,640,128,132,180,231,0.101513671875
RB02303,53_4_R_3_po.jpg,RecyBat24,val,pouch,battery_powerbank,640,640,118,275,173,217,0.09165283203125
RB02304,39_3_R_2_po.jpg,RecyBat24,val,pouch,battery_powerbank,640,640,274,325,178,154,0.066923828125
RB02305,59_4_R_2_po.jpg,RecyBat24,val,pouch,battery_powerbank,640,640,267,0,160,212,0.0828125
RB02306,32_1_R_3_po.jpg,RecyBat24,val,pouch,battery_powerbank,640,640,242,197,171,229,0.09560302734375
RB02307,44_5_R_3_po.jpg,RecyBat24,val,pouch,battery_powerbank,640,640,132,55,162,230,0.090966796875
RB02308,59_3_R_1_po.jpg,RecyBat24,val,pouch,battery_powerbank,640,640,152,89,180,192,0.084375
RB02309,47_3_R_2_po.jpg,RecyBat24,val,pouch,battery_powerbank,640,640,227,276,187,166,0.0757861328125
RB02310,44_1_R_2_po.jpg,RecyBat24,val,pouch,battery_powerbank,640,640,138,120,162,223,0.0881982421875
RB02311,37_3_R_3_po.jpg,RecyBat24,val,pouch,battery_powerbank,640,640,131,227,185,250,0.1129150390625
RB02312,41_4_R_1_po.jpg,RecyBat24,val,pouch,battery_powerbank,640,640,88,205,173,235,0.09925537109375
RB02313,56_4_R_1_po.jpg,RecyBat24,val,pouch,battery_powerbank,640,640,228,74,201,248,0.12169921875
RB02314,39_1_R_3_po.jpg,RecyBat24,val,pouch,battery_powerbank,640,640,149,154,160,233,0.091015625
RB02315,31_4_R_2_po.jpg,RecyBat24,val,pouch,battery_powerbank,640,640,247,136,245,282,0.1686767578125
RB02316,52_2_R_3_po.jpg,RecyBat24,val,pouch,battery_powerbank,640,640,177,210,162,242,0.095712890625
RB02317,32_2_R_1_po.jpg,RecyBat24,val,pouch,battery_powerbank,640,640,275,216,157,182,0.0697607421875
RB02318,45_1_R_2_po.jpg,RecyBat24,val,pouch,battery_powerbank,640,640,202,185,162,237,0.0937353515625
RB02319,51_2_R_3_po.jpg,RecyBat24,val,pouch,battery_powerbank,640,640,81,44,205,238,0.1191162109375
RB02320,46_3_R_2_po.jpg,RecyBat24,val,pouch,battery_powerbank,640,640,269,52,138,227,0.0764794921875
RB02321,35_1_R_2_po.jpg,RecyBat24,val,pouch,battery_powerbank,640,640,66,221,171,232,0.09685546875
RB02322,41_1_R_2_po.jpg,RecyBat24,val,pouch,battery_powerbank,640,640,177,115,131,257,0.08219482421875
RB02323,48_1_R_2_po.jpg,RecyBat24,val,pouch,battery_powerbank,640,640,210,156,188,239,0.109697265625
RB02324,50_1_R_2_po.jpg,RecyBat24,val,pouch,battery_powerbank,640,640,223,164,238,288,0.16734375
RB02325,35_5_R_1_po.jpg,RecyBat24,val,pouch,battery_powerbank,640,640,168,259,167,221,0.09010498046875
RB02326,37_1_R_3_po.jpg,RecyBat24,val,pouch,battery_powerbank,640,640,248,74,193,250,0.1177978515625
RB02327,44_2_R_1_po.jpg,RecyBat24,val,pouch,battery_powerbank,640,640,137,257,171,174,0.0726416015625
RB02328,50_1_R_3_po.jpg,RecyBat24,val,pouch,battery_powerbank,640,640,87,46,217,327,0.17323974609375
RB02329,43_2_R_3_po.jpg,RecyBat24,val,pouch,battery_powerbank,640,640,151,117,178,237,0.1029931640625
RB02330,52_1_R_1_po.jpg,RecyBat24,val,pouch,battery_powerbank,640,640,256,234,125,214,0.0653076171875
RB02331,44_3_R_3_po.jpg,RecyBat24,val,pouch,battery_powerbank,640,640,337,257,116,216,0.061171875
RB02332,44_4_R_2_po.jpg,RecyBat24,val,pouch,battery_powerbank,640,640,146,186,112,217,0.0593359375
RB02333,43_1_R_3_po.jpg,RecyBat24,val,pouch,battery_powerbank,640,640,140,296,144,150,0.052734375
RB02334,59_5_R_3_po.jpg,RecyBat24,val,pouch,battery_powerbank,640,640,249,54,190,211,0.0978759765625
RB02335,42_4_R_3_po.jpg,RecyBat24,val,pouch,battery_powerbank,640,640,85,126,177,193,0.08340087890625
RB02336,32_1_R_1_po.jpg,RecyBat24,val,pouch,battery_powerbank,640,640,139,178,163,197,0.07839599609375
RB02337,46_5_R_3_po.jpg,RecyBat24,val,pouch,battery_powerbank,640,640,147,325,185,210,0.0948486328125
RB02338,55_5_R_2_po.jpg,RecyBat24,val,pouch,battery_powerbank,640,640,297,352,120,159,0.04658203125
RB02339,52_2_R_1_po.jpg,RecyBat24,val,pouch,battery_powerbank,640,640,153,222,170,249,0.1033447265625
RB02340,33_2_R_1_po.jpg,RecyBat24,val,pouch,battery_powerbank,640,640,241,240,192,259,0.12140625
RB02341,38_5_R_2_po.jpg,RecyBat24,val,pouch,battery_powerbank,640,640,209,97,176,236,0.10140625
RB02342,43_5_R_3_po.jpg,RecyBat24,val,pouch,battery_powerbank,640,640,196,144,128,204,0.06375
RB02343,50_2_R_1_po.jpg,RecyBat24,val,pouch,battery_powerbank,640,640,122,136,191,312,0.14548828125
RB02344,48_5_R_3_po.jpg,RecyBat24,val,pouch,battery_powerbank,640,640,197,147,188,229,0.105107421875
RB02345,47_2_R_2_po.jpg,RecyBat24,val,pouch,battery_powerbank,640,640,297,186,183,122,0.0545068359375
RB02346,58_5_R_3_po.jpg,RecyBat24,val,pouch,battery_powerbank,640,640,172,130,94,214,0.049111328125
RB02347,49_5_R_3_po.jpg,RecyBat24,val,pouch,battery_powerbank,640,640,245,94,101,254,0.0626318359375
RB02348,45_3_R_1_po.jpg,RecyBat24,val,pouch,battery_powerbank,640,640,180,182,124,244,0.0738671875
RB02349,42_4_R_1_po.jpg,RecyBat24,val,pouch,battery_powerbank,640,640,44,234,163,218,0.0867529296875
RB02350,34_2_R_3_po.jpg,RecyBat24,val,pouch,battery_powerbank,640,640,64,161,201,243,0.11924560546875
RB02351,51_5_R_3_po.jpg,RecyBat24,val,pouch,battery_powerbank,640,640,60,3,182,270,0.119970703125
RB02352,58_5_R_1_po.jpg,RecyBat24,val,pouch,battery_powerbank,640,640,166,25,168,128,0.0525
RB02353,51_4_R_1_po.jpg,RecyBat24,val,pouch,battery_powerbank,640,640,65,36,178,192,0.0834375
RB02354,55_1_R_3_po.jpg,RecyBat24,val,pouch,battery_powerbank,640,640,67,226,149,175,0.06365966796875
RB02355,56_2_R_3_po.jpg,RecyBat24,val,pouch,battery_powerbank,640,640,106,281,202,233,0.1149072265625
RB02356,58_2_R_2_po.jpg,RecyBat24,val,pouch,battery_powerbank,640,640,57,5,141,241,0.08296142578125
RB02357,50_5_R_3_po.jpg,RecyBat24,val,pouch,battery_powerbank,640,640,232,91,235,300,0.172119140625
RB02358,54_1_R_3_po.jpg,RecyBat24,val,pouch,battery_powerbank,640,640,130,107,137,319,0.10669677734375
RB02359,41_4_R_3_po.jpg,RecyBat24,val,pouch,battery_powerbank,640,640,182,256,182,103,0.0457666015625
RB02360,56_5_R_2_po.jpg,RecyBat24,val,pouch,battery_powerbank,640,640,101,232,185,259,0.11697998046875
RB02361,40_4_R_2_po.jpg,RecyBat24,val,pouch,battery_powerbank,640,640,244,86,195,275,0.13092041015625
RB02362,36_1_R_1_po.jpg,RecyBat24,val,pouch,battery_powerbank,640,640,135,157,179,196,0.085654296875
RB02363,34_1_R_2_po.jpg,RecyBat24,val,pouch,battery_powerbank,640,640,137,117,204,266,0.13248046875
RB02364,44_1_R_1_po.jpg,RecyBat24,val,pouch,battery_powerbank,640,640,247,201,165,141,0.05679931640625
RB02365,58_5_R_2_po.jpg,RecyBat24,val,pouch,battery_powerbank,640,640,251,86,169,190,0.0783935546875
RB02366,39_3_R_1_po.jpg,RecyBat24,val,pouch,battery_powerbank,640,640,123,136,92,243,0.054580078125
RB02367,35_3_R_3_po.jpg,RecyBat24,val,pouch,battery_powerbank,640,640,179,115,178,221,0.0960400390625
RB02368,35_5_R_3_po.jpg,RecyBat24,val,pouch,battery_powerbank,640,640,344,81,74,239,0.0431787109375
RB02369,40_1_R_2_po.jpg,RecyBat24,val,pouch,battery_powerbank,640,640,107,127,203,227,0.11250244140625
RB02370,54_4_R_1_po.jpg,RecyBat24,val,pouch,battery_powerbank,640,640,97,356,230,132,0.07412109375
RB02371,39_3_R_3_po.jpg,RecyBat24,val,pouch,battery_powerbank,640,640,231,195,169,215,0.08870849609375
RB02372,40_5_R_3_po.jpg,RecyBat24,val,pouch,battery_powerbank,640,640,155,203,133,229,0.07435791015625
RB02373,36_3_R_2_po.jpg,RecyBat24,val,pouch,battery_powerbank,640,640,64,203,170,252,0.10458984375
RB02374,50_3_R_3_po.jpg,RecyBat24,val,pouch,battery_powerbank,640,640,119,154,241,258,0.1518017578125
RB02375,58_2_R_3_po.jpg,RecyBat24,val,pouch,battery_powerbank,640,640,247,159,83,212,0.042958984375
RB02376,31_5_R_2_po.jpg,RecyBat24,val,pouch,battery_powerbank,640,640,231,200,121,293,0.08655517578125
RB02377,50_3_R_1_po.jpg,RecyBat24,val,pouch,battery_powerbank,640,640,122,59,156,295,0.112353515625
RB02378,55_5_R_3_po.jpg,RecyBat24,val,pouch,battery_powerbank,640,640,210,81,159,209,0.08113037109375
RB02379,39_5_R_3_po.jpg,RecyBat24,val,pouch,battery_powerbank,640,640,137,185,85,231,0.04793701171875
RB02380,34_4_R_1_po.jpg,RecyBat24,val,pouch,battery_powerbank,640,640,232,74,180,260,0.1142578125
RB02381,53_2_R_2_po.jpg,RecyBat24,val,pouch,battery_powerbank,640,640,214,213,149,239,0.08694091796875
RB02382,35_4_R_3_po.jpg,RecyBat24,val,pouch,battery_powerbank,640,640,293,73,113,250,0.0689697265625
RB02383,59_3_R_2_po.jpg,RecyBat24,val,pouch,battery_powerbank,640,640,202,144,160,248,0.096875
RB02384,33_2_R_2_po.jpg,RecyBat24,val,pouch,battery_powerbank,640,640,274,121,194,266,0.125986328125
RB02385,58_4_R_1_po.jpg,RecyBat24,val,pouch,battery_powerbank,640,640,145,209,165,213,0.08580322265625
RB02386,58_4_R_2_po.jpg,RecyBat24,val,pouch,battery_powerbank,640,640,195,214,167,164,0.066865234375
RB02387,57_2_R_1_po.jpg,RecyBat24,val,pouch,battery_powerbank,640,640,78,176,176,197,0.0846484375
RB02388,36_3_R_3_po.jpg,RecyBat24,val,pouch,battery_powerbank,640,640,58,244,202,236,0.11638671875
RB02389,44_5_R_2_po.jpg,RecyBat24,val,pouch,battery_powerbank,640,640,220,76,144,233,0.0819140625
RB02390,56_4_R_2_po.jpg,RecyBat24,val,pouch,battery_powerbank,640,640,200,110,165,256,0.103125
RB02391,57_2_R_3_po.jpg,RecyBat24,val,pouch,battery_powerbank,640,640,137,81,184,220,0.098828125
RB02392,52_3_R_1_po.jpg,RecyBat24,val,pouch,battery_powerbank,640,640,193,68,200,249,0.12158203125
RB02393,46_5_R_2_po.jpg,RecyBat24,val,pouch,battery_powerbank,640,640,113,251,159,228,0.088505859375
RB02394,42_2_R_2_po.jpg,RecyBat24,val,pouch,battery_powerbank,640,640,199,47,171,153,0.06387451171875
RB02395,31_3_R_1_po.jpg,RecyBat24,val,pouch,battery_powerbank,640,640,326,87,134,305,0.0997802734375
RB02396,44_5_R_1_po.jpg,RecyBat24,val,pouch,battery_powerbank,640,640,185,254,169,175,0.07220458984375
RB02397,52_5_R_3_po.jpg,RecyBat24,val,pouch,battery_powerbank,640,640,307,256,189,230,0.1061279296875
RB02398,41_2_R_2_po.jpg,RecyBat24,val,pouch,battery_powerbank,640,640,94,139,162,248,0.0980859375
RB02399,55_3_R_2_po.jpg,RecyBat24,val,pouch,battery_powerbank,640,640,181,279,147,194,0.0696240234375
RB02400,46_4_R_1_po.jpg,RecyBat24,val,pouch,battery_powerbank,640,640,145,93,195,237,0.11282958984375
RB02401,55_4_R_3_po.jpg,RecyBat24,val,pouch,battery_powerbank,640,640,127,274,168,210,0.0861328125
RB02402,44_2_R_3_po.jpg,RecyBat24,val,pouch,battery_powerbank,640,640,144,318,128,220,0.06875
RB02403,57_5_R_2_po.jpg,RecyBat24,val,pouch,battery_powerbank,640,640,165,102,181,217,0.09589111328125
RB02404,51_1_R_1_po.jpg,RecyBat24,val,pouch,battery_powerbank,640,640,271,267,181,198,0.0874951171875
RB02405,43_2_R_2_po.jpg,RecyBat24,val,pouch,battery_powerbank,640,640,210,175,140,214,0.07314453125
RB02406,54_3_R_3_po.jpg,RecyBat24,val,pouch,battery_powerbank,640,640,80,136,244,233,0.138798828125
RB02407,39_2_R_2_po.jpg,RecyBat24,val,pouch,battery_powerbank,640,640,127,326,170,97,0.0402587890625
RB02408,39_1_R_2_po.jpg,RecyBat24,val,pouch,battery_powerbank,640,640,193,177,179,205,0.08958740234375
RB02409,49_1_R_1_po.jpg,RecyBat24,val,pouch,battery_powerbank,640,640,172,91,190,225,0.1043701171875
RB02410,50_2_R_3_po.jpg,RecyBat24,val,pouch,battery_powerbank,640,640,250,61,163,300,0.119384765625
RB02411,55_2_R_3_po.jpg,RecyBat24,val,pouch,battery_powerbank,640,640,192,217,129,181,0.05700439453125
RB02412,57_5_R_1_po.jpg,RecyBat24,val,pouch,battery_powerbank,640,640,209,117,174,216,0.0917578125
RB02413,53_1_R_3_po.jpg,RecyBat24,val,pouch,battery_powerbank,640,640,209,184,169,222,0.0915966796875
RB02414,48_5_R_2_po.jpg,RecyBat24,val,pouch,battery_powerbank,640,640,268,257,182,239,0.1061962890625
RB02415,48_4_R_1_po.jpg,RecyBat24,val,pouch,battery_powerbank,640,640,85,238,192,233,0.10921875
RB02416,51_1_R_3_po.jpg,RecyBat24,val,pouch,battery_powerbank,640,640,82,258,193,214,0.1008349609375
RB02417,42_4_R_2_po.jpg,RecyBat24,val,pouch,battery_powerbank,640,640,246,276,162,150,0.059326171875
RB02418,38_1_R_1_po.jpg,RecyBat24,val,pouch,battery_powerbank,640,640,194,211,189,206,0.0950537109375
RB02419,39_5_R_1_po.jpg,RecyBat24,val,pouch,battery_powerbank,640,640,282,45,160,233,0.091015625
RB02420,41_3_R_3_po.jpg,RecyBat24,val,pouch,battery_powerbank,640,640,206,145,181,224,0.098984375
RB02421,50_4_R_2_po.jpg,RecyBat24,val,pouch,battery_powerbank,640,640,245,18,145,286,0.1012451171875
RB02422,50_1_R_1_po.jpg,RecyBat24,val,pouch,battery_powerbank,640,640,166,147,243,267,0.15840087890625
RB02423,48_1_R_3_po.jpg,RecyBat24,val,pouch,battery_powerbank,640,640,271,251,132,211,0.067998046875
RB02424,40_2_R_2_po.jpg,RecyBat24,val,pouch,battery_powerbank,640,640,108,270,175,173,0.07391357421875
RB02425,42_2_R_3_po.jpg,RecyBat24,val,pouch,battery_powerbank,640,640,96,324,171,182,0.0759814453125
RB02426,49_4_R_2_po.jpg,RecyBat24,val,pouch,battery_powerbank,640,640,148,237,192,198,0.0928125
RB02427,55_4_R_1_po.jpg,RecyBat24,val,pouch,battery_powerbank,640,640,172,116,126,168,0.0516796875
RB02428,34_3_R_2_po.jpg,RecyBat24,val,pouch,battery_powerbank,640,640,141,249,191,258,0.1203076171875
RB02429,36_2_R_1_po.jpg,RecyBat24,val,pouch,battery_powerbank,640,640,201,25,183,267,0.11928955078125
RB02430,55_3_R_3_po.jpg,RecyBat24,val,pouch,battery_powerbank,640,640,27,219,168,205,0.08408203125
RB02431,57_4_R_3_po.jpg,RecyBat24,val,pouch,battery_powerbank,640,640,210,97,153,236,0.088154296875
RB02432,57_1_R_1_po.jpg,RecyBat24,val,pouch,battery_powerbank,640,640,182,147,183,234,0.1045458984375
RB02433,33_4_R_3_po.jpg,RecyBat24,val,pouch,battery_powerbank,640,640,107,295,182,254,0.112861328125
RB02434,32_5_R_1_po.jpg,RecyBat24,val,pouch,battery_powerbank,640,640,138,212,180,225,0.098876953125
RB02435,40_4_R_3_po.jpg,RecyBat24,val,pouch,battery_powerbank,640,640,218,186,201,260,0.127587890625
RB02436,47_1_R_3_po.jpg,RecyBat24,val,pouch,battery_powerbank,640,640,156,206,186,189,0.0858251953125
RB02437,41_4_R_2_po.jpg,RecyBat24,val,pouch,battery_powerbank,640,640,264,55,173,243,0.10263427734375
RB02438,47_3_R_1_po.jpg,RecyBat24,val,pouch,battery_powerbank,640,640,219,181,176,213,0.0915234375
RB02439,45_5_R_3_po.jpg,RecyBat24,val,pouch,battery_powerbank,640,640,226,49,109,248,0.06599609375
RB02440,52_4_R_2_po.jpg,RecyBat24,val,pouch,battery_powerbank,640,640,143,277,172,166,0.06970703125
RB02441,35_4_R_2_po.jpg,RecyBat24,val,pouch,battery_powerbank,640,640,159,254,183,130,0.0580810546875
RB02442,46_3_R_3_po.jpg,RecyBat24,val,pouch,battery_powerbank,640,640,49,200,179,251,0.10968994140625
RB02443,38_4_R_3_po.jpg,RecyBat24,val,pouch,battery_powerbank,640,640,176,107,168,244,0.100078125
RB02444,45_2_R_3_po.jpg,RecyBat24,val,pouch,battery_powerbank,640,640,170,92,187,150,0.0684814453125
RB02445,49_4_R_1_po.jpg,RecyBat24,val,pouch,battery_powerbank,640,640,251,56,138,262,0.088271484375
RB02446,57_3_R_1_po.jpg,RecyBat24,val,pouch,battery_powerbank,640,640,146,34,183,217,0.09695068359375
RB02447,56_3_R_2_po.jpg,RecyBat24,val,pouch,battery_powerbank,640,640,54,66,159,259,0.10053955078125
RB02448,52_2_R_2_po.jpg,RecyBat24,val,pouch,battery_powerbank,640,640,237,87,172,263,0.110439453125
RB02449,51_3_R_3_po.jpg,RecyBat24,val,pouch,battery_powerbank,640,640,233,155,187,211,0.09633056640625
RB02450,40_3_R_1_po.jpg,RecyBat24,val,pouch,battery_powerbank,640,640,169,52,200,279,0.13623046875
RB02451,38_2_R_1_po.jpg,RecyBat24,val,pouch,battery_powerbank,640,640,197,144,195,147,0.06998291015625
RB02452,44_3_R_2_po.jpg,RecyBat24,val,pouch,battery_powerbank,640,640,285,256,159,197,0.07647216796875
RB02453,51_3_R_2_po.jpg,RecyBat24,val,pouch,battery_powerbank,640,640,35,229,191,260,0.121240234375
RB02454,51_5_R_2_po.jpg,RecyBat24,val,pouch,battery_powerbank,640,640,107,238,194,227,0.1075146484375
RB02455,50_3_R_2_po.jpg,RecyBat24,val,pouch,battery_powerbank,640,640,67,65,240,313,0.1833984375
RB02456,38_3_R_3_po.jpg,RecyBat24,val,pouch,battery_powerbank,640,640,143,177,78,239,0.0455126953125
RB02457,36_4_R_1_po.jpg,RecyBat24,val,pouch,battery_powerbank,640,640,110,239,180,200,0.087890625
RB02458,38_5_R_1_po.jpg,RecyBat24,val,pouch,battery_powerbank,640,640,297,160,180,222,0.09755859375
RB02459,37_4_R_3_po.jpg,RecyBat24,val,pouch,battery_powerbank,640,640,108,141,136,229,0.07603515625
RB02460,42_2_R_1_po.jpg,RecyBat24,val,pouch,battery_powerbank,640,640,126,268,163,126,0.0501416015625
RB02461,32_5_R_2_po.jpg,RecyBat24,val,pouch,battery_powerbank,640,640,91,293,170,225,0.0933837890625
RB02462,55_3_R_1_po.jpg,RecyBat24,val,pouch,battery_powerbank,640,640,315,230,136,197,0.06541015625
RB02463,57_2_R_2_po.jpg,RecyBat24,val,pouch,battery_powerbank,640,640,167,130,151,231,0.08515869140625
RB02464,36_5_R_1_po.jpg,RecyBat24,val,pouch,battery_powerbank,640,640,66,130,186,268,0.12169921875
RB02465,49_2_R_2_po.jpg,RecyBat24,val,pouch,battery_powerbank,640,640,151,72,154,260,0.09775390625
RB02466,51_5_R_1_po.jpg,RecyBat24,val,pouch,battery_powerbank,640,640,104,256,196,220,0.1052734375
RB02467,53_3_R_1_po.jpg,RecyBat24,val,pouch,battery_powerbank,640,640,69,363,186,130,0.059033203125
RB02468,34_4_R_3_po.jpg,RecyBat24,val,pouch,battery_powerbank,640,640,195,114,200,261,0.12744140625
RB02469,50_5_R_2_po.jpg,RecyBat24,val,pouch,battery_powerbank,640,640,187,206,135,270,0.0889892578125
RB02470,35_4_R_1_po.jpg,RecyBat24,val,pouch,battery_powerbank,640,640,302,258,147,225,0.08074951171875
RB02471,45_1_R_1_po.jpg,RecyBat24,val,pouch,battery_powerbank,640,640,195,144,192,156,0.073125
RB02472,33_5_R_3_po.jpg,RecyBat24,val,pouch,battery_powerbank,640,640,182,94,198,266,0.128583984375
RB02473,37_1_R_2_po.jpg,RecyBat24,val,pouch,battery_powerbank,640,640,272,190,177,251,0.10846435546875
RB02474,40_3_R_3_po.jpg,RecyBat24,val,pouch,battery_powerbank,640,640,212,166,179,182,0.0795361328125
RB02475,36_1_R_2_po.jpg,RecyBat24,val,pouch,battery_powerbank,640,640,137,319,174,188,0.07986328125
RB02476,49_4_R_3_po.jpg,RecyBat24,val,pouch,battery_powerbank,640,640,67,107,203,210,0.1040771484375
RB02477,57_3_R_3_po.jpg,RecyBat24,val,pouch,battery_powerbank,640,640,60,225,176,233,0.1001171875
RB02478,53_4_R_2_po.jpg,RecyBat24,val,pouch,battery_powerbank,640,640,208,279,185,169,0.07633056640625
RB02479,40_1_R_1_po.jpg,RecyBat24,val,pouch,battery_powerbank,640,640,100,75,208,254,0.128984375
RB02480,59_1_R_2_po.jpg,RecyBat24,val,pouch,battery_powerbank,640,640,79,156,199,260,0.126318359375
RB02481,49_5_R_1_po.jpg,RecyBat24,val,pouch,battery_powerbank,640,640,147,212,177,233,0.10068603515625
RB02482,55_2_R_1_po.jpg,RecyBat24,val,pouch,battery_powerbank,640,640,184,256,136,186,0.0617578125
RB02483,59_4_R_1_po.jpg,RecyBat24,val,pouch,battery_powerbank,640,640,229,200,197,251,0.12072021484375
RB02484,31_2_R_3_po.jpg,RecyBat24,val,pouch,battery_powerbank,640,640,40,32,263,267,0.17143798828125
RB02485,56_4_R_3_po.jpg,RecyBat24,val,pouch,battery_powerbank,640,640,169,12,208,250,0.126953125
RB02486,34_5_R_1_po.jpg,RecyBat24,val,pouch,battery_powerbank,640,640,205,237,191,253,0.11797607421875
RB02487,31_1_R_1_po.jpg,RecyBat24,val,pouch,battery_powerbank,640,640,201,242,226,161,0.0888330078125
RB02488,47_4_R_3_po.jpg,RecyBat24,val,pouch,battery_powerbank,640,640,228,264,110,233,0.0625732421875
RB02489,53_3_R_2_po.jpg,RecyBat24,val,pouch,battery_powerbank,640,640,161,112,189,165,0.07613525390625
RB02490,36_4_R_3_po.jpg,RecyBat24,val,pouch,battery_powerbank,640,640,193,165,163,244,0.097099609375
RB02491,35_1_R_1_po.jpg,RecyBat24,val,pouch,battery_powerbank,640,640,159,132,182,109,0.0484326171875
RB02492,46_5_R_1_po.jpg,RecyBat24,val,pouch,battery_powerbank,640,640,209,65,178,255,0.1108154296875
RB02493,38_5_R_3_po.jpg,RecyBat24,val,pouch,battery_powerbank,640,640,158,278,184,115,0.05166015625
RB02494,53_1_R_2_po.jpg,RecyBat24,val,pouch,battery_powerbank,640,640,286,345,174,110,0.046728515625
RB02495,32_2_R_2_po.jpg,RecyBat24,val,pouch,battery_powerbank,640,640,142,146,171,231,0.09643798828125
RB02496,45_5_R_1_po.jpg,RecyBat24,val,pouch,battery_powerbank,640,640,327,286,109,235,0.06253662109375
RB02497,58_1_R_3_po.jpg,RecyBat24,val,pouch,battery_powerbank,640,640,170,217,164,206,0.08248046875
RB02498,59_2_R_3_po.jpg,RecyBat24,val,pouch,battery_powerbank,640,640,128,211,200,238,0.1162109375
RB02499,33_5_R_2_po.jpg,RecyBat24,val,pouch,battery_powerbank,640,640,186,245,188,225,0.103271484375
RB02500,35_2_R_1_po.jpg,RecyBat24,val,pouch,battery_powerbank,640,640,155,189,144,240,0.084375
RB02501,43_3_R_1_po.jpg,RecyBat24,val,pouch,battery_powerbank,640,640,185,248,164,226,0.09048828125
RB02502,36_2_R_2_po.jpg,RecyBat24,val,pouch,battery_powerbank,640,640,167,139,163,247,0.09829345703125
RB02503,53_3_R_3_po.jpg,RecyBat24,val,pouch,battery_powerbank,640,640,250,22,162,244,0.09650390625
RB02504,44_2_R_2_po.jpg,RecyBat24,val,pouch,battery_powerbank,640,640,270,129,156,219,0.083408203125
RB02505,42_1_R_1_po.jpg,RecyBat24,val,pouch,battery_powerbank,640,640,172,116,156,229,0.087216796875
RB02506,41_3_R_2_po.jpg,RecyBat24,val,pouch,battery_powerbank,640,640,223,253,191,166,0.0774072265625
RB02507,39_2_R_3_po.jpg,RecyBat24,val,pouch,battery_powerbank,640,640,280,31,173,227,0.09587646484375
RB02508,36_5_R_3_po.jpg,RecyBat24,val,pouch,battery_powerbank,640,640,142,29,201,262,0.1285693359375
RB02509,33_1_R_2_po.jpg,RecyBat24,val,pouch,battery_powerbank,640,640,227,135,169,183,0.07550537109375
RB02510,55_5_R_1_po.jpg,RecyBat24,val,pouch,battery_powerbank,640,640,317,139,118,168,0.0483984375
RB02511,38_4_R_1_po.jpg,RecyBat24,val,pouch,battery_powerbank,640,640,212,332,188,152,0.069765625
RB02512,32_2_R_3_po.jpg,RecyBat24,val,pouch,battery_powerbank,640,640,226,81,144,173,0.0608203125
RB02513,33_2_R_3_po.jpg,RecyBat24,val,pouch,battery_powerbank,640,640,277,176,185,219,0.09891357421875
RB02514,35_2_R_3_po.jpg,RecyBat24,val,pouch,battery_powerbank,640,640,209,260,181,195,0.08616943359375
RB02515,39_1_R_1_po.jpg,RecyBat24,val,pouch,battery_powerbank,640,640,207,155,184,169,0.07591796875
RB02516,58_3_R_1_po.jpg,RecyBat24,val,pouch,battery_powerbank,640,640,287,155,87,211,0.04481689453125
RB02517,48_2_R_2_po.jpg,RecyBat24,val,pouch,battery_powerbank,640,640,144,3,197,257,0.12360595703125
RB02518,57_1_R_3_po.jpg,RecyBat24,val,pouch,battery_powerbank,640,640,148,239,170,231,0.0958740234375
RB02519,51_4_R_3_po.jpg,RecyBat24,val,pouch,battery_powerbank,640,640,125,236,200,246,0.1201171875
RB02520,59_2_R_2_po.jpg,RecyBat24,val,pouch,battery_powerbank,640,640,125,51,194,221,0.1046728515625
RB02521,41_5_R_1_po.jpg,RecyBat24,val,pouch,battery_powerbank,640,640,207,119,194,195,0.0923583984375
RB02522,50_2_R_2_po.jpg,RecyBat24,val,pouch,battery_powerbank,640,640,142,272,217,202,0.1070166015625
RB02523,37_2_R_2_po.jpg,RecyBat24,val,pouch,battery_powerbank,640,640,250,113,160,250,0.09765625
RB02524,36_1_R_3_po.jpg,RecyBat24,val,pouch,battery_powerbank,640,640,156,204,178,190,0.082568359375
RB02525,56_5_R_3_po.jpg,RecyBat24,val,pouch,battery_powerbank,640,640,85,237,200,264,0.12890625
RB02526,53_1_R_1_po.jpg,RecyBat24,val,pouch,battery_powerbank,640,640,178,226,115,241,0.06766357421875
RB02527,49_1_R_3_po.jpg,RecyBat24,val,pouch,battery_powerbank,640,640,205,52,80,253,0.0494140625
RB02528,38_2_R_3_po.jpg,RecyBat24,val,pouch,battery_powerbank,640,640,192,304,189,171,0.07890380859375
RB02529,49_1_R_2_po.jpg,RecyBat24,val,pouch,battery_powerbank,640,640,138,246,190,126,0.058447265625
RB02530,58_3_R_3_po.jpg,RecyBat24,val,pouch,battery_powerbank,640,640,135,89,175,195,0.08331298828125
RB02531,51_3_R_1_po.jpg,RecyBat24,val,pouch,battery_powerbank,640,640,113,164,158,240,0.092578125
RB02532,43_3_R_2_po.jpg,RecyBat24,val,pouch,battery_powerbank,640,640,149,27,121,204,0.060263671875
RB02533,32_4_R_2_po.jpg,RecyBat24,val,pouch,battery_powerbank,640,640,210,265,155,178,0.0673583984375
RB02534,49_2_R_1_po.jpg,RecyBat24,val,pouch,battery_powerbank,640,640,163,274,185,125,0.05645751953125
RB02535,46_4_R_2_po.jpg,RecyBat24,val,pouch,battery_powerbank,640,640,251,171,141,221,0.07607666015625
RB02536,33_3_R_3_po.jpg,RecyBat24,val,pouch,battery_powerbank,640,640,289,332,133,213,0.06916259765625
RB02537,37_2_R_3_po.jpg,RecyBat24,val,pouch,battery_powerbank,640,640,209,207,163,159,0.06327392578125
RB02538,41_5_R_2_po.jpg,RecyBat24,val,pouch,battery_powerbank,640,640,106,314,186,122,0.055400390625
RB02539,32_3_R_3_po.jpg,RecyBat24,val,pouch,battery_powerbank,640,640,194,270,173,219,0.09249755859375
RB02540,48_2_R_1_po.jpg,RecyBat24,val,pouch,battery_powerbank,640,640,232,84,187,224,0.102265625
RB02541,47_5_R_1_po.jpg,RecyBat24,val,pouch,battery_powerbank,640,640,34,142,187,219,0.09998291015625
RB02542,2_3_R_1_pri.jpg,RecyBat24,val,prismatic,battery_powerbank,640,640,196,448,158,108,0.04166015625
RB02543,9_1_R_1_pri.jpg,RecyBat24,val,prismatic,battery_powerbank,640,640,223,226,115,142,0.0398681640625
RB02544,10_1_R_1_pri.jpg,RecyBat24,val,prismatic,battery_powerbank,640,640,226,347,170,179,0.0742919921875
RB02545,7_3_R_2_pri.jpg,RecyBat24,val,prismatic,battery_powerbank,640,640,145,60,189,157,0.07244384765625
RB02546,10_5_R_1_pri.jpg,RecyBat24,val,prismatic,battery_powerbank,640,640,231,6,203,270,0.1338134765625
RB02547,8_4_R_2_pri.jpg,RecyBat24,val,prismatic,battery_powerbank,640,640,345,101,136,197,0.06541015625
RB02548,3_2_R_2_pri.jpg,RecyBat24,val,prismatic,battery_powerbank,640,640,163,442,93,150,0.0340576171875
RB02549,10_4_R_3_pri.jpg,RecyBat24,val,prismatic,battery_powerbank,640,640,193,359,208,253,0.1284765625
RB02550,1_5_R_3_pri.jpg,RecyBat24,val,prismatic,battery_powerbank,640,640,222,208,128,117,0.0365625
RB02551,5_5_R_2_pri.jpg,RecyBat24,val,prismatic,battery_powerbank,640,640,109,72,209,144,0.0734765625
RB02552,11_3_R_2_pri.jpg,RecyBat24,val,prismatic,battery_powerbank,640,640,249,82,109,139,0.03698974609375
RB02553,4_2_R_3_pri.jpg,RecyBat24,val,prismatic,battery_powerbank,640,640,75,286,128,160,0.05
RB02554,3_5_R_3_pri.jpg,RecyBat24,val,prismatic,battery_powerbank,640,640,146,273,89,146,0.0317236328125
RB02555,5_3_R_3_pri.jpg,RecyBat24,val,prismatic,battery_powerbank,640,640,331,256,107,262,0.0684423828125
RB02556,2_5_R_3_pri.jpg,RecyBat24,val,prismatic,battery_powerbank,640,640,311,261,110,219,0.0588134765625
RB02557,6_4_R_1_pri.jpg,RecyBat24,val,prismatic,battery_powerbank,640,640,121,2,164,196,0.0784765625
RB02558,5_2_R_1_pri.jpg,RecyBat24,val,prismatic,battery_powerbank,640,640,149,257,204,156,0.0776953125
RB02559,4_4_R_1_pri.jpg,RecyBat24,val,prismatic,battery_powerbank,640,640,278,402,115,149,0.04183349609375
RB02560,6_1_R_3_pri.jpg,RecyBat24,val,prismatic,battery_powerbank,640,640,147,258,155,203,0.07681884765625
RB02561,4_1_R_2_pri.jpg,RecyBat24,val,prismatic,battery_powerbank,640,640,169,251,112,145,0.0396484375
RB02562,7_5_R_1_pri.jpg,RecyBat24,val,prismatic,battery_powerbank,640,640,215,175,167,245,0.09989013671875
RB02563,3_2_R_3_pri.jpg,RecyBat24,val,prismatic,battery_powerbank,640,640,124,475,129,164,0.051650390625
RB02564,2_2_R_3_pri.jpg,RecyBat24,val,prismatic,battery_powerbank,640,640,114,407,173,182,0.0768701171875
RB02565,2_3_R_3_pri.jpg,RecyBat24,val,prismatic,battery_powerbank,640,640,77,315,112,220,0.06015625
RB02566,4_2_R_2_pri.jpg,RecyBat24,val,prismatic,battery_powerbank,640,640,66,288,122,156,0.04646484375
RB02567,7_1_R_3_pri.jpg,RecyBat24,val,prismatic,battery_powerbank,640,640,134,170,183,140,0.062548828125
RB02568,2_4_R_3_pri.jpg,RecyBat24,val,prismatic,battery_powerbank,640,640,165,47,182,183,0.0813134765625
RB02569,9_2_R_3_pri.jpg,RecyBat24,val,prismatic,battery_powerbank,640,640,108,217,125,154,0.0469970703125
RB02570,6_2_R_3_pri.jpg,RecyBat24,val,prismatic,battery_powerbank,640,640,196,34,115,172,0.048291015625
RB02571,10_2_R_2_pri.jpg,RecyBat24,val,prismatic,battery_powerbank,640,640,162,56,196,272,0.13015625
RB02572,3_4_R_1_pri.jpg,RecyBat24,val,prismatic,battery_powerbank,640,640,104,41,142,181,0.0627490234375
RB02573,7_3_R_3_pri.jpg,RecyBat24,val,prismatic,battery_powerbank,640,640,124,100,106,239,0.0618505859375
RB02574,5_2_R_2_pri.jpg,RecyBat24,val,prismatic,battery_powerbank,640,640,91,312,101,257,0.06337158203125
RB02575,11_4_R_1_pri.jpg,RecyBat24,val,prismatic,battery_powerbank,640,640,306,134,85,141,0.02926025390625
RB02576,11_3_R_1_pri.jpg,RecyBat24,val,prismatic,battery_powerbank,640,640,205,441,105,98,0.0251220703125
RB02577,6_1_R_2_pri.jpg,RecyBat24,val,prismatic,battery_powerbank,640,640,127,242,157,200,0.07666015625
RB02578,8_1_R_3_pri.jpg,RecyBat24,val,prismatic,battery_powerbank,640,640,194,212,154,202,0.075947265625
RB02579,8_2_R_1_pri.jpg,RecyBat24,val,prismatic,battery_powerbank,640,640,168,160,152,176,0.0653125
RB02580,9_3_R_3_pri.jpg,RecyBat24,val,prismatic,battery_powerbank,640,640,144,64,155,198,0.0749267578125
RB02581,8_5_R_3_pri.jpg,RecyBat24,val,prismatic,battery_powerbank,640,640,261,419,118,192,0.0553125
RB02582,8_1_R_2_pri.jpg,RecyBat24,val,prismatic,battery_powerbank,640,640,227,193,140,155,0.052978515625
RB02583,10_3_R_2_pri.jpg,RecyBat24,val,prismatic,battery_powerbank,640,640,93,152,189,208,0.0959765625
RB02584,9_2_R_2_pri.jpg,RecyBat24,val,prismatic,battery_powerbank,640,640,124,150,149,196,0.071298828125
RB02585,3_5_R_2_pri.jpg,RecyBat24,val,prismatic,battery_powerbank,640,640,165,68,126,138,0.042451171875
RB02586,11_2_R_1_pri.jpg,RecyBat24,val,prismatic,battery_powerbank,640,640,150,234,71,137,0.02374755859375
RB02587,11_5_R_1_pri.jpg,RecyBat24,val,prismatic,battery_powerbank,640,640,193,88,110,152,0.0408203125
RB02588,1_1_R_2_pri.jpg,RecyBat24,val,prismatic,battery_powerbank,640,640,211,301,143,183,0.06388916015625
RB02589,9_4_R_2_pri.jpg,RecyBat24,val,prismatic,battery_powerbank,640,640,332,103,151,199,0.07336181640625
RB02590,4_5_R_2_pri.jpg,RecyBat24,val,prismatic,battery_powerbank,640,640,303,202,121,158,0.0466748046875
RB02591,1_3_R_2_pri.jpg,RecyBat24,val,prismatic,battery_powerbank,640,640,310,465,141,171,0.05886474609375
RB02592,10_4_R_1_pri.jpg,RecyBat24,val,prismatic,battery_powerbank,640,640,391,132,179,263,0.11493408203125
RB02593,9_1_R_2_pri.jpg,RecyBat24,val,prismatic,battery_powerbank,640,640,223,196,152,194,0.0719921875
RB02594,6_4_R_2_pri.jpg,RecyBat24,val,prismatic,battery_powerbank,640,640,310,257,154,200,0.0751953125
RB02595,8_5_R_1_pri.jpg,RecyBat24,val,prismatic,battery_powerbank,640,640,226,396,134,137,0.0448193359375
RB02596,6_3_R_2_pri.jpg,RecyBat24,val,prismatic,battery_powerbank,640,640,187,408,139,187,0.06345947265625
RB02597,4_3_R_1_pri.jpg,RecyBat24,val,prismatic,battery_powerbank,640,640,135,452,133,169,0.05487548828125
RB02598,3_1_R_3_pri.jpg,RecyBat24,val,prismatic,battery_powerbank,640,640,18,296,111,160,0.043359375
RB02599,9_2_R_1_pri.jpg,RecyBat24,val,prismatic,battery_powerbank,640,640,110,198,135,183,0.06031494140625
RB02600,9_4_R_3_pri.jpg,RecyBat24,val,prismatic,battery_powerbank,640,640,329,77,140,190,0.06494140625
RB02601,3_1_R_1_pri.jpg,RecyBat24,val,prismatic,battery_powerbank,640,640,186,287,112,112,0.030625
RB02602,6_4_R_3_pri.jpg,RecyBat24,val,prismatic,battery_powerbank,640,640,197,359,135,165,0.05438232421875
RB02603,7_2_R_3_pri.jpg,RecyBat24,val,prismatic,battery_powerbank,640,640,175,22,178,126,0.054755859375
RB02604,10_3_R_3_pri.jpg,RecyBat24,val,prismatic,battery_powerbank,640,640,307,27,205,263,0.13162841796875
RB02605,1_1_R_3_pri.jpg,RecyBat24,val,prismatic,battery_powerbank,640,640,108,312,138,136,0.0458203125
RB02606,4_5_R_1_pri.jpg,RecyBat24,val,prismatic,battery_powerbank,640,640,205,70,109,145,0.03858642578125
RB02607,3_2_R_1_pri.jpg,RecyBat24,val,prismatic,battery_powerbank,640,640,186,287,112,112,0.030625
RB02608,1_1_R_1_pri.jpg,RecyBat24,val,prismatic,battery_powerbank,640,640,225,285,131,123,0.03933837890625
RB02609,5_3_R_2_pri.jpg,RecyBat24,val,prismatic,battery_powerbank,640,640,224,385,197,162,0.0779150390625
RB02610,4_2_R_1_pri.jpg,RecyBat24,val,prismatic,battery_powerbank,640,640,86,315,111,146,0.0395654296875
RB02611,7_2_R_1_pri.jpg,RecyBat24,val,prismatic,battery_powerbank,640,640,218,211,176,117,0.0502734375
RB02612,10_2_R_1_pri.jpg,RecyBat24,val,prismatic,battery_powerbank,640,640,153,105,208,250,0.126953125
RB02613,6_5_R_3_pri.jpg,RecyBat24,val,prismatic,battery_powerbank,640,640,51,262,144,168,0.0590625
RB02614,2_1_R_1_pri.jpg,RecyBat24,val,prismatic,battery_powerbank,640,640,146,264,169,132,0.054462890625
RB02615,5_2_R_3_pri.jpg,RecyBat24,val,prismatic,battery_powerbank,640,640,71,286,89,252,0.054755859375
RB02616,7_4_R_1_pri.jpg,RecyBat24,val,prismatic,battery_powerbank,640,640,136,443,181,118,0.0521435546875
RB02617,11_5_R_3_pri.jpg,RecyBat24,val,prismatic,battery_powerbank,640,640,164,240,94,150,0.034423828125
RB02618,10_4_R_2_pri.jpg,RecyBat24,val,prismatic,battery_powerbank,640,640,11,28,192,272,0.1275
RB02619,8_1_R_1_pri.jpg,RecyBat24,val,prismatic,battery_powerbank,640,640,196,339,130,137,0.0434814453125
RB02620,6_2_R_2_pri.jpg,RecyBat24,val,prismatic,battery_powerbank,640,640,35,297,149,177,0.06438720703125
RB02621,7_4_R_2_pri.jpg,RecyBat24,val,prismatic,battery_powerbank,640,640,73,85,106,240,0.062109375
RB02622,6_5_R_1_pri.jpg,RecyBat24,val,prismatic,battery_powerbank,640,640,164,401,147,183,0.06567626953125
RB02623,5_4_R_1_pri.jpg,RecyBat24,val,prismatic,battery_powerbank,640,640,115,56,211,214,0.1102392578125
RB02624,1_4_R_3_pri.jpg,RecyBat24,val,prismatic,battery_powerbank,640,640,223,208,127,116,0.035966796875
RB02625,9_5_R_2_pri.jpg,RecyBat24,val,prismatic,battery_powerbank,640,640,332,103,151,199,0.07336181640625
RB02626,1_5_R_2_pri.jpg,RecyBat24,val,prismatic,battery_powerbank,640,640,63,292,137,132,0.044150390625
RB02627,11_2_R_3_pri.jpg,RecyBat24,val,prismatic,battery_powerbank,640,640,293,116,104,103,0.02615234375
RB02628,6_3_R_1_pri.jpg,RecyBat24,val,prismatic,battery_powerbank,640,640,289,304,131,161,0.05149169921875
RB02629,9_3_R_1_pri.jpg,RecyBat24,val,prismatic,battery_powerbank,640,640,194,41,141,179,0.06161865234375
RB02630,3_3_R_3_pri.jpg,RecyBat24,val,prismatic,battery_powerbank,640,640,285,302,132,168,0.054140625
RB02631,11_1_R_2_pri.jpg,RecyBat24,val,prismatic,battery_powerbank,640,640,188,280,105,97,0.02486572265625
RB02632,10_5_R_3_pri.jpg,RecyBat24,val,prismatic,battery_powerbank,640,640,73,314,164,255,0.102099609375
RB02633,7_3_R_1_pri.jpg,RecyBat24,val,prismatic,battery_powerbank,640,640,272,0,166,229,0.0928076171875
RB02634,1_5_R_1_pri.jpg,RecyBat24,val,prismatic,battery_powerbank,640,640,194,89,133,129,0.04188720703125
RB02635,6_1_R_1_pri.jpg,RecyBat24,val,prismatic,battery_powerbank,640,640,154,262,129,156,0.049130859375
RB02636,5_1_R_2_pri.jpg,RecyBat24,val,prismatic,battery_powerbank,640,640,101,247,203,197,0.09763427734375
RB02637,5_4_R_3_pri.jpg,RecyBat24,val,prismatic,battery_powerbank,640,640,135,392,200,176,0.0859375
RB02638,1_2_R_2_pri.jpg,RecyBat24,val,prismatic,battery_powerbank,640,640,211,301,142,183,0.0634423828125
RB02639,5_5_R_1_pri.jpg,RecyBat24,val,prismatic,battery_powerbank,640,640,276,246,164,265,0.106103515625
RB02640,8_4_R_3_pri.jpg,RecyBat24,val,prismatic,battery_powerbank,640,640,351,91,149,178,0.0647509765625
RB02641,8_5_R_2_pri.jpg,RecyBat24,val,prismatic,battery_powerbank,640,640,369,257,154,198,0.074443359375
RB02642,7_5_R_3_pri.jpg,RecyBat24,val,prismatic,battery_powerbank,640,640,283,231,181,151,0.06672607421875
RB02643,2_3_R_2_pri.jpg,RecyBat24,val,prismatic,battery_powerbank,640,640,66,276,178,180,0.07822265625
RB02644,4_1_R_1_pri.jpg,RecyBat24,val,prismatic,battery_powerbank,640,640,183,293,101,132,0.032548828125
RB02645,5_4_R_2_pri.jpg,RecyBat24,val,prismatic,battery_powerbank,640,640,263,185,118,268,0.07720703125
RB02646,7_4_R_3_pri.jpg,RecyBat24,val,prismatic,battery_powerbank,640,640,165,416,193,186,0.0876416015625
RB02647,4_1_R_3_pri.jpg,RecyBat24,val,prismatic,battery_powerbank,640,640,208,274,124,160,0.0484375
RB02648,10_3_R_1_pri.jpg,RecyBat24,val,prismatic,battery_powerbank,640,640,100,98,181,266,0.1175439453125
RB02649,2_2_R_2_pri.jpg,RecyBat24,val,prismatic,battery_powerbank,640,640,192,277,89,212,0.046064453125
RB02650,8_2_R_3_pri.jpg,RecyBat24,val,prismatic,battery_powerbank,640,640,113,184,110,180,0.04833984375
RB02651,5_1_R_3_pri.jpg,RecyBat24,val,prismatic,battery_powerbank,640,640,171,286,122,264,0.0786328125
RB02652,1_3_R_3_pri.jpg,RecyBat24,val,prismatic,battery_powerbank,640,640,108,415,133,187,0.06072021484375
RB02653,9_5_R_1_pri.jpg,RecyBat24,val,prismatic,battery_powerbank,640,640,199,428,132,167,0.053818359375
RB02654,4_3_R_2_pri.jpg,RecyBat24,val,prismatic,battery_powerbank,640,640,81,26,121,163,0.04815185546875
RB02655,10_2_R_3_pri.jpg,RecyBat24,val,prismatic,battery_powerbank,640,640,120,43,202,231,0.1139208984375
RB02656,2_1_R_2_pri.jpg,RecyBat24,val,prismatic,battery_powerbank,640,640,164,259,164,114,0.04564453125
RB02657,8_2_R_2_pri.jpg,RecyBat24,val,prismatic,battery_powerbank,640,640,148,166,99,173,0.04181396484375
RB02658,1_2_R_1_pri.jpg,RecyBat24,val,prismatic,battery_powerbank,640,640,108,349,91,167,0.03710205078125
RB02659,1_4_R_2_pri.jpg,RecyBat24,val,prismatic,battery_powerbank,640,640,63,292,137,132,0.044150390625
RB02660,9_1_R_3_pri.jpg,RecyBat24,val,prismatic,battery_powerbank,640,640,226,215,114,161,0.0448095703125
RB02661,7_2_R_2_pri.jpg,RecyBat24,val,prismatic,battery_powerbank,640,640,334,54,86,225,0.0472412109375
RB02662,10_5_R_2_pri.jpg,RecyBat24,val,prismatic,battery_powerbank,640,640,217,412,168,173,0.07095703125
RB02663,7_1_R_1_pri.jpg,RecyBat24,val,prismatic,battery_powerbank,640,640,132,60,91,232,0.05154296875
RB02664,11_3_R_3_pri.jpg,RecyBat24,val,prismatic,battery_powerbank,640,640,349,243,106,151,0.0390771484375
RB02665,8_3_R_1_pri.jpg,RecyBat24,val,prismatic,battery_powerbank,640,640,296,144,131,197,0.06300537109375
RB02666,2_4_R_1_pri.jpg,RecyBat24,val,prismatic,battery_powerbank,640,640,268,334,140,220,0.0751953125
RB02667,6_5_R_2_pri.jpg,RecyBat24,val,prismatic,battery_powerbank,640,640,133,0,164,208,0.08328125
RB02668,1_4_R_1_pri.jpg,RecyBat24,val,prismatic,battery_powerbank,640,640,355,367,136,184,0.06109375
RB02669,1_3_R_1_pri.jpg,RecyBat24,val,prismatic,battery_powerbank,640,640,215,477,135,136,0.04482421875
RB02670,3_5_R_1_pri.jpg,RecyBat24,val,prismatic,battery_powerbank,640,640,303,56,95,160,0.037109375
RB02671,2_5_R_1_pri.jpg,RecyBat24,val,prismatic,battery_powerbank,640,640,268,334,139,220,0.074658203125
RB02672,7_5_R_2_pri.jpg,RecyBat24,val,prismatic,battery_powerbank,640,640,126,428,182,132,0.05865234375
RB02673,10_1_R_3_pri.jpg,RecyBat24,val,prismatic,battery_powerbank,640,640,194,181,201,235,0.11531982421875
RB02674,3_4_R_3_pri.jpg,RecyBat24,val,prismatic,battery_powerbank,640,640,204,90,126,146,0.044912109375
RB02675,2_5_R_2_pri.jpg,RecyBat24,val,prismatic,battery_powerbank,640,640,382,249,87,206,0.0437548828125
RB02676,11_4_R_2_pri.jpg,RecyBat24,val,prismatic,battery_powerbank,640,640,228,433,102,87,0.0216650390625
RB02677,2_2_R_1_pri.jpg,RecyBat24,val,prismatic,battery_powerbank,640,640,129,313,95,213,0.04940185546875
RB02678,6_2_R_1_pri.jpg,RecyBat24,val,prismatic,battery_powerbank,640,640,65,317,117,164,0.046845703125
RB02679,6_3_R_3_pri.jpg,RecyBat24,val,prismatic,battery_powerbank,640,640,263,290,123,173,0.05195068359375
RB02680,8_3_R_3_pri.jpg,RecyBat24,val,prismatic,battery_powerbank,640,640,195,41,155,191,0.07227783203125
RB02681,8_3_R_2_pri.jpg,RecyBat24,val,prismatic,battery_powerbank,640,640,216,40,140,151,0.051611328125
RB02682,3_3_R_2_pri.jpg,RecyBat24,val,prismatic,battery_powerbank,640,640,71,273,136,163,0.05412109375
RB02683,9_3_R_2_pri.jpg,RecyBat24,val,prismatic,battery_powerbank,640,640,218,427,126,162,0.049833984375
RB02684,10_1_R_2_pri.jpg,RecyBat24,val,prismatic,battery_powerbank,640,640,176,184,155,246,0.0930908203125
RB02685,7_1_R_2_pri.jpg,RecyBat24,val,prismatic,battery_powerbank,640,640,179,208,185,154,0.0695556640625
RB02686,3_1_R_2_pri.jpg,RecyBat24,val,prismatic,battery_powerbank,640,640,164,272,96,155,0.036328125
RB02687,9_5_R_3_pri.jpg,RecyBat24,val,prismatic,battery_powerbank,640,640,279,481,109,158,0.0420458984375
RB02688,4_4_R_3_pri.jpg,RecyBat24,val,prismatic,battery_powerbank,640,640,278,404,108,138,0.03638671875
RB02689,2_4_R_2_pri.jpg,RecyBat24,val,prismatic,battery_powerbank,640,640,144,94,169,126,0.0519873046875
RB02690,3_3_R_1_pri.jpg,RecyBat24,val,prismatic,battery_powerbank,640,640,129,412,122,167,0.0497412109375
RB02691,4_5_R_3_pri.jpg,RecyBat24,val,prismatic,battery_powerbank,640,640,115,414,102,130,0.032373046875
RB02692,5_1_R_1_pri.jpg,RecyBat24,val,prismatic,battery_powerbank,640,640,151,282,200,139,0.06787109375
RB02693,5_5_R_3_pri.jpg,RecyBat24,val,prismatic,battery_powerbank,640,640,121,50,211,153,0.07881591796875
RB02694,11_4_R_3_pri.jpg,RecyBat24,val,prismatic,battery_powerbank,640,640,213,427,118,132,0.03802734375
RB02695,4_3_R_3_pri.jpg,RecyBat24,val,prismatic,battery_powerbank,640,640,133,16,134,177,0.0579052734375
RB02696,9_4_R_1_pri.jpg,RecyBat24,val,prismatic,battery_powerbank,640,640,314,105,149,197,0.07166259765625
RB02697,11_2_R_2_pri.jpg,RecyBat24,val,prismatic,battery_powerbank,640,640,128,158,99,153,0.03697998046875
RB02698,8_4_R_1_pri.jpg,RecyBat24,val,prismatic,battery_powerbank,640,640,233,6,156,192,0.073125
RB02699,11_1_R_3_pri.jpg,RecyBat24,val,prismatic,battery_powerbank,640,640,184,273,114,120,0.0333984375
RB02700,11_5_R_2_pri.jpg,RecyBat24,val,prismatic,battery_powerbank,640,640,329,240,92,143,0.032119140625
RB02701,2_1_R_3_pri.jpg,RecyBat24,val,prismatic,battery_powerbank,640,640,141,259,163,111,0.04417236328125
RB02702,5_3_R_1_pri.jpg,RecyBat24,val,prismatic,battery_powerbank,640,640,71,287,91,255,0.05665283203125
RB02703,11_1_R_1_pri.jpg,RecyBat24,val,prismatic,battery_powerbank,640,640,222,280,104,98,0.0248828125
RB02704,1_2_R_3_pri.jpg,RecyBat24,val,prismatic,battery_powerbank,640,640,56,238,141,195,0.06712646484375
RB02705,4_4_R_2_pri.jpg,RecyBat24,val,prismatic,battery_powerbank,640,640,319,470,120,157,0.04599609375
RB02706,3_4_R_2_pri.jpg,RecyBat24,val,prismatic,battery_powerbank,640,640,342,302,121,131,0.03869873046875
RB02707,20_3_R_3_pri.jpg,RecyBat24,val,prismatic,battery_powerbank,640,640,353,272,136,137,0.04548828125
RB02708,22_1_R_2_pri.jpg,RecyBat24,val,prismatic,battery_powerbank,640,640,31,42,201,227,0.11139404296875
RB02709,16_1_R_1_pri.jpg,RecyBat24,val,prismatic,battery_powerbank,640,640,260,256,132,166,0.05349609375
RB02710,21_1_R_2_pri.jpg,RecyBat24,val,prismatic,battery_powerbank,640,640,276,19,197,216,0.10388671875
RB02711,15_1_R_2_pri.jpg,RecyBat24,val,prismatic,battery_powerbank,640,640,98,1,163,219,0.08715087890625
RB02712,21_2_R_2_pri.jpg,RecyBat24,val,prismatic,battery_powerbank,640,640,194,195,189,216,0.09966796875
RB02713,22_3_R_2_pri.jpg,RecyBat24,val,prismatic,battery_powerbank,640,640,50,242,190,226,0.104833984375
RB02714,12_1_R_1_pri.jpg,RecyBat24,val,prismatic,battery_powerbank,640,640,242,20,132,147,0.047373046875
RB02715,13_1_R_1_pri.jpg,RecyBat24,val,prismatic,battery_powerbank,640,640,242,13,149,186,0.0676611328125
RB02716,17_2_R_3_pri.jpg,RecyBat24,val,prismatic,battery_powerbank,640,640,122,212,105,115,0.02947998046875
RB02717,13_4_R_1_pri.jpg,RecyBat24,val,prismatic,battery_powerbank,640,640,103,0,179,212,0.092646484375
RB02718,14_4_R_3_pri.jpg,RecyBat24,val,prismatic,battery_powerbank,640,640,370,39,136,177,0.05876953125
RB02719,21_3_R_2_pri.jpg,RecyBat24,val,prismatic,battery_powerbank,640,640,127,136,182,246,0.109306640625
RB02720,14_4_R_2_pri.jpg,RecyBat24,val,prismatic,battery_powerbank,640,640,367,81,118,169,0.0486865234375
RB02721,19_1_R_2_pri.jpg,RecyBat24,val,prismatic,battery_powerbank,640,640,299,51,123,144,0.0432421875
RB02722,17_3_R_3_pri.jpg,RecyBat24,val,prismatic,battery_powerbank,640,640,109,86,127,168,0.05208984375
RB02723,19_5_R_2_pri.jpg,RecyBat24,val,prismatic,battery_powerbank,640,640,274,17,71,147,0.02548095703125
RB02724,21_1_R_3_pri.jpg,RecyBat24,val,prismatic,battery_powerbank,640,640,252,59,143,263,0.09181884765625
RB02725,17_2_R_2_pri.jpg,RecyBat24,val,prismatic,battery_powerbank,640,640,97,130,107,159,0.04153564453125
RB02726,16_3_R_2_pri.jpg,RecyBat24,val,prismatic,battery_powerbank,640,640,296,272,128,171,0.0534375
RB02727,20_4_R_1_pri.jpg,RecyBat24,val,prismatic,battery_powerbank,640,640,371,0,134,210,0.068701171875
RB02728,18_4_R_1_pri.jpg,RecyBat24,val,prismatic,battery_powerbank,640,640,369,246,89,143,0.03107177734375
RB02729,12_3_R_2_pri.jpg,RecyBat24,val,prismatic,battery_powerbank,640,640,209,151,153,195,0.07283935546875
RB02730,21_2_R_1_pri.jpg,RecyBat24,val,prismatic,battery_powerbank,640,640,167,239,194,188,0.08904296875
RB02731,18_5_R_2_pri.jpg,RecyBat24,val,prismatic,battery_powerbank,640,640,342,273,78,140,0.02666015625
RB02732,16_5_R_1_pri.jpg,RecyBat24,val,prismatic,battery_powerbank,640,640,82,61,161,210,0.0825439453125
RB02733,20_1_R_1_pri.jpg,RecyBat24,val,prismatic,battery_powerbank,640,640,161,46,156,159,0.060556640625
RB02734,12_4_R_1_pri.jpg,RecyBat24,val,prismatic,battery_powerbank,640,640,436,258,127,183,0.05674072265625
RB02735,22_4_R_2_pri.jpg,RecyBat24,val,prismatic,battery_powerbank,640,640,281,48,157,264,0.10119140625
RB02736,15_5_R_1_pri.jpg,RecyBat24,val,prismatic,battery_powerbank,640,640,112,31,161,216,0.08490234375
RB02737,13_3_R_1_pri.jpg,RecyBat24,val,prismatic,battery_powerbank,640,640,125,190,132,191,0.061552734375
RB02738,16_4_R_2_pri.jpg,RecyBat24,val,prismatic,battery_powerbank,640,640,282,97,156,206,0.07845703125
RB02739,20_4_R_2_pri.jpg,RecyBat24,val,prismatic,battery_powerbank,640,640,290,265,125,205,0.06256103515625
RB02740,13_4_R_2_pri.jpg,RecyBat24,val,prismatic,battery_powerbank,640,640,111,1,142,196,0.06794921875
RB02741,20_5_R_2_pri.jpg,RecyBat24,val,prismatic,battery_powerbank,640,640,235,268,156,164,0.0624609375
RB02742,17_1_R_3_pri.jpg,RecyBat24,val,prismatic,battery_powerbank,640,640,180,262,122,155,0.0461669921875
RB02743,21_4_R_1_pri.jpg,RecyBat24,val,prismatic,battery_powerbank,640,640,70,237,189,132,0.060908203125
RB02744,19_3_R_2_pri.jpg,RecyBat24,val,prismatic,battery_powerbank,640,640,199,348,112,109,0.0298046875
RB02745,22_2_R_2_pri.jpg,RecyBat24,val,prismatic,battery_powerbank,640,640,190,267,190,144,0.066796875
RB02746,19_1_R_3_pri.jpg,RecyBat24,val,prismatic,battery_powerbank,640,640,147,27,129,168,0.05291015625
RB02747,16_5_R_3_pri.jpg,RecyBat24,val,prismatic,battery_powerbank,640,640,182,208,144,186,0.065390625
RB02748,22_1_R_3_pri.jpg,RecyBat24,val,prismatic,battery_powerbank,640,640,254,212,182,230,0.102197265625
RB02749,21_5_R_3_pri.jpg,RecyBat24,val,prismatic,battery_powerbank,640,640,42,88,192,252,0.118125
RB02750,15_3_R_2_pri.jpg,RecyBat24,val,prismatic,battery_powerbank,640,640,309,242,135,169,0.05570068359375
RB02751,13_3_R_2_pri.jpg,RecyBat24,val,prismatic,battery_powerbank,640,640,155,167,164,218,0.08728515625
RB02752,19_2_R_3_pri.jpg,RecyBat24,val,prismatic,battery_powerbank,640,640,191,275,118,157,0.0452294921875
RB02753,12_1_R_2_pri.jpg,RecyBat24,val,prismatic,battery_powerbank,640,640,198,34,144,169,0.0594140625
RB02754,16_2_R_1_pri.jpg,RecyBat24,val,prismatic,battery_powerbank,640,640,97,268,125,150,0.0457763671875
RB02755,18_3_R_3_pri.jpg,RecyBat24,val,prismatic,battery_powerbank,640,640,133,100,119,116,0.033701171875
RB02756,22_5_R_3_pri.jpg,RecyBat24,val,prismatic,battery_powerbank,640,640,51,221,198,157,0.0758935546875
RB02757,13_5_R_2_pri.jpg,RecyBat24,val,prismatic,battery_powerbank,640,640,348,248,162,214,0.084638671875
RB02758,15_2_R_2_pri.jpg,RecyBat24,val,prismatic,battery_powerbank,640,640,85,219,158,205,0.0790771484375
RB02759,13_3_R_3_pri.jpg,RecyBat24,val,prismatic,battery_powerbank,640,640,423,248,136,185,0.06142578125
RB02760,22_4_R_3_pri.jpg,RecyBat24,val,prismatic,battery_powerbank,640,640,25,36,201,236,0.115810546875
RB02761,20_5_R_1_pri.jpg,RecyBat24,val,prismatic,battery_powerbank,640,640,168,240,168,215,0.08818359375
RB02762,13_2_R_3_pri.jpg,RecyBat24,val,prismatic,battery_powerbank,640,640,63,253,138,164,0.05525390625
RB02763,21_2_R_3_pri.jpg,RecyBat24,val,prismatic,battery_powerbank,640,640,117,271,190,144,0.066796875
RB02764,14_1_R_1_pri.jpg,RecyBat24,val,prismatic,battery_powerbank,640,640,173,136,131,162,0.0518115234375
RB02765,14_5_R_2_pri.jpg,RecyBat24,val,prismatic,battery_powerbank,640,640,189,117,154,199,0.0748193359375
RB02766,14_2_R_2_pri.jpg,RecyBat24,val,prismatic,battery_powerbank,640,640,137,277,135,184,0.06064453125
RB02767,19_3_R_1_pri.jpg,RecyBat24,val,prismatic,battery_powerbank,640,640,224,221,83,146,0.0295849609375
RB02768,13_5_R_3_pri.jpg,RecyBat24,val,prismatic,battery_powerbank,640,640,179,11,157,200,0.07666015625
RB02769,14_2_R_1_pri.jpg,RecyBat24,val,prismatic,battery_powerbank,640,640,160,244,143,190,0.0663330078125
RB02770,16_3_R_3_pri.jpg,RecyBat24,val,prismatic,battery_powerbank,640,640,130,230,159,203,0.07880126953125
RB02771,17_2_R_1_pri.jpg,RecyBat24,val,prismatic,battery_powerbank,640,640,145,248,121,147,0.04342529296875
RB02772,18_1_R_2_pri.jpg,RecyBat24,val,prismatic,battery_powerbank,640,640,353,74,66,139,0.0223974609375
RB02773,21_1_R_1_pri.jpg,RecyBat24,val,prismatic,battery_powerbank,640,640,218,50,195,180,0.085693359375
RB02774,16_4_R_3_pri.jpg,RecyBat24,val,prismatic,battery_powerbank,640,640,292,216,154,198,0.074443359375
RB02775,20_2_R_2_pri.jpg,RecyBat24,val,prismatic,battery_powerbank,640,640,170,267,159,173,0.06715576171875
RB02776,22_5_R_2_pri.jpg,RecyBat24,val,prismatic,battery_powerbank,640,640,242,226,193,199,0.09376708984375
RB02777,15_2_R_3_pri.jpg,RecyBat24,val,prismatic,battery_powerbank,640,640,219,260,113,162,0.0446923828125
RB02778,18_4_R_3_pri.jpg,RecyBat24,val,prismatic,battery_powerbank,640,640,165,316,90,146,0.032080078125
RB02779,14_4_R_1_pri.jpg,RecyBat24,val,prismatic,battery_powerbank,640,640,328,245,139,188,0.063798828125
RB02780,13_2_R_1_pri.jpg,RecyBat24,val,prismatic,battery_powerbank,640,640,282,243,129,157,0.04944580078125
RB02781,18_5_R_3_pri.jpg,RecyBat24,val,prismatic,battery_powerbank,640,640,259,257,119,131,0.03805908203125
RB02782,13_4_R_3_pri.jpg,RecyBat24,val,prismatic,battery_powerbank,640,640,317,35,120,179,0.05244140625
RB02783,12_3_R_1_pri.jpg,RecyBat24,val,prismatic,battery_powerbank,640,640,247,260,144,175,0.0615234375
RB02784,18_2_R_3_pri.jpg,RecyBat24,val,prismatic,battery_powerbank,640,640,207,40,119,160,0.046484375
RB02785,15_3_R_3_pri.jpg,RecyBat24,val,prismatic,battery_powerbank,640,640,345,248,138,175,0.0589599609375
RB02786,12_5_R_2_pri.jpg,RecyBat24,val,prismatic,battery_powerbank,640,640,235,271,135,154,0.0507568359375
RB02787,22_3_R_1_pri.jpg,RecyBat24,val,prismatic,battery_powerbank,640,640,125,216,196,173,0.082783203125
RB02788,12_3_R_3_pri.jpg,RecyBat24,val,prismatic,battery_powerbank,640,640,255,190,112,175,0.0478515625
RB02789,15_5_R_3_pri.jpg,RecyBat24,val,prismatic,battery_powerbank,640,640,181,246,154,192,0.0721875
RB02790,12_4_R_3_pri.jpg,RecyBat24,val,prismatic,battery_powerbank,640,640,139,310,128,136,0.0425
RB02791,21_3_R_1_pri.jpg,RecyBat24,val,prismatic,battery_powerbank,640,640,115,1,112,243,0.0664453125
RB02792,19_4_R_2_pri.jpg,RecyBat24,val,prismatic,battery_powerbank,640,640,334,259,108,98,0.02583984375
RB02793,17_1_R_1_pri.jpg,RecyBat24,val,prismatic,battery_powerbank,640,640,233,166,118,139,0.0400439453125
RB02794,19_2_R_1_pri.jpg,RecyBat24,val,prismatic,battery_powerbank,640,640,125,1,103,169,0.04249755859375
RB02795,12_2_R_1_pri.jpg,RecyBat24,val,prismatic,battery_powerbank,640,640,61,13,157,211,0.08087646484375
RB02796,17_5_R_1_pri.jpg,RecyBat24,val,prismatic,battery_powerbank,640,640,162,66,126,169,0.0519873046875
RB02797,17_5_R_3_pri.jpg,RecyBat24,val,prismatic,battery_powerbank,640,640,262,117,123,152,0.04564453125
RB02798,14_3_R_1_pri.jpg,RecyBat24,val,prismatic,battery_powerbank,640,640,69,234,134,185,0.0605224609375
RB02799,18_2_R_1_pri.jpg,RecyBat24,val,prismatic,battery_powerbank,640,640,233,234,118,147,0.0423486328125
RB02800,17_3_R_1_pri.jpg,RecyBat24,val,prismatic,battery_powerbank,640,640,362,288,104,111,0.02818359375
RB02801,19_4_R_1_pri.jpg,RecyBat24,val,prismatic,battery_powerbank,640,640,346,248,118,132,0.03802734375
RB02802,12_1_R_3_pri.jpg,RecyBat24,val,prismatic,battery_powerbank,640,640,277,0,146,187,0.0666552734375
RB02803,21_5_R_1_pri.jpg,RecyBat24,val,prismatic,battery_powerbank,640,640,341,135,169,253,0.10438720703125
RB02804,18_1_R_3_pri.jpg,RecyBat24,val,prismatic,battery_powerbank,640,640,265,265,118,130,0.037451171875
RB02805,17_4_R_1_pri.jpg,RecyBat24,val,prismatic,battery_powerbank,640,640,357,49,82,140,0.02802734375
RB02806,14_2_R_3_pri.jpg,RecyBat24,val,prismatic,battery_powerbank,640,640,149,277,150,185,0.0677490234375
RB02807,12_5_R_1_pri.jpg,RecyBat24,val,prismatic,battery_powerbank,640,640,90,272,126,129,0.0396826171875
RB02808,20_2_R_1_pri.jpg,RecyBat24,val,prismatic,battery_powerbank,640,640,171,247,168,203,0.08326171875
RB02809,13_5_R_1_pri.jpg,RecyBat24,val,prismatic,battery_powerbank,640,640,373,179,167,219,0.08928955078125
RB02810,19_3_R_3_pri.jpg,RecyBat24,val,prismatic,battery_powerbank,640,640,111,253,116,160,0.0453125
RB02811,13_1_R_2_pri.jpg,RecyBat24,val,prismatic,battery_powerbank,640,640,373,180,167,218,0.0888818359375
RB02812,22_2_R_1_pri.jpg,RecyBat24,val,prismatic,battery_powerbank,640,640,149,35,177,262,0.1132177734375
RB02813,20_4_R_3_pri.jpg,RecyBat24,val,prismatic,battery_powerbank,640,640,79,240,144,133,0.0467578125
RB02814,12_2_R_3_pri.jpg,RecyBat24,val,prismatic,battery_powerbank,640,640,136,80,139,204,0.069228515625
RB02815,14_3_R_3_pri.jpg,RecyBat24,val,prismatic,battery_powerbank,640,640,114,51,166,212,0.08591796875
RB02816,17_4_R_3_pri.jpg,RecyBat24,val,prismatic,battery_powerbank,640,640,228,56,117,164,0.046845703125
RB02817,18_3_R_1_pri.jpg,RecyBat24,val,prismatic,battery_powerbank,640,640,148,249,113,153,0.04220947265625
RB02818,16_1_R_3_pri.jpg,RecyBat24,val,prismatic,battery_powerbank,640,640,206,51,138,193,0.0650244140625
RB02819,15_3_R_1_pri.jpg,RecyBat24,val,prismatic,battery_powerbank,640,640,330,253,139,180,0.061083984375
RB02820,16_4_R_1_pri.jpg,RecyBat24,val,prismatic,battery_powerbank,640,640,225,50,151,209,0.07704833984375
RB02821,12_2_R_2_pri.jpg,RecyBat24,val,prismatic,battery_powerbank,640,640,370,87,98,165,0.0394775390625
RB02822,16_2_R_2_pri.jpg,RecyBat24,val,prismatic,battery_powerbank,640,640,143,221,134,185,0.0605224609375
RB02823,22_3_R_3_pri.jpg,RecyBat24,val,prismatic,battery_powerbank,640,640,73,204,200,200,0.09765625
RB02824,21_4_R_3_pri.jpg,RecyBat24,val,prismatic,battery_powerbank,640,640,302,47,121,259,0.07651123046875
RB02825,19_5_R_1_pri.jpg,RecyBat24,val,prismatic,battery_powerbank,640,640,183,266,105,92,0.023583984375
RB02826,15_1_R_3_pri.jpg,RecyBat24,val,prismatic,battery_powerbank,640,640,73,209,147,172,0.061728515625
RB02827,21_3_R_3_pri.jpg,RecyBat24,val,prismatic,battery_powerbank,640,640,93,82,179,255,0.11143798828125
RB02828,20_2_R_3_pri.jpg,RecyBat24,val,prismatic,battery_powerbank,640,640,182,234,98,186,0.044501953125
RB02829,18_4_R_2_pri.jpg,RecyBat24,val,prismatic,battery_powerbank,640,640,295,291,103,90,0.0226318359375
RB02830,21_4_R_2_pri.jpg,RecyBat24,val,prismatic,battery_powerbank,640,640,67,22,204,193,0.096123046875
RB02831,19_2_R_2_pri.jpg,RecyBat24,val,prismatic,battery_powerbank,640,640,155,68,128,151,0.0471875
RB02832,22_1_R_1_pri.jpg,RecyBat24,val,prismatic,battery_powerbank,640,640,247,255,189,157,0.07244384765625
RB02833,13_2_R_2_pri.jpg,RecyBat24,val,prismatic,battery_powerbank,640,640,268,51,138,174,0.058623046875
RB02834,17_1_R_2_pri.jpg,RecyBat24,val,prismatic,battery_powerbank,640,640,111,287,102,106,0.026396484375
RB02835,15_4_R_1_pri.jpg,RecyBat24,val,prismatic,battery_powerbank,640,640,151,250,151,192,0.07078125
RB02836,15_1_R_1_pri.jpg,RecyBat24,val,prismatic,battery_powerbank,640,640,254,44,125,157,0.04791259765625
RB02837,19_5_R_3_pri.jpg,RecyBat24,val,prismatic,battery_powerbank,640,640,375,48,122,142,0.042294921875
RB02838,15_5_R_2_pri.jpg,RecyBat24,val,prismatic,battery_powerbank,640,640,173,60,117,169,0.04827392578125
RB02839,15_4_R_3_pri.jpg,RecyBat24,val,prismatic,battery_powerbank,640,640,152,80,116,167,0.047294921875
RB02840,14_3_R_2_pri.jpg,RecyBat24,val,prismatic,battery_powerbank,640,640,312,252,151,199,0.07336181640625
RB02841,12_4_R_2_pri.jpg,RecyBat24,val,prismatic,battery_powerbank,640,640,141,0,156,204,0.0776953125
RB02842,21_5_R_2_pri.jpg,RecyBat24,val,prismatic,battery_powerbank,640,640,154,253,182,127,0.0564306640625
RB02843,12_5_R_3_pri.jpg,RecyBat24,val,prismatic,battery_powerbank,640,640,387,241,135,186,0.0613037109375
RB02844,18_1_R_1_pri.jpg,RecyBat24,val,prismatic,battery_powerbank,640,640,267,138,114,115,0.0320068359375
RB02845,19_1_R_1_pri.jpg,RecyBat24,val,prismatic,battery_powerbank,640,640,221,81,120,133,0.03896484375
RB02846,16_3_R_1_pri.jpg,RecyBat24,val,prismatic,battery_powerbank,640,640,356,257,124,171,0.051767578125
RB02847,18_2_R_2_pri.jpg,RecyBat24,val,prismatic,battery_powerbank,640,640,191,68,100,162,0.03955078125
RB02848,19_4_R_3_pri.jpg,RecyBat24,val,prismatic,battery_powerbank,640,640,339,264,117,154,0.0439892578125
RB02849,20_3_R_1_pri.jpg,RecyBat24,val,prismatic,battery_powerbank,640,640,331,214,130,213,0.0676025390625
RB02850,14_5_R_3_pri.jpg,RecyBat24,val,prismatic,battery_powerbank,640,640,241,302,129,181,0.05700439453125
RB02851,17_4_R_2_pri.jpg,RecyBat24,val,prismatic,battery_powerbank,640,640,345,274,105,118,0.0302490234375
RB02852,22_2_R_3_pri.jpg,RecyBat24,val,prismatic,battery_powerbank,640,640,154,76,194,149,0.0705712890625
RB02853,18_3_R_2_pri.jpg,RecyBat24,val,prismatic,battery_powerbank,640,640,161,319,117,149,0.04256103515625
RB02854,16_2_R_3_pri.jpg,RecyBat24,val,prismatic,battery_powerbank,640,640,104,51,163,214,0.0851611328125
RB02855,22_5_R_1_pri.jpg,RecyBat24,val,prismatic,battery_powerbank,640,640,21,56,206,193,0.0970654296875
RB02856,14_1_R_2_pri.jpg,RecyBat24,val,prismatic,battery_powerbank,640,640,76,40,165,218,0.0878173828125
RB02857,13_1_R_3_pri.jpg,RecyBat24,val,prismatic,battery_powerbank,640,640,192,256,135,164,0.054052734375
RB02858,14_1_R_3_pri.jpg,RecyBat24,val,prismatic,battery_powerbank,640,640,193,112,158,210,0.081005859375
RB02859,16_5_R_2_pri.jpg,RecyBat24,val,prismatic,battery_powerbank,640,640,223,55,152,206,0.0764453125
RB02860,16_1_R_2_pri.jpg,RecyBat24,val,prismatic,battery_powerbank,640,640,91,60,150,205,0.0750732421875
RB02861,22_4_R_1_pri.jpg,RecyBat24,val,prismatic,battery_powerbank,640,640,265,86,139,260,0.088232421875
RB02862,20_1_R_3_pri.jpg,RecyBat24,val,prismatic,battery_powerbank,640,640,261,52,150,153,0.0560302734375
RB02863,20_5_R_3_pri.jpg,RecyBat24,val,prismatic,battery_powerbank,640,640,79,0,160,216,0.084375
RB02864,20_1_R_2_pri.jpg,RecyBat24,val,prismatic,battery_powerbank,640,640,161,15,163,174,0.0692431640625
RB02865,18_5_R_1_pri.jpg,RecyBat24,val,prismatic,battery_powerbank,640,640,324,42,122,142,0.042294921875
RB02866,17_3_R_2_pri.jpg,RecyBat24,val,prismatic,battery_powerbank,640,640,252,73,85,141,0.02926025390625
RB02867,17_5_R_2_pri.jpg,RecyBat24,val,prismatic,battery_powerbank,640,640,218,300,109,153,0.04071533203125
RB02868,15_2_R_1_pri.jpg,RecyBat24,val,prismatic,battery_powerbank,640,640,196,131,146,199,0.0709326171875
RB02869,20_3_R_2_pri.jpg,RecyBat24,val,prismatic,battery_powerbank,640,640,66,92,128,207,0.0646875
RB02870,15_4_R_2_pri.jpg,RecyBat24,val,prismatic,battery_powerbank,640,640,301,64,157,212,0.081259765625
RB02871,14_5_R_1_pri.jpg,RecyBat24,val,prismatic,battery_powerbank,640,640,284,38,157,214,0.0820263671875
