sample_id,source_dataset,license,original_split,annotation_id,image_id,file_name,source_group_id,original_class_id,original_label,esafe_label,image_width,image_height,bbox_x,bbox_y,bbox_width,bbox_height,bbox_area_ratio,has_segmentation,iscrowd,image_md5,laptop_count_in_image,exact_duplicate_member,source_group_cross_split,bbox_xmin,bbox_ymin,bbox_xmax,bbox_ymax,tiny_object_flag,small_object_flag,very_large_object_flag,multi_laptop_image,preprocessing_status,review_note
UNUL00001,UNU-KEY E-Waste Dataset v44,CC BY 4.0,test,4,4,000000381160_jpg.rf.028674326684d50439af3b74c0e7188b.jpg,000000381160,39,Laptop,laptop_tablet,640,640,2,109,636.582,288.371,0.4481733103564453,True,0,3bf5422c2fdca661ef04e3ba50872711,1,False,False,2,109,638.582,397.371,False,False,False,False,pending,
UNUL00002,UNU-KEY E-Waste Dataset v44,CC BY 4.0,test,26,21,000000096757_jpg.rf.01febdaa039cb520c6df36840abb5736.jpg,000000096757,39,Laptop,laptop_tablet,640,640,297,261,342.4,291.46,0.24364234374999996,True,0,6b24e7ca761588cc60d590c3d7822bd0,2,False,False,297,261,639.4,552.46,False,False,False,True,pending,
UNUL00003,UNU-KEY E-Waste Dataset v44,CC BY 4.0,test,27,21,000000096757_jpg.rf.01febdaa039cb520c6df36840abb5736.jpg,000000096757,39,Laptop,laptop_tablet,640,640,159,350,195.43,56.92,0.027157899414062502,True,0,6b24e7ca761588cc60d590c3d7822bd0,2,False,False,159,350,354.43,406.92,False,True,False,True,pending,
UNUL00004,UNU-KEY E-Waste Dataset v44,CC BY 4.0,test,31,23,000000249111_jpg.rf.025f6cd960d3f718fe7767953b1e93cf.jpg,000000249111,39,Laptop,laptop_tablet,640,640,86,48,465.971,399.821,0.45484616989990234,True,0,c447e2d0227c70f18306b11f4806c10d,1,False,False,86,48,551.971,447.821,False,False,False,False,pending,
UNUL00005,UNU-KEY E-Waste Dataset v44,CC BY 4.0,test,87,41,000000518080_jpg.rf.04393a45d8424902800a1a72f73dd27f.jpg,000000518080,39,Laptop,laptop_tablet,640,640,234,379,212.85,230.11,0.11957742553710939,True,0,a3f94808a46461764be45c8e0ef01f28,1,False,False,234,379,446.85,609.11,False,False,False,False,pending,
UNUL00006,UNU-KEY E-Waste Dataset v44,CC BY 4.0,test,148,91,000000202128_jpg.rf.0c75278b27a2d0a6965ac23407504e9f.jpg,000000202128,39,Laptop,laptop_tablet,640,640,81,89,123.45,139.35,0.04199891967773437,True,0,e20c050cf6fdf8ecf85e0255b701d1b4,1,False,False,81,89,204.45,228.35,False,True,False,False,pending,
UNUL00007,UNU-KEY E-Waste Dataset v44,CC BY 4.0,test,225,135,000000505043_jpg.rf.120702e8e3fc8a97b7d3b11aefe99d7b.jpg,000000505043,39,Laptop,laptop_tablet,640,640,1,259,175.82,129.43,0.05555757470703125,True,0,d4495114b08e4c0a441c474c2ecd6017,2,False,False,1,259,176.82,388.43,False,False,False,True,pending,
UNUL00008,UNU-KEY E-Waste Dataset v44,CC BY 4.0,test,226,135,000000505043_jpg.rf.120702e8e3fc8a97b7d3b11aefe99d7b.jpg,000000505043,39,Laptop,laptop_tablet,640,640,477,271,163.24,157.48,0.06276131640624999,True,0,d4495114b08e4c0a441c474c2ecd6017,2,False,False,477,271,640.24,428.48,False,False,False,True,pending,
UNUL00009,UNU-KEY E-Waste Dataset v44,CC BY 4.0,test,254,154,abc_jpg.rf.1385b12c36bb95b1921bfeacebe84acb.jpg,abc,39,Laptop,laptop_tablet,640,640,140,1,394.0,599.0,0.5761865234375,False,0,804d6fd60415d55b68a36118fb265936,1,False,True,140,1,534.0,600.0,False,False,False,False,review,
UNUL00010,UNU-KEY E-Waste Dataset v44,CC BY 4.0,test,274,163,248_jpg.rf.159da1151874ebe9813cb204388ffcbb.jpg,248,39,Laptop,laptop_tablet,640,640,1,184,529.0,265.0,0.34224853515625,False,0,e04164f0698f2e823cddf2a002b243da,1,False,False,1,184,530.0,449.0,False,False,False,False,pending,
UNUL00011,UNU-KEY E-Waste Dataset v44,CC BY 4.0,test,300,186,000000527375_jpg.rf.1954aaac9f71a1fa2395b105bf05f17e.jpg,000000527375,39,Laptop,laptop_tablet,640,640,144,341,179.251,155.443,0.06802566697509765,True,0,ac96a6b10d0eb14d9e65cda3d4b699e1,1,False,False,144,341,323.251,496.443,False,False,False,False,pending,
UNUL00012,UNU-KEY E-Waste Dataset v44,CC BY 4.0,test,367,233,266_jpeg.rf.1ed1bef1eea159aa6c62cb9552209318.jpg,266,39,Laptop,laptop_tablet,640,640,108,81,503.0,478.0,0.5869970703125,False,0,4350412734460480adeba077e1c1d74f,1,False,False,108,81,611.0,559.0,False,False,False,False,pending,
UNUL00013,UNU-KEY E-Waste Dataset v44,CC BY 4.0,test,373,239,230_jpeg.rf.1efa863007267bfbb00a2d377027d6f8.jpg,230,39,Laptop,laptop_tablet,640,640,38,81,521.0,479.0,0.60927490234375,False,0,550ff13b6c6c455c483ed6c132608ed0,1,False,False,38,81,559.0,560.0,False,False,False,False,pending,
UNUL00014,UNU-KEY E-Waste Dataset v44,CC BY 4.0,test,412,267,000000318736_jpg.rf.23e39cbfdeb40264ee1bec2aa8300e34.jpg,000000318736,39,Laptop,laptop_tablet,640,640,216,235,212.496,244.848,0.127024464375,True,0,004fed6a58deef8a8fdda6ce060c500a,1,False,False,216,235,428.496,479.848,False,False,False,False,pending,
UNUL00015,UNU-KEY E-Waste Dataset v44,CC BY 4.0,test,428,271,000000202066_jpg.rf.2411b8a18d4656332530b477cf891ea8.jpg,000000202066,39,Laptop,laptop_tablet,640,640,201,306,38.65,31.53,0.002975181884765625,True,0,c9f93c3e8a3cffc8ba36c61940b44f63,1,False,False,201,306,239.65,337.53,True,False,False,False,review,
UNUL00016,UNU-KEY E-Waste Dataset v44,CC BY 4.0,test,447,288,249_jpg.rf.26053bd034599f7b44d0617072f5ab9e.jpg,249,39,Laptop,laptop_tablet,640,640,4,142,548.0,358.0,0.47896484375,False,0,31dae645475bfc4de2c0915ec3b8b4b3,1,False,True,4,142,552.0,500.0,False,False,False,False,review,
UNUL00017,UNU-KEY E-Waste Dataset v44,CC BY 4.0,test,522,343,000000158384_jpg.rf.2cbe119d223eda63dccaa2b82ed6cebd.jpg,000000158384,39,Laptop,laptop_tablet,640,640,437,524,108.67,87.09,0.02310564038085938,True,0,366a2527cd06204ac101c2f5c7dafd40,1,False,False,437,524,545.67,611.09,False,True,False,False,pending,
UNUL00018,UNU-KEY E-Waste Dataset v44,CC BY 4.0,test,543,356,IMG_20200329_142737_jpg.rf.2e5eba7df0f15c2590b236c8e24bccb0.jpg,IMG_20200329_142737,39,Laptop,laptop_tablet,640,640,53,158,341.0,312.0,0.25974609375,False,0,9fe9bd9e1d82675b82b246f86ebc94b6,2,False,True,53,158,394.0,470.0,False,False,False,True,review,
UNUL00019,UNU-KEY E-Waste Dataset v44,CC BY 4.0,test,544,356,IMG_20200329_142737_jpg.rf.2e5eba7df0f15c2590b236c8e24bccb0.jpg,IMG_20200329_142737,39,Laptop,laptop_tablet,640,640,363,133,277.0,313.0,0.21167236328125,False,0,9fe9bd9e1d82675b82b246f86ebc94b6,2,False,True,363,133,640.0,446.0,False,False,False,True,review,
UNUL00020,UNU-KEY E-Waste Dataset v44,CC BY 4.0,test,545,357,194_jpeg.rf.2e3a21a7be1bc1e5f823787c8dc9c5df.jpg,194,39,Laptop,laptop_tablet,640,640,207,142,358.0,351.0,0.3067822265625,False,0,e5602941c78bc7d9f19660bf78d788a3,1,False,False,207,142,565.0,493.0,False,False,False,False,pending,
UNUL00021,UNU-KEY E-Waste Dataset v44,CC BY 4.0,test,558,368,000000338019_jpg.rf.30947e2cae1b90136e4fc8dbae562155.jpg,000000338019,39,Laptop,laptop_tablet,640,640,161,205,163.955,122.701,0.04911484974365234,True,0,57e9c471ee1ad330fd61340156b13138,1,False,False,161,205,324.95500000000004,327.701,False,True,False,False,pending,
UNUL00022,UNU-KEY E-Waste Dataset v44,CC BY 4.0,test,571,378,000000364485_jpg.rf.309e748b4e6be507c9401438e7d84265.jpg,000000364485,39,Laptop,laptop_tablet,640,640,78,227,388.32,299.86,0.2842813359375,True,0,dee38b7ebb0d302b4b3e05ec380be11d,1,False,False,78,227,466.32,526.86,False,False,False,False,pending,
UNUL00023,UNU-KEY E-Waste Dataset v44,CC BY 4.0,test,579,385,000000390073_jpg.rf.32214c5b4634544a5d570293e363aa0c.jpg,000000390073,39,Laptop,laptop_tablet,640,640,247,172,114.496,106.061,0.02964736390625,True,0,a6632b9ba55469583d61caf8813b3781,1,False,False,247,172,361.496,278.06100000000004,False,True,False,False,pending,
UNUL00024,UNU-KEY E-Waste Dataset v44,CC BY 4.0,test,593,394,214_jpeg.rf.3313b6b887d2a78ae5f29274db93d9bc.jpg,214,39,Laptop,laptop_tablet,640,640,155,175,331.0,286.0,0.2311181640625,False,0,832ebc6798f50ff92d1380e56e3858c2,1,False,False,155,175,486.0,461.0,False,False,False,False,pending,
UNUL00025,UNU-KEY E-Waste Dataset v44,CC BY 4.0,test,600,399,000000343849_jpg.rf.340b462231925326671435b7f6739d95.jpg,000000343849,39,Laptop,laptop_tablet,640,640,215,217,190.5,188.26,0.0875574462890625,True,0,1d96334a1f7d8f14c2eb799d60e9769e,1,False,False,215,217,405.5,405.26,False,False,False,False,pending,
UNUL00026,UNU-KEY E-Waste Dataset v44,CC BY 4.0,test,602,400,000000163185_jpg.rf.3417401aec041045e69eec1e88704f8f.jpg,000000163185,39,Laptop,laptop_tablet,640,640,119,144,521.35,416.36,0.5299543115234375,True,0,76676a32266c5628554266af1d9a0dd5,1,False,False,119,144,640.35,560.36,False,False,False,False,pending,
UNUL00027,UNU-KEY E-Waste Dataset v44,CC BY 4.0,test,620,415,000000262954_jpg.rf.3550fc415a94fa8818a9bc2a32e0f8d0.jpg,000000262954,39,Laptop,laptop_tablet,640,640,300,288,83.85,49.61,0.010155758056640625,True,0,e363438a3f76468bdf8145789933ec44,1,False,False,300,288,383.85,337.61,True,False,False,False,review,
UNUL00028,UNU-KEY E-Waste Dataset v44,CC BY 4.0,test,662,445,000000242427_jpg.rf.39395810a1997a119c8b29b37a83c351.jpg,000000242427,39,Laptop,laptop_tablet,640,640,179,351,143.18,120.27,0.04204164697265625,True,0,6b740de5e8f7c86bdc07e00a1cfc8545,9,False,False,179,351,322.18,471.27,False,True,False,True,pending,
UNUL00029,UNU-KEY E-Waste Dataset v44,CC BY 4.0,test,663,445,000000242427_jpg.rf.39395810a1997a119c8b29b37a83c351.jpg,000000242427,39,Laptop,laptop_tablet,640,640,405,318,139.51,107.87,0.03674058520507813,True,0,6b740de5e8f7c86bdc07e00a1cfc8545,9,False,False,405,318,544.51,425.87,False,True,False,True,pending,
UNUL00030,UNU-KEY E-Waste Dataset v44,CC BY 4.0,test,664,445,000000242427_jpg.rf.39395810a1997a119c8b29b37a83c351.jpg,000000242427,39,Laptop,laptop_tablet,640,640,94,314,118.6,71.16,0.02060443359375,True,0,6b740de5e8f7c86bdc07e00a1cfc8545,9,False,False,94,314,212.6,385.15999999999997,False,True,False,True,pending,
UNUL00031,UNU-KEY E-Waste Dataset v44,CC BY 4.0,test,665,445,000000242427_jpg.rf.39395810a1997a119c8b29b37a83c351.jpg,000000242427,39,Laptop,laptop_tablet,640,640,317,252,65.33,37.6,0.00599708984375,True,0,6b740de5e8f7c86bdc07e00a1cfc8545,9,False,False,317,252,382.33,289.6,True,False,False,True,review,
UNUL00032,UNU-KEY E-Waste Dataset v44,CC BY 4.0,test,666,445,000000242427_jpg.rf.39395810a1997a119c8b29b37a83c351.jpg,000000242427,39,Laptop,laptop_tablet,640,640,229,256,44.85,44.46,0.00486823974609375,True,0,6b740de5e8f7c86bdc07e00a1cfc8545,9,False,False,229,256,273.85,300.46,True,False,False,True,review,
UNUL00033,UNU-KEY E-Waste Dataset v44,CC BY 4.0,test,667,445,000000242427_jpg.rf.39395810a1997a119c8b29b37a83c351.jpg,000000242427,39,Laptop,laptop_tablet,640,640,222,248,24.23,37.32,0.0022076748046875,True,0,6b740de5e8f7c86bdc07e00a1cfc8545,9,False,False,222,248,246.23,285.32,True,False,False,True,review,
UNUL00034,UNU-KEY E-Waste Dataset v44,CC BY 4.0,test,671,445,000000242427_jpg.rf.39395810a1997a119c8b29b37a83c351.jpg,000000242427,39,Laptop,laptop_tablet,640,640,274,232,29.84,22.57,0.001644259765625,True,0,6b740de5e8f7c86bdc07e00a1cfc8545,9,False,False,274,232,303.84,254.57,True,False,False,True,review,
UNUL00035,UNU-KEY E-Waste Dataset v44,CC BY 4.0,test,674,445,000000242427_jpg.rf.39395810a1997a119c8b29b37a83c351.jpg,000000242427,39,Laptop,laptop_tablet,640,640,318,248,21.38,6.35,0.0003314526367187499,True,0,6b740de5e8f7c86bdc07e00a1cfc8545,9,False,False,318,248,339.38,254.35,True,False,False,True,review,
UNUL00036,UNU-KEY E-Waste Dataset v44,CC BY 4.0,test,675,445,000000242427_jpg.rf.39395810a1997a119c8b29b37a83c351.jpg,000000242427,39,Laptop,laptop_tablet,640,640,388,304,118.85,64.03,0.018579017333984375,True,0,6b740de5e8f7c86bdc07e00a1cfc8545,9,False,False,388,304,506.85,368.03,True,False,False,True,review,
UNUL00037,UNU-KEY E-Waste Dataset v44,CC BY 4.0,test,684,452,000000116556_jpg.rf.38d5a9d8dac49ed8a969ebccc5d8d302.jpg,000000116556,39,Laptop,laptop_tablet,640,640,436,224,109.069,84.16,0.02241027109375,True,0,3df2494fc72bad6be8e61dc5b2ecd31c,1,False,False,436,224,545.069,308.15999999999997,False,True,False,False,pending,
UNUL00038,UNU-KEY E-Waste Dataset v44,CC BY 4.0,test,692,456,000000177404_jpg.rf.3a765c33a97adafbbd2f8a5f72ba7cd1.jpg,000000177404,39,Laptop,laptop_tablet,640,640,80,110,311.73,366.74,0.2791109868164063,True,0,06a47eadb02d6d169ff75a5b82fdc6b8,1,False,False,80,110,391.73,476.74,False,False,False,False,pending,
UNUL00039,UNU-KEY E-Waste Dataset v44,CC BY 4.0,test,709,465,000000093597_jpg.rf.3b5e27078439aedcbed168f6ca957573.jpg,000000093597,39,Laptop,laptop_tablet,640,640,12,316,385.663,315.848,0.29738986138671875,True,0,7b00b9b4fdc57388579992b9b06c1437,1,False,False,12,316,397.663,631.848,False,False,False,False,pending,
UNUL00040,UNU-KEY E-Waste Dataset v44,CC BY 4.0,test,734,488,000000011953_jpg.rf.3ec79061f8de974362b2e52faf325238.jpg,000000011953,39,Laptop,laptop_tablet,640,640,6,268,186.74,39.96,0.018218091796875002,True,0,acff8545841851395bf80bc58b5699fe,1,False,False,6,268,192.74,307.96,True,False,False,False,review,
UNUL00041,UNU-KEY E-Waste Dataset v44,CC BY 4.0,test,747,500,000000472737_jpg.rf.3f0eb9ba4339c3676b4225c691210f9f.jpg,000000472737,39,Laptop,laptop_tablet,640,640,296,82,341.93,371.05,0.30974884399414065,True,0,5b73ccc8982d266ce68e679ae66ac857,1,False,False,296,82,637.9300000000001,453.05,False,False,False,False,pending,
UNUL00042,UNU-KEY E-Waste Dataset v44,CC BY 4.0,test,751,504,000000430640_jpg.rf.4143110713b32423ecb2f8889fbf35cd.jpg,000000430640,39,Laptop,laptop_tablet,640,640,0,186,333.74,187.55,0.15281478759765627,True,0,dfe6a8cff0b00c71814f6150f2aa8ef6,1,False,False,0,186,333.74,373.55,False,False,False,False,pending,
UNUL00043,UNU-KEY E-Waste Dataset v44,CC BY 4.0,test,768,518,000000081031_jpg.rf.41af868ab8faf8b1968fef795a065f32.jpg,000000081031,39,Laptop,laptop_tablet,640,640,1,108,318.57,419.32,0.32612981542968744,True,0,8f9f7d45079b60b71b51badaa2eb1795,1,False,False,1,108,319.57,527.3199999999999,False,False,False,False,pending,
UNUL00044,UNU-KEY E-Waste Dataset v44,CC BY 4.0,test,774,522,000000423343_jpg.rf.442a4d0aea03791a23ca869db681ac9f.jpg,000000423343,39,Laptop,laptop_tablet,640,640,279,80,360.806,479.027,0.4219624408251953,True,0,1782b8875f013532b7f90e78d0ccdbfe,1,False,False,279,80,639.806,559.027,False,False,False,False,pending,
UNUL00045,UNU-KEY E-Waste Dataset v44,CC BY 4.0,test,793,540,000000350245_jpg.rf.46ae94000a850791d0d3431707cb6258.jpg,000000350245,39,Laptop,laptop_tablet,640,640,279,188,360.63,341.93,0.3010503317871094,True,0,8c7e3a6749a6acfcd24fb9662923cfdd,1,False,False,279,188,639.63,529.9300000000001,False,False,False,False,pending,
UNUL00046,UNU-KEY E-Waste Dataset v44,CC BY 4.0,test,850,591,000000405838_jpg.rf.4dc6561e2a75d1a13339d00d1b38928b.jpg,000000405838,39,Laptop,laptop_tablet,640,640,277,238,294.72,247.04,0.17775300000000002,True,0,d7c87e4442bc695a67f2f9d5cc5e7371,1,False,False,277,238,571.72,485.03999999999996,False,False,False,False,pending,
UNUL00047,UNU-KEY E-Waste Dataset v44,CC BY 4.0,test,884,620,000000526368_jpg.rf.527c9808e6eeda7691d1c3551d29f3b0.jpg,000000526368,39,Laptop,laptop_tablet,640,640,0,82,610.12,417.85,0.6224087939453126,True,0,f680a515d24b3e9293e62be4986f0feb,1,False,False,0,82,610.12,499.85,False,False,False,False,pending,
UNUL00048,UNU-KEY E-Waste Dataset v44,CC BY 4.0,test,894,628,000000035127_jpg.rf.54b73af883b680743c4ed17198a25420.jpg,000000035127,39,Laptop,laptop_tablet,640,640,78,90,478.93,380.13,0.4444718283691406,True,0,4361f3ab6d7116bcc54e1cd2da301c9c,1,False,False,78,90,556.9300000000001,470.13,False,False,False,False,pending,
UNUL00049,UNU-KEY E-Waste Dataset v44,CC BY 4.0,test,926,654,000000223444_jpg.rf.5933e7c67baccc731dc160dcb1f18aa0.jpg,000000223444,39,Laptop,laptop_tablet,640,640,270,231,228.851,162.24,0.09064645078125,True,0,901830016140bff3998d8ea42f6fb8d1,2,False,False,270,231,498.851,393.24,False,False,False,True,pending,
UNUL00050,UNU-KEY E-Waste Dataset v44,CC BY 4.0,test,927,654,000000223444_jpg.rf.5933e7c67baccc731dc160dcb1f18aa0.jpg,000000223444,39,Laptop,laptop_tablet,640,640,0,172,395.034,273.805,0.2640680770751953,True,0,901830016140bff3998d8ea42f6fb8d1,2,False,False,0,172,395.034,445.805,False,False,False,True,pending,
UNUL00051,UNU-KEY E-Waste Dataset v44,CC BY 4.0,test,941,665,000000263264_jpg.rf.55f2d065d13f1afc959910ea65d58ff4.jpg,000000263264,39,Laptop,laptop_tablet,640,640,52,152,342.72,265.18,0.22188107812500005,True,0,965be35f1cc0ced69c31dd43ef32f766,1,False,False,52,152,394.72,417.18,False,False,False,False,pending,
UNUL00052,UNU-KEY E-Waste Dataset v44,CC BY 4.0,test,981,688,000000482974_jpg.rf.59f095137f980d221f106803553f4df8.jpg,000000482974,39,Laptop,laptop_tablet,640,640,248,177,132.84,100.58,0.032619744140625004,True,0,70493253560d31fea743e62e166c9f41,1,False,False,248,177,380.84000000000003,277.58,False,True,False,False,pending,
UNUL00053,UNU-KEY E-Waste Dataset v44,CC BY 4.0,test,993,694,000000016669_jpg.rf.5c986d6be1b5f8775999feef75037f76.jpg,000000016669,39,Laptop,laptop_tablet,640,640,0,390,165.64,64.33,0.0260147001953125,True,0,8e3af82db90c6cae03a76465851e7706,1,False,False,0,390,165.64,454.33,False,True,False,False,pending,
UNUL00054,UNU-KEY E-Waste Dataset v44,CC BY 4.0,test,1006,706,000000484985_jpg.rf.5ed722bbd732377ee6f533cdfbd39542.jpg,000000484985,39,Laptop,laptop_tablet,640,640,56,189,75.7,48.09,0.00888772705078125,True,0,01514d033fa641528ccb354053710ff6,1,False,False,56,189,131.7,237.09,True,False,False,False,review,
UNUL00055,UNU-KEY E-Waste Dataset v44,CC BY 4.0,test,1062,739,000000307814_jpg.rf.649a348d9de7ee4a22c2bf87204416a8.jpg,000000307814,39,Laptop,laptop_tablet,640,640,57,371,213.581,168.269,0.08774184885009766,True,0,14014d02fd7dbc4fba7f0ba78d953515,1,False,False,57,371,270.581,539.269,False,False,False,False,pending,
UNUL00056,UNU-KEY E-Waste Dataset v44,CC BY 4.0,test,1071,745,Laptop-HP_jpg.rf.64e2cd0de9a69be2f5e6f3e74c764ad2.jpg,Laptop-HP,39,Laptop,laptop_tablet,640,640,20,118,616.0,399.0,0.60005859375,False,0,f0c7b54df310380dc464229ecfb85873,1,False,False,20,118,636.0,517.0,False,False,False,False,pending,
UNUL00057,UNU-KEY E-Waste Dataset v44,CC BY 4.0,test,1112,777,64e9427c30a2041e_jpg.rf.6927409ffa6854cedb55b0d55886a6e9.jpg,64e9427c30a2041e,39,Laptop,laptop_tablet,640,640,2,0,323.0,360.0,0.28388671875,False,0,e482697bc5293ccf713c5eabd4a5b8fe,1,False,False,2,0,325.0,360.0,False,False,False,False,pending,
UNUL00058,UNU-KEY E-Waste Dataset v44,CC BY 4.0,test,1131,792,000000484201_jpg.rf.6a67be17d65fc4b93eae60b558f07db0.jpg,000000484201,39,Laptop,laptop_tablet,640,640,17,220,282.61,267.51,0.18457275659179687,True,0,2c8982efe2645d8b5ac2e9c875119f81,3,False,False,17,220,299.61,487.51,False,False,False,True,pending,
UNUL00059,UNU-KEY E-Waste Dataset v44,CC BY 4.0,test,1132,792,000000484201_jpg.rf.6a67be17d65fc4b93eae60b558f07db0.jpg,000000484201,39,Laptop,laptop_tablet,640,640,296,123,241.62,215.73,0.12725752587890626,True,0,2c8982efe2645d8b5ac2e9c875119f81,3,False,False,296,123,537.62,338.73,False,False,False,True,pending,
UNUL00060,UNU-KEY E-Waste Dataset v44,CC BY 4.0,test,1137,792,000000484201_jpg.rf.6a67be17d65fc4b93eae60b558f07db0.jpg,000000484201,39,Laptop,laptop_tablet,640,640,236,82,103.56,77.66,0.019634935546875,True,0,2c8982efe2645d8b5ac2e9c875119f81,3,False,False,236,82,339.56,159.66,True,False,False,True,review,
UNUL00061,UNU-KEY E-Waste Dataset v44,CC BY 4.0,test,1154,806,1689707b752888a7_jpg.rf.6db9a1ee2533dcc00104426a7bda5e04.jpg,1689707b752888a7,39,Laptop,laptop_tablet,640,640,1,1,347.0,487.0,0.41257080078125,False,0,f229c53e1c50cd2b2abaee420509fb2d,1,False,False,1,1,348.0,488.0,False,False,False,False,pending,
UNUL00062,UNU-KEY E-Waste Dataset v44,CC BY 4.0,test,1160,809,000000048900_jpg.rf.6bf2ccc58348bfdb83cfcbedc1414814.jpg,000000048900,39,Laptop,laptop_tablet,640,640,243,417,165.31,191.85,0.07742852416992188,True,0,c39c59eac069a2acc47d9dc8b6f9297a,1,False,False,243,417,408.31,608.85,False,False,False,False,pending,
UNUL00063,UNU-KEY E-Waste Dataset v44,CC BY 4.0,test,1162,810,000000230889_jpg.rf.6b51e688dacf29997ab8a3c16ba2af0e.jpg,000000230889,39,Laptop,laptop_tablet,640,640,339,131,299.86,422.83,0.30954541943359376,True,0,e76cbd0b542109cdb80bbe8cb8473930,2,False,False,339,131,638.86,553.8299999999999,False,False,False,True,pending,
UNUL00064,UNU-KEY E-Waste Dataset v44,CC BY 4.0,test,1163,810,000000230889_jpg.rf.6b51e688dacf29997ab8a3c16ba2af0e.jpg,000000230889,39,Laptop,laptop_tablet,640,640,178,94,179.05,147.78,0.06459963134765626,True,0,e76cbd0b542109cdb80bbe8cb8473930,2,False,False,178,94,357.05,241.78,False,False,False,True,pending,
UNUL00065,UNU-KEY E-Waste Dataset v44,CC BY 4.0,test,1183,827,000000192320_jpg.rf.6e8f4965157d3fd210da05e311efc9a7.jpg,000000192320,39,Laptop,laptop_tablet,640,640,119,256,316.75,259.35,0.20055935668945313,True,0,2a866e5656ccae7e5c363782a82119af,1,False,False,119,256,435.75,515.35,False,False,False,False,pending,
UNUL00066,UNU-KEY E-Waste Dataset v44,CC BY 4.0,test,1218,859,313_jpeg.rf.7168de3b371bd111533d7848a0ff8b37.jpg,313,39,Laptop,laptop_tablet,640,640,106,141,393.0,359.0,0.34445068359375,False,0,4978954d2bc891dad79b2e3250926431,1,True,True,106,141,499.0,500.0,False,False,False,False,review,
UNUL00067,UNU-KEY E-Waste Dataset v44,CC BY 4.0,test,1233,872,68ca6c0e6fc466c8_jpg.rf.7384ca5c70d9b75b74665158190ed59d.jpg,68ca6c0e6fc466c8,39,Laptop,laptop_tablet,640,640,238,228,385.0,310.0,0.2913818359375,False,0,a108359b097d4d688f35c2404fcfb310,1,False,False,238,228,623.0,538.0,False,False,False,False,pending,
UNUL00068,UNU-KEY E-Waste Dataset v44,CC BY 4.0,test,1264,897,000000501138_jpg.rf.7744922765a8c284a31daabf30ed882d.jpg,000000501138,39,Laptop,laptop_tablet,640,640,391,136,79.88,68.72,0.0134017421875,True,0,beae39babe36d88da154b8a0d342a626,1,False,False,391,136,470.88,204.72,True,False,False,False,review,
UNUL00069,UNU-KEY E-Waste Dataset v44,CC BY 4.0,test,1270,900,000000046848_jpg.rf.789b169154c4497f25f6ea73ae4211ca.jpg,000000046848,39,Laptop,laptop_tablet,640,640,300,121,338.83,394.69,0.3264961247558593,True,0,96c5dfc6c58b215b91f6da6eda154025,1,False,False,300,121,638.8299999999999,515.69,False,False,False,False,pending,
UNUL00070,UNU-KEY E-Waste Dataset v44,CC BY 4.0,test,1288,915,000000234236_jpg.rf.7b31483ea1a354b6209ee4882996ee51.jpg,000000234236,39,Laptop,laptop_tablet,640,640,18,127,413.12,283.69,0.2861279609375,True,0,d65d317a8d1ba8820d1329a4d65cc65a,1,False,False,18,127,431.12,410.69,False,False,False,False,pending,
UNUL00071,UNU-KEY E-Waste Dataset v44,CC BY 4.0,test,1308,930,000000519076_jpg.rf.7b30a16c932c11dd76e0f2c9df787762.jpg,000000519076,39,Laptop,laptop_tablet,640,640,133,209,259.955,270.746,0.17183050886230464,True,0,25e905b6d90f1f6e4148ccf96b6691fa,1,False,False,133,209,392.955,479.746,False,False,False,False,pending,
UNUL00072,UNU-KEY E-Waste Dataset v44,CC BY 4.0,test,1347,966,000000113132_jpg.rf.7ddb05e76c1137d76d041c9bad16b230.jpg,000000113132,39,Laptop,laptop_tablet,640,640,39,116,601.17,444.4,0.652245966796875,True,0,6c1dd2856ae9e7f7f54f38323a8d34a3,1,False,False,39,116,640.17,560.4,False,False,False,False,pending,
UNUL00073,UNU-KEY E-Waste Dataset v44,CC BY 4.0,test,1389,1003,195_jpeg.rf.83f3b7e9388b1f70c89c6fc77d9efe25.jpg,195,39,Laptop,laptop_tablet,640,640,66,81,551.0,479.0,0.64435791015625,False,0,6b7f3ee6042d4d5bdca3053077a0dfb7,1,False,False,66,81,617.0,560.0,False,False,False,False,pending,
UNUL00074,UNU-KEY E-Waste Dataset v44,CC BY 4.0,test,1395,1009,000000151289_jpg.rf.868db34f5fcc57b1686ebe702f380334.jpg,000000151289,39,Laptop,laptop_tablet,640,640,312,260,327.73,186.87,0.1495188112792969,True,0,55d1acdb46fe76ba4bed001203c02a3a,2,False,False,312,260,639.73,446.87,False,False,False,True,pending,
UNUL00075,UNU-KEY E-Waste Dataset v44,CC BY 4.0,test,1396,1009,000000151289_jpg.rf.868db34f5fcc57b1686ebe702f380334.jpg,000000151289,39,Laptop,laptop_tablet,640,640,0,238,308.11,168.65,0.12686218627929688,True,0,55d1acdb46fe76ba4bed001203c02a3a,2,False,False,0,238,308.11,406.65,False,False,False,True,pending,
UNUL00076,UNU-KEY E-Waste Dataset v44,CC BY 4.0,test,1473,1031,000000474401_jpg.rf.886465bc9a6cc28a68b74b975e86d543.jpg,000000474401,39,Laptop,laptop_tablet,640,640,118,149,413.34,360.6,0.363892587890625,True,0,33d907ec05ccc30bacedba7f0b9d4578,1,False,False,118,149,531.3399999999999,509.6,False,False,False,False,pending,
UNUL00077,UNU-KEY E-Waste Dataset v44,CC BY 4.0,test,1480,1035,000000282998_jpg.rf.877c8b8f7846609e84ac50c8b31305f1.jpg,000000282998,39,Laptop,laptop_tablet,640,640,135,177,148.73,98.83,0.03588619604492187,True,0,099a8a378a4954235672820f3d245156,1,False,False,135,177,283.73,275.83,False,True,False,False,pending,
UNUL00078,UNU-KEY E-Waste Dataset v44,CC BY 4.0,test,1491,1040,000000289912_jpg.rf.892d1bc80e506e0bfced0b8134d234c3.jpg,000000289912,39,Laptop,laptop_tablet,640,640,238,176,201.88,136.37,0.0672128310546875,True,0,be5213c44679729f338604cc3f4d3e0f,1,False,False,238,176,439.88,312.37,False,False,False,False,pending,
UNUL00079,UNU-KEY E-Waste Dataset v44,CC BY 4.0,test,1494,1041,000000202740_jpg.rf.86d1741c05f61c5a259bf5e8a911de5b.jpg,000000202740,39,Laptop,laptop_tablet,640,640,152,351,290.163,202.778,0.14364910354980467,True,0,db195a7dc91e5fcbc165de197e8c7158,1,False,False,152,351,442.163,553.778,False,False,False,False,pending,
UNUL00080,UNU-KEY E-Waste Dataset v44,CC BY 4.0,test,1524,1066,000000305501_jpg.rf.8d4a2191e1d2fdbd441b5813b05c4005.jpg,000000305501,39,Laptop,laptop_tablet,640,640,412,286,227.6,229.76,0.127669375,True,0,794e5188d8b1d93db163c0a7de01741e,4,False,False,412,286,639.6,515.76,False,False,False,True,pending,
UNUL00081,UNU-KEY E-Waste Dataset v44,CC BY 4.0,test,1525,1066,000000305501_jpg.rf.8d4a2191e1d2fdbd441b5813b05c4005.jpg,000000305501,39,Laptop,laptop_tablet,640,640,244,331,162.87,140.22,0.05575593603515625,True,0,794e5188d8b1d93db163c0a7de01741e,4,False,False,244,331,406.87,471.22,False,False,False,True,pending,
UNUL00082,UNU-KEY E-Waste Dataset v44,CC BY 4.0,test,1526,1066,000000305501_jpg.rf.8d4a2191e1d2fdbd441b5813b05c4005.jpg,000000305501,39,Laptop,laptop_tablet,640,640,1,301,198.02,212.02,0.10250048925781251,True,0,794e5188d8b1d93db163c0a7de01741e,4,False,False,1,301,199.02,513.02,False,False,False,True,pending,
UNUL00083,UNU-KEY E-Waste Dataset v44,CC BY 4.0,test,1527,1066,000000305501_jpg.rf.8d4a2191e1d2fdbd441b5813b05c4005.jpg,000000305501,39,Laptop,laptop_tablet,640,640,78,253,170.09,180.05,0.07476734497070313,True,0,794e5188d8b1d93db163c0a7de01741e,4,False,False,78,253,248.09,433.05,False,False,False,True,pending,
UNUL00084,UNU-KEY E-Waste Dataset v44,CC BY 4.0,test,1552,1085,000000573823_jpg.rf.8dc2be00146dd69ce60f12dafb4aadbf.jpg,000000573823,39,Laptop,laptop_tablet,640,640,35,165,605.46,363.67,0.5375674760742188,True,0,711096292caae128ce5fd5e796578590,1,False,False,35,165,640.46,528.6700000000001,False,False,False,False,pending,
UNUL00085,UNU-KEY E-Waste Dataset v44,CC BY 4.0,test,1597,1128,000000351914_jpg.rf.92ae721564983aa7c58fe9d351ad626a.jpg,000000351914,39,Laptop,laptop_tablet,640,640,0,131,336.54,423.91,0.3482975375976563,True,0,dec9dd03e9198633d08cc758c75d7532,1,False,False,0,131,336.54,554.9100000000001,False,False,False,False,pending,
UNUL00086,UNU-KEY E-Waste Dataset v44,CC BY 4.0,test,1652,1160,000000472109_jpg.rf.980969ace4ef4c2966cd3221c8cf325e.jpg,000000472109,39,Laptop,laptop_tablet,640,640,488,338,141.3,103.18,0.03559407714843751,True,0,f0a1cb3af68e8e10f9c6237ce7a3509e,1,False,False,488,338,629.3,441.18,False,True,False,False,pending,
UNUL00087,UNU-KEY E-Waste Dataset v44,CC BY 4.0,test,1688,1188,000000085143_jpg.rf.9cd818d17bfd49d4b7f7416eadfe55bb.jpg,000000085143,39,Laptop,laptop_tablet,640,640,78,84,369.43,244.18,0.22023295263671877,True,0,e9cef9f0ea1b693d1d9f5486cd405e23,1,False,False,78,84,447.43,328.18,False,False,False,False,pending,
UNUL00088,UNU-KEY E-Waste Dataset v44,CC BY 4.0,test,1720,1199,000000153856_jpg.rf.9d0be4953466103f07510840c89f424f.jpg,000000153856,39,Laptop,laptop_tablet,640,640,413,161,158.92,189.19,0.0734035029296875,True,0,1f01d9790fb0dc7c6e481fa0355a78c2,1,False,False,413,161,571.92,350.19,False,False,False,False,pending,
UNUL00089,UNU-KEY E-Waste Dataset v44,CC BY 4.0,test,1740,1209,000000256611_jpg.rf.9dfe0aa416a1f7921aa4c6efea5b2243.jpg,000000256611,39,Laptop,laptop_tablet,640,640,397,121,173.68,157.37,0.066728568359375,True,0,03fca3cefe3a8f9a7d29eb1bc9c452c1,1,False,False,397,121,570.6800000000001,278.37,False,False,False,False,pending,
UNUL00090,UNU-KEY E-Waste Dataset v44,CC BY 4.0,test,1780,1235,000000451284_jpg.rf.a04e1dae0849acc0fd9aa27e0751495a.jpg,000000451284,39,Laptop,laptop_tablet,640,640,84,81,516.68,408.81,0.5156834736328125,True,0,3a9a5663072ad08bbf000b2568526378,1,False,False,84,81,600.68,489.81,False,False,False,False,pending,
UNUL00091,UNU-KEY E-Waste Dataset v44,CC BY 4.0,test,1785,1238,000000576869_jpg.rf.9f0f2a4170e88594ba38062cc6a81c7b.jpg,000000576869,39,Laptop,laptop_tablet,640,640,104,319,280.448,236.224,0.16173962,True,0,d6a395eeda45f486a30d1bd93d51ae74,1,False,False,104,319,384.448,555.2239999999999,False,False,False,False,pending,
UNUL00092,UNU-KEY E-Waste Dataset v44,CC BY 4.0,test,1790,1242,000000581055_jpg.rf.a36e4fce3331fcb62f4fa269c395adc1.jpg,000000581055,39,Laptop,laptop_tablet,640,640,0,119,419.597,428.224,0.43867555109374995,True,0,977df2ea42e75d956342619a35039f2e,1,False,False,0,119,419.597,547.2239999999999,False,False,False,False,pending,
UNUL00093,UNU-KEY E-Waste Dataset v44,CC BY 4.0,test,1792,1244,157_jpg.rf.a2d5fbec0564676a8d89f744c5d87e8a.jpg,157,39,Laptop,laptop_tablet,640,640,14,178,553.0,252.0,0.340224609375,False,0,f087920b67f2175f16bcf5009d7cf1c5,1,False,False,14,178,567.0,430.0,False,False,False,False,pending,
UNUL00094,UNU-KEY E-Waste Dataset v44,CC BY 4.0,test,1828,1270,000000104739_jpg.rf.a694ef15344c0711f6dc4a99f160b6dc.jpg,000000104739,39,Laptop,laptop_tablet,640,640,339,275,82.44,64.86,0.013054341796875,True,0,abcab5975b82968e4d91a5b8ab7748ba,2,False,False,339,275,421.44,339.86,True,False,False,True,review,
UNUL00095,UNU-KEY E-Waste Dataset v44,CC BY 4.0,test,1831,1270,000000104739_jpg.rf.a694ef15344c0711f6dc4a99f160b6dc.jpg,000000104739,39,Laptop,laptop_tablet,640,640,282,268,71.43,50.69,0.008839811279296875,True,0,abcab5975b82968e4d91a5b8ab7748ba,2,False,False,282,268,353.43,318.69,True,False,False,True,review,
UNUL00096,UNU-KEY E-Waste Dataset v44,CC BY 4.0,test,1835,1273,000000125247_jpg.rf.a544c4cc1ca77de95cd132c4f807e4fa.jpg,000000125247,39,Laptop,laptop_tablet,640,640,337,452,55.34,40.31,0.005446180175781251,True,0,c008fa293b43c3636e4d935dfcb4f350,1,False,False,337,452,392.34000000000003,492.31,True,False,False,False,review,
UNUL00097,UNU-KEY E-Waste Dataset v44,CC BY 4.0,test,1845,1282,000000206903_jpg.rf.a817118259b06f3d6510acf9225652fc.jpg,000000206903,39,Laptop,laptop_tablet,640,640,140,267,303.864,212.852,0.15790542023437498,True,0,362eb02a7b9c2da216eba0a8f4610354,1,False,False,140,267,443.864,479.852,False,False,False,False,pending,
UNUL00098,UNU-KEY E-Waste Dataset v44,CC BY 4.0,test,1872,1303,000000005345_jpg.rf.a95477bfd462f112b5c4705177c5a443.jpg,000000005345,39,Laptop,laptop_tablet,640,640,123,306,85.13,64.72,0.013451205078124999,True,0,94d06de1e44b691831fe75ee474d47a3,1,False,False,123,306,208.13,370.72,True,False,False,False,review,
UNUL00099,UNU-KEY E-Waste Dataset v44,CC BY 4.0,test,1877,1305,000000323498_jpg.rf.aaa7a7653858e841bfcb064c26198741.jpg,000000323498,39,Laptop,laptop_tablet,640,640,105,349,111.11,78.26,0.02122917138671875,True,0,6cd4f1178f92905fdda9c0b7eaac073b,2,False,False,105,349,216.11,427.26,False,True,False,True,pending,
UNUL00100,UNU-KEY E-Waste Dataset v44,CC BY 4.0,test,1878,1305,000000323498_jpg.rf.aaa7a7653858e841bfcb064c26198741.jpg,000000323498,39,Laptop,laptop_tablet,640,640,6,358,136.89,88.69,0.029640561767578122,True,0,6cd4f1178f92905fdda9c0b7eaac073b,2,False,False,6,358,142.89,446.69,False,True,False,True,pending,
UNUL00101,UNU-KEY E-Waste Dataset v44,CC BY 4.0,test,1900,1324,200_jpeg.rf.acee2f93858351f8d212041598d42112.jpg,200,39,Laptop,laptop_tablet,640,640,22,90,618.0,453.0,0.6834814453125,False,0,92d027c5de8ac3e1fd2d695cf59367ba,1,False,False,22,90,640.0,543.0,False,False,False,False,pending,
UNUL00102,UNU-KEY E-Waste Dataset v44,CC BY 4.0,test,1923,1346,000000339266_jpg.rf.aec000c98ab80f07ffa75dff90579f97.jpg,000000339266,39,Laptop,laptop_tablet,640,640,129,212,242.071,252.016,0.14893985628906248,True,0,13affc21dce7e8d5fde2ddaad159e4d6,1,False,False,129,212,371.071,464.01599999999996,False,False,False,False,pending,
UNUL00103,UNU-KEY E-Waste Dataset v44,CC BY 4.0,test,1929,1351,000000133629_jpg.rf.ad4dd2e09678925e11aeb163dab73e22.jpg,000000133629,39,Laptop,laptop_tablet,640,640,201,250,192.141,115.29,0.054081874731445316,True,0,fcbf6b92b2f5c41682e03be6b6a79305,1,False,False,201,250,393.14099999999996,365.29,False,False,False,False,pending,
UNUL00104,UNU-KEY E-Waste Dataset v44,CC BY 4.0,test,1999,1375,000000220486_jpg.rf.b2345b3670cc9712ecde68f47f2af7c8.jpg,000000220486,39,Laptop,laptop_tablet,640,640,325,261,123.78,143.93,0.04349525244140625,True,0,2ce2b4677841f18c3f0a7c39e3627800,2,False,False,325,261,448.78,404.93,False,True,False,True,pending,
UNUL00105,UNU-KEY E-Waste Dataset v44,CC BY 4.0,test,2000,1375,000000220486_jpg.rf.b2345b3670cc9712ecde68f47f2af7c8.jpg,000000220486,39,Laptop,laptop_tablet,640,640,459,249,179.43,248.53,0.10887143041992188,True,0,2ce2b4677841f18c3f0a7c39e3627800,2,False,False,459,249,638.4300000000001,497.53,False,False,False,True,pending,
UNUL00106,UNU-KEY E-Waste Dataset v44,CC BY 4.0,test,2007,1377,000000477233_jpg.rf.b1d7f95465826f267f9a50ab06d44dd2.jpg,000000477233,39,Laptop,laptop_tablet,640,640,2,84,480.0,468.14,0.5486015624999999,True,0,792534651744ac9ab6fb535031f3878d,1,False,False,2,84,482.0,552.14,False,False,False,False,pending,
UNUL00107,UNU-KEY E-Waste Dataset v44,CC BY 4.0,test,2060,1416,000000452615_jpg.rf.b8a1e851f30e877d8cd3be1d36bbcc23.jpg,000000452615,39,Laptop,laptop_tablet,640,640,62,234,89.84,95.76,0.021003609375,True,0,6d077d33cef4403ecdd150585f120c21,1,False,False,62,234,151.84,329.76,False,True,False,False,pending,
UNUL00108,UNU-KEY E-Waste Dataset v44,CC BY 4.0,test,2073,1424,IMG_20200329_152704_jpg.rf.b5ef6b05e65f8d4a577efa1425dfb32d.jpg,IMG_20200329_152704,39,Laptop,laptop_tablet,640,640,58,83,369.0,355.0,0.31981201171875,False,0,04e05b714b67d6ae8c30bdeba1834ee2,1,True,True,58,83,427.0,438.0,False,False,False,False,review,
UNUL00109,UNU-KEY E-Waste Dataset v44,CC BY 4.0,test,2076,1425,Copy-of-IMG_20200328_221613_jpg.rf.ba36e4e96cc880e714abadf53942a381.jpg,Copy-of-IMG_20200328_221613,39,Laptop,laptop_tablet,640,640,2,83,556.0,477.0,0.647490234375,False,0,16004a0209eed0bb3c8e9e200be93f10,1,False,False,2,83,558.0,560.0,False,False,False,False,pending,
UNUL00110,UNU-KEY E-Waste Dataset v44,CC BY 4.0,test,2123,1465,000000571886_jpg.rf.be2c56a6d2eceb64e8d6f910b7865733.jpg,000000571886,39,Laptop,laptop_tablet,640,640,126,57,411.39,467.22,0.4692618061523438,True,0,4aa498bb947046605a71f73f76c2e474,1,False,False,126,57,537.39,524.22,False,False,False,False,pending,
UNUL00111,UNU-KEY E-Waste Dataset v44,CC BY 4.0,test,2127,1468,000000254420_jpg.rf.bea8210f3b070e26c64303ff1c913ee0.jpg,000000254420,39,Laptop,laptop_tablet,640,640,211,363,125.31,86.75,0.026539654541015624,True,0,35a1b769892fc65154d98ce152fe2298,1,False,False,211,363,336.31,449.75,False,True,False,False,pending,
UNUL00112,UNU-KEY E-Waste Dataset v44,CC BY 4.0,test,2131,1469,000000273184_jpg.rf.bebdbba41a98dd4ac709cad87ab9647c.jpg,000000273184,39,Laptop,laptop_tablet,640,640,174,158,287.79,272.04,0.19113865136718755,True,0,4a6c3c5ec6c7ea69a0f6cf78afba9919,1,False,False,174,158,461.79,430.04,False,False,False,False,pending,
UNUL00113,UNU-KEY E-Waste Dataset v44,CC BY 4.0,test,2136,1473,000000429793_jpg.rf.bf35a9e224079733a7fd8b02cc3266a2.jpg,000000429793,39,Laptop,laptop_tablet,640,640,51,146,233.472,236.442,0.13477194,True,0,8e729a5c076a34d3c639aaf8155f37de,1,False,False,51,146,284.472,382.442,False,False,False,False,pending,
UNUL00114,UNU-KEY E-Waste Dataset v44,CC BY 4.0,test,2187,1503,000000061925_jpg.rf.c3005c13fed7be24df5e0e482f2ad41b.jpg,000000061925,39,Laptop,laptop_tablet,640,640,491,260,148.966,61.414,0.02233544415039063,True,0,d98db93f967ee58e2bc0f81be5cd6724,2,False,False,491,260,639.966,321.414,False,True,False,True,pending,
UNUL00115,UNU-KEY E-Waste Dataset v44,CC BY 4.0,test,2188,1503,000000061925_jpg.rf.c3005c13fed7be24df5e0e482f2ad41b.jpg,000000061925,39,Laptop,laptop_tablet,640,640,330,486,140.224,65.805,0.02252793046875,True,0,d98db93f967ee58e2bc0f81be5cd6724,2,False,False,330,486,470.224,551.8050000000001,False,True,False,True,pending,
UNUL00116,UNU-KEY E-Waste Dataset v44,CC BY 4.0,test,2227,1531,000000462632_jpg.rf.c4b8390e58db89ea4a7a8d97695ce85f.jpg,000000462632,39,Laptop,laptop_tablet,640,640,2,258,232.76,222.18,0.126256388671875,True,0,7a9df5eb18259bd062744edca16d5bab,2,False,False,2,258,234.76,480.18,False,False,False,True,pending,
UNUL00117,UNU-KEY E-Waste Dataset v44,CC BY 4.0,test,2228,1531,000000462632_jpg.rf.c4b8390e58db89ea4a7a8d97695ce85f.jpg,000000462632,39,Laptop,laptop_tablet,640,640,384,262,223.13,208.71,0.11369497631835937,True,0,7a9df5eb18259bd062744edca16d5bab,2,False,False,384,262,607.13,470.71000000000004,False,False,False,True,pending,
UNUL00118,UNU-KEY E-Waste Dataset v44,CC BY 4.0,test,2259,1542,000000327198_jpg.rf.c68c73115ed76a810deb775bdee8cc42.jpg,000000327198,39,Laptop,laptop_tablet,640,640,0,149,237.299,221.133,0.12811191349365234,True,0,be6131eccb5e6e2d8d1a3e28827046d4,1,False,False,0,149,237.299,370.13300000000004,False,False,False,False,pending,
UNUL00119,UNU-KEY E-Waste Dataset v44,CC BY 4.0,test,2274,1551,000000478609_jpg.rf.c75949070587753f6ef48df2762cc162.jpg,000000478609,39,Laptop,laptop_tablet,640,640,184,239,110.27,115.68,0.03114266015625,True,0,fac34936695a7adf7b843f4a52b3544f,1,False,False,184,239,294.27,354.68,False,True,False,False,pending,
UNUL00120,UNU-KEY E-Waste Dataset v44,CC BY 4.0,test,2284,1560,000000093852_jpg.rf.ca2c69bd8f6240a0cd50fa834baeb949.jpg,000000093852,39,Laptop,laptop_tablet,640,640,354,123,286.2,345.16,0.24117380859375,True,0,d485559b57c93fed14bf226229be9974,1,False,False,354,123,640.2,468.16,False,False,False,False,pending,
UNUL00121,UNU-KEY E-Waste Dataset v44,CC BY 4.0,test,2366,1609,000000065448_jpg.rf.d06c8fab3709fc9f215c5be85b843b75.jpg,000000065448,39,Laptop,laptop_tablet,640,640,0,81,286.92,331.14,0.231959689453125,True,0,94fb57bb0893857539510f530e3ee5db,1,False,False,0,81,286.92,412.14,False,False,False,False,pending,
UNUL00122,UNU-KEY E-Waste Dataset v44,CC BY 4.0,test,2421,1649,000000384235_jpg.rf.d549cd2fa9411306b416d7df913129fb.jpg,000000384235,39,Laptop,laptop_tablet,640,640,312,208,152.57,124.74,0.04646382275390625,True,0,f65cd9adc98ddbe19415b7ce9b195543,1,False,False,312,208,464.57,332.74,False,True,False,False,pending,
UNUL00123,UNU-KEY E-Waste Dataset v44,CC BY 4.0,test,2443,1663,000000459118_jpg.rf.d7cb7b1a8976affe17a4e89f5c6eeaf7.jpg,000000459118,39,Laptop,laptop_tablet,640,640,107,228,308.493,234.061,0.17628461931884765,True,0,475c1a4373c0d0fe09cedaa85fe29707,2,False,False,107,228,415.493,462.06100000000004,False,False,False,True,pending,
UNUL00124,UNU-KEY E-Waste Dataset v44,CC BY 4.0,test,2448,1663,000000459118_jpg.rf.d7cb7b1a8976affe17a4e89f5c6eeaf7.jpg,000000459118,39,Laptop,laptop_tablet,640,640,1,294,123.072,186.598,0.056066867812500004,True,0,475c1a4373c0d0fe09cedaa85fe29707,2,False,False,1,294,124.072,480.598,False,False,False,True,pending,
UNUL00125,UNU-KEY E-Waste Dataset v44,CC BY 4.0,test,2490,1681,000000485529_jpg.rf.d88b1059909d273cbea2dd131eccdb94.jpg,000000485529,39,Laptop,laptop_tablet,640,640,370,314,131.22,55.1,0.017651909179687498,True,0,fd8cfb779c9e12e33655398bbe760a0e,1,False,False,370,314,501.22,369.1,True,False,False,False,review,
UNUL00126,UNU-KEY E-Waste Dataset v44,CC BY 4.0,test,2508,1695,29ad8f5764316fbe_jpg.rf.dcb1c2061a8ab2021d1324bdb0c3e9c8.jpg,29ad8f5764316fbe,39,Laptop,laptop_tablet,640,640,30,18,315.0,215.0,0.16534423828125,False,0,daa5d4d5e64afc9346dbc78bef42e633,1,False,False,30,18,345.0,233.0,False,False,False,False,pending,
UNUL00127,UNU-KEY E-Waste Dataset v44,CC BY 4.0,test,2510,1696,501_jpeg.rf.df204d7cf953853fa19e62a433b04d11.jpg,501,39,Laptop,laptop_tablet,640,640,115,175,308.0,289.0,0.217314453125,False,0,41455812bcb9de8900b6859f02e2c433,1,True,True,115,175,423.0,464.0,False,False,False,False,review,
UNUL00128,UNU-KEY E-Waste Dataset v44,CC BY 4.0,test,2537,1701,000000441614_jpg.rf.deb28baee548e24c143844174eecb775.jpg,000000441614,39,Laptop,laptop_tablet,640,640,261,111,158.4,122.67,0.0474387890625,True,0,f99127cdbbdd888359af71fc0e6c8961,1,False,False,261,111,419.4,233.67000000000002,False,True,False,False,pending,
UNUL00129,UNU-KEY E-Waste Dataset v44,CC BY 4.0,test,2571,1727,IMG_20200328_131300_jpg.rf.e289abd1fa8ef9986ea26580230afe18.jpg,IMG_20200328_131300,39,Laptop,laptop_tablet,640,640,179,1,162.0,639.0,0.2527294921875,False,0,d5c17c9c1f74bd8ed79bfb915dcdc9b1,1,False,False,179,1,341.0,640.0,False,False,False,False,pending,
UNUL00130,UNU-KEY E-Waste Dataset v44,CC BY 4.0,test,2598,1747,000000073239_jpg.rf.e477b932bc6ff139d662dfef047de9d8.jpg,000000073239,39,Laptop,laptop_tablet,640,640,384,352,181.862,143.872,0.0638790275,True,0,e5ef2fb195d47303e0f61ea10f12182a,7,False,False,384,352,565.862,495.872,False,False,False,True,pending,
UNUL00131,UNU-KEY E-Waste Dataset v44,CC BY 4.0,test,2601,1747,000000073239_jpg.rf.e477b932bc6ff139d662dfef047de9d8.jpg,000000073239,39,Laptop,laptop_tablet,640,640,161,304,93.722,77.043,0.01762847667480469,True,0,e5ef2fb195d47303e0f61ea10f12182a,7,False,False,161,304,254.72199999999998,381.043,True,False,False,True,review,
UNUL00132,UNU-KEY E-Waste Dataset v44,CC BY 4.0,test,2602,1747,000000073239_jpg.rf.e477b932bc6ff139d662dfef047de9d8.jpg,000000073239,39,Laptop,laptop_tablet,640,640,407,298,82.445,39.603,0.007971360681152343,True,0,e5ef2fb195d47303e0f61ea10f12182a,7,False,False,407,298,489.445,337.603,True,False,False,True,review,
UNUL00133,UNU-KEY E-Waste Dataset v44,CC BY 4.0,test,2603,1747,000000073239_jpg.rf.e477b932bc6ff139d662dfef047de9d8.jpg,000000073239,39,Laptop,laptop_tablet,640,640,243,294,77.619,59.264,0.011230499062500001,True,0,e5ef2fb195d47303e0f61ea10f12182a,7,False,False,243,294,320.619,353.264,True,False,False,True,review,
UNUL00134,UNU-KEY E-Waste Dataset v44,CC BY 4.0,test,2604,1747,000000073239_jpg.rf.e477b932bc6ff139d662dfef047de9d8.jpg,000000073239,39,Laptop,laptop_tablet,640,640,246,324,130.944,101.03,0.032298028124999996,True,0,e5ef2fb195d47303e0f61ea10f12182a,7,False,False,246,324,376.94399999999996,425.03,False,True,False,True,pending,
UNUL00135,UNU-KEY E-Waste Dataset v44,CC BY 4.0,test,2605,1747,000000073239_jpg.rf.e477b932bc6ff139d662dfef047de9d8.jpg,000000073239,39,Laptop,laptop_tablet,640,640,348,282,78.4,50.112,0.009591750000000001,True,0,e5ef2fb195d47303e0f61ea10f12182a,7,False,False,348,282,426.4,332.112,True,False,False,True,review,
UNUL00136,UNU-KEY E-Waste Dataset v44,CC BY 4.0,test,2606,1747,000000073239_jpg.rf.e477b932bc6ff139d662dfef047de9d8.jpg,000000073239,39,Laptop,laptop_tablet,640,640,618,295,22.029,54.515,0.002931911462402344,True,0,e5ef2fb195d47303e0f61ea10f12182a,7,False,False,618,295,640.029,349.515,True,False,False,True,review,
UNUL00137,UNU-KEY E-Waste Dataset v44,CC BY 4.0,test,2633,1766,000000061034_jpg.rf.e651259a7058bf38ae6c350281cec4da.jpg,000000061034,39,Laptop,laptop_tablet,640,640,101,160,270.24,233.69,0.15418062890625,True,0,4aba81a377f609ee1db597d1f9a65cf1,2,False,False,101,160,371.24,393.69,False,False,False,True,pending,
UNUL00138,UNU-KEY E-Waste Dataset v44,CC BY 4.0,test,2634,1766,000000061034_jpg.rf.e651259a7058bf38ae6c350281cec4da.jpg,000000061034,39,Laptop,laptop_tablet,640,640,386,169,252.36,310.89,0.1915434580078125,True,0,4aba81a377f609ee1db597d1f9a65cf1,2,False,False,386,169,638.36,479.89,False,False,False,True,pending,
UNUL00139,UNU-KEY E-Waste Dataset v44,CC BY 4.0,test,2724,1839,000000421102_jpg.rf.ef6a168b95596256ed01787659e3abcf.jpg,000000421102,39,Laptop,laptop_tablet,640,640,318,126,145.94,131.89,0.04699225244140624,True,0,d07707aaab6f45e6f01414d79acd551a,1,False,False,318,126,463.94,257.89,False,True,False,False,pending,
UNUL00140,UNU-KEY E-Waste Dataset v44,CC BY 4.0,test,2732,1843,000000252193_jpg.rf.f0322e2045cfdbcc6bb28238456b59b1.jpg,000000252193,39,Laptop,laptop_tablet,640,640,122,111,445.33,422.57,0.45943139184570314,True,0,4ff2597136b9ef663bb48a960c8c3722,1,False,False,122,111,567.3299999999999,533.5699999999999,False,False,False,False,pending,
UNUL00141,UNU-KEY E-Waste Dataset v44,CC BY 4.0,test,2735,1846,000000442400_jpg.rf.f24f47ff86109d48b671629457904ebd.jpg,000000442400,39,Laptop,laptop_tablet,640,640,156,161,260.14,133.53,0.08480589404296875,True,0,d2abfdbdf2fb0abd95e5fd40986b369a,1,False,False,156,161,416.14,294.53,False,False,False,False,pending,
UNUL00142,UNU-KEY E-Waste Dataset v44,CC BY 4.0,test,2756,1864,000000097964_jpg.rf.f29233d94ced922ed360867c8c8b435e.jpg,000000097964,39,Laptop,laptop_tablet,640,640,32,262,307.42,270.74,0.20320041699218752,True,0,1e67475bbfb2c83d31c0479152690321,1,False,False,32,262,339.42,532.74,False,False,False,False,pending,
UNUL00143,UNU-KEY E-Waste Dataset v44,CC BY 4.0,test,2759,1865,000000247098_jpg.rf.f57948f3e5719e1a4183c4b7c8612bdb.jpg,000000247098,39,Laptop,laptop_tablet,640,640,219,297,55.69,55.37,0.0075282111816406235,True,0,5449b91daba28456a018653b770ac442,2,False,False,219,297,274.69,352.37,True,False,False,True,review,
UNUL00144,UNU-KEY E-Waste Dataset v44,CC BY 4.0,test,2767,1865,000000247098_jpg.rf.f57948f3e5719e1a4183c4b7c8612bdb.jpg,000000247098,39,Laptop,laptop_tablet,640,640,400,313,61.41,46.85,0.007024068603515625,True,0,5449b91daba28456a018653b770ac442,2,False,False,400,313,461.40999999999997,359.85,True,False,False,True,review,
UNUL00145,UNU-KEY E-Waste Dataset v44,CC BY 4.0,test,2771,1867,Laptop-Screens_jpg.rf.f547957df3e15fa7b4b6afd9015b7525.jpg,Laptop-Screens,39,Laptop,laptop_tablet,640,640,37,177,533.0,175.0,0.22772216796875,False,0,fd4741bd0b472bb1fdc77fc4785c044b,1,False,False,37,177,570.0,352.0,False,False,False,False,pending,
UNUL00146,UNU-KEY E-Waste Dataset v44,CC BY 4.0,test,2817,1905,000000138189_jpg.rf.f9ef2376979508e59cb435250894420c.jpg,000000138189,39,Laptop,laptop_tablet,640,640,380,304,131.59,71.19,0.022870830322265622,True,0,256975311bfa6390bfe5d9ff900a00a4,1,False,False,380,304,511.59000000000003,375.19,False,True,False,False,pending,
UNUL00147,UNU-KEY E-Waste Dataset v44,CC BY 4.0,test,2832,1915,000000141263_jpg.rf.fb16f5c2c219e58331698ed4bc482de0.jpg,000000141263,39,Laptop,laptop_tablet,640,640,120,146,228.723,209.421,0.11694189302490235,True,0,62f6d6b4752128ca4ee5c19c7144505a,1,False,False,120,146,348.723,355.421,False,False,False,False,pending,
UNUL00148,UNU-KEY E-Waste Dataset v44,CC BY 4.0,test,2845,1925,000000178980_jpg.rf.fb55b66638900c86a73630beeede23f4.jpg,000000178980,39,Laptop,laptop_tablet,640,640,314,171,321.67,249.17,0.1956799655761719,True,0,97f81f3bb322409c8b7ed4c871579438,1,False,False,314,171,635.6700000000001,420.16999999999996,False,False,False,False,pending,
UNUL00149,UNU-KEY E-Waste Dataset v44,CC BY 4.0,test,2853,1931,000000580953_jpg.rf.fcbd2a8a0c9122765d34dd44147b3614.jpg,000000580953,39,Laptop,laptop_tablet,640,640,149,158,185.53,186.61,0.08452576489257814,True,0,3343e8a31813a557c51bb016fd59f88f,1,False,False,149,158,334.53,344.61,False,False,False,False,pending,
UNUL00150,UNU-KEY E-Waste Dataset v44,CC BY 4.0,test,2866,1939,000000198611_jpg.rf.fd56cead0556b8efceccf7466d2559b2.jpg,000000198611,39,Laptop,laptop_tablet,640,640,323,124,101.29,77.0,0.0190413330078125,True,0,dcaaa744013a20837dd3fb9ab198ebb7,2,False,False,323,124,424.29,201.0,True,False,False,True,review,
UNUL00151,UNU-KEY E-Waste Dataset v44,CC BY 4.0,test,2867,1939,000000198611_jpg.rf.fd56cead0556b8efceccf7466d2559b2.jpg,000000198611,39,Laptop,laptop_tablet,640,640,280,193,130.6,27.18,0.008666279296875,True,0,dcaaa744013a20837dd3fb9ab198ebb7,2,False,False,280,193,410.6,220.18,True,False,False,True,review,
UNUL00152,UNU-KEY E-Waste Dataset v44,CC BY 4.0,test,2878,1948,000000146805_jpg.rf.fec14d0e2191e4cd240f076b0a978260.jpg,000000146805,39,Laptop,laptop_tablet,640,640,82,262,169.818,138.061,0.05723936254394532,True,0,cc49ee468a3e625044462906dc4992d4,1,False,False,82,262,251.818,400.06100000000004,False,False,False,False,pending,
UNUL00153,UNU-KEY E-Waste Dataset v44,CC BY 4.0,test,2889,1953,000000097844_jpg.rf.fdbc8db790426ba877ad70085ea00b69.jpg,000000097844,39,Laptop,laptop_tablet,640,640,201,60,162.52,138.07,0.054783047851562496,True,0,887bde9f3e490949b6358e05f3cc5bf7,1,False,False,201,60,363.52,198.07,False,False,False,False,pending,
UNUL00154,UNU-KEY E-Waste Dataset v44,CC BY 4.0,train,103,87,000000275644_jpg.rf.01b91eee1c6dc3f0ea678759c40b6aff.jpg,000000275644,39,Laptop,laptop_tablet,640,640,2,4,635.94,607.5,0.9431971435546876,True,0,19950747ec874c93dab18fe5f37d071c,1,False,False,2,4,637.94,611.5,False,False,True,False,review,
UNUL00155,UNU-KEY E-Waste Dataset v44,CC BY 4.0,train,119,103,000000064308_jpg.rf.01a3732574b844a91ef2e7f8534329d2.jpg,000000064308,39,Laptop,laptop_tablet,640,640,174,304,88.576,83.162,0.0179837825,True,0,b30bc710624c6bc22b7b66cd458fb5ea,1,False,False,174,304,262.576,387.16200000000003,True,False,False,False,review,
UNUL00156,UNU-KEY E-Waste Dataset v44,CC BY 4.0,train,143,117,000000084648_jpg.rf.0222509c4098674e60966db0d2dbc29e.jpg,000000084648,39,Laptop,laptop_tablet,640,640,113,304,75.12,63.48,0.0116421328125,True,0,177c26576b9a4adf83019068acde6302,1,False,False,113,304,188.12,367.48,True,False,False,False,review,
UNUL00157,UNU-KEY E-Waste Dataset v44,CC BY 4.0,train,159,129,000000191136_jpg.rf.026154d1d2f1022334e6df66d038d818.jpg,000000191136,39,Laptop,laptop_tablet,640,640,117,157,211.891,240.0,0.12415488281249999,True,0,6589ce43229c88c79c8e0c9f0794cae1,1,False,False,117,157,328.89099999999996,397.0,False,False,False,False,pending,
UNUL00158,UNU-KEY E-Waste Dataset v44,CC BY 4.0,train,169,135,IMG_20200329_152800_jpg.rf.0272f8df7d9c7e393a7ad018f408cd67.jpg,IMG_20200329_152800,39,Laptop,laptop_tablet,640,640,285,92,338.0,412.0,0.33998046875,False,0,a333721d3228027c92864af92e86c948,1,True,False,285,92,623.0,504.0,False,False,False,False,review,
UNUL00159,UNU-KEY E-Waste Dataset v44,CC BY 4.0,train,175,139,4904a7741d9ffa30_jpg.rf.0267f3cd67f66f12c9917fa5813e4034.jpg,4904a7741d9ffa30,39,Laptop,laptop_tablet,640,640,56,280,266.0,347.0,0.2253466796875,False,0,145f79ec4398362a7342e1b40e4b0126,1,False,False,56,280,322.0,627.0,False,False,False,False,pending,
UNUL00160,UNU-KEY E-Waste Dataset v44,CC BY 4.0,train,203,159,000000183236_jpg.rf.0303f7816589b98a9fc6243519b623c7.jpg,000000183236,39,Laptop,laptop_tablet,640,640,433,266,118.95,102.02,0.02962714599609375,True,0,982d2353de4560fbdf8d2d5004401616,1,False,False,433,266,551.95,368.02,False,True,False,False,pending,
UNUL00161,UNU-KEY E-Waste Dataset v44,CC BY 4.0,train,242,185,000000003259_jpg.rf.034accd2864a78969797a36bdfd3bb2a.jpg,000000003259,39,Laptop,laptop_tablet,640,640,340,233,278.79,231.43,0.15752043383789066,True,0,b894c27c613f37ba7352a496be1c4690,2,False,False,340,233,618.79,464.43,False,False,False,True,pending,
UNUL00162,UNU-KEY E-Waste Dataset v44,CC BY 4.0,train,247,185,000000003259_jpg.rf.034accd2864a78969797a36bdfd3bb2a.jpg,000000003259,39,Laptop,laptop_tablet,640,640,15,224,111.97,77.14,0.021087318847656248,True,0,b894c27c613f37ba7352a496be1c4690,2,False,False,15,224,126.97,301.14,False,True,False,True,pending,
UNUL00163,UNU-KEY E-Waste Dataset v44,CC BY 4.0,train,280,216,000000163253_jpg.rf.04729d200331eabc53d5b8b3809cfa38.jpg,000000163253,39,Laptop,laptop_tablet,640,640,0,107,291.05,225.94,0.16054647705078126,True,0,0ae23df04156b1b67b25f2ecfaaec986,1,False,False,0,107,291.05,332.94,False,False,False,False,pending,
UNUL00164,UNU-KEY E-Waste Dataset v44,CC BY 4.0,train,301,236,000000203705_jpg.rf.049b41a81ba16a09ad0289f2289ebf13.jpg,000000203705,39,Laptop,laptop_tablet,640,640,53,89,540.314,471.347,0.6217660716748046,True,0,11fea4a6a4d7be5eef32b3a72ed6afaf,1,False,False,53,89,593.314,560.347,False,False,False,False,pending,
UNUL00165,UNU-KEY E-Waste Dataset v44,CC BY 4.0,train,345,268,000000256722_jpg.rf.0555285c622a83d1bd6d1d7a54639ccf.jpg,000000256722,39,Laptop,laptop_tablet,640,640,357,466,194.086,94.042,0.04456112209960938,True,0,98c639424c558c4f1863f341af511397,1,False,False,357,466,551.086,560.042,False,True,False,False,pending,
UNUL00166,UNU-KEY E-Waste Dataset v44,CC BY 4.0,train,350,273,Laptop-Dell_jpg.rf.057ccd41acc4337195f860fff2e59d36.jpg,Laptop-Dell,39,Laptop,laptop_tablet,640,640,5,109,631.0,423.0,0.65164306640625,False,0,c904f4702d851ab89872bebcf48223ee,1,False,False,5,109,636.0,532.0,False,False,False,False,pending,
UNUL00167,UNU-KEY E-Waste Dataset v44,CC BY 4.0,train,401,307,000000272630_jpg.rf.05d427c56f14f49c055cd3d49e5f07f7.jpg,000000272630,39,Laptop,laptop_tablet,640,640,274,299,283.16,341.31,0.23595053613281253,True,0,c47a739151817f96a15816c471f70ff7,2,False,False,274,299,557.1600000000001,640.31,False,False,False,True,pending,
UNUL00168,UNU-KEY E-Waste Dataset v44,CC BY 4.0,train,402,307,000000272630_jpg.rf.05d427c56f14f49c055cd3d49e5f07f7.jpg,000000272630,39,Laptop,laptop_tablet,640,640,263,239,213.04,237.49,0.123522630859375,True,0,c47a739151817f96a15816c471f70ff7,2,False,False,263,239,476.03999999999996,476.49,False,False,False,True,pending,
UNUL00169,UNU-KEY E-Waste Dataset v44,CC BY 4.0,train,434,329,000000427306_jpg.rf.069b0e3be5f2cf65b50d53844a17bf97.jpg,000000427306,39,Laptop,laptop_tablet,640,640,77,190,180.4,139.6,0.061483984375,True,0,872cef294445cc7cbffe9afaa771b8c9,1,False,False,77,190,257.4,329.6,False,False,False,False,pending,
UNUL00170,UNU-KEY E-Waste Dataset v44,CC BY 4.0,train,455,342,000000096130_jpg.rf.06d0282eda996bf7fdcf5bc4a7fac079.jpg,000000096130,39,Laptop,laptop_tablet,640,640,154,105,133.248,143.949,0.0468284090625,True,0,655107f96010bb7d7dc407373110a03e,2,False,False,154,105,287.248,248.949,False,True,False,True,pending,
UNUL00171,UNU-KEY E-Waste Dataset v44,CC BY 4.0,train,456,342,000000096130_jpg.rf.06d0282eda996bf7fdcf5bc4a7fac079.jpg,000000096130,39,Laptop,laptop_tablet,640,640,322,96,169.024,165.261,0.06819598453125,True,0,655107f96010bb7d7dc407373110a03e,2,False,False,322,96,491.024,261.26099999999997,False,False,False,True,pending,
UNUL00172,UNU-KEY E-Waste Dataset v44,CC BY 4.0,train,464,348,000000006608_jpg.rf.06e70de4ae61f64049eab80453a26820.jpg,000000006608,39,Laptop,laptop_tablet,640,640,345,255,97.45,73.08,0.0173868310546875,True,0,b8a495d23aa043725be0143aea491dce,2,False,False,345,255,442.45,328.08,True,False,False,True,review,
UNUL00173,UNU-KEY E-Waste Dataset v44,CC BY 4.0,train,467,348,000000006608_jpg.rf.06e70de4ae61f64049eab80453a26820.jpg,000000006608,39,Laptop,laptop_tablet,640,640,410,280,73.28,20.81,0.0037230390625,True,0,b8a495d23aa043725be0143aea491dce,2,False,False,410,280,483.28,300.81,True,False,False,True,review,
UNUL00174,UNU-KEY E-Waste Dataset v44,CC BY 4.0,train,535,400,178_jpeg.rf.07d315d3ce8bfe05c25fdf8cfe763a3a.jpg,178,39,Laptop,laptop_tablet,640,640,53,84,525.0,476.0,0.610107421875,False,0,e67c5f351b0300aa6c8301e9cd45295e,1,False,False,53,84,578.0,560.0,False,False,False,False,pending,
UNUL00175,UNU-KEY E-Waste Dataset v44,CC BY 4.0,train,547,410,5649c54d7a1a6ac0_jpg.rf.07f13c97acd07ffc4dcdd7e1df98181a.jpg,5649c54d7a1a6ac0,39,Laptop,laptop_tablet,640,640,22,125,525.0,306.0,0.3922119140625,False,0,85f19a19de9e8983bdba61d5dd8780e3,1,False,False,22,125,547.0,431.0,False,False,False,False,pending,
UNUL00176,UNU-KEY E-Waste Dataset v44,CC BY 4.0,train,558,419,000000271795_jpg.rf.080668e9d5e3bb073e98d6872e16a431.jpg,000000271795,39,Laptop,laptop_tablet,640,640,278,320,156.82,107.52,0.041165249999999994,True,0,2c98cd57ece690f5d4a60d628f0c1d03,1,False,False,278,320,434.82,427.52,False,True,False,False,pending,
UNUL00177,UNU-KEY E-Waste Dataset v44,CC BY 4.0,train,618,468,HP-Laptop-15-BS095NIA_jpg.rf.08d132c4d867439665e17b5d28eda5fc.jpg,HP-Laptop-15-BS095NIA,39,Laptop,laptop_tablet,640,640,3,117,636.0,401.0,0.622646484375,False,0,c44779d4ee23d7b08b81142ea0a7e515,1,False,False,3,117,639.0,518.0,False,False,False,False,pending,
UNUL00178,UNU-KEY E-Waste Dataset v44,CC BY 4.0,train,649,490,000000364444_jpg.rf.092f37143f4d9ee62ee74a3d9d25b2d7.jpg,000000364444,39,Laptop,laptop_tablet,640,640,88,329,188.198,144.282,0.06629292928710938,True,0,8d5e01619b3c07b01729a67b2d8e89fd,1,False,False,88,329,276.198,473.28200000000004,False,False,False,False,pending,
UNUL00179,UNU-KEY E-Waste Dataset v44,CC BY 4.0,train,665,500,000000248709_jpg.rf.93c40d979b7a26b2584dd809e6568fc1.jpg,000000248709,39,Laptop,laptop_tablet,640,640,17,130,128.47,188.46,0.05911000048828125,True,0,d21a102604c02977c6d64926b5465dd3,1,False,False,17,130,145.47,318.46000000000004,False,False,False,False,pending,
UNUL00180,UNU-KEY E-Waste Dataset v44,CC BY 4.0,train,681,515,000000119207_jpg.rf.940e043a9ea0449e3b301bbc97596141.jpg,000000119207,39,Laptop,laptop_tablet,640,640,437,193,151.02,124.04,0.04573369335937501,True,0,36c144bf70a8a4640e65193dd278eabb,1,False,False,437,193,588.02,317.04,False,True,False,False,pending,
UNUL00181,UNU-KEY E-Waste Dataset v44,CC BY 4.0,train,724,550,000000488401_jpg.rf.94b83f2e7f09c06a6bbfb1c93d483870.jpg,000000488401,39,Laptop,laptop_tablet,640,640,12,239,250.24,221.13,0.135096609375,True,0,44257cacfa93ad228716f8990c119456,1,False,False,12,239,262.24,460.13,False,False,False,False,pending,
UNUL00182,UNU-KEY E-Waste Dataset v44,CC BY 4.0,train,749,566,000000088045_jpg.rf.94c4f9d04d4b0f689c8f6bb6bfcd2aec.jpg,000000088045,39,Laptop,laptop_tablet,640,640,103,257,314.97,215.73,0.16588983911132815,True,0,90854d6b8278790956b1e1ce8a174dde,1,False,False,103,257,417.97,472.73,False,False,False,False,pending,
UNUL00183,UNU-KEY E-Waste Dataset v44,CC BY 4.0,train,801,611,156_jpg.rf.95c09e8242c93206ad6ae485316fbb0d.jpg,156,39,Laptop,laptop_tablet,640,640,169,203,471.0,277.0,0.31852294921875,False,0,3a1bda05c9ee84d5b94612add9ab41b2,1,False,False,169,203,640.0,480.0,False,False,False,False,pending,
UNUL00184,UNU-KEY E-Waste Dataset v44,CC BY 4.0,train,835,630,000000451826_jpg.rf.9621fa97fbfe7d13c890a007ec453122.jpg,000000451826,39,Laptop,laptop_tablet,640,640,200,315,241.8,161.21,0.0951674267578125,True,0,05cfa7c87fd1e27e9804c8799227a227,1,False,False,200,315,441.8,476.21000000000004,False,False,False,False,pending,
UNUL00185,UNU-KEY E-Waste Dataset v44,CC BY 4.0,train,862,641,000000333703_jpg.rf.9648587166a07b4a4b0104a7d70e6ca5.jpg,000000333703,39,Laptop,laptop_tablet,640,640,147,179,320.711,227.556,0.1781731257714844,True,0,ab8e7723eb35cd467e1d02604b5060ec,1,False,False,147,179,467.711,406.55600000000004,False,False,False,False,pending,
UNUL00186,UNU-KEY E-Waste Dataset v44,CC BY 4.0,train,890,663,000000195542_jpg.rf.96d235df136b0eca7bef2d31c778b598.jpg,000000195542,39,Laptop,laptop_tablet,640,640,280,169,239.117,196.416,0.11466407390625,True,0,f1d13cf5cf6fd653286a9bb95618ec94,1,False,False,280,169,519.117,365.416,False,False,False,False,pending,
UNUL00187,UNU-KEY E-Waste Dataset v44,CC BY 4.0,train,933,682,000000244011_jpg.rf.9714d534b6454267800a5561705684d7.jpg,000000244011,39,Laptop,laptop_tablet,640,640,261,186,199.373,210.931,0.10267076724365234,True,0,389bb9686115fe0e8f526154ce06a8e1,1,False,False,261,186,460.373,396.93100000000004,False,False,False,False,pending,
UNUL00188,UNU-KEY E-Waste Dataset v44,CC BY 4.0,train,955,702,000000363464_jpg.rf.976c896f13eeabb04d2294e5cd3e1527.jpg,000000363464,39,Laptop,laptop_tablet,640,640,122,137,450.086,412.672,0.4534616450000001,True,0,0102ce9428c8352cf9945fe25863d979,2,False,False,122,137,572.086,549.672,False,False,False,True,pending,
UNUL00189,UNU-KEY E-Waste Dataset v44,CC BY 4.0,train,956,702,000000363464_jpg.rf.976c896f13eeabb04d2294e5cd3e1527.jpg,000000363464,39,Laptop,laptop_tablet,640,640,44,80,251.84,339.123,0.20850765703125,True,0,0102ce9428c8352cf9945fe25863d979,2,False,False,44,80,295.84000000000003,419.123,False,False,False,True,pending,
UNUL00190,UNU-KEY E-Waste Dataset v44,CC BY 4.0,train,984,725,000000203937_jpg.rf.981f3e591b6bf9a36c76a8aeb77489b8.jpg,000000203937,39,Laptop,laptop_tablet,640,640,108,7,398.38,395.51,0.38467596142578125,True,0,5904d29339e6d5b6d962e311007fd38b,1,False,False,108,7,506.38,402.51,False,False,False,False,pending,
UNUL00191,UNU-KEY E-Waste Dataset v44,CC BY 4.0,train,997,736,174_jpeg.rf.982f5d1ecf588e294c404f1f0dbc67f0.jpg,174,39,Laptop,laptop_tablet,640,640,40,152,471.0,348.0,0.400166015625,False,0,b2328b97cc6af568928debda3e8edaae,1,False,False,40,152,511.0,500.0,False,False,False,False,pending,
UNUL00192,UNU-KEY E-Waste Dataset v44,CC BY 4.0,train,1052,781,000000164691_jpg.rf.98fa88f676a42d7b4c731b29f84916d5.jpg,000000164691,39,Laptop,laptop_tablet,640,640,126,294,152.435,137.293,0.05109438099365235,True,0,41b922d2daa129f016399a5e18fd7f2a,1,False,False,126,294,278.435,431.293,False,False,False,False,pending,
UNUL00193,UNU-KEY E-Waste Dataset v44,CC BY 4.0,train,1059,786,000000423488_jpg.rf.98fb4e1d72eeff5d9c955adde011d8fd.jpg,000000423488,39,Laptop,laptop_tablet,640,640,290,277,114.86,101.85,0.02856076904296875,True,0,73a5d3ae77464a6daf87e864e041f701,1,False,False,290,277,404.86,378.85,False,True,False,False,pending,
UNUL00194,UNU-KEY E-Waste Dataset v44,CC BY 4.0,train,1125,835,000000385417_jpg.rf.99d7d29a547e6a9a87501da181403e27.jpg,000000385417,39,Laptop,laptop_tablet,640,640,92,333,92.78,75.96,0.017205978515624998,True,0,45483f1ad3a80d554ecb93d51df03dfe,2,False,False,92,333,184.78,408.96,True,False,False,True,review,
UNUL00195,UNU-KEY E-Waste Dataset v44,CC BY 4.0,train,1132,835,000000385417_jpg.rf.99d7d29a547e6a9a87501da181403e27.jpg,000000385417,39,Laptop,laptop_tablet,640,640,347,306,86.43,79.76,0.016830216796875002,True,0,45483f1ad3a80d554ecb93d51df03dfe,2,False,False,347,306,433.43,385.76,True,False,False,True,review,
UNUL00196,UNU-KEY E-Waste Dataset v44,CC BY 4.0,train,1149,846,000000391175_jpg.rf.99e66a37f0ea7e9827d86f224ec222df.jpg,000000391175,39,Laptop,laptop_tablet,640,640,500,259,139.27,108.62,0.036932391113281254,True,0,1158de26da3db10ac1a2d44190f16fa7,3,False,False,500,259,639.27,367.62,False,True,False,True,pending,
UNUL00197,UNU-KEY E-Waste Dataset v44,CC BY 4.0,train,1151,846,000000391175_jpg.rf.99e66a37f0ea7e9827d86f224ec222df.jpg,000000391175,39,Laptop,laptop_tablet,640,640,204,307,81.49,89.32,0.017770231445312496,True,0,1158de26da3db10ac1a2d44190f16fa7,3,False,False,204,307,285.49,396.32,True,False,False,True,review,
UNUL00198,UNU-KEY E-Waste Dataset v44,CC BY 4.0,train,1152,846,000000391175_jpg.rf.99e66a37f0ea7e9827d86f224ec222df.jpg,000000391175,39,Laptop,laptop_tablet,640,640,255,214,187.29,153.18,0.07004170458984375,True,0,1158de26da3db10ac1a2d44190f16fa7,3,False,False,255,214,442.28999999999996,367.18,False,False,False,True,pending,
UNUL00199,UNU-KEY E-Waste Dataset v44,CC BY 4.0,train,1163,857,000000228857_jpg.rf.9a196b5ca1cba27a39c39213dec206a7.jpg,000000228857,39,Laptop,laptop_tablet,640,640,3,154,396.12,335.25,0.32421687011718753,True,0,d911a1c8637860e9f32e786208864c3e,1,False,False,3,154,399.12,489.25,False,False,False,False,pending,
UNUL00200,UNU-KEY E-Waste Dataset v44,CC BY 4.0,train,1172,861,000000143186_jpg.rf.9a155f5b25c229f756c865c698ff7272.jpg,000000143186,39,Laptop,laptop_tablet,640,640,32,66,344.013,306.048,0.2570422134375,True,0,373d0c6c5270e0aa4ee050aeb5ee2100,1,False,False,32,66,376.013,372.048,False,False,False,False,pending,
UNUL00201,UNU-KEY E-Waste Dataset v44,CC BY 4.0,train,1213,891,000000377434_jpg.rf.9a80ba0bb13212abe3ab599907d36d0d.jpg,000000377434,39,Laptop,laptop_tablet,640,640,298,430,128.486,108.416,0.034008638125,True,0,cbb7b55ed76067fa29e8ebf04e63efbd,1,False,False,298,430,426.486,538.4159999999999,False,True,False,False,pending,
UNUL00202,UNU-KEY E-Waste Dataset v44,CC BY 4.0,train,1259,927,000000462426_jpg.rf.9b8f1051135f7fc0d88a9b4694f2a634.jpg,000000462426,39,Laptop,laptop_tablet,640,640,141,98,369.98,281.53,0.2542980209960938,True,0,31d70027365facd00280fcba9d2c0c78,2,False,False,141,98,510.98,379.53,False,False,False,True,pending,
UNUL00203,UNU-KEY E-Waste Dataset v44,CC BY 4.0,train,1262,927,000000462426_jpg.rf.9b8f1051135f7fc0d88a9b4694f2a634.jpg,000000462426,39,Laptop,laptop_tablet,640,640,140,80,366.37,196.26,0.17554632861328123,True,0,31d70027365facd00280fcba9d2c0c78,2,False,False,140,80,506.37,276.26,False,False,False,True,pending,
UNUL00204,UNU-KEY E-Waste Dataset v44,CC BY 4.0,train,1264,928,000000078085_jpg.rf.9b748106e4def8308c3e76abb7e78c3e.jpg,000000078085,39,Laptop,laptop_tablet,640,640,57,194,193.51,163.25,0.07712526245117188,True,0,0916edbb03beb769f5f6ef94f55ea7fe,1,False,False,57,194,250.51,357.25,False,False,False,False,pending,
UNUL00205,UNU-KEY E-Waste Dataset v44,CC BY 4.0,train,1297,948,000000365596_jpg.rf.9bfadf3fd4726d214f17e88e4268489f.jpg,000000365596,39,Laptop,laptop_tablet,640,640,113,366,184.45,140.23,0.06314800659179687,True,0,cd8b958508da92023b85fe48f78588d5,1,False,False,113,366,297.45,506.23,False,False,False,False,pending,
UNUL00206,UNU-KEY E-Waste Dataset v44,CC BY 4.0,train,1374,1014,000000183364_jpg.rf.9d6cf6a8ff938d4e8d6e80ab587c299b.jpg,000000183364,39,Laptop,laptop_tablet,640,640,0,81,339.78,471.37,0.3910207485351562,True,0,e5f4a7fb25fc7066769fccb004f73bdc,2,False,False,0,81,339.78,552.37,False,False,False,True,pending,
UNUL00207,UNU-KEY E-Waste Dataset v44,CC BY 4.0,train,1375,1014,000000183364_jpg.rf.9d6cf6a8ff938d4e8d6e80ab587c299b.jpg,000000183364,39,Laptop,laptop_tablet,640,640,262,82,376.45,398.02,0.36580719970703124,True,0,e5f4a7fb25fc7066769fccb004f73bdc,2,False,False,262,82,638.45,480.02,False,False,False,True,pending,
UNUL00208,UNU-KEY E-Waste Dataset v44,CC BY 4.0,train,1450,1041,000000356948_jpg.rf.9dcd2675c53b5cb5e8d5755e1973eaad.jpg,000000356948,39,Laptop,laptop_tablet,640,640,221,170,270.65,254.95,0.16846244506835933,True,0,86b134567b7fbe6dc8241e133b989e79,1,False,False,221,170,491.65,424.95,False,False,False,False,pending,
UNUL00209,UNU-KEY E-Waste Dataset v44,CC BY 4.0,train,1460,1045,000000115005_jpg.rf.9dfdce7f1c1c53f1bc3ef6c72eebab92.jpg,000000115005,39,Laptop,laptop_tablet,640,640,0,276,197.39,214.66,0.10344662451171875,True,0,c59167ca56fb1231433557582fc63a83,1,False,False,0,276,197.39,490.65999999999997,False,False,False,False,pending,
UNUL00210,UNU-KEY E-Waste Dataset v44,CC BY 4.0,train,1468,1046,000000224306_jpg.rf.9e079bb484c8a0911503a22b8dceacb2.jpg,000000224306,39,Laptop,laptop_tablet,640,640,201,80,439.5,367.78,0.3946272216796875,True,0,5a39c385c78bd6c61f35d04f19e883df,1,False,False,201,80,640.5,447.78,False,False,False,False,pending,
UNUL00211,UNU-KEY E-Waste Dataset v44,CC BY 4.0,train,1480,1054,000000198610_jpg.rf.9e1327fe4c5fa3f4034e071d46d41b23.jpg,000000198610,39,Laptop,laptop_tablet,640,640,216,215,207.104,183.373,0.092717973125,True,0,2dd8e4bbb2510cc950fc5b01f780a12f,1,False,False,216,215,423.10400000000004,398.373,False,False,False,False,pending,
UNUL00212,UNU-KEY E-Waste Dataset v44,CC BY 4.0,train,1505,1075,000000466136_jpg.rf.9e59a7656c880163997e375614a92f55.jpg,000000466136,39,Laptop,laptop_tablet,640,640,114,348,156.62,143.96,0.055046423828125,True,0,346951d1426b803df10d424bd47dd917,1,False,False,114,348,270.62,491.96000000000004,False,False,False,False,pending,
UNUL00213,UNU-KEY E-Waste Dataset v44,CC BY 4.0,train,1517,1081,000000405141_jpg.rf.9e7bd8dd8173a0aa5d229a605b1d87fd.jpg,000000405141,39,Laptop,laptop_tablet,640,640,303,298,185.15,58.92,0.026633393554687503,True,0,66187550e1875a04fc8fddda85e4ee11,1,False,False,303,298,488.15,356.92,False,True,False,False,pending,
UNUL00214,UNU-KEY E-Waste Dataset v44,CC BY 4.0,train,1520,1083,000000578498_jpg.rf.9e8e187757d27ae2bb4038c73a75b308.jpg,000000578498,39,Laptop,laptop_tablet,640,640,275,376,78.78,43.88,0.008439615234375001,True,0,02923e2d731ca403a1b9bb709048ef7c,1,False,False,275,376,353.78,419.88,True,False,False,False,review,
UNUL00215,UNU-KEY E-Waste Dataset v44,CC BY 4.0,train,1525,1086,000000423744_jpg.rf.9eb0efb0e0107db6243514df687f2db6.jpg,000000423744,39,Laptop,laptop_tablet,640,640,167,113,361.35,313.89,0.2769144323730469,True,0,8e8df72c37d5350e38b1637d563e8fff,1,False,False,167,113,528.35,426.89,False,False,False,False,pending,
UNUL00216,UNU-KEY E-Waste Dataset v44,CC BY 4.0,train,1559,1110,IMG_20200329_142740_jpg.rf.9eff5613aa91874c163c131889180a9c.jpg,IMG_20200329_142740,39,Laptop,laptop_tablet,640,640,41,157,324.0,313.0,0.247587890625,False,0,2f4a9e159aae0ce8862b66b671db3615,2,False,False,41,157,365.0,470.0,False,False,False,True,pending,
UNUL00217,UNU-KEY E-Waste Dataset v44,CC BY 4.0,train,1560,1110,IMG_20200329_142740_jpg.rf.9eff5613aa91874c163c131889180a9c.jpg,IMG_20200329_142740,39,Laptop,laptop_tablet,640,640,340,115,296.0,324.0,0.234140625,False,0,2f4a9e159aae0ce8862b66b671db3615,2,False,False,340,115,636.0,439.0,False,False,False,True,pending,
UNUL00218,UNU-KEY E-Waste Dataset v44,CC BY 4.0,train,1567,1116,000000569866_jpg.rf.9f233238288156e070af0cce295b310e.jpg,000000569866,39,Laptop,laptop_tablet,640,640,4,117,259.96,271.82,0.172515447265625,True,0,f68b15d8e9cd90aeff1c364fc95a54ae,1,False,False,4,117,263.96,388.82,False,False,False,False,pending,
UNUL00219,UNU-KEY E-Waste Dataset v44,CC BY 4.0,train,1575,1124,000000559618_jpg.rf.9f6b6fbf9d66d8d9dd90ad2474a4a621.jpg,000000559618,39,Laptop,laptop_tablet,640,640,0,115,299.148,365.302,0.2667953190820313,True,0,440a71400ed5318f3d313a3fc3d4e5dc,2,False,False,0,115,299.148,480.302,False,False,False,True,pending,
UNUL00220,UNU-KEY E-Waste Dataset v44,CC BY 4.0,train,1576,1124,000000559618_jpg.rf.9f6b6fbf9d66d8d9dd90ad2474a4a621.jpg,000000559618,39,Laptop,laptop_tablet,640,640,322,123,317.846,371.064,0.2879424026953125,True,0,440a71400ed5318f3d313a3fc3d4e5dc,2,False,False,322,123,639.846,494.064,False,False,False,True,pending,
UNUL00221,UNU-KEY E-Waste Dataset v44,CC BY 4.0,train,1596,1136,000000126870_jpg.rf.9fb4b8fb1dccca2e108d1aaff8565573.jpg,000000126870,39,Laptop,laptop_tablet,640,640,111,185,352.15,259.08,0.22274175292968745,True,0,8ff846ef3063432e45349b3650017b37,1,False,False,111,185,463.15,444.08,False,False,False,False,pending,
UNUL00222,UNU-KEY E-Waste Dataset v44,CC BY 4.0,train,1603,1143,000000171435_jpg.rf.9fb6100cee30b99b172f699219aeb090.jpg,000000171435,39,Laptop,laptop_tablet,640,640,82,272,176.11,222.28,0.09557063183593752,True,0,c5465e31c65a3f9c870635e6b428ade4,1,False,False,82,272,258.11,494.28,False,False,False,False,pending,
UNUL00223,UNU-KEY E-Waste Dataset v44,CC BY 4.0,train,1607,1147,000000241675_jpg.rf.9fdc2beb43c503856bac27e237714053.jpg,000000241675,39,Laptop,laptop_tablet,640,640,241,208,122.76,80.06,0.023994544921875,True,0,1277df8bb3590cde8d780f7480095882,1,False,False,241,208,363.76,288.06,False,True,False,False,pending,
UNUL00224,UNU-KEY E-Waste Dataset v44,CC BY 4.0,train,1611,1150,000000038252_jpg.rf.9fce686de2b06d73fe4986446c78bc23.jpg,000000038252,39,Laptop,laptop_tablet,640,640,80,49,480.0,544.74,0.6383671875,True,0,ec396e519340575de4dbd85548ed07cf,1,False,False,80,49,560.0,593.74,False,False,False,False,pending,
UNUL00225,UNU-KEY E-Waste Dataset v44,CC BY 4.0,train,1612,1151,000000057466_jpg.rf.a0183187936fd783ea2f5324638d5ad3.jpg,000000057466,39,Laptop,laptop_tablet,640,640,123,308,187.29,115.021,0.052593464575195314,True,0,4900223f411f973d9f804979d5841f8f,1,False,False,123,308,310.28999999999996,423.021,False,False,False,False,pending,
UNUL00226,UNU-KEY E-Waste Dataset v44,CC BY 4.0,train,1639,1173,257_jpeg.rf.9fe78cd3d2e6c246daa15399697709e3.jpg,257,39,Laptop,laptop_tablet,640,640,1,108,639.0,452.0,0.705146484375,False,0,68241d4cc49831cb3e0a18e5cf02aa10,1,False,False,1,108,640.0,560.0,False,False,False,False,pending,
UNUL00227,UNU-KEY E-Waste Dataset v44,CC BY 4.0,train,1659,1189,000000093403_jpg.rf.a0b8f837a8aa38c09b15b72d51e1d678.jpg,000000093403,39,Laptop,laptop_tablet,640,640,246,80,242.7,227.6,0.13485966796874999,True,0,d3fdd266efeff5535615c43f9730093e,1,False,False,246,80,488.7,307.6,False,False,False,False,pending,
UNUL00228,UNU-KEY E-Waste Dataset v44,CC BY 4.0,train,1672,1201,000000122982_jpg.rf.a0adb39cb9aa7a102ad383142777b324.jpg,000000122982,39,Laptop,laptop_tablet,640,640,165,226,210.81,183.78,0.09458657666015625,True,0,e1233ee6814916fd4711b872e24939b4,1,False,False,165,226,375.81,409.78,False,False,False,False,pending,
UNUL00229,UNU-KEY E-Waste Dataset v44,CC BY 4.0,train,1685,1208,000000075647_jpg.rf.a0c4cc8770e0955391049f2dcfe5d4eb.jpg,000000075647,39,Laptop,laptop_tablet,640,640,64,150,345.5,343.09,0.2893984252929687,True,0,0fea61097c3bd0a5a01688a1685a60bc,1,False,False,64,150,409.5,493.09,False,False,False,False,pending,
UNUL00230,UNU-KEY E-Waste Dataset v44,CC BY 4.0,train,1697,1220,000000079472_jpg.rf.a0fe1bdb21c47ee8c986e860f2c6a85b.jpg,000000079472,39,Laptop,laptop_tablet,640,640,272,296,156.73,155.65,0.059558165283203124,True,0,f46aceeac1cbee0f58216a8c6dcc2fdc,1,False,False,272,296,428.73,451.65,False,False,False,False,pending,
UNUL00231,UNU-KEY E-Waste Dataset v44,CC BY 4.0,train,1712,1229,240_jpeg.rf.a12efec773e6064a311cf77f249892dc.jpg,240,39,Laptop,laptop_tablet,640,640,1,167,602.0,309.0,0.4541455078125,False,0,62ebb651ad9a654a438eb7539be9b40b,1,False,False,1,167,603.0,476.0,False,False,False,False,pending,
UNUL00232,UNU-KEY E-Waste Dataset v44,CC BY 4.0,train,1721,1237,000000293837_jpg.rf.a142597865baf5e73d976460b2d9a101.jpg,000000293837,39,Laptop,laptop_tablet,640,640,210,245,416.4,299.63,0.30460432617187494,True,0,e2c8c790a813eb2d70f5f5b8642c122a,1,False,False,210,245,626.4,544.63,False,False,False,False,pending,
UNUL00233,UNU-KEY E-Waste Dataset v44,CC BY 4.0,train,1783,1277,IMG_20200329_152840-1-_jpg.rf.a1da0b0c4084996be47eeb70c2eebd78.jpg,IMG_20200329_152840-1-,39,Laptop,laptop_tablet,640,640,318,22,242.0,340.0,0.20087890625,False,0,5a9d33e699bfa1d3176357d628344288,2,True,False,318,22,560.0,362.0,False,False,False,True,review,
UNUL00234,UNU-KEY E-Waste Dataset v44,CC BY 4.0,train,1784,1277,IMG_20200329_152840-1-_jpg.rf.a1da0b0c4084996be47eeb70c2eebd78.jpg,IMG_20200329_152840-1-,39,Laptop,laptop_tablet,640,640,152,359,370.0,279.0,0.2520263671875,False,0,5a9d33e699bfa1d3176357d628344288,2,True,False,152,359,522.0,638.0,False,False,False,True,review,
UNUL00235,UNU-KEY E-Waste Dataset v44,CC BY 4.0,train,1797,1287,000000499300_jpg.rf.a206c5312637793a9f9e3d091f25ceb0.jpg,000000499300,39,Laptop,laptop_tablet,640,640,220,242,148.97,136.78,0.04974637841796875,True,0,a825d8e4e68751501bcf2b9e1f3311fa,1,False,False,220,242,368.97,378.78,False,True,False,False,pending,
UNUL00236,UNU-KEY E-Waste Dataset v44,CC BY 4.0,train,1810,1292,000000436814_jpg.rf.a21589d803eb57eb4825788ea9db1f74.jpg,000000436814,39,Laptop,laptop_tablet,640,640,277,384,173.67,119.73,0.050765403076171875,True,0,68f6e7a7ffb5d4b401bd09365ffa86a3,1,False,False,277,384,450.66999999999996,503.73,False,False,False,False,pending,
UNUL00237,UNU-KEY E-Waste Dataset v44,CC BY 4.0,train,1834,1312,14536584432f8329_jpg.rf.a26b75c0ef3a722dd83d8ef2e9a24ca1.jpg,14536584432f8329,39,Laptop,laptop_tablet,640,640,270,0,344.0,290.0,0.2435546875,False,0,5ad1692c654774ecd951a8f15691faba,1,False,False,270,0,614.0,290.0,False,False,False,False,pending,
UNUL00238,UNU-KEY E-Waste Dataset v44,CC BY 4.0,train,1841,1318,000000424542_jpg.rf.a2ae64a1944dfaa44fdf10a268c09e8d.jpg,000000424542,39,Laptop,laptop_tablet,640,640,162,265,260.54,247.56,0.157468951171875,True,0,2edb1c6a4ec974aa3128b1734aa602cb,1,False,False,162,265,422.54,512.56,False,False,False,False,pending,
UNUL00239,UNU-KEY E-Waste Dataset v44,CC BY 4.0,train,1861,1336,000000469103_jpg.rf.a2e111d4596d4fdf03ae4356863e121d.jpg,000000469103,39,Laptop,laptop_tablet,640,640,141,291,122.458,96.947,0.028984218081054686,True,0,bb482122b1f5abe258ee7e73d8e64774,1,False,False,141,291,263.45799999999997,387.947,False,True,False,False,pending,
UNUL00240,UNU-KEY E-Waste Dataset v44,CC BY 4.0,train,1898,1361,000000007890_jpg.rf.a33becfef31f8d1283f438d6e0a5ad39.jpg,000000007890,39,Laptop,laptop_tablet,640,640,183,250,222.78,222.78,0.1211692587890625,True,0,c2bc7f5554ed45fef183441bd51c26c1,1,False,False,183,250,405.78,472.78,False,False,False,False,pending,
UNUL00241,UNU-KEY E-Waste Dataset v44,CC BY 4.0,train,1954,1406,000000331864_jpg.rf.a427ec4b7a5f6bf3fb6e64da96d34de5.jpg,000000331864,39,Laptop,laptop_tablet,640,640,183,310,285.63,329.91,0.2300590656738281,True,0,fb89b3e63b2426af871274752ba6b787,1,False,False,183,310,468.63,639.9100000000001,False,False,False,False,pending,
UNUL00242,UNU-KEY E-Waste Dataset v44,CC BY 4.0,train,1958,1409,000000287035_jpg.rf.a428f15bc925f0ab971a1ced0999ab73.jpg,000000287035,39,Laptop,laptop_tablet,640,640,13,237,139.149,108.288,0.036787516874999995,True,0,2a73db34117a24cc5ff2dbe75774b8e0,1,False,False,13,237,152.149,345.288,False,True,False,False,pending,
UNUL00243,UNU-KEY E-Waste Dataset v44,CC BY 4.0,train,1961,1410,000000516834_jpg.rf.a42c20df8493897162d0078ce583d30f.jpg,000000516834,39,Laptop,laptop_tablet,640,640,267,340,203.674,143.142,0.07117749928710937,True,0,42c8ecb6c824c3bedd6a3f661aeb9728,1,False,False,267,340,470.674,483.142,False,False,False,False,pending,
UNUL00244,UNU-KEY E-Waste Dataset v44,CC BY 4.0,train,1990,1433,000000022150_jpg.rf.a46d548b8c2d32c813eab807101ac0fa.jpg,000000022150,39,Laptop,laptop_tablet,640,640,79,65,378.534,278.438,0.2573199460253906,True,0,f46616e310c604644598330b4a3cdcd2,1,False,False,79,65,457.534,343.438,False,False,False,False,pending,
UNUL00245,UNU-KEY E-Waste Dataset v44,CC BY 4.0,train,2004,1440,181_jpeg.rf.a4c6f018b49f949d6c102086103f5706.jpg,181,39,Laptop,laptop_tablet,640,640,144,111,357.0,482.0,0.4201025390625,False,0,3c6b8c0009f752a115e9f77d00ac6f2c,1,False,False,144,111,501.0,593.0,False,False,False,False,pending,
UNUL00246,UNU-KEY E-Waste Dataset v44,CC BY 4.0,train,2025,1454,208_jpeg.rf.a4dde413835a070b574995bb60d5603d.jpg,208,39,Laptop,laptop_tablet,640,640,40,167,600.0,314.0,0.4599609375,False,0,d5d96765e20a9f4b48304a772f4cc01b,1,False,False,40,167,640.0,481.0,False,False,False,False,pending,
UNUL00247,UNU-KEY E-Waste Dataset v44,CC BY 4.0,train,2110,1525,186_jpeg.rf.a56f1d7f9da83ec697d334cbfafd919d.jpg,186,39,Laptop,laptop_tablet,640,640,2,125,638.0,435.0,0.6775634765625,False,0,491121ff7917df35f133f936f13d74c0,1,False,False,2,125,640.0,560.0,False,False,False,False,pending,
UNUL00248,UNU-KEY E-Waste Dataset v44,CC BY 4.0,train,2140,1549,000000519432_jpg.rf.a6bcb43af82bb3465631cf92336ed1db.jpg,000000519432,39,Laptop,laptop_tablet,640,640,185,313,113.78,120.92,0.033589544921875,True,0,b4fe6269ca5dea6492a3792a0e76459b,1,False,False,185,313,298.78,433.92,False,True,False,False,pending,
UNUL00249,UNU-KEY E-Waste Dataset v44,CC BY 4.0,train,2143,1550,000000337585_jpg.rf.a6e24f0f67e83abc0384276a9ff65be1.jpg,000000337585,39,Laptop,laptop_tablet,640,640,159,124,324.68,385.08,0.30524358984375,True,0,14536d2234eee606586b89a17098c446,1,False,False,159,124,483.68,509.08,False,False,False,False,pending,
UNUL00250,UNU-KEY E-Waste Dataset v44,CC BY 4.0,train,2154,1560,000000259951_jpg.rf.a6e45d2f021a1993b465f062b96eb17a.jpg,000000259951,39,Laptop,laptop_tablet,640,640,109,191,173.67,153.17,0.06494393041992186,True,0,078d2e388447da8b6996f19215f2c9d1,1,False,False,109,191,282.66999999999996,344.16999999999996,False,False,False,False,pending,
UNUL00251,UNU-KEY E-Waste Dataset v44,CC BY 4.0,train,2160,1564,000000136088_jpg.rf.a70335f165a3232acbf442f2cd414b37.jpg,000000136088,39,Laptop,laptop_tablet,640,640,0,107,363.85,422.26,0.37509594970703125,True,0,c196013df32b3db74aea395c68968cd2,1,False,False,0,107,363.85,529.26,False,False,False,False,pending,
UNUL00252,UNU-KEY E-Waste Dataset v44,CC BY 4.0,train,2180,1582,249_jpg.rf.a7660a1d93f2dd897c95f2900a4b3f92.jpg,249,39,Laptop,laptop_tablet,640,640,7,1,540.0,637.0,0.839794921875,False,0,4967a1ed047e09302cfd9289c0cac22b,2,False,True,7,1,547.0,638.0,False,False,True,True,review,
UNUL00253,UNU-KEY E-Waste Dataset v44,CC BY 4.0,train,2181,1582,249_jpg.rf.a7660a1d93f2dd897c95f2900a4b3f92.jpg,249,39,Laptop,laptop_tablet,640,640,7,1,541.0,639.0,0.84399169921875,False,0,4967a1ed047e09302cfd9289c0cac22b,2,False,True,7,1,548.0,640.0,False,False,True,True,review,
UNUL00254,UNU-KEY E-Waste Dataset v44,CC BY 4.0,train,2184,1585,000000321508_jpg.rf.a759f25f2e75645f1989a09aa9bcd834.jpg,000000321508,39,Laptop,laptop_tablet,640,640,199,137,382.98,382.02,0.3571924306640625,True,0,a90210275cb2c239d6fab65006399917,1,False,False,199,137,581.98,519.02,False,False,False,False,pending,
UNUL00255,UNU-KEY E-Waste Dataset v44,CC BY 4.0,train,2185,1586,000000062053_jpg.rf.a76dd6aadcbf032d202e3a9b2069a68f.jpg,000000062053,39,Laptop,laptop_tablet,640,640,343,209,213.57,275.84,0.143826046875,True,0,7decaac3398d1386837d5542ab97a1e2,1,False,False,343,209,556.5699999999999,484.84,False,False,False,False,pending,
UNUL00256,UNU-KEY E-Waste Dataset v44,CC BY 4.0,train,2262,1631,000000333621_jpg.rf.a80c3fccd5806d30de357486ee5e3995.jpg,000000333621,39,Laptop,laptop_tablet,640,640,156,81,353.766,297.395,0.2568560536376953,True,0,b6832d1dd9719d95c41f977206fd4bc9,1,False,False,156,81,509.766,378.395,False,False,False,False,pending,
UNUL00257,UNU-KEY E-Waste Dataset v44,CC BY 4.0,train,2276,1641,4a7c66b9421073e1_jpg.rf.a824a25c308e44af46e1392f45148473.jpg,4a7c66b9421073e1,39,Laptop,laptop_tablet,640,640,116,171,320.0,130.0,0.1015625,False,0,2969342ca424e6dfd720150aed0e7cc5,1,False,False,116,171,436.0,301.0,False,False,False,False,pending,
UNUL00258,UNU-KEY E-Waste Dataset v44,CC BY 4.0,train,2289,1652,000000486383_jpg.rf.a885b6aa9a2c26bd26607ea5f06814e8.jpg,000000486383,39,Laptop,laptop_tablet,640,640,536,203,104.22,135.78,0.0345483193359375,True,0,244d347442710bc908e175f14009de15,1,False,False,536,203,640.22,338.78,False,True,False,False,pending,
UNUL00259,UNU-KEY E-Waste Dataset v44,CC BY 4.0,train,2297,1657,000000359128_jpg.rf.a89043a96e824b2266b20911d5635c0d.jpg,000000359128,39,Laptop,laptop_tablet,640,640,314,354,136.96,93.71,0.03133428125,True,0,18ed37b63e5be0a5a2185b1b8ff27465,1,False,False,314,354,450.96000000000004,447.71,False,True,False,False,pending,
UNUL00260,UNU-KEY E-Waste Dataset v44,CC BY 4.0,train,2306,1663,000000437564_jpg.rf.a86842077dd7372b6cb4942094ed9783.jpg,000000437564,39,Laptop,laptop_tablet,640,640,68,80,544.435,453.261,0.6024686341186524,True,0,f0aabdce70d4a0f5933eba0d52bae00a,1,False,False,68,80,612.435,533.261,False,False,False,False,pending,
UNUL00261,UNU-KEY E-Waste Dataset v44,CC BY 4.0,train,2315,1667,000000002389_jpg.rf.a8ca0250907508f685d61880ca30fae9.jpg,000000002389,39,Laptop,laptop_tablet,640,640,348,250,117.197,95.334,0.02727748729980469,True,0,96f119f99b966caa7e518031e89ab747,1,False,False,348,250,465.197,345.334,False,True,False,False,pending,
UNUL00262,UNU-KEY E-Waste Dataset v44,CC BY 4.0,train,2326,1674,188_jpeg.rf.a8d1c8e7a0d2d9516ef49412709e4764.jpg,188,39,Laptop,laptop_tablet,640,640,122,142,349.0,359.0,0.30588623046875,False,0,c5dbc15e7ab9b18ab409eb100ca36120,1,False,False,122,142,471.0,501.0,False,False,False,False,pending,
UNUL00263,UNU-KEY E-Waste Dataset v44,CC BY 4.0,train,2362,1703,000000493504_jpg.rf.a8f12d12f1ba4c2968eabec7d983ef11.jpg,000000493504,39,Laptop,laptop_tablet,640,640,79,135,242.688,288.87,0.17115547499999997,True,0,3b23dcd0a917d85c7319a69459ccb857,1,False,False,79,135,321.688,423.87,False,False,False,False,pending,
UNUL00264,UNU-KEY E-Waste Dataset v44,CC BY 4.0,train,2380,1716,209_jpeg.rf.a98009c88489137ed37f28769a9883aa.jpg,209,39,Laptop,laptop_tablet,640,640,82,98,433.0,501.0,0.52962158203125,False,0,739854d58257294d2826ec4587687232,1,False,False,82,98,515.0,599.0,False,False,False,False,pending,
UNUL00265,UNU-KEY E-Waste Dataset v44,CC BY 4.0,train,2394,1728,000000093402_jpg.rf.a99acef8e4ce4577dbf097dc7bfc41b0.jpg,000000093402,39,Laptop,laptop_tablet,640,640,180,185,202.79,188.762,0.09345470209960936,True,0,85117da20a0ae19142e4fd9aa8fca7af,1,False,False,180,185,382.78999999999996,373.762,False,False,False,False,pending,
UNUL00266,UNU-KEY E-Waste Dataset v44,CC BY 4.0,train,2399,1730,000000449798_jpg.rf.a9edbe9d09f7d5eb0e4347eddd7d21b2.jpg,000000449798,39,Laptop,laptop_tablet,640,640,192,176,149.71,187.36,0.06848062890625001,True,0,cc92c6ba6b4efeba4f2ccc0aea41f848,1,False,False,192,176,341.71000000000004,363.36,False,False,False,False,pending,
UNUL00267,UNU-KEY E-Waste Dataset v44,CC BY 4.0,train,2405,1734,000000312868_jpg.rf.a9d7abb8c4386dab32bed24e5a64b592.jpg,000000312868,39,Laptop,laptop_tablet,640,640,168,253,172.58,153.17,0.06453632470703125,True,0,68d0b8c1952864c2f80efcb376eabd4b,2,False,False,168,253,340.58000000000004,406.16999999999996,False,False,False,True,pending,
UNUL00268,UNU-KEY E-Waste Dataset v44,CC BY 4.0,train,2406,1734,000000312868_jpg.rf.a9d7abb8c4386dab32bed24e5a64b592.jpg,000000312868,39,Laptop,laptop_tablet,640,640,28,235,172.59,144.54,0.060903707519531246,True,0,68d0b8c1952864c2f80efcb376eabd4b,2,False,False,28,235,200.59,379.53999999999996,False,False,False,True,pending,
UNUL00269,UNU-KEY E-Waste Dataset v44,CC BY 4.0,train,2412,1735,000000024149_jpg.rf.a9ecb022e98958061591620719c18f90.jpg,000000024149,39,Laptop,laptop_tablet,640,640,3,158,583.41,369.42,0.5261799858398437,True,0,ab08853d6dc9f70bda754dc22f26d795,1,False,False,3,158,586.41,527.4200000000001,False,False,False,False,pending,
UNUL00270,UNU-KEY E-Waste Dataset v44,CC BY 4.0,train,2433,1752,167_jpg.rf.aa39fca70eb0a8cd84febcff3f4f510b.jpg,167,39,Laptop,laptop_tablet,640,640,256,1,166.0,636.0,0.25775390625,False,0,a5de8a003239b37ede553aad327bf607,1,False,False,256,1,422.0,637.0,False,False,False,False,pending,
UNUL00271,UNU-KEY E-Waste Dataset v44,CC BY 4.0,train,2441,1759,000000309553_jpg.rf.aa4d40d12d4de2649c1ee2960d8d05ba.jpg,000000309553,39,Laptop,laptop_tablet,640,640,302,381,93.04,55.82,0.01267942578125,True,0,cfd84ba31075f11faae24b52b931db34,1,False,False,302,381,395.04,436.82,True,False,False,False,review,
UNUL00272,UNU-KEY E-Waste Dataset v44,CC BY 4.0,train,2463,1780,IMG_20200329_152844_jpg.rf.aaa88ec1809f6eb9201ed5bb7f2b73c5.jpg,IMG_20200329_152844,39,Laptop,laptop_tablet,640,640,153,390,323.0,203.0,0.16008056640625,False,0,bc3ca458236023e8ec9a8b5acb56e203,2,True,True,153,390,476.0,593.0,False,False,False,True,review,
UNUL00273,UNU-KEY E-Waste Dataset v44,CC BY 4.0,train,2464,1780,IMG_20200329_152844_jpg.rf.aaa88ec1809f6eb9201ed5bb7f2b73c5.jpg,IMG_20200329_152844,39,Laptop,laptop_tablet,640,640,300,58,260.0,338.0,0.21455078125,False,0,bc3ca458236023e8ec9a8b5acb56e203,2,True,True,300,58,560.0,396.0,False,False,False,True,review,
UNUL00274,UNU-KEY E-Waste Dataset v44,CC BY 4.0,train,2472,1783,000000174745_jpg.rf.aab7d6648c001f723b2eac09bf02dc2c.jpg,000000174745,39,Laptop,laptop_tablet,640,640,79,246,238.81,216.563,0.12626320808105468,True,0,40d9341d8f65f0895d4ebf65cf0e042f,1,False,False,79,246,317.81,462.563,False,False,False,False,pending,
UNUL00275,UNU-KEY E-Waste Dataset v44,CC BY 4.0,train,2625,1891,000000472581_jpg.rf.ad19b3c70a02586e8b8c05ebf67fb68b.jpg,000000472581,39,Laptop,laptop_tablet,640,640,80,386,36.02,103.28,0.00908238671875,True,0,df5f1125f4cd27f2643fcc81676fdf66,1,False,False,80,386,116.02000000000001,489.28,True,False,False,False,review,
UNUL00276,UNU-KEY E-Waste Dataset v44,CC BY 4.0,train,2626,1892,000000473069_jpg.rf.acd149c23fbf76ea6500e3cf084ae00c.jpg,000000473069,39,Laptop,laptop_tablet,640,640,305,135,238.75,175.46,0.10227313232421877,True,0,ccd023cd7405eed70199d0ae30272cba,1,False,False,305,135,543.75,310.46000000000004,False,False,False,False,pending,
UNUL00277,UNU-KEY E-Waste Dataset v44,CC BY 4.0,train,2632,1895,000000431922_jpg.rf.ad0c9c10db3eb3e621400b2c59442f32.jpg,000000431922,39,Laptop,laptop_tablet,640,640,42,185,320.73,243.789,0.1908946434814453,True,0,9ac796d5cadcbdb629582e71866bf3db,1,False,False,42,185,362.73,428.789,False,False,False,False,pending,
UNUL00278,UNU-KEY E-Waste Dataset v44,CC BY 4.0,train,2640,1902,261_jpeg.rf.ad2283963fa9a949565fc2ef0762236e.jpg,261,39,Laptop,laptop_tablet,640,640,81,44,479.0,467.0,0.54612548828125,False,0,532402c14f5f50271a7565b45f27756b,1,False,False,81,44,560.0,511.0,False,False,False,False,pending,
UNUL00279,UNU-KEY E-Waste Dataset v44,CC BY 4.0,train,2738,1982,000000579201_jpg.rf.aecccb2be7f94b4729fd45bd8284a732.jpg,000000579201,39,Laptop,laptop_tablet,640,640,0,108,640.0,313.87,0.49042187499999995,True,0,5161f3551fabb86fbe50bbb59a1a9a63,1,False,False,0,108,640.0,421.87,False,False,False,False,pending,
UNUL00280,UNU-KEY E-Waste Dataset v44,CC BY 4.0,train,2818,2051,000000330881_jpg.rf.afe7986f7ad2be67718dfdd94708d57a.jpg,000000330881,39,Laptop,laptop_tablet,640,640,196,151,287.13,274.13,0.19216539770507812,True,0,2135152d4277dfaee5820d9fb7a2b58f,1,False,False,196,151,483.13,425.13,False,False,False,False,pending,
UNUL00281,UNU-KEY E-Waste Dataset v44,CC BY 4.0,train,2903,2083,000000164453_jpg.rf.b048938b68970d53cccb6c0f26aba5c1.jpg,000000164453,39,Laptop,laptop_tablet,640,640,32,222,227.622,193.139,0.10733077504394534,True,0,8ff5922065b54da701150b18731f0c95,1,False,False,32,222,259.622,415.139,False,False,False,False,pending,
UNUL00282,UNU-KEY E-Waste Dataset v44,CC BY 4.0,train,2909,2085,000000179476_jpg.rf.b0dff825451c1876be342ab1972fa6f5.jpg,000000179476,39,Laptop,laptop_tablet,640,640,453,302,127.2,66.7,0.0207134765625,True,0,5ad6c2ab0f37d0dd965dc490cfdd3dd8,1,False,False,453,302,580.2,368.7,False,True,False,False,pending,
UNUL00283,UNU-KEY E-Waste Dataset v44,CC BY 4.0,train,2958,2125,000000461340_jpg.rf.b19734b56b3662055a010df036686204.jpg,000000461340,39,Laptop,laptop_tablet,640,640,501,423,64.08,37.19,0.005818201171874999,True,0,83b6bc1de0a5eaff7fd89857bd7a9aaa,1,False,False,501,423,565.08,460.19,True,False,False,False,review,
UNUL00284,UNU-KEY E-Waste Dataset v44,CC BY 4.0,train,2967,2130,000000005832_jpg.rf.b1a209bf248458d532cba989e500a838.jpg,000000005832,39,Laptop,laptop_tablet,640,640,111,284,147.35,122.97,0.04423737670898437,True,0,de74bb178870bc7426b9f31935b0969e,1,False,False,111,284,258.35,406.97,False,True,False,False,pending,
UNUL00285,UNU-KEY E-Waste Dataset v44,CC BY 4.0,train,2974,2132,000000437893_jpg.rf.b167d6731602b669fb8ad99013c3dacb.jpg,000000437893,39,Laptop,laptop_tablet,640,640,153,359,295.81,169.44,0.12236827734375,True,0,57aeb89b5c79b0136ed10f21c1fe874c,1,False,False,153,359,448.81,528.44,False,False,False,False,pending,
UNUL00286,UNU-KEY E-Waste Dataset v44,CC BY 4.0,train,2977,2135,000000344703_jpg.rf.b1a51c4d15e2853841a1255655dae987.jpg,000000344703,39,Laptop,laptop_tablet,640,640,126,138,199.91,494.74,0.24146355810546877,True,0,0a374e9d71cb22dd4175ee3960a9f306,1,False,False,126,138,325.90999999999997,632.74,False,False,False,False,pending,
UNUL00287,UNU-KEY E-Waste Dataset v44,CC BY 4.0,train,3047,2155,000000488390_jpg.rf.b236be25a578584a0d859e09f82c06ec.jpg,000000488390,39,Laptop,laptop_tablet,640,640,24,166,429.3,309.58,0.3244694677734375,True,0,7530797290f8afe9f21078106ff6a34f,1,False,False,24,166,453.3,475.58,False,False,False,False,pending,
UNUL00288,UNU-KEY E-Waste Dataset v44,CC BY 4.0,train,3052,2159,000000070932_jpg.rf.b248c53b2a766404892004377004e6d9.jpg,000000070932,39,Laptop,laptop_tablet,640,640,208,99,272.93,299.62,0.19964669580078126,True,0,81db5271ecc45c8e15f0d79fffffd52a,1,False,False,208,99,480.93,398.62,False,False,False,False,pending,
UNUL00289,UNU-KEY E-Waste Dataset v44,CC BY 4.0,train,3091,2192,IMG_20200329_201042_jpg.rf.b2ac5a554b319072a5d94c4c5767aa2b.jpg,IMG_20200329_201042,39,Laptop,laptop_tablet,640,640,96,35,437.0,417.0,0.44489501953125,False,0,838cb76c2eb6254f535bc3ab28add32d,1,False,False,96,35,533.0,452.0,False,False,False,False,pending,
UNUL00290,UNU-KEY E-Waste Dataset v44,CC BY 4.0,train,3150,2221,000000550405_jpg.rf.b35bb09ff4bf0d74491dd83c3467bf07.jpg,000000550405,39,Laptop,laptop_tablet,640,640,137,158,369.82,327.31,0.29552193408203126,True,0,bdfb8139ea92eca1e7f090f46eba9c87,1,False,False,137,158,506.82,485.31,False,False,False,False,pending,
UNUL00291,UNU-KEY E-Waste Dataset v44,CC BY 4.0,train,3172,2241,000000474049_jpg.rf.b3bd37a48dfe12848b0ea44d45c1b0cd.jpg,000000474049,39,Laptop,laptop_tablet,640,640,417,281,78.58,59.45,0.011405227050781251,True,0,d5872e4fe31aa0a8578e37ff7a033b85,1,False,False,417,281,495.58,340.45,True,False,False,False,review,
UNUL00292,UNU-KEY E-Waste Dataset v44,CC BY 4.0,train,3186,2250,000000334568_jpg.rf.b3ea86cb781ed495eb296832f9efd1e9.jpg,000000334568,39,Laptop,laptop_tablet,640,640,103,109,491.6,389.65,0.46765610351562503,True,0,2563b041a4ad4652e605b57836e9a734,1,False,False,103,109,594.6,498.65,False,False,False,False,pending,
UNUL00293,UNU-KEY E-Waste Dataset v44,CC BY 4.0,train,3203,2266,000000043894_jpg.rf.b424c8882ace42a6c4f1acfce8761e27.jpg,000000043894,39,Laptop,laptop_tablet,640,640,107,89,533.02,299.5,0.3897448486328125,True,0,7535b8c7a1b5142288474cd954d25c16,1,False,False,107,89,640.02,388.5,False,False,False,False,pending,
UNUL00294,UNU-KEY E-Waste Dataset v44,CC BY 4.0,train,3208,2271,000000103419_jpg.rf.b463a84ad651c57c352c306c95bb8330.jpg,000000103419,39,Laptop,laptop_tablet,640,640,153,298,210.73,177.1,0.09111397216796874,True,0,1225a3e5abf08de29a8462c8b61f6422,2,False,False,153,298,363.73,475.1,False,False,False,True,pending,
UNUL00295,UNU-KEY E-Waste Dataset v44,CC BY 4.0,train,3209,2271,000000103419_jpg.rf.b463a84ad651c57c352c306c95bb8330.jpg,000000103419,39,Laptop,laptop_tablet,640,640,405,285,140.09,147.77,0.05053979321289063,True,0,1225a3e5abf08de29a8462c8b61f6422,2,False,False,405,285,545.09,432.77,False,False,False,True,pending,
UNUL00296,UNU-KEY E-Waste Dataset v44,CC BY 4.0,train,3227,2281,000000125687_jpg.rf.b463bb13fd2aacc0915f54a4159ba87b.jpg,000000125687,39,Laptop,laptop_tablet,640,640,206,242,275.88,180.93,0.1218627158203125,True,0,5b773f1b54a80ccd0b9e40e200011e2e,1,False,False,206,242,481.88,422.93,False,False,False,False,pending,
UNUL00297,UNU-KEY E-Waste Dataset v44,CC BY 4.0,train,3246,2295,193_jpeg.rf.b4e8b984a527c5f54e6d32b02fc3a72e.jpg,193,39,Laptop,laptop_tablet,640,640,141,143,368.0,357.0,0.3207421875,False,0,7153c25517c3f02e346c8bbca554e465,1,False,False,141,143,509.0,500.0,False,False,False,False,pending,
UNUL00298,UNU-KEY E-Waste Dataset v44,CC BY 4.0,train,3290,2332,000000067716_jpg.rf.b5846e6cf6004c3e4a4edf5964ee108c.jpg,000000067716,39,Laptop,laptop_tablet,640,640,0,0,595.52,256.288,0.37261872500000004,True,0,1784dfdadd04ed5476efa1449b71e49c,1,False,False,0,0,595.52,256.288,False,False,False,False,pending,
UNUL00299,UNU-KEY E-Waste Dataset v44,CC BY 4.0,train,3341,2369,000000102632_jpg.rf.b5f835a5037d93b1af6e681d0fc80340.jpg,000000102632,39,Laptop,laptop_tablet,640,640,337,301,66.51,53.21,0.008640129638671876,True,0,ef87df3555808b2827a8406a28941e90,1,False,False,337,301,403.51,354.21,True,False,False,False,review,
UNUL00300,UNU-KEY E-Waste Dataset v44,CC BY 4.0,train,3354,2376,000000142557_jpg.rf.b613e77d9f64af56503f03803976d30d.jpg,000000142557,39,Laptop,laptop_tablet,640,640,440,192,97.95,74.48,0.017810830078125003,True,0,1ef6452379cdce097dbc151f2ea21d7c,1,False,False,440,192,537.95,266.48,True,False,False,False,review,
UNUL00301,UNU-KEY E-Waste Dataset v44,CC BY 4.0,train,3360,2379,000000546639_jpg.rf.b614e11e5ddf9d6f0be37bf5c935b2ae.jpg,000000546639,39,Laptop,laptop_tablet,640,640,370,291,135.81,111.24,0.0368835556640625,True,0,d475f79cb41bf4044a0dfe84b4befb82,1,False,False,370,291,505.81,402.24,False,True,False,False,pending,
UNUL00302,UNU-KEY E-Waste Dataset v44,CC BY 4.0,train,3388,2397,000000054533_jpg.rf.b6233a5b618e5fb8cd5dcbd2ea149951.jpg,000000054533,39,Laptop,laptop_tablet,640,640,127,148,418.52,254.56,0.26010364062499997,True,0,a93fa2245e74f0370e693695d1b9aa10,1,False,False,127,148,545.52,402.56,False,False,False,False,pending,
UNUL00303,UNU-KEY E-Waste Dataset v44,CC BY 4.0,train,3405,2405,000000421794_jpg.rf.b66aa9636c4581b4e5fdaa0b24e24038.jpg,000000421794,39,Laptop,laptop_tablet,640,640,76,82,382.707,277.837,0.2595951288061523,True,0,4d55e037d6290fec3f70b477776e1bb0,1,False,False,76,82,458.707,359.837,False,False,False,False,pending,
UNUL00304,UNU-KEY E-Waste Dataset v44,CC BY 4.0,train,3470,2446,000000139503_jpg.rf.b74ddc7f169056d90ef912609c233a7b.jpg,000000139503,39,Laptop,laptop_tablet,640,640,220,220,256.61,247.04,0.15476790625,True,0,9dc9f7bf8da32e20d47bacdcb99d00e6,1,False,False,220,220,476.61,467.03999999999996,False,False,False,False,pending,
UNUL00305,UNU-KEY E-Waste Dataset v44,CC BY 4.0,train,3483,2452,000000118302_jpg.rf.b75f488f1c5d1ee2de1163a12a5eabe0.jpg,000000118302,39,Laptop,laptop_tablet,640,640,491,244,126.003,275.231,0.08466780198486328,True,0,be5f8fdebedb2ba14b96a31cd884539c,1,False,False,491,244,617.003,519.231,False,False,False,False,pending,
UNUL00306,UNU-KEY E-Waste Dataset v44,CC BY 4.0,train,3488,2454,000000074206_jpg.rf.b779cc748064421b1a55d62c29a87c58.jpg,000000074206,39,Laptop,laptop_tablet,640,640,230,216,289.088,299.866,0.21163980031250001,True,0,42c02bfcf06f975319e7b8b7b17fabeb,1,False,False,230,216,519.088,515.866,False,False,False,False,pending,
UNUL00307,UNU-KEY E-Waste Dataset v44,CC BY 4.0,train,3509,2460,000000229171_jpg.rf.b77ee45c9e7313e34605a906a176161c.jpg,000000229171,39,Laptop,laptop_tablet,640,640,25,179,391.181,384.282,0.36700150645019525,True,0,07a7784e8a23f519043f942cbb1fe8dc,2,False,False,25,179,416.181,563.2819999999999,False,False,False,True,pending,
UNUL00308,UNU-KEY E-Waste Dataset v44,CC BY 4.0,train,3510,2460,000000229171_jpg.rf.b77ee45c9e7313e34605a906a176161c.jpg,000000229171,39,Laptop,laptop_tablet,640,640,407,158,232.704,300.288,0.17060112,True,0,07a7784e8a23f519043f942cbb1fe8dc,2,False,False,407,158,639.704,458.288,False,False,False,True,pending,
UNUL00309,UNU-KEY E-Waste Dataset v44,CC BY 4.0,train,3542,2489,000000061642_jpg.rf.b811b1729af86807e45b6c981abe2c3d.jpg,000000061642,39,Laptop,laptop_tablet,640,640,250,296,323.622,320.73,0.25340645522460936,True,0,fa90ddb9ee9dd6b4d90c9870ca8cee2a,1,False,False,250,296,573.6220000000001,616.73,False,False,False,False,pending,
UNUL00310,UNU-KEY E-Waste Dataset v44,CC BY 4.0,train,3553,2497,000000306593_jpg.rf.b83b4261d1ff1422c27f34bfec07f8a3.jpg,000000306593,39,Laptop,laptop_tablet,640,640,67,155,408.998,349.606,0.34909217477539056,True,0,ef8730e30d58bc66b93af42da88ea592,1,False,False,67,155,475.998,504.606,False,False,False,False,pending,
UNUL00311,UNU-KEY E-Waste Dataset v44,CC BY 4.0,train,3596,2524,000000266655_jpg.rf.b8858304a7ab45f90335cc1f42e3a82e.jpg,000000266655,39,Laptop,laptop_tablet,640,640,103,279,144.55,103.39,0.03648687622070313,True,0,d4befdb15fa4278e1e596bc21e44b639,1,False,False,103,279,247.55,382.39,False,True,False,False,pending,
UNUL00312,UNU-KEY E-Waste Dataset v44,CC BY 4.0,train,3657,2569,000000227891_jpg.rf.b9515597bfe3e5111d6844ff53b02640.jpg,000000227891,39,Laptop,laptop_tablet,640,640,36,149,337.856,343.514,0.2833453759375,True,0,967ab29e1264da569a76b192630cb044,2,False,False,36,149,373.856,492.514,False,False,False,True,pending,
UNUL00313,UNU-KEY E-Waste Dataset v44,CC BY 4.0,train,3660,2569,000000227891_jpg.rf.b9515597bfe3e5111d6844ff53b02640.jpg,000000227891,39,Laptop,laptop_tablet,640,640,358,286,226.893,136.474,0.0755981330126953,True,0,967ab29e1264da569a76b192630cb044,2,False,False,358,286,584.893,422.474,False,False,False,True,pending,
UNUL00314,UNU-KEY E-Waste Dataset v44,CC BY 4.0,train,3706,2605,000000570817_jpg.rf.ba0ff3c745671a18b140736d2df5fb97.jpg,000000570817,39,Laptop,laptop_tablet,640,640,175,420,251.692,201.349,0.12372542116210937,True,0,c22b7a728c255825b0a9c8e03b21eeb8,1,False,False,175,420,426.692,621.3489999999999,False,False,False,False,pending,
UNUL00315,UNU-KEY E-Waste Dataset v44,CC BY 4.0,train,3716,2615,000000161386_jpg.rf.ba5fc48c1cada0bf1a9e22a9b5b4e602.jpg,000000161386,39,Laptop,laptop_tablet,640,640,411,291,97.94,93.63,0.02238799365234375,True,0,b9d18d3e3b61a4bcfd55260736b7fa89,1,False,False,411,291,508.94,384.63,False,True,False,False,pending,
UNUL00316,UNU-KEY E-Waste Dataset v44,CC BY 4.0,train,3725,2620,000000457705_jpg.rf.ba6eced52a067cf77013644615a86479.jpg,000000457705,39,Laptop,laptop_tablet,640,640,17,358,134.83,80.9,0.02663024169921875,True,0,9ca5d8d9a2a2fbc68923a8ba425fc52e,1,False,False,17,358,151.83,438.9,False,True,False,False,pending,
UNUL00317,UNU-KEY E-Waste Dataset v44,CC BY 4.0,train,3729,2624,265_jpeg.rf.ba7edc9ce1494c154610949d98ea89bb.jpg,265,39,Laptop,laptop_tablet,640,640,52,116,567.0,421.0,0.58278076171875,False,0,be7f44a7bee031082e4f27e68c81def0,1,False,False,52,116,619.0,537.0,False,False,False,False,pending,
UNUL00318,UNU-KEY E-Waste Dataset v44,CC BY 4.0,train,3738,2630,000000003244_jpg.rf.ba73d1ee4a3c1c1c8c06371fbd0b03d8.jpg,000000003244,39,Laptop,laptop_tablet,640,640,111,234,173.14,197.36,0.08342507421875,True,0,28a5b859462312f0b4e3b98459cd9297,1,False,False,111,234,284.14,431.36,False,False,False,False,pending,
UNUL00319,UNU-KEY E-Waste Dataset v44,CC BY 4.0,train,3740,2632,000000254745_jpg.rf.bac71aa6dcab55f7b8bc189c871c2e9d.jpg,000000254745,39,Laptop,laptop_tablet,640,640,467,296,172.97,149.18,0.06299722802734375,True,0,1d0aeb213cbd9d67743340ff25d6977d,3,False,False,467,296,639.97,445.18,False,False,False,True,pending,
UNUL00320,UNU-KEY E-Waste Dataset v44,CC BY 4.0,train,3741,2632,000000254745_jpg.rf.bac71aa6dcab55f7b8bc189c871c2e9d.jpg,000000254745,39,Laptop,laptop_tablet,640,640,172,226,104.78,96.92,0.024793158203125,True,0,1d0aeb213cbd9d67743340ff25d6977d,3,False,False,172,226,276.78,322.92,False,True,False,True,pending,
UNUL00321,UNU-KEY E-Waste Dataset v44,CC BY 4.0,train,3742,2632,000000254745_jpg.rf.bac71aa6dcab55f7b8bc189c871c2e9d.jpg,000000254745,39,Laptop,laptop_tablet,640,640,1,253,115.41,104.63,0.029480830810546876,True,0,1d0aeb213cbd9d67743340ff25d6977d,3,False,False,1,253,116.41,357.63,False,True,False,True,pending,
UNUL00322,UNU-KEY E-Waste Dataset v44,CC BY 4.0,train,3747,2634,IMG_20200329_142558_jpg.rf.babefdb6ca02f152ba5b64ddfa283f5a.jpg,IMG_20200329_142558,39,Laptop,laptop_tablet,640,640,1,202,311.0,232.0,0.17615234375,False,0,167e49a8be5a156fbf215ad83bb956b0,2,False,False,1,202,312.0,434.0,False,False,False,True,pending,
UNUL00323,UNU-KEY E-Waste Dataset v44,CC BY 4.0,train,3748,2634,IMG_20200329_142558_jpg.rf.babefdb6ca02f152ba5b64ddfa283f5a.jpg,IMG_20200329_142558,39,Laptop,laptop_tablet,640,640,312,161,328.0,288.0,0.230625,False,0,167e49a8be5a156fbf215ad83bb956b0,2,False,False,312,161,640.0,449.0,False,False,False,True,pending,
UNUL00324,UNU-KEY E-Waste Dataset v44,CC BY 4.0,train,3754,2636,000000167818_jpg.rf.ba94c08e3bcd78d8c03ec314327eeab0.jpg,000000167818,39,Laptop,laptop_tablet,640,640,462,256,132.75,142.31,0.04612219848632813,True,0,db6a3d7ad4ac8c9e23871eaca18dd7c0,2,False,False,462,256,594.75,398.31,False,True,False,True,pending,
UNUL00325,UNU-KEY E-Waste Dataset v44,CC BY 4.0,train,3755,2636,000000167818_jpg.rf.ba94c08e3bcd78d8c03ec314327eeab0.jpg,000000167818,39,Laptop,laptop_tablet,640,640,25,221,144.21,126.07,0.04438611987304688,True,0,db6a3d7ad4ac8c9e23871eaca18dd7c0,2,False,False,25,221,169.21,347.07,False,True,False,True,pending,
UNUL00326,UNU-KEY E-Waste Dataset v44,CC BY 4.0,train,3776,2648,Lenovo_320-15IKB_jpg.rf.baffeb8c78e1200bd3a19d5fbcaf0d36.jpg,Lenovo_320-15IKB,39,Laptop,laptop_tablet,640,640,44,117,571.0,360.0,0.50185546875,False,0,ec37e389b36437cbacede38f1004e093,1,False,False,44,117,615.0,477.0,False,False,False,False,pending,
UNUL00327,UNU-KEY E-Waste Dataset v44,CC BY 4.0,train,3781,2652,000000097696_jpg.rf.bac9f4cc7c067207437f49a3cae4f6fb.jpg,000000097696,39,Laptop,laptop_tablet,640,640,0,229,217.89,215.73,0.11475930102539061,True,0,e54c07d43d5b01afb33fdce268ae7f9d,1,False,False,0,229,217.89,444.73,False,False,False,False,pending,
UNUL00328,UNU-KEY E-Waste Dataset v44,CC BY 4.0,train,3808,2671,000000137552_jpg.rf.bb40c65dd45dea41ee790c15c5214906.jpg,000000137552,39,Laptop,laptop_tablet,640,640,276,234,337.67,303.15,0.24991372192382813,True,0,aa866768e41417dbbdca5666338f8a6e,1,False,False,276,234,613.6700000000001,537.15,False,False,False,False,pending,
UNUL00329,UNU-KEY E-Waste Dataset v44,CC BY 4.0,train,3814,2674,000000501909_jpg.rf.bb4724edb5bf8c732878f817e125e1ab.jpg,000000501909,39,Laptop,laptop_tablet,640,640,427,154,210.33,228.67,0.11742226831054686,True,0,551bd13537465f9f5a5b54a438559f2a,1,False,False,427,154,637.33,382.66999999999996,False,False,False,False,pending,
UNUL00330,UNU-KEY E-Waste Dataset v44,CC BY 4.0,train,3824,2680,000000417195_jpg.rf.bb2ce24fe091c10ad6f71df195bed694.jpg,000000417195,39,Laptop,laptop_tablet,640,640,78,37,354.842,472.934,0.40970909772460934,True,0,cfa2337366bf2326668c14f8848bfabf,1,False,False,78,37,432.842,509.934,False,False,False,False,pending,
UNUL00331,UNU-KEY E-Waste Dataset v44,CC BY 4.0,train,3855,2704,000000124911_jpg.rf.bbe11e16149fe5ebddf4b3f9257660b4.jpg,000000124911,39,Laptop,laptop_tablet,640,640,135,277,190.899,163.712,0.0762999440625,True,0,5704fc8baaf0c97b74c26f9071bd46c4,1,False,False,135,277,325.899,440.712,False,False,False,False,pending,
UNUL00332,UNU-KEY E-Waste Dataset v44,CC BY 4.0,train,3878,2720,000000066816_jpg.rf.bc46f84bbe2bacbf8f8d373447136c5d.jpg,000000066816,39,Laptop,laptop_tablet,640,640,234,155,173.05,184.23,0.07783447631835938,True,0,3b379d988539506330b9add7c6dd52c8,1,False,False,234,155,407.05,339.23,False,False,False,False,pending,
UNUL00333,UNU-KEY E-Waste Dataset v44,CC BY 4.0,train,3900,2737,000000058864_jpg.rf.bc80342482234a8ecc5d9fe8b429172b.jpg,000000058864,39,Laptop,laptop_tablet,640,640,0,151,331.15,288.0,0.23283984375,True,0,cb9480bd412f7c8d98c5c6f2860eafcf,1,False,False,0,151,331.15,439.0,False,False,False,False,pending,
UNUL00334,UNU-KEY E-Waste Dataset v44,CC BY 4.0,train,3939,2768,161_jpg.rf.bd251adc149e7b20c307a1d94ae8f589.jpg,161,39,Laptop,laptop_tablet,640,640,59,210,564.0,250.0,0.34423828125,False,0,62d54311a23e590c7b6bec2be9f47db5,1,False,False,59,210,623.0,460.0,False,False,False,False,pending,
UNUL00335,UNU-KEY E-Waste Dataset v44,CC BY 4.0,train,4019,2827,000000496977_jpg.rf.bdf9a1ae92de08cdd269f5d152294bcd.jpg,000000496977,39,Laptop,laptop_tablet,640,640,113,178,489.7,350.88,0.41949691406249995,True,0,052be6005efcf3b6adb632107e01368b,1,False,False,113,178,602.7,528.88,False,False,False,False,pending,
UNUL00336,UNU-KEY E-Waste Dataset v44,CC BY 4.0,train,4038,2839,000000537939_jpg.rf.be3fec67df0dbdebbf4bd6be59880d21.jpg,000000537939,39,Laptop,laptop_tablet,640,640,189,313,138.829,127.693,0.043280008537597656,True,0,d4a64ce1e6d60962be42a66e24ab9796,1,False,False,189,313,327.829,440.693,False,True,False,False,pending,
UNUL00337,UNU-KEY E-Waste Dataset v44,CC BY 4.0,train,4055,2854,000000506311_jpg.rf.be78cca1fb0c458d3ac4b23779c206ec.jpg,000000506311,39,Laptop,laptop_tablet,640,640,0,365,121.89,122.97,0.03659378247070313,True,0,1aacd8b2c0a3f1564e44d06500d4416c,4,False,False,0,365,121.89,487.97,False,True,False,True,pending,
UNUL00338,UNU-KEY E-Waste Dataset v44,CC BY 4.0,train,4056,2854,000000506311_jpg.rf.be78cca1fb0c458d3ac4b23779c206ec.jpg,000000506311,39,Laptop,laptop_tablet,640,640,316,327,181.22,185.53,0.08208434228515625,True,0,1aacd8b2c0a3f1564e44d06500d4416c,4,False,False,316,327,497.22,512.53,False,False,False,True,pending,
UNUL00339,UNU-KEY E-Waste Dataset v44,CC BY 4.0,train,4057,2854,000000506311_jpg.rf.be78cca1fb0c458d3ac4b23779c206ec.jpg,000000506311,39,Laptop,laptop_tablet,640,640,423,143,188.54,178.78,0.08229292285156249,True,0,1aacd8b2c0a3f1564e44d06500d4416c,4,False,False,423,143,611.54,321.78,False,False,False,True,pending,
UNUL00340,UNU-KEY E-Waste Dataset v44,CC BY 4.0,train,4058,2854,000000506311_jpg.rf.be78cca1fb0c458d3ac4b23779c206ec.jpg,000000506311,39,Laptop,laptop_tablet,640,640,109,309,126.41,122.55,0.03782115600585937,True,0,1aacd8b2c0a3f1564e44d06500d4416c,4,False,False,109,309,235.41,431.55,False,True,False,True,pending,
UNUL00341,UNU-KEY E-Waste Dataset v44,CC BY 4.0,train,4080,2873,000000231164_jpg.rf.beeb92e6f3adf5160a28006a31e0c88b.jpg,000000231164,39,Laptop,laptop_tablet,640,640,35,363,199.258,142.201,0.06917648158691407,True,0,f56b916711b6c1521b3d6f097e52ac48,1,False,False,35,363,234.258,505.201,False,False,False,False,pending,
UNUL00342,UNU-KEY E-Waste Dataset v44,CC BY 4.0,train,4085,2876,000000270570_jpg.rf.bed71c9be4fc2c01d563a96f4404b8eb.jpg,000000270570,39,Laptop,laptop_tablet,640,640,43,226,253.88,242.18,0.150109029296875,True,0,803feb660b689fb9f15d3549b884c1e7,1,False,False,43,226,296.88,468.18,False,False,False,False,pending,
UNUL00343,UNU-KEY E-Waste Dataset v44,CC BY 4.0,train,4097,2881,IMG_20200329_152752_jpg.rf.bf197c8e6a1c63b3400652389f2a7c81.jpg,IMG_20200329_152752,39,Laptop,laptop_tablet,640,640,124,308,339.0,238.0,0.1969775390625,False,0,5c207aebd08d2ab6265fc7479ec4a406,1,True,False,124,308,463.0,546.0,False,False,False,False,review,
UNUL00344,UNU-KEY E-Waste Dataset v44,CC BY 4.0,train,4178,2944,01ef8868bd26174d_jpg.rf.3617629d1502bcd870e7e6ed4aa5cf4f.jpg,01ef8868bd26174d,39,Laptop,laptop_tablet,640,640,3,19,558.0,621.0,0.8459912109375,False,0,c7e22d655b934efcec190cfc8be7a4ef,1,False,False,3,19,561.0,640.0,False,False,True,False,review,
UNUL00345,UNU-KEY E-Waste Dataset v44,CC BY 4.0,train,4179,2945,000000441253_jpg.rf.362188965a3f96856429d606fd71a863.jpg,000000441253,39,Laptop,laptop_tablet,640,640,234,145,134.06,136.21,0.04458084130859375,True,0,4bdcbd7e832d5fa63ce5cd9452c6a691,1,False,False,234,145,368.06,281.21000000000004,False,True,False,False,pending,
UNUL00346,UNU-KEY E-Waste Dataset v44,CC BY 4.0,train,4223,2984,Lenovo-laptop-81W6-0_jpg.rf.36fa13fa9aaaa03ff79064ae11766666.jpg,Lenovo-laptop-81W6-0,39,Laptop,laptop_tablet,640,640,159,177,323.0,365.0,0.28782958984375,False,0,73de89adc8b7f8257fac1aaabc8fbae9,1,False,False,159,177,482.0,542.0,False,False,False,False,pending,
UNUL00347,UNU-KEY E-Waste Dataset v44,CC BY 4.0,train,4234,2993,000000169872_jpg.rf.37077fc330f922865f3792766d89ec1a.jpg,000000169872,39,Laptop,laptop_tablet,640,640,227,259,139.302,136.986,0.04658794866210937,True,0,b61777596b334bc1a371392d0a5a9fb4,1,False,False,227,259,366.302,395.986,False,True,False,False,pending,
UNUL00348,UNU-KEY E-Waste Dataset v44,CC BY 4.0,train,4253,3006,000000474004_jpg.rf.374742c7cff0a14a6c2c7f6f1e57b267.jpg,000000474004,39,Laptop,laptop_tablet,640,640,551,403,88.79,98.71,0.021397609619140626,True,0,30d41a4867b2d39b0e709eeba14bfe39,1,False,False,551,403,639.79,501.71,False,True,False,False,pending,
UNUL00349,UNU-KEY E-Waste Dataset v44,CC BY 4.0,train,4293,3031,000000329151_jpg.rf.37da577906b27f80b1630195b487ce21.jpg,000000329151,39,Laptop,laptop_tablet,640,640,220,280,242.7,235.15,0.13933326416015623,True,0,0708d8c727bd1a28a7fa0cd4122a023d,1,False,False,220,280,462.7,515.15,False,False,False,False,pending,
UNUL00350,UNU-KEY E-Waste Dataset v44,CC BY 4.0,train,4298,3034,000000099372_jpg.rf.380299f06a3beeca046877685c8c75ef.jpg,000000099372,39,Laptop,laptop_tablet,640,640,23,81,616.53,473.5,0.7127122924804686,True,0,311b21382d86c1f7a066f42ddee699a2,1,False,False,23,81,639.53,554.5,False,False,False,False,pending,
UNUL00351,UNU-KEY E-Waste Dataset v44,CC BY 4.0,train,4320,3053,000000544121_jpg.rf.3856274c3edde407372e48bbde4c1127.jpg,000000544121,39,Laptop,laptop_tablet,640,640,339,118,158.56,169.35,0.06555697265624999,True,0,cdf95a1da553f3b78fe23a86bf0fc358,2,False,False,339,118,497.56,287.35,False,False,False,True,pending,
UNUL00352,UNU-KEY E-Waste Dataset v44,CC BY 4.0,train,4322,3053,000000544121_jpg.rf.3856274c3edde407372e48bbde4c1127.jpg,000000544121,39,Laptop,laptop_tablet,640,640,141,182,168.27,136.99,0.05627760571289064,True,0,cdf95a1da553f3b78fe23a86bf0fc358,2,False,False,141,182,309.27,318.99,False,False,False,True,pending,
UNUL00353,UNU-KEY E-Waste Dataset v44,CC BY 4.0,train,4326,3055,000000357633_jpg.rf.3862aa1ec6d6898e5b68e99e147cc312.jpg,000000357633,39,Laptop,laptop_tablet,640,640,92,141,545.95,412.97,0.550441824951172,True,0,44e9431acb6e6c4a4cd63f6a43237bec,1,False,False,92,141,637.95,553.97,False,False,False,False,pending,
UNUL00354,UNU-KEY E-Waste Dataset v44,CC BY 4.0,train,4334,3062,203_jpeg.rf.387b49f95cfe18da3dcfb66f63149a19.jpg,203,39,Laptop,laptop_tablet,640,640,141,10,359.0,535.0,0.46890869140625,False,0,596da93a8b2e2954d9e8361bea07d337,1,False,False,141,10,500.0,545.0,False,False,False,False,pending,
UNUL00355,UNU-KEY E-Waste Dataset v44,CC BY 4.0,train,4349,3070,000000359931_jpg.rf.389531e27f8b1d064e8a4e85a046de40.jpg,000000359931,39,Laptop,laptop_tablet,640,640,299,213,305.13,275.66,0.20535189404296875,True,0,84208183ed912e18bcdae3a518de7f04,1,False,False,299,213,604.13,488.66,False,False,False,False,pending,
UNUL00356,UNU-KEY E-Waste Dataset v44,CC BY 4.0,train,4355,3072,IMG_20200329_142718_jpg.rf.3875f312e4ee5430cc7834c5d85a5df4.jpg,IMG_20200329_142718,39,Laptop,laptop_tablet,640,640,1,199,349.0,180.0,0.153369140625,False,0,952a008090262cd6431bd0614f4d8084,2,False,False,1,199,350.0,379.0,False,False,False,True,pending,
UNUL00357,UNU-KEY E-Waste Dataset v44,CC BY 4.0,train,4356,3072,IMG_20200329_142718_jpg.rf.3875f312e4ee5430cc7834c5d85a5df4.jpg,IMG_20200329_142718,39,Laptop,laptop_tablet,640,640,317,196,323.0,182.0,0.1435205078125,False,0,952a008090262cd6431bd0614f4d8084,2,False,False,317,196,640.0,378.0,False,False,False,True,pending,
UNUL00358,UNU-KEY E-Waste Dataset v44,CC BY 4.0,train,4399,3107,000000418198_jpg.rf.398d3050a788ba286f7d3e8aa59a2093.jpg,000000418198,39,Laptop,laptop_tablet,640,640,65,115,414.16,405.8,0.41031769531250006,True,0,76a3de654ed4db355b1565ce392f7a6b,1,False,False,65,115,479.16,520.8,False,False,False,False,pending,
UNUL00359,UNU-KEY E-Waste Dataset v44,CC BY 4.0,train,4401,3108,000000063835_jpg.rf.39a2dbff0b2b17be27986c7adaee9cdf.jpg,000000063835,39,Laptop,laptop_tablet,640,640,15,153,540.41,401.26,0.5294065346679687,True,0,1b1b55d1a7fcd17cf522a0ed82cd91e5,1,False,False,15,153,555.41,554.26,False,False,False,False,pending,
UNUL00360,UNU-KEY E-Waste Dataset v44,CC BY 4.0,train,4407,3113,000000565405_jpg.rf.396dce0c68fcd0a5875cb2cf1ce854bf.jpg,000000565405,39,Laptop,laptop_tablet,640,640,397,268,220.05,192.0,0.10314843750000001,True,0,67fdf1fcef805d075faacbf703b90349,1,False,False,397,268,617.05,460.0,False,False,False,False,pending,
UNUL00361,UNU-KEY E-Waste Dataset v44,CC BY 4.0,train,4439,3139,169_jpg.rf.3a178bd45073a5ea1c0bf8ac14518209.jpg,169,39,Laptop,laptop_tablet,640,640,255,4,155.0,634.0,0.2399169921875,False,0,aeb5d36724a323cdb340113a005df82c,1,False,False,255,4,410.0,638.0,False,False,False,False,pending,
UNUL00362,UNU-KEY E-Waste Dataset v44,CC BY 4.0,train,4466,3162,000000079869_jpg.rf.3aa346864320b8fa3c8cbd92d5b30ed6.jpg,000000079869,39,Laptop,laptop_tablet,640,640,183,379,188.275,44.89,0.02063394714355469,True,0,31d6f35e3cad98e962e9bfc839f6fdf6,1,False,False,183,379,371.275,423.89,False,True,False,False,pending,
UNUL00363,UNU-KEY E-Waste Dataset v44,CC BY 4.0,train,4478,3170,000000245971_jpg.rf.3a8432daa91cae706984ca103fa84de4.jpg,000000245971,39,Laptop,laptop_tablet,640,640,6,85,336.538,311.731,0.2561262872998047,True,0,4f4619e277a48723a5ab369e83f755f6,1,False,False,6,85,342.538,396.731,False,False,False,False,pending,
UNUL00364,UNU-KEY E-Waste Dataset v44,CC BY 4.0,train,4502,3183,000000426205_jpg.rf.3ac0b73073ea5b2b49e0c1ceb955b573.jpg,000000426205,39,Laptop,laptop_tablet,640,640,406,192,163.94,139.65,0.055894094238281254,True,0,79db0f6a2a1eabeeb5cf6b79704ef7c5,1,False,False,406,192,569.94,331.65,False,False,False,False,pending,
UNUL00365,UNU-KEY E-Waste Dataset v44,CC BY 4.0,train,4514,3192,000000510456_jpg.rf.3b147d75bd8c080fa23da21ea78563db.jpg,000000510456,39,Laptop,laptop_tablet,640,640,172,154,132.964,120.036,0.0389659831640625,True,0,56d4f620804cc9407403efc7c987e8ad,1,False,False,172,154,304.964,274.036,False,True,False,False,pending,
UNUL00366,UNU-KEY E-Waste Dataset v44,CC BY 4.0,train,4552,3223,000000046114_jpg.rf.3bb6642e0a9517930ee3a26807f45cbd.jpg,000000046114,39,Laptop,laptop_tablet,640,640,192,235,235.15,317.12,0.1820575390625,True,0,ce4b6207cc553d8b04954b1819514513,1,False,False,192,235,427.15,552.12,False,False,False,False,pending,
UNUL00367,UNU-KEY E-Waste Dataset v44,CC BY 4.0,train,4576,3243,000000544451_jpg.rf.3c0dd35f446e04abd88cf1f7c9577873.jpg,000000544451,39,Laptop,laptop_tablet,640,640,11,387,198.464,125.12,0.06062455,True,0,1a05e2499e02f820612c7e6939160c05,1,False,False,11,387,209.464,512.12,False,False,False,False,pending,
UNUL00368,UNU-KEY E-Waste Dataset v44,CC BY 4.0,train,4589,3250,000000456942_jpg.rf.3c047ef194521bb6eaa1c0f9a965745e.jpg,000000456942,39,Laptop,laptop_tablet,640,640,264,128,374.349,397.261,0.3630719191625977,True,0,05ce605ff41749737ecb2ebf1e2f3b0c,1,False,False,264,128,638.3489999999999,525.261,False,False,False,False,pending,
UNUL00369,UNU-KEY E-Waste Dataset v44,CC BY 4.0,train,4630,3278,000000559079_jpg.rf.3c821dcab2160f6d414600462252b72a.jpg,000000559079,39,Laptop,laptop_tablet,640,640,135,212,193.52,150.27,0.07099670507812501,True,0,e4fa3808aeaaaa80aaa18d7b5c337bcb,1,False,False,135,212,328.52,362.27,False,False,False,False,pending,
UNUL00370,UNU-KEY E-Waste Dataset v44,CC BY 4.0,train,4660,3300,000000460312_jpg.rf.3d36eb1db5dc2d08e524e9512c4017ed.jpg,000000460312,39,Laptop,laptop_tablet,640,640,397,350,140.95,82.34,0.028334528808593752,True,0,25f208f47bc27c12a0bfef153343076e,1,False,False,397,350,537.95,432.34000000000003,False,True,False,False,pending,
UNUL00371,UNU-KEY E-Waste Dataset v44,CC BY 4.0,train,4665,3302,000000313799_jpg.rf.3d4b717e3cb0ee2dda97eeec8dbb0e76.jpg,000000313799,39,Laptop,laptop_tablet,640,640,300,223,339.95,305.82,0.25381716064453125,True,0,4632d198873b012416a136525f14768a,1,False,False,300,223,639.95,528.8199999999999,False,False,False,False,pending,
UNUL00372,UNU-KEY E-Waste Dataset v44,CC BY 4.0,train,4727,3336,000000342098_jpg.rf.3de38e167ac01c021d9ca9e9cded2697.jpg,000000342098,39,Laptop,laptop_tablet,640,640,166,253,130.76,106.56,0.03401803125,True,0,b01f24d626d949102e2fd28446919a62,1,False,False,166,253,296.76,359.56,False,True,False,False,pending,
UNUL00373,UNU-KEY E-Waste Dataset v44,CC BY 4.0,train,4737,3339,000000238717_jpg.rf.3dff02319712536a82138480112efc99.jpg,000000238717,39,Laptop,laptop_tablet,640,640,21,165,226.57,177.18,0.09800701318359374,True,0,34a63ea3a258b617a39334f7e694aed0,1,False,False,21,165,247.57,342.18,False,False,False,False,pending,
UNUL00374,UNU-KEY E-Waste Dataset v44,CC BY 4.0,train,4741,3342,000000510609_jpg.rf.3de6f72ff4e33149fcc3310e57c9e666.jpg,000000510609,39,Laptop,laptop_tablet,640,640,24,173,348.047,348.047,0.2957439311743164,True,0,4cbff31c60552eada6c28e19742f5bcf,2,False,False,24,173,372.047,521.047,False,False,False,True,pending,
UNUL00375,UNU-KEY E-Waste Dataset v44,CC BY 4.0,train,4742,3342,000000510609_jpg.rf.3de6f72ff4e33149fcc3310e57c9e666.jpg,000000510609,39,Laptop,laptop_tablet,640,640,381,84,232.983,230.118,0.13089253416503907,True,0,4cbff31c60552eada6c28e19742f5bcf,2,False,False,381,84,613.983,314.118,False,False,False,True,pending,
UNUL00376,UNU-KEY E-Waste Dataset v44,CC BY 4.0,train,4798,3369,000000382653_jpg.rf.3ea09cafe3762d98c1ad0a66028dd353.jpg,000000382653,39,Laptop,laptop_tablet,640,640,312,126,285.84,186.61,0.130226080078125,True,0,ca32429227cbf15e791e445e85fa8705,2,False,False,312,126,597.8399999999999,312.61,False,False,False,True,pending,
UNUL00377,UNU-KEY E-Waste Dataset v44,CC BY 4.0,train,4799,3369,000000382653_jpg.rf.3ea09cafe3762d98c1ad0a66028dd353.jpg,000000382653,39,Laptop,laptop_tablet,640,640,137,288,116.49,75.51,0.021474999755859377,True,0,ca32429227cbf15e791e445e85fa8705,2,False,False,137,288,253.49,363.51,False,True,False,True,pending,
UNUL00378,UNU-KEY E-Waste Dataset v44,CC BY 4.0,train,4806,3372,000000060450_jpg.rf.3eb31bab31a88f769e856ba0f3137fc4.jpg,000000060450,39,Laptop,laptop_tablet,640,640,0,82,640.0,472.45,0.738203125,True,0,3a80c4fffe62f19542e54111c2f2ce21,1,False,False,0,82,640.0,554.45,False,False,False,False,pending,
UNUL00379,UNU-KEY E-Waste Dataset v44,CC BY 4.0,train,4817,3380,000000308117_jpg.rf.3f01e5bfb1e60d8c90f3866207aa89a3.jpg,000000308117,39,Laptop,laptop_tablet,640,640,11,439,203.23,54.58,0.027080794433593746,True,0,ce38b19781d3845377d25d801860e102,1,False,False,11,439,214.23,493.58,False,True,False,False,pending,
UNUL00380,UNU-KEY E-Waste Dataset v44,CC BY 4.0,train,4846,3401,000000357992_jpg.rf.3f18fca26c4e946cdf6e3e32efac0d53.jpg,000000357992,39,Laptop,laptop_tablet,640,640,269,278,152.781,130.022,0.048498269487304686,True,0,7b90351821698956b1c00a4b5f24b310,2,False,False,269,278,421.781,408.022,False,True,False,True,pending,
UNUL00381,UNU-KEY E-Waste Dataset v44,CC BY 4.0,train,4847,3401,000000357992_jpg.rf.3f18fca26c4e946cdf6e3e32efac0d53.jpg,000000357992,39,Laptop,laptop_tablet,640,640,433,296,190.605,166.272,0.0773737171875,True,0,7b90351821698956b1c00a4b5f24b310,2,False,False,433,296,623.605,462.272,False,False,False,True,pending,
UNUL00382,UNU-KEY E-Waste Dataset v44,CC BY 4.0,train,4855,3406,000000218494_jpg.rf.3f3601589c05a49b8657b571d75be9ed.jpg,000000218494,39,Laptop,laptop_tablet,640,640,65,148,431.54,367.35,0.3870269018554688,True,0,7680a6cda9214a33d6faee41edd9357e,1,False,False,65,148,496.54,515.35,False,False,False,False,pending,
UNUL00383,UNU-KEY E-Waste Dataset v44,CC BY 4.0,train,4888,3417,Copy-of-IMG_20200328_132151_jpg.rf.3fe7c7ecfd089ebbeeb0138e2cd786d7.jpg,Copy-of-IMG_20200328_132151,39,Laptop,laptop_tablet,640,640,0,123,540.0,386.0,0.50888671875,False,0,8efa835e330bbb32b862280a087feb09,1,False,False,0,123,540.0,509.0,False,False,False,False,pending,
UNUL00384,UNU-KEY E-Waste Dataset v44,CC BY 4.0,train,4912,3434,64e35c57653d30c1_jpg.rf.408a786806a8d6d2eb0f4bce0ba5c8b5.jpg,64e35c57653d30c1,39,Laptop,laptop_tablet,640,640,404,255,236.0,275.0,0.158447265625,False,0,27bf294649b355063fc9041956898099,1,False,False,404,255,640.0,530.0,False,False,False,False,pending,
UNUL00385,UNU-KEY E-Waste Dataset v44,CC BY 4.0,train,4958,3465,000000556091_jpg.rf.412c619660d88d1ac973aef796c71083.jpg,000000556091,39,Laptop,laptop_tablet,640,640,140,178,175.79,168.29,0.07222582788085936,True,0,70af9880854cc092ac2ea721490c7664,1,False,False,140,178,315.78999999999996,346.28999999999996,False,False,False,False,pending,
UNUL00386,UNU-KEY E-Waste Dataset v44,CC BY 4.0,train,4987,3488,000000387517_jpg.rf.41c5afb8f9044870e2d09ba2d98d8610.jpg,000000387517,39,Laptop,laptop_tablet,640,640,339,366,189.77,172.7,0.08001288818359376,True,0,59437f68cd41e912f382ad571c92ac7e,1,False,False,339,366,528.77,538.7,False,False,False,False,pending,
UNUL00387,UNU-KEY E-Waste Dataset v44,CC BY 4.0,train,4991,3490,192_jpeg.rf.4170c51d83085adf0e44065c88af1d20.jpg,192,39,Laptop,laptop_tablet,640,640,72,185,472.0,290.0,0.3341796875,False,0,99e92206722a2cf0bce509bca894c402,1,False,False,72,185,544.0,475.0,False,False,False,False,pending,
UNUL00388,UNU-KEY E-Waste Dataset v44,CC BY 4.0,train,5018,3499,000000223540_jpg.rf.41d0d571f74870b8adc072d70c21ac43.jpg,000000223540,39,Laptop,laptop_tablet,640,640,396,367,60.27,12.41,0.0018260515136718752,True,0,6e74163718b63e2b966fabdad18fb491,1,False,False,396,367,456.27,379.41,True,False,False,False,review,
UNUL00389,UNU-KEY E-Waste Dataset v44,CC BY 4.0,train,5031,3509,000000150127_jpg.rf.41d3ee95b1e6a31d1368ceacdeedb44d.jpg,000000150127,39,Laptop,laptop_tablet,640,640,300,279,64.72,43.15,0.006818037109374999,True,0,db788f94c38f4199b955c7bffb2eff83,1,False,False,300,279,364.72,322.15,True,False,False,False,review,
UNUL00390,UNU-KEY E-Waste Dataset v44,CC BY 4.0,train,5043,3517,151_jpeg.rf.4211d69ba00730e4517ad2fa09c4a6eb.jpg,151,39,Laptop,laptop_tablet,640,640,1,115,627.0,434.0,0.6643505859375,False,0,79f412bcd3c931248df37808b89f7769,1,False,False,1,115,628.0,549.0,False,False,False,False,pending,
UNUL00391,UNU-KEY E-Waste Dataset v44,CC BY 4.0,train,5050,3523,000000129821_jpg.rf.4229c69519343c131295ecaf822fb02b.jpg,000000129821,39,Laptop,laptop_tablet,640,640,205,267,200.37,208.68,0.1020830361328125,True,0,b9b7d82697c3736fceecc3a33bf78cfa,4,False,False,205,267,405.37,475.68,False,False,False,True,pending,
UNUL00392,UNU-KEY E-Waste Dataset v44,CC BY 4.0,train,5051,3523,000000129821_jpg.rf.4229c69519343c131295ecaf822fb02b.jpg,000000129821,39,Laptop,laptop_tablet,640,640,408,273,164.33,191.21,0.07671274243164064,True,0,b9b7d82697c3736fceecc3a33bf78cfa,4,False,False,408,273,572.33,464.21000000000004,False,False,False,True,pending,
UNUL00393,UNU-KEY E-Waste Dataset v44,CC BY 4.0,train,5052,3523,000000129821_jpg.rf.4229c69519343c131295ecaf822fb02b.jpg,000000129821,39,Laptop,laptop_tablet,640,640,352,140,163.42,203.87,0.08133895361328124,True,0,b9b7d82697c3736fceecc3a33bf78cfa,4,False,False,352,140,515.42,343.87,False,False,False,True,pending,
UNUL00394,UNU-KEY E-Waste Dataset v44,CC BY 4.0,train,5053,3523,000000129821_jpg.rf.4229c69519343c131295ecaf822fb02b.jpg,000000129821,39,Laptop,laptop_tablet,640,640,28,295,225.7,242.75,0.13376141357421875,True,0,b9b7d82697c3736fceecc3a33bf78cfa,4,False,False,28,295,253.7,537.75,False,False,False,True,pending,
UNUL00395,UNU-KEY E-Waste Dataset v44,CC BY 4.0,train,5099,3555,Lenovo-Laptop-314AL-C6-1_jpg.rf.42933d27b7b49fcdc3b5cd62543d1e22.jpg,Lenovo-Laptop-314AL-C6-1,39,Laptop,laptop_tablet,640,640,40,171,565.0,450.0,0.6207275390625,False,0,2bb8f0122c0772ef935094ce0bc047c9,1,False,False,40,171,605.0,621.0,False,False,False,False,pending,
UNUL00396,UNU-KEY E-Waste Dataset v44,CC BY 4.0,train,5139,3585,65cb28a0412e7958_jpg.rf.4346f691c0eb59c4eb22a5d48dc9f499.jpg,65cb28a0412e7958,39,Laptop,laptop_tablet,640,640,6,3,340.0,620.0,0.5146484375,False,0,e39e33ae248d3fcb912bc5742645135e,1,False,False,6,3,346.0,623.0,False,False,False,False,pending,
UNUL00397,UNU-KEY E-Waste Dataset v44,CC BY 4.0,train,5208,3603,000000528049_jpg.rf.4337dc66a011de0aff021688555d5da8.jpg,000000528049,39,Laptop,laptop_tablet,640,640,2,108,300.34,376.14,0.2758053896484375,True,0,c7955e132db60e7802bea9a116aa96b3,2,False,False,2,108,302.34,484.14,False,False,False,True,pending,
UNUL00398,UNU-KEY E-Waste Dataset v44,CC BY 4.0,train,5209,3603,000000528049_jpg.rf.4337dc66a011de0aff021688555d5da8.jpg,000000528049,39,Laptop,laptop_tablet,640,640,328,109,311.83,386.7,0.2943961450195312,True,0,c7955e132db60e7802bea9a116aa96b3,2,False,False,328,109,639.8299999999999,495.7,False,False,False,True,pending,
UNUL00399,UNU-KEY E-Waste Dataset v44,CC BY 4.0,train,5223,3614,000000388412_jpg.rf.43a5b9afdb49b6baa9d7dbb3f4e26c7d.jpg,000000388412,39,Laptop,laptop_tablet,640,640,314,208,303.3,294.99,0.21843375732421877,True,0,f9ec5260d532e4cbcf815a5c99880617,1,False,False,314,208,617.3,502.99,False,False,False,False,pending,
UNUL00400,UNU-KEY E-Waste Dataset v44,CC BY 4.0,train,5233,3617,IMG_20200329_152746_jpg.rf.43b0b20906d9b561fd30f2197b4667a2.jpg,IMG_20200329_152746,39,Laptop,laptop_tablet,640,640,243,124,283.0,319.0,0.22040283203125,False,0,02a004fe1271fd38070f15ee5ca45426,1,True,False,243,124,526.0,443.0,False,False,False,False,review,
UNUL00401,UNU-KEY E-Waste Dataset v44,CC BY 4.0,train,5266,3645,IMG_20200329_142759_jpg.rf.4418917ae67a071c523efb2ecdf68474.jpg,IMG_20200329_142759,39,Laptop,laptop_tablet,640,640,1,108,206.0,406.0,0.204189453125,False,0,4f996f8d4f8d176de7dd68863c88a443,2,False,False,1,108,207.0,514.0,False,False,False,True,pending,
UNUL00402,UNU-KEY E-Waste Dataset v44,CC BY 4.0,train,5267,3645,IMG_20200329_142759_jpg.rf.4418917ae67a071c523efb2ecdf68474.jpg,IMG_20200329_142759,39,Laptop,laptop_tablet,640,640,223,81,375.0,450.0,0.4119873046875,False,0,4f996f8d4f8d176de7dd68863c88a443,2,False,False,223,81,598.0,531.0,False,False,False,True,pending,
UNUL00403,UNU-KEY E-Waste Dataset v44,CC BY 4.0,train,5278,3656,000000119849_jpg.rf.44a053cc6f7c1bf0d39e694a548d63f0.jpg,000000119849,39,Laptop,laptop_tablet,640,640,58,155,427.26,394.97,0.4119992241210938,True,0,93d445b8e03b894acf216f03e72b94e7,1,False,False,58,155,485.26,549.97,False,False,False,False,pending,
UNUL00404,UNU-KEY E-Waste Dataset v44,CC BY 4.0,train,5315,3686,000000163348_jpg.rf.44d6521525dac2a6f63a98f2d21010c9.jpg,000000163348,39,Laptop,laptop_tablet,640,640,24,159,233.856,233.242,0.133166604375,True,0,62c5f468ec5e0faac9e1ac0e1abd6969,1,False,False,24,159,257.856,392.24199999999996,False,False,False,False,pending,
UNUL00405,UNU-KEY E-Waste Dataset v44,CC BY 4.0,train,5330,3698,190_jpeg.rf.4558197b96bd19687020584ee9d1585c.jpg,190,39,Laptop,laptop_tablet,640,640,119,87,520.0,472.0,0.59921875,False,0,92a2dff0731344b074d2b89d667235d3,1,False,False,119,87,639.0,559.0,False,False,False,False,pending,
UNUL00406,UNU-KEY E-Waste Dataset v44,CC BY 4.0,train,5339,3704,000000051021_jpg.rf.457983f1538991e216b545da9c07cf92.jpg,000000051021,39,Laptop,laptop_tablet,640,640,450,171,161.08,147.03,0.0578212705078125,True,0,155d3e6365b646f86eba2f3dc9634d3b,1,False,False,450,171,611.08,318.03,False,False,False,False,pending,
UNUL00407,UNU-KEY E-Waste Dataset v44,CC BY 4.0,train,5356,3715,000000461042_jpg.rf.45c84bb5836b50f5613a577669e34406.jpg,000000461042,39,Laptop,laptop_tablet,640,640,251,255,222.195,190.912,0.10356370078125,True,0,a6245748334772f3a02052e725f99f7b,2,False,False,251,255,473.195,445.91200000000003,False,False,False,True,pending,
UNUL00408,UNU-KEY E-Waste Dataset v44,CC BY 4.0,train,5357,3715,000000461042_jpg.rf.45c84bb5836b50f5613a577669e34406.jpg,000000461042,39,Laptop,laptop_tablet,640,640,75,249,151.654,131.341,0.04862887698730469,True,0,a6245748334772f3a02052e725f99f7b,2,False,False,75,249,226.654,380.341,False,True,False,True,pending,
UNUL00409,UNU-KEY E-Waste Dataset v44,CC BY 4.0,train,5374,3726,000000123083_jpg.rf.4627ba6587d598c53195aaa63bcc886c.jpg,000000123083,39,Laptop,laptop_tablet,640,640,325,291,256.2,140.1,0.08763090820312498,True,0,4b6bbd0698ae81d22b7770cf4f7073d4,1,False,False,325,291,581.2,431.1,False,False,False,False,pending,
UNUL00410,UNU-KEY E-Waste Dataset v44,CC BY 4.0,train,5379,3730,000000432522_jpg.rf.463022f9d5358df0a6e141dc9296ac96.jpg,000000432522,39,Laptop,laptop_tablet,640,640,323,400,142.38,94.92,0.032994896484375,True,0,d4df003fa0eefafe3f7a8c76667ebcc6,2,False,False,323,400,465.38,494.92,False,True,False,True,pending,
UNUL00411,UNU-KEY E-Waste Dataset v44,CC BY 4.0,train,5380,3730,000000432522_jpg.rf.463022f9d5358df0a6e141dc9296ac96.jpg,000000432522,39,Laptop,laptop_tablet,640,640,229,379,124.01,76.82,0.023257930175781247,True,0,d4df003fa0eefafe3f7a8c76667ebcc6,2,False,False,229,379,353.01,455.82,False,True,False,True,pending,
UNUL00412,UNU-KEY E-Waste Dataset v44,CC BY 4.0,train,5386,3731,000000008721_jpg.rf.45fb78844edba142980aa4db64a643fe.jpg,000000008721,39,Laptop,laptop_tablet,640,640,272,232,174.746,167.194,0.07132930352539063,True,0,7fec5b101035a26ec82367663f712d26,1,False,False,272,232,446.746,399.19399999999996,False,False,False,False,pending,
UNUL00413,UNU-KEY E-Waste Dataset v44,CC BY 4.0,train,5399,3737,maxresdefault_jpeg.rf.45f577c509df483d0be645023548be40.jpg,maxresdefault,39,Laptop,laptop_tablet,640,640,319,292,109.5,89.0,0.023792724609375,True,0,494ef56d70bc49f4dd42dc35fff0e374,1,False,False,319,292,428.5,381.0,False,True,False,False,pending,
UNUL00414,UNU-KEY E-Waste Dataset v44,CC BY 4.0,train,5404,3739,000000073353_jpg.rf.45f51ccf0d7309e46070a0d0cb9817d8.jpg,000000073353,39,Laptop,laptop_tablet,640,640,261,162,299.15,227.82,0.16638758056640623,True,0,e19b22388f41af12a37e59c2726c1bb2,1,False,False,261,162,560.15,389.82,False,False,False,False,pending,
UNUL00415,UNU-KEY E-Waste Dataset v44,CC BY 4.0,train,5426,3756,262_jpeg.rf.46c98b146a8aba3ca9c334adb3abae74.jpg,262,39,Laptop,laptop_tablet,640,640,103,68,450.0,572.0,0.62841796875,False,0,d41ee67b839ec20e88c0e59a093b9b7d,1,False,False,103,68,553.0,640.0,False,False,False,False,pending,
UNUL00416,UNU-KEY E-Waste Dataset v44,CC BY 4.0,train,5436,3764,000000091617_jpg.rf.4672268d91acc6dd9614fcf41b739d5b.jpg,000000091617,39,Laptop,laptop_tablet,640,640,254,307,75.14,89.84,0.016480902343750003,True,0,ae22f817090f2310ece95eed99a1f276,1,False,False,254,307,329.14,396.84000000000003,True,False,False,False,review,
UNUL00417,UNU-KEY E-Waste Dataset v44,CC BY 4.0,train,5442,3767,000000304716_jpg.rf.469499ba6b8b23f26359a0df4935a826.jpg,000000304716,39,Laptop,laptop_tablet,640,640,0,118,414.18,398.25,0.4027030883789062,True,0,3ac7e785066baec025cd7896707b2b36,1,False,False,0,118,414.18,516.25,False,False,False,False,pending,
UNUL00418,UNU-KEY E-Waste Dataset v44,CC BY 4.0,train,5458,3779,00107c014500a8cb_jpg.rf.46ec8f9b0422a6059089fb1d8c1435c0.jpg,00107c014500a8cb,39,Laptop,laptop_tablet,640,640,399,258,160.0,183.0,0.071484375,False,0,64693dfd76930fa08d7ea8f6a329607d,1,False,True,399,258,559.0,441.0,False,False,False,False,review,
UNUL00419,UNU-KEY E-Waste Dataset v44,CC BY 4.0,train,5467,3788,000000577091_jpg.rf.470802e12b12282729366c43eebc76db.jpg,000000577091,39,Laptop,laptop_tablet,640,640,42,291,210.52,130.72,0.06718548437499999,True,0,db886af3072754fcc0422a9725c6a198,1,False,False,42,291,252.52,421.72,False,False,False,False,pending,
UNUL00420,UNU-KEY E-Waste Dataset v44,CC BY 4.0,train,5490,3808,000000058886_jpg.rf.4748a795a8fce1ed55fdd32f6b1f3ce5.jpg,000000058886,39,Laptop,laptop_tablet,640,640,219,168,142.82,181.47,0.06327525732421875,True,0,27a625798d52afeec2ef3abd4c27b2d4,1,False,False,219,168,361.82,349.47,False,False,False,False,pending,
UNUL00421,UNU-KEY E-Waste Dataset v44,CC BY 4.0,train,5520,3828,000000287578_jpg.rf.47cc7b05e7bc62b6c4253fd64b8e9ce1.jpg,000000287578,39,Laptop,laptop_tablet,640,640,92,193,180.659,158.272,0.06980776671875,True,0,bd6a52d9fc66df4d9738788831f2c997,1,False,False,92,193,272.659,351.272,False,False,False,False,pending,
UNUL00422,UNU-KEY E-Waste Dataset v44,CC BY 4.0,train,5526,3831,002b3b1e21a24ef5_jpg.rf.47cd995c626cd6379d88ff413bed9e5b.jpg,002b3b1e21a24ef5,39,Laptop,laptop_tablet,640,640,39,54,420.0,469.0,0.480908203125,False,0,5a88aacb7058cfbeb54bd17b6f6093a4,1,False,False,39,54,459.0,523.0,False,False,False,False,pending,
UNUL00423,UNU-KEY E-Waste Dataset v44,CC BY 4.0,train,5539,3839,000000024721_jpg.rf.481897e0b3d70f1577a0d438eac2cf16.jpg,000000024721,39,Laptop,laptop_tablet,640,640,446,307,138.22,94.56,0.031909382812500005,True,0,3bc44921ec2ab97514457ec43db00eeb,1,False,False,446,307,584.22,401.56,False,True,False,False,pending,
UNUL00424,UNU-KEY E-Waste Dataset v44,CC BY 4.0,train,5617,3865,000000391000_jpg.rf.485b87ce8d8a62aa3caa1df4ce271504.jpg,000000391000,39,Laptop,laptop_tablet,640,640,195,25,262.95,235.098,0.15092533959960938,True,0,4fb47df657926f9185d82fae1560c67e,1,False,False,195,25,457.95,260.098,False,False,False,False,pending,
UNUL00425,UNU-KEY E-Waste Dataset v44,CC BY 4.0,train,5637,3875,000000154202_jpg.rf.4899d211497de3cc8e09d065ff1aaaf2.jpg,000000154202,39,Laptop,laptop_tablet,640,640,261,156,174.08,110.08,0.046784,True,0,d2babac4d2d36280e46bde2acea0e87e,2,False,False,261,156,435.08000000000004,266.08,False,True,False,True,pending,
UNUL00426,UNU-KEY E-Waste Dataset v44,CC BY 4.0,train,5639,3875,000000154202_jpg.rf.4899d211497de3cc8e09d065ff1aaaf2.jpg,000000154202,39,Laptop,laptop_tablet,640,640,305,391,109.43,108.19,0.028904374267578126,True,0,d2babac4d2d36280e46bde2acea0e87e,2,False,False,305,391,414.43,499.19,False,True,False,True,pending,
UNUL00427,UNU-KEY E-Waste Dataset v44,CC BY 4.0,train,5640,3876,000000518592_jpg.rf.48a5dba798022b154b2c0036b3a4a88a.jpg,000000518592,39,Laptop,laptop_tablet,640,640,153,82,486.83,471.37,0.5602467214355469,True,0,beefd474e6cabe6b00486a92c3e96153,1,False,False,153,82,639.8299999999999,553.37,False,False,False,False,pending,
UNUL00428,UNU-KEY E-Waste Dataset v44,CC BY 4.0,train,5649,3881,000000544253_jpg.rf.48b14edf69e8317f2828a083ae9a6d20.jpg,000000544253,39,Laptop,laptop_tablet,640,640,94,123,349.49,367.82,0.31384133740234377,True,0,43690f5c5caa4bc0a670bee044e64ee2,1,False,False,94,123,443.49,490.82,False,False,False,False,pending,
UNUL00429,UNU-KEY E-Waste Dataset v44,CC BY 4.0,train,5658,3886,000000378807_jpg.rf.488cf7d6459ddc32a64d8dbd271ea0ed.jpg,000000378807,39,Laptop,laptop_tablet,640,640,64,156,251.96,307.08,0.18889618359375,True,0,a4efe9a9b5e2b3195f931d4b70369fe3,1,False,False,64,156,315.96000000000004,463.08,False,False,False,False,pending,
UNUL00430,UNU-KEY E-Waste Dataset v44,CC BY 4.0,train,5671,3897,000000214563_jpg.rf.48ea0fe792e8e75ccb238b0130e67e2e.jpg,000000214563,39,Laptop,laptop_tablet,640,640,237,198,136.99,134.83,0.04509365649414063,True,0,6bb52f1f7e8e973b8acfe4c51246616f,5,False,False,237,198,373.99,332.83000000000004,False,True,False,True,pending,
UNUL00431,UNU-KEY E-Waste Dataset v44,CC BY 4.0,train,5672,3897,000000214563_jpg.rf.48ea0fe792e8e75ccb238b0130e67e2e.jpg,000000214563,39,Laptop,laptop_tablet,640,640,91,286,288.0,267.51,0.18809296875,True,0,6bb52f1f7e8e973b8acfe4c51246616f,5,False,False,91,286,379.0,553.51,False,False,False,True,pending,
UNUL00432,UNU-KEY E-Waste Dataset v44,CC BY 4.0,train,5673,3897,000000214563_jpg.rf.48ea0fe792e8e75ccb238b0130e67e2e.jpg,000000214563,39,Laptop,laptop_tablet,640,640,270,83,167.19,157.48,0.06427998339843749,True,0,6bb52f1f7e8e973b8acfe4c51246616f,5,False,False,270,83,437.19,240.48,False,False,False,True,pending,
UNUL00433,UNU-KEY E-Waste Dataset v44,CC BY 4.0,train,5674,3897,000000214563_jpg.rf.48ea0fe792e8e75ccb238b0130e67e2e.jpg,000000214563,39,Laptop,laptop_tablet,640,640,374,279,186.85,131.01,0.05976371704101562,True,0,6bb52f1f7e8e973b8acfe4c51246616f,5,False,False,374,279,560.85,410.01,False,False,False,True,pending,
UNUL00434,UNU-KEY E-Waste Dataset v44,CC BY 4.0,train,5675,3897,000000214563_jpg.rf.48ea0fe792e8e75ccb238b0130e67e2e.jpg,000000214563,39,Laptop,laptop_tablet,640,640,1,147,237.3,258.87,0.14997522216796877,True,0,6bb52f1f7e8e973b8acfe4c51246616f,5,False,False,1,147,238.3,405.87,False,False,False,True,pending,
UNUL00435,UNU-KEY E-Waste Dataset v44,CC BY 4.0,train,5676,3898,00767fb6565581c6_jpg.rf.49396f1a5a076e380d4c86bfd0ad2e6f.jpg,00767fb6565581c6,39,Laptop,laptop_tablet,640,640,184,1,455.0,257.0,0.28548583984375,False,0,f3413b3f40e39939d00d7eb357a073b0,1,False,False,184,1,639.0,258.0,False,False,False,False,pending,
UNUL00436,UNU-KEY E-Waste Dataset v44,CC BY 4.0,train,5688,3908,000000381192_jpg.rf.49066690bd01d1098c858e45a9b91bb4.jpg,000000381192,39,Laptop,laptop_tablet,640,640,211,282,129.28,119.68,0.037774,True,0,4b25fa9515d057c1b9251f793f175b08,2,False,False,211,282,340.28,401.68,False,True,False,True,pending,
UNUL00437,UNU-KEY E-Waste Dataset v44,CC BY 4.0,train,5692,3908,000000381192_jpg.rf.49066690bd01d1098c858e45a9b91bb4.jpg,000000381192,39,Laptop,laptop_tablet,640,640,16,295,187.52,144.0,0.065925,True,0,4b25fa9515d057c1b9251f793f175b08,2,False,False,16,295,203.52,439.0,False,False,False,True,pending,
UNUL00438,UNU-KEY E-Waste Dataset v44,CC BY 4.0,train,5694,3909,000000164103_jpg.rf.49440e19e6d7deb6252b64fae7cbe7a1.jpg,000000164103,39,Laptop,laptop_tablet,640,640,83,81,445.48,299.86,0.326127033203125,True,0,fd940821bbd2df212ed833e770c4bd12,1,False,False,83,81,528.48,380.86,False,False,False,False,pending,
UNUL00439,UNU-KEY E-Waste Dataset v44,CC BY 4.0,train,5718,3926,Copy-of-IMG_20200328_132116_jpg.rf.498ed77e1c3250cf4911d403116043f1.jpg,Copy-of-IMG_20200328_132116,39,Laptop,laptop_tablet,640,640,70,154,570.0,403.0,0.5608154296875,False,0,8e471570941c663ddfb97edb65e1bf4b,1,False,False,70,154,640.0,557.0,False,False,False,False,pending,
UNUL00440,UNU-KEY E-Waste Dataset v44,CC BY 4.0,train,5721,3928,000000347763_jpg.rf.4996414895551c704c3a593775c3ba25.jpg,000000347763,39,Laptop,laptop_tablet,640,640,205,347,282.87,212.13,0.14649710229492188,True,0,94db0fe8f1d5ce668bcb564659e998d4,1,False,False,205,347,487.87,559.13,False,False,False,False,pending,
UNUL00441,UNU-KEY E-Waste Dataset v44,CC BY 4.0,train,5724,3930,000000162848_jpg.rf.498e1b5d463ce94c60da8a58abaf5742.jpg,000000162848,39,Laptop,laptop_tablet,640,640,45,283,226.918,180.774,0.10014861946289062,True,0,3e79ccad4cd90eecefe7567836a41151,1,False,False,45,283,271.918,463.774,False,False,False,False,pending,
UNUL00442,UNU-KEY E-Waste Dataset v44,CC BY 4.0,train,5727,3931,000000270096_jpg.rf.49bcd0993d968fdcabc7079f52222058.jpg,000000270096,39,Laptop,laptop_tablet,640,640,49,260,221.62,228.11,0.12342221240234377,True,0,c6a413323ad7b03c25a3cc62d48c2647,1,False,False,49,260,270.62,488.11,False,False,False,False,pending,
UNUL00443,UNU-KEY E-Waste Dataset v44,CC BY 4.0,train,5746,3942,000000549759_jpg.rf.49b59a7b1f01767ca6bd87cf8152defa.jpg,000000549759,39,Laptop,laptop_tablet,640,640,116,236,522.96,317.85,0.405817470703125,True,0,1209105ab60eba5094a2c6e28cc828f2,1,False,False,116,236,638.96,553.85,False,False,False,False,pending,
UNUL00444,UNU-KEY E-Waste Dataset v44,CC BY 4.0,train,5747,3943,IMG_20200329_142704_jpg.rf.49b35d6a03165c7e5acb3274c2abd84b.jpg,IMG_20200329_142704,39,Laptop,laptop_tablet,640,640,115,3,334.0,298.0,0.242998046875,False,0,4768a253a8c4df74fa1786ad0ea43be1,2,False,False,115,3,449.0,301.0,False,False,False,True,pending,
UNUL00445,UNU-KEY E-Waste Dataset v44,CC BY 4.0,train,5748,3943,IMG_20200329_142704_jpg.rf.49b35d6a03165c7e5acb3274c2abd84b.jpg,IMG_20200329_142704,39,Laptop,laptop_tablet,640,640,81,204,479.0,436.0,0.509873046875,False,0,4768a253a8c4df74fa1786ad0ea43be1,2,False,False,81,204,560.0,640.0,False,False,False,True,pending,
UNUL00446,UNU-KEY E-Waste Dataset v44,CC BY 4.0,train,5800,3975,000000504896_jpg.rf.4a3ca5a06574bde944b94c0bad606740.jpg,000000504896,39,Laptop,laptop_tablet,640,640,90,141,145.178,114.573,0.04060907957519531,True,0,387ebcfb011806015664360fd03e8c8d,1,False,False,90,141,235.178,255.57299999999998,False,True,False,False,pending,
UNUL00447,UNU-KEY E-Waste Dataset v44,CC BY 4.0,train,5818,3989,3f2ae9d9771af9fc_jpg.rf.4a96c2522011e3f0642154f8ca6dfc1f.jpg,3f2ae9d9771af9fc,39,Laptop,laptop_tablet,640,640,308,0,332.0,638.0,0.51712890625,False,0,2a71a2d5fb73f3af005faa5353b90cc0,1,False,False,308,0,640.0,638.0,False,False,False,False,pending,
UNUL00448,UNU-KEY E-Waste Dataset v44,CC BY 4.0,train,5864,3993,000000385641_jpg.rf.4a842bebdfb108aed983b44f49716773.jpg,000000385641,39,Laptop,laptop_tablet,640,640,7,71,593.69,509.747,0.7388469151123047,True,0,cf6f7eafeb98c4896fe162eeb545dbe8,1,False,False,7,71,600.69,580.7470000000001,False,False,False,False,pending,
UNUL00449,UNU-KEY E-Waste Dataset v44,CC BY 4.0,train,5884,4009,000000060706_jpg.rf.4b0c7d054efac4b7effc90be416d8c23.jpg,000000060706,39,Laptop,laptop_tablet,640,640,24,180,322.163,343.782,0.2703951183251953,True,0,423578b541a4ccc0e94c732b310c58d9,2,False,False,24,180,346.163,523.7819999999999,False,False,False,True,pending,
UNUL00450,UNU-KEY E-Waste Dataset v44,CC BY 4.0,train,5885,4009,000000060706_jpg.rf.4b0c7d054efac4b7effc90be416d8c23.jpg,000000060706,39,Laptop,laptop_tablet,640,640,334,117,208.653,227.021,0.11564602713134764,True,0,423578b541a4ccc0e94c732b310c58d9,2,False,False,334,117,542.653,344.02099999999996,False,False,False,True,pending,
UNUL00451,UNU-KEY E-Waste Dataset v44,CC BY 4.0,train,5896,4012,000000224056_jpg.rf.4ae707492d550270c9fbb05cbba384bf.jpg,000000224056,39,Laptop,laptop_tablet,640,640,281,146,359.06,331.63,0.2907106147460938,True,0,d397fce2ba2794c7b4b6a77adc5cdb11,2,False,False,281,146,640.06,477.63,False,False,False,True,pending,
UNUL00452,UNU-KEY E-Waste Dataset v44,CC BY 4.0,train,5897,4012,000000224056_jpg.rf.4ae707492d550270c9fbb05cbba384bf.jpg,000000224056,39,Laptop,laptop_tablet,640,640,60,140,298.44,258.65,0.18845582519531248,True,0,d397fce2ba2794c7b4b6a77adc5cdb11,2,False,False,60,140,358.44,398.65,False,False,False,True,pending,
UNUL00453,UNU-KEY E-Waste Dataset v44,CC BY 4.0,train,5929,4030,000000081074_jpg.rf.4b65a78ef0234fc49fa7d81ca8a217c7.jpg,000000081074,39,Laptop,laptop_tablet,640,640,392,230,140.73,145.51,0.049994195068359365,True,0,4937eb490950f6a9a712d887771f7504,1,False,False,392,230,532.73,375.51,False,True,False,False,pending,
UNUL00454,UNU-KEY E-Waste Dataset v44,CC BY 4.0,train,5941,4038,000000321701_jpg.rf.4b509f8937d8742816dff2df289ac4a4.jpg,000000321701,39,Laptop,laptop_tablet,640,640,235,367,205.82,128.28,0.064459447265625,True,0,ac3879bd7e9d63b82beb080a035d8843,1,False,False,235,367,440.82,495.28,False,False,False,False,pending,
UNUL00455,UNU-KEY E-Waste Dataset v44,CC BY 4.0,train,5974,4069,Copy-of-IMG_20200328_132135_jpg.rf.4bf5df363f193c4c83fb3870a174a9fa.jpg,Copy-of-IMG_20200328_132135,39,Laptop,laptop_tablet,640,640,81,175,479.0,442.0,0.5168896484375,False,0,4d08090124bc1b67c8c1d04da328f909,1,False,False,81,175,560.0,617.0,False,False,False,False,pending,
UNUL00456,UNU-KEY E-Waste Dataset v44,CC BY 4.0,train,5981,4076,000000004057_jpg.rf.4c22c98d56d43923e01895100508d25a.jpg,000000004057,39,Laptop,laptop_tablet,640,640,61,135,343.01,282.61,0.23666517602539064,True,0,dff48bd3fc079127bd417b38288ee0ce,1,False,False,61,135,404.01,417.61,False,False,False,False,pending,
UNUL00457,UNU-KEY E-Waste Dataset v44,CC BY 4.0,train,6024,4111,000000227656_jpg.rf.4cb72c9f499740cfc4e6e85e0765583a.jpg,000000227656,39,Laptop,laptop_tablet,640,640,148,252,375.37,371.05,0.3400415979003906,True,0,091ea5fb0d1c853fc93a04cc6f0218e7,1,False,False,148,252,523.37,623.05,False,False,False,False,pending,
UNUL00458,UNU-KEY E-Waste Dataset v44,CC BY 4.0,train,6086,4169,000000131203_jpg.rf.4dd0401a1d1408f45fa60ecd0999d0ec.jpg,000000131203,39,Laptop,laptop_tablet,640,640,93,107,477.97,399.11,0.4657290202636719,True,0,ae1c6b88f45db3d40e01190a5056e1e0,1,False,False,93,107,570.97,506.11,False,False,False,False,pending,
UNUL00459,UNU-KEY E-Waste Dataset v44,CC BY 4.0,train,6092,4173,000000341874_jpg.rf.4df8185ad93e31da802a61523c705512.jpg,000000341874,39,Laptop,laptop_tablet,640,640,0,248,437.93,265.35,0.2837029431152344,True,0,664fb9796a6e9b680372fa22fed24bd6,1,False,False,0,248,437.93,513.35,False,False,False,False,pending,
UNUL00460,UNU-KEY E-Waste Dataset v44,CC BY 4.0,train,6099,4175,000000234555_jpg.rf.4dee986074c478a4c40eb19c4d83ffd1.jpg,000000234555,39,Laptop,laptop_tablet,640,640,346,223,174.55,267.64,0.1140541064453125,True,0,10f1a32309d9d172b42c0e45c0a06ac4,1,False,False,346,223,520.55,490.64,False,False,False,False,pending,
UNUL00461,UNU-KEY E-Waste Dataset v44,CC BY 4.0,train,6140,4205,abc_jpg.rf.4e6f5bdf5d0191edc04fa925221fc997.jpg,abc,39,Laptop,laptop_tablet,640,640,51,85,589.0,521.0,0.74919189453125,False,0,6e706ec25eab2e238a66a45971fc386a,1,False,True,51,85,640.0,606.0,False,False,False,False,review,
UNUL00462,UNU-KEY E-Waste Dataset v44,CC BY 4.0,train,6157,4221,191_jpeg.rf.4e85cff2573a6665ad68d4fdfb792b8d.jpg,191,39,Laptop,laptop_tablet,640,640,9,194,593.0,216.0,0.31271484375,False,0,83be8ba1d6f267ad3534b31256abaf1d,1,False,False,9,194,602.0,410.0,False,False,False,False,pending,
UNUL00463,UNU-KEY E-Waste Dataset v44,CC BY 4.0,train,6179,4235,000000449528_jpg.rf.4ed962e243ec1d2645c4cb7c0521ea0b.jpg,000000449528,39,Laptop,laptop_tablet,640,640,0,179,419.866,375.846,0.38526600741210937,True,0,c8bc07358baf70291856383c6f018839,1,False,False,0,179,419.866,554.846,False,False,False,False,pending,
UNUL00464,UNU-KEY E-Waste Dataset v44,CC BY 4.0,train,6216,4266,IMG_20200329_152741_jpg.rf.4fa2682d08945183638bf37f7f65ebcd.jpg,IMG_20200329_152741,39,Laptop,laptop_tablet,640,640,234,132,266.0,368.0,0.238984375,False,0,a6994b56177c4c17784fc784318614cf,1,True,False,234,132,500.0,500.0,False,False,False,False,review,
UNUL00465,UNU-KEY E-Waste Dataset v44,CC BY 4.0,train,6240,4286,000000277831_jpg.rf.4fdc73c952843d9fa7f8657bb4178aff.jpg,000000277831,39,Laptop,laptop_tablet,640,640,54,85,578.79,470.33,0.6646052263183593,True,0,dde968d25475b4109dea5517acbb93f8,1,False,False,54,85,632.79,555.3299999999999,False,False,False,False,pending,
UNUL00466,UNU-KEY E-Waste Dataset v44,CC BY 4.0,train,6261,4300,000000188826_jpg.rf.500db9927ef61f94bdecb0aadd90018d.jpg,000000188826,39,Laptop,laptop_tablet,640,640,29,102,391.55,415.28,0.396979697265625,True,0,acfe10fd45e6d89e6ca241afbfa381a3,1,False,False,29,102,420.55,517.28,False,False,False,False,pending,
UNUL00467,UNU-KEY E-Waste Dataset v44,CC BY 4.0,train,6287,4307,000000107424_jpg.rf.503a8ec34260af49439569eef936aebe.jpg,000000107424,39,Laptop,laptop_tablet,640,640,171,244,133.414,120.294,0.03918189383789062,True,0,b50d6e1c1d71db5cf80ec4c190ede043,1,False,False,171,244,304.414,364.294,False,True,False,False,pending,
UNUL00468,UNU-KEY E-Waste Dataset v44,CC BY 4.0,train,6313,4329,000000253970_jpg.rf.50727b950d8258e2dafef09b1dc8df08.jpg,000000253970,39,Laptop,laptop_tablet,640,640,333,139,208.69,199.12,0.101451056640625,True,0,4db99015d504432977a51a96ceaca814,1,False,False,333,139,541.69,338.12,False,False,False,False,pending,
UNUL00469,UNU-KEY E-Waste Dataset v44,CC BY 4.0,train,6349,4359,000000186585_jpg.rf.514e3290dc129e0c2a6ca6e44d8d2b98.jpg,000000186585,39,Laptop,laptop_tablet,640,640,56,84,515.59,472.45,0.5947033581542969,True,0,6a6cb6fddd097f9761a75ccb05cfff2e,1,False,False,56,84,571.59,556.45,False,False,False,False,pending,
UNUL00470,UNU-KEY E-Waste Dataset v44,CC BY 4.0,train,6353,4363,152_jpeg.rf.5131f70d6c054110c682c1c2f4dfe868.jpg,152,39,Laptop,laptop_tablet,640,640,45,181,505.0,307.0,0.37850341796875,False,0,79999c9628d87f035edd6f6fd9b00006,1,False,False,45,181,550.0,488.0,False,False,False,False,pending,
UNUL00471,UNU-KEY E-Waste Dataset v44,CC BY 4.0,train,6376,4381,000000373574_jpg.rf.51aedaaf5d3dd7d2a91016bf000ca6dc.jpg,000000373574,39,Laptop,laptop_tablet,640,640,3,243,251.825,197.8,0.12160885009765625,True,0,ed8ab8e4259bb67daefd29044662f95d,1,False,False,3,243,254.825,440.8,False,False,False,False,pending,
UNUL00472,UNU-KEY E-Waste Dataset v44,CC BY 4.0,train,6378,4382,000000166482_jpg.rf.51596d17e2f9ff2e05d4ae6dc63765f0.jpg,000000166482,39,Laptop,laptop_tablet,640,640,327,199,110.72,88.77,0.023995640624999995,True,0,29f7e6425dcf82ddf7b47de3b53ff798,1,False,False,327,199,437.72,287.77,False,True,False,False,pending,
UNUL00473,UNU-KEY E-Waste Dataset v44,CC BY 4.0,train,6384,4387,000000033751_jpg.rf.51f01cfba677faf4b50850bfe784f219.jpg,000000033751,39,Laptop,laptop_tablet,640,640,375,182,183.78,252.13,0.11312610205078125,True,0,18b1effcb4cf076a758f47b4de252de1,1,False,False,375,182,558.78,434.13,False,False,False,False,pending,
UNUL00474,UNU-KEY E-Waste Dataset v44,CC BY 4.0,train,6388,4389,000000136245_jpg.rf.5238a85489eba042a25ba05e78016dd5.jpg,000000136245,39,Laptop,laptop_tablet,640,640,141,263,117.84,113.52,0.032659171875,True,0,a39d5c350377cb82f1224b2fcc42006a,1,False,False,141,263,258.84000000000003,376.52,False,True,False,False,pending,
UNUL00475,UNU-KEY E-Waste Dataset v44,CC BY 4.0,train,6396,4395,000000284375_jpg.rf.51e185e63c2a196cb3fe60ccf1dc76e2.jpg,000000284375,39,Laptop,laptop_tablet,640,640,235,144,405.402,408.653,0.40446470582519534,True,0,08d4ee9f2f495256c5c207bdad4c53ab,1,False,False,235,144,640.402,552.653,False,False,False,False,pending,
UNUL00476,UNU-KEY E-Waste Dataset v44,CC BY 4.0,train,6415,4410,000000192212_jpg.rf.5227f33b5cb5344e14eccd3f88611d83.jpg,000000192212,39,Laptop,laptop_tablet,640,640,364,197,180.05,138.77,0.06099984985351563,True,0,1f625f1b1d8593e465562af801fa0514,1,False,False,364,197,544.05,335.77,False,False,False,False,pending,
UNUL00477,UNU-KEY E-Waste Dataset v44,CC BY 4.0,train,6439,4429,00b1a3014b6d62a1_jpg.rf.52c76d377c945dfd0d87d8c1b3c393ca.jpg,00b1a3014b6d62a1,39,Laptop,laptop_tablet,640,640,341,168,285.0,307.0,0.21361083984375,False,0,62f5926b48e90509ab8c7457535cf055,1,False,False,341,168,626.0,475.0,False,False,False,False,pending,
UNUL00478,UNU-KEY E-Waste Dataset v44,CC BY 4.0,train,6481,4459,000000353206_jpg.rf.52d20eb52fb452a534a24787e24a8c4d.jpg,000000353206,39,Laptop,laptop_tablet,640,640,323,83,316.76,318.92,0.24663354296874998,True,0,7e8ed9ebcde367698d8b538f8836f04b,1,False,False,323,83,639.76,401.92,False,False,False,False,pending,
UNUL00479,UNU-KEY E-Waste Dataset v44,CC BY 4.0,train,6493,4462,000000316708_jpg.rf.534230dbc8926c1b68cc583ad5e195f0.jpg,000000316708,39,Laptop,laptop_tablet,640,640,401,249,159.181,127.347,0.049490290056152346,True,0,e4cbca853b6c8178a1115551775d858b,2,False,False,401,249,560.181,376.347,False,True,False,True,pending,
UNUL00480,UNU-KEY E-Waste Dataset v44,CC BY 4.0,train,6494,4462,000000316708_jpg.rf.534230dbc8926c1b68cc583ad5e195f0.jpg,000000316708,39,Laptop,laptop_tablet,640,640,26,242,152.64,125.888,0.04691295,True,0,e4cbca853b6c8178a1115551775d858b,2,False,False,26,242,178.64,367.88800000000003,False,True,False,True,pending,
UNUL00481,UNU-KEY E-Waste Dataset v44,CC BY 4.0,train,6611,4540,Laptop-screenss_jpg.rf.5526ec6c51e8a34f38939b21e76f9285.jpg,Laptop-screenss,39,Laptop,laptop_tablet,640,640,6,250,629.0,264.0,0.40541015625,False,0,ba977fbf3cacf82e42df7a4dc25fdfcb,1,False,False,6,250,635.0,514.0,False,False,False,False,pending,
UNUL00482,UNU-KEY E-Waste Dataset v44,CC BY 4.0,train,6637,4561,000000391251_jpg.rf.553e678872d6ba29dbc5888bd7a6a960.jpg,000000391251,39,Laptop,laptop_tablet,640,640,105,81,84.13,30.2,0.006202944335937499,True,0,8afa6a6fc4a5e1f8845688eaa693994d,1,False,False,105,81,189.13,111.2,True,False,False,False,review,
UNUL00483,UNU-KEY E-Waste Dataset v44,CC BY 4.0,train,6649,4569,000000434275_jpg.rf.55b84dd6036dba6275e94f57313bf426.jpg,000000434275,39,Laptop,laptop_tablet,640,640,0,75,327.477,367.373,0.2937163279321289,True,0,136198d572c3ec684eeedaa39ea38de2,1,False,False,0,75,327.477,442.373,False,False,False,False,pending,
UNUL00484,UNU-KEY E-Waste Dataset v44,CC BY 4.0,train,6650,4570,IMG-20200328-WA0024_jpg.rf.55b632332bc06f034613a1fef6a0ccb6.jpg,IMG-20200328-WA0024,39,Laptop,laptop_tablet,640,640,1,81,639.0,479.0,0.74726806640625,False,0,6c724aa0875e4fb0d982ae1c33b24c72,1,False,False,1,81,640.0,560.0,False,False,False,False,pending,
UNUL00485,UNU-KEY E-Waste Dataset v44,CC BY 4.0,train,6652,4572,000000326111_jpg.rf.55b780633711fe803998d3436f57aaf3.jpg,000000326111,39,Laptop,laptop_tablet,640,640,288,218,126.4,102.08,0.03150125,True,0,e26a1796fde338524288d0a0f17aa072,1,False,False,288,218,414.4,320.08,False,True,False,False,pending,
UNUL00486,UNU-KEY E-Waste Dataset v44,CC BY 4.0,train,6665,4584,000000481810_jpg.rf.5603ed61eaf41ce4292f0169ade2b97c.jpg,000000481810,39,Laptop,laptop_tablet,640,640,63,123,424.99,431.46,0.44767135107421874,True,0,e5e8840d44f068ad5806c3b98ef08cff,1,False,False,63,123,487.99,554.46,False,False,False,False,pending,
UNUL00487,UNU-KEY E-Waste Dataset v44,CC BY 4.0,train,6686,4600,000000383250_jpg.rf.563e62a2cae912f7733c83689ca71479.jpg,000000383250,39,Laptop,laptop_tablet,640,640,29,235,163.96,161.79,0.0647633994140625,True,0,d2d5de16ca9f3a398d8628d9bdaff964,1,False,False,29,235,192.96,396.78999999999996,False,False,False,False,pending,
UNUL00488,UNU-KEY E-Waste Dataset v44,CC BY 4.0,train,6696,4604,000000267870_jpg.rf.5645eabb63926bce6049492cae793f19.jpg,000000267870,39,Laptop,laptop_tablet,640,640,48,381,126.31,113.93,0.03513305249023438,True,0,c90c30bc63ae74f9d5b7bdf90407f656,1,False,False,48,381,174.31,494.93,False,True,False,False,pending,
UNUL00489,UNU-KEY E-Waste Dataset v44,CC BY 4.0,train,6729,4631,IMG_20200329_152741_jpg.rf.56fdcbcea09a5d8e6b8ff69b1480d96b.jpg,IMG_20200329_152741,39,Laptop,laptop_tablet,640,640,234,132,266.0,368.0,0.238984375,False,0,a6994b56177c4c17784fc784318614cf,1,True,False,234,132,500.0,500.0,False,False,False,False,review,
UNUL00490,UNU-KEY E-Waste Dataset v44,CC BY 4.0,train,6764,4659,000000480467_jpg.rf.5735b2f935f0590509bc3ec2b1a23194.jpg,000000480467,39,Laptop,laptop_tablet,640,640,321,369,88.83,99.65,0.021611107177734373,True,0,30e62e39658a918c0bf8a5fa938d88d0,6,False,False,321,369,409.83,468.65,False,True,False,True,pending,
UNUL00491,UNU-KEY E-Waste Dataset v44,CC BY 4.0,train,6765,4659,000000480467_jpg.rf.5735b2f935f0590509bc3ec2b1a23194.jpg,000000480467,39,Laptop,laptop_tablet,640,640,159,364,120.86,100.71,0.029716334472656248,True,0,30e62e39658a918c0bf8a5fa938d88d0,6,False,False,159,364,279.86,464.71,False,True,False,True,pending,
UNUL00492,UNU-KEY E-Waste Dataset v44,CC BY 4.0,train,6768,4659,000000480467_jpg.rf.5735b2f935f0590509bc3ec2b1a23194.jpg,000000480467,39,Laptop,laptop_tablet,640,640,334,303,74.15,71.43,0.012930992431640627,True,0,30e62e39658a918c0bf8a5fa938d88d0,6,False,False,334,303,408.15,374.43,True,False,False,True,review,
UNUL00493,UNU-KEY E-Waste Dataset v44,CC BY 4.0,train,6769,4659,000000480467_jpg.rf.5735b2f935f0590509bc3ec2b1a23194.jpg,000000480467,39,Laptop,laptop_tablet,640,640,356,455,122.92,101.94,0.030591955078125,True,0,30e62e39658a918c0bf8a5fa938d88d0,6,False,False,356,455,478.92,556.94,False,True,False,True,pending,
UNUL00494,UNU-KEY E-Waste Dataset v44,CC BY 4.0,train,6771,4659,000000480467_jpg.rf.5735b2f935f0590509bc3ec2b1a23194.jpg,000000480467,39,Laptop,laptop_tablet,640,640,244,450,129.37,166.61,0.052622889892578135,True,0,30e62e39658a918c0bf8a5fa938d88d0,6,False,False,244,450,373.37,616.61,False,False,False,True,pending,
UNUL00495,UNU-KEY E-Waste Dataset v44,CC BY 4.0,train,6772,4659,000000480467_jpg.rf.5735b2f935f0590509bc3ec2b1a23194.jpg,000000480467,39,Laptop,laptop_tablet,640,640,119,450,129.33,145.91,0.04607065502929688,True,0,30e62e39658a918c0bf8a5fa938d88d0,6,False,False,119,450,248.33,595.91,False,True,False,True,pending,
UNUL00496,UNU-KEY E-Waste Dataset v44,CC BY 4.0,train,6795,4672,000000366724_jpg.rf.5777795838cf153b43687d098cca346d.jpg,000000366724,39,Laptop,laptop_tablet,640,640,358,219,127.22,105.69,0.032826859863281245,True,0,0828a2786737e5408ca8654157987451,1,False,False,358,219,485.22,324.69,False,True,False,False,pending,
UNUL00497,UNU-KEY E-Waste Dataset v44,CC BY 4.0,train,6806,4678,000000249506_jpg.rf.57df80ab7c546958858060196c3c5ee6.jpg,000000249506,39,Laptop,laptop_tablet,640,640,180,234,179.418,175.565,0.07690312785644532,True,0,06818a6f79ebb1da8dfa8c06131b6bc0,1,False,False,180,234,359.418,409.565,False,False,False,False,pending,
UNUL00498,UNU-KEY E-Waste Dataset v44,CC BY 4.0,train,6814,4681,000000552029_jpg.rf.57d54824035b4998ad4321233096a808.jpg,000000552029,39,Laptop,laptop_tablet,640,640,43,106,546.94,293.62,0.3920715888671875,True,0,8ec9c1650d2cdff7affa61c634e0efa2,1,False,False,43,106,589.94,399.62,False,False,False,False,pending,
UNUL00499,UNU-KEY E-Waste Dataset v44,CC BY 4.0,train,6848,4713,232_jpeg.rf.58773436260afc658aed404feb6d887a.jpg,232,39,Laptop,laptop_tablet,640,640,1,129,635.0,288.0,0.446484375,False,0,7b093fb6e4c794e2fb30117a030ef7b2,1,False,False,1,129,636.0,417.0,False,False,False,False,pending,
UNUL00500,UNU-KEY E-Waste Dataset v44,CC BY 4.0,train,6874,4732,000000104403_jpg.rf.588f56271e7ac8355eeaf7c2fcbfc5dd.jpg,000000104403,39,Laptop,laptop_tablet,640,640,183,245,198.66,168.59,0.08176779638671874,True,0,77e731ce3d9504988d70d2ddfbe4a80c,1,False,False,183,245,381.65999999999997,413.59000000000003,False,False,False,False,pending,
UNUL00501,UNU-KEY E-Waste Dataset v44,CC BY 4.0,train,6961,4789,000000130524_jpg.rf.59ad7461c29ff7b22f07823f6a6c5dd1.jpg,000000130524,39,Laptop,laptop_tablet,640,640,225,199,191.36,177.3,0.08283234375000001,True,0,8717705b9f753352032a6ed790a93c9d,2,False,False,225,199,416.36,376.3,False,False,False,True,pending,
UNUL00502,UNU-KEY E-Waste Dataset v44,CC BY 4.0,train,6962,4789,000000130524_jpg.rf.59ad7461c29ff7b22f07823f6a6c5dd1.jpg,000000130524,39,Laptop,laptop_tablet,640,640,152,193,145.62,141.3,0.05023463378906251,True,0,8717705b9f753352032a6ed790a93c9d,2,False,False,152,193,297.62,334.3,False,False,False,True,pending,
UNUL00503,UNU-KEY E-Waste Dataset v44,CC BY 4.0,train,6971,4795,000000459825_jpg.rf.59d816b4212c355e4ca3a8ba0137f0e5.jpg,000000459825,39,Laptop,laptop_tablet,640,640,176,252,127.92,142.35,0.044456572265625,True,0,e6346dbb2281e3db13296947825812c3,1,False,False,176,252,303.92,394.35,False,True,False,False,pending,
UNUL00504,UNU-KEY E-Waste Dataset v44,CC BY 4.0,train,6983,4802,000000295864_jpg.rf.59dc89e3fc3c542ba74bda5eaed764e6.jpg,000000295864,39,Laptop,laptop_tablet,640,640,496,373,125.29,67.06,0.02051256689453125,True,0,81fb29bc7e9e67235b6437be232a7d2a,3,False,False,496,373,621.29,440.06,False,True,False,True,pending,
UNUL00505,UNU-KEY E-Waste Dataset v44,CC BY 4.0,train,6986,4802,000000295864_jpg.rf.59dc89e3fc3c542ba74bda5eaed764e6.jpg,000000295864,39,Laptop,laptop_tablet,640,640,324,240,181.9,195.2,0.08668671874999999,True,0,81fb29bc7e9e67235b6437be232a7d2a,3,False,False,324,240,505.9,435.2,False,False,False,True,pending,
UNUL00506,UNU-KEY E-Waste Dataset v44,CC BY 4.0,train,6987,4802,000000295864_jpg.rf.59dc89e3fc3c542ba74bda5eaed764e6.jpg,000000295864,39,Laptop,laptop_tablet,640,640,72,188,273.24,319.7,0.213268623046875,True,0,81fb29bc7e9e67235b6437be232a7d2a,3,False,False,72,188,345.24,507.7,False,False,False,True,pending,
UNUL00507,UNU-KEY E-Waste Dataset v44,CC BY 4.0,train,7000,4814,000000548375_jpg.rf.59e7d3c0d91862532dc70a54fecba2bb.jpg,000000548375,39,Laptop,laptop_tablet,640,640,2,251,230.83,223.28,0.125829400390625,True,0,cb9c6bd1424a23f11baa29608094c8b4,1,False,False,2,251,232.83,474.28,False,False,False,False,pending,
UNUL00508,UNU-KEY E-Waste Dataset v44,CC BY 4.0,train,7037,4833,170_jpeg.rf.5a643f47b89ddc119bdf2361e74b994b.jpg,170,39,Laptop,laptop_tablet,640,640,44,19,546.0,609.0,0.8118017578125,False,0,be26dd67935d5e1027f1895948dbb83c,1,False,False,44,19,590.0,628.0,False,False,True,False,review,
UNUL00509,UNU-KEY E-Waste Dataset v44,CC BY 4.0,train,7053,4846,000000463876_jpg.rf.5acfa796c5f68a9f1b6eaa8362d9bd3d.jpg,000000463876,39,Laptop,laptop_tablet,640,640,141,169,227.75,265.22,0.14747034912109375,True,0,830c99128524f9a731d72d14fd317170,1,False,False,141,169,368.75,434.22,False,False,False,False,pending,
UNUL00510,UNU-KEY E-Waste Dataset v44,CC BY 4.0,train,7070,4858,000000304143_jpg.rf.5b1fc718c657775fdb96b7ff73402d79.jpg,000000304143,39,Laptop,laptop_tablet,640,640,0,81,467.486,473.916,0.5408913456445312,True,0,51b0db17baf7d5d44b13b590b47c4913,1,False,False,0,81,467.486,554.9159999999999,False,False,False,False,pending,
UNUL00511,UNU-KEY E-Waste Dataset v44,CC BY 4.0,train,7078,4862,000000568879_jpg.rf.5b3d5e50cd328e31b43b95f454d79b92.jpg,000000568879,39,Laptop,laptop_tablet,640,640,433,314,160.12,109.59,0.042840700195312505,True,0,baeac0fd57ea76df276840cf25eea5c2,1,False,False,433,314,593.12,423.59000000000003,False,True,False,False,pending,
UNUL00512,UNU-KEY E-Waste Dataset v44,CC BY 4.0,train,7286,4950,IMG_20200328_131159_jpg.rf.5cc853d39388c032c916a80f91409d2d.jpg,IMG_20200328_131159,39,Laptop,laptop_tablet,640,640,141,7,239.0,633.0,0.36935302734375,False,0,c2ee50cff91bd9c7c91217bed4bd2ea3,1,False,False,141,7,380.0,640.0,False,False,False,False,pending,
UNUL00513,UNU-KEY E-Waste Dataset v44,CC BY 4.0,train,7362,4977,000000165868_jpg.rf.5d040ad4f6ec46d7f8d589bad3b6feaf.jpg,000000165868,39,Laptop,laptop_tablet,640,640,111,204,93.37,53.36,0.012163630859375002,True,0,2b0728ad805034e69c85ae462f3c91a8,1,False,False,111,204,204.37,257.36,True,False,False,False,review,
UNUL00514,UNU-KEY E-Waste Dataset v44,CC BY 4.0,train,7478,5071,000000478778_jpg.rf.5f29029aa8fc0a666ce802ccc76df6e6.jpg,000000478778,39,Laptop,laptop_tablet,640,640,376,426,110.81,95.16,0.025743846679687498,True,0,6033f88f5f01d59566019d3740ba2b30,1,False,False,376,426,486.81,521.16,False,True,False,False,pending,
UNUL00515,UNU-KEY E-Waste Dataset v44,CC BY 4.0,train,7485,5075,000000206584_jpg.rf.5f255c4ddda501540ecba2c9d03dc4f1.jpg,000000206584,39,Laptop,laptop_tablet,640,640,130,274,147.56,87.77,0.0316194853515625,True,0,abe2f3d98dae46e3168bc878fadef0f5,1,False,False,130,274,277.56,361.77,False,True,False,False,pending,
UNUL00516,UNU-KEY E-Waste Dataset v44,CC BY 4.0,train,7505,5092,000000020481_jpg.rf.5f8ab872e51664b9228f88ea8dc1f7ef.jpg,000000020481,39,Laptop,laptop_tablet,640,640,136,122,358.87,282.11,0.24716996020507814,True,0,d2f554059cb4d676b1a1614ddfcbbe4c,1,False,False,136,122,494.87,404.11,False,False,False,False,pending,
UNUL00517,UNU-KEY E-Waste Dataset v44,CC BY 4.0,train,7509,5094,000000390179_jpg.rf.5faad62711e96c9968437d2bd4c88a70.jpg,000000390179,39,Laptop,laptop_tablet,640,640,363,170,277.01,286.82,0.19397462939453125,True,0,477b817648a77b812fb4b8ad82be640f,2,False,False,363,170,640.01,456.82,False,False,False,True,pending,
UNUL00518,UNU-KEY E-Waste Dataset v44,CC BY 4.0,train,7510,5094,000000390179_jpg.rf.5faad62711e96c9968437d2bd4c88a70.jpg,000000390179,39,Laptop,laptop_tablet,640,640,0,179,370.73,349.81,0.31661391918945314,True,0,477b817648a77b812fb4b8ad82be640f,2,False,False,0,179,370.73,528.81,False,False,False,True,pending,
UNUL00519,UNU-KEY E-Waste Dataset v44,CC BY 4.0,train,7548,5124,000000472080_jpg.rf.5fec95f35e6e3555e9aea4dc5667aecf.jpg,000000472080,39,Laptop,laptop_tablet,640,640,41,196,183.373,181.21,0.08112554035644531,True,0,f8db070cda2af4f138002a363de6f43b,1,False,False,41,196,224.373,377.21000000000004,False,False,False,False,pending,
UNUL00520,UNU-KEY E-Waste Dataset v44,CC BY 4.0,train,7570,5135,000000533545_jpg.rf.602ae239b9491b3722794b647f8dbee8.jpg,000000533545,39,Laptop,laptop_tablet,640,640,187,334,58.76,42.83,0.0061442646484375,True,0,855a002ce24974a541544a0274096b51,1,False,False,187,334,245.76,376.83,True,False,False,False,review,
UNUL00521,UNU-KEY E-Waste Dataset v44,CC BY 4.0,train,7582,5144,258_jpeg.rf.60898e79d1eb60077b51671abf995831.jpg,258,39,Laptop,laptop_tablet,640,640,65,162,568.0,307.0,0.42572265625,False,0,ea08d9fa1326df3e8585dddc661d4584,1,False,False,65,162,633.0,469.0,False,False,False,False,pending,
UNUL00522,UNU-KEY E-Waste Dataset v44,CC BY 4.0,train,7587,5149,000000066373_jpg.rf.6075ea50526ad52785c2315587d8f6ec.jpg,000000066373,39,Laptop,laptop_tablet,640,640,364,227,234.24,145.92,0.083448,True,0,3632c37486af732044356665c038054a,1,False,False,364,227,598.24,372.91999999999996,False,False,False,False,pending,
UNUL00523,UNU-KEY E-Waste Dataset v44,CC BY 4.0,train,7613,5167,171_jpg.rf.60df89acab63954aa154375a39df8aaa.jpg,171,39,Laptop,laptop_tablet,640,640,80,141,475.0,351.0,0.40704345703125,False,0,ea7ba8d184d573a6ad85d17b8d2fa73e,1,False,False,80,141,555.0,492.0,False,False,False,False,pending,
UNUL00524,UNU-KEY E-Waste Dataset v44,CC BY 4.0,train,7676,5221,000000483794_jpg.rf.61c3f7aef460073e0a86e60a81f37d95.jpg,000000483794,39,Laptop,laptop_tablet,640,640,0,185,349.48,320.36,0.27333841015625,True,0,2212d9f684bf5698254dae513a0b1452,1,False,False,0,185,349.48,505.36,False,False,False,False,pending,
UNUL00525,UNU-KEY E-Waste Dataset v44,CC BY 4.0,train,7683,5228,000000002434_jpg.rf.61f82d00b3cf89ea1114e7b2bc3054ed.jpg,000000002434,39,Laptop,laptop_tablet,640,640,308,141,268.59,273.98,0.17965890673828125,True,0,65ab70a693d2747186fea7aa04b9d73d,2,False,False,308,141,576.5899999999999,414.98,False,False,False,True,pending,
UNUL00526,UNU-KEY E-Waste Dataset v44,CC BY 4.0,train,7684,5228,000000002434_jpg.rf.61f82d00b3cf89ea1114e7b2bc3054ed.jpg,000000002434,39,Laptop,laptop_tablet,640,640,96,267,207.96,213.59,0.10844281347656251,True,0,65ab70a693d2747186fea7aa04b9d73d,2,False,False,96,267,303.96000000000004,480.59000000000003,False,False,False,True,pending,
UNUL00527,UNU-KEY E-Waste Dataset v44,CC BY 4.0,train,7697,5235,000000169352_jpg.rf.624bb451e4ea2c1409a0fc2e7eddef71.jpg,000000169352,39,Laptop,laptop_tablet,640,640,202,156,339.12,192.25,0.159169482421875,True,0,baa1116572195a41cda2305ce43b9c14,1,False,False,202,156,541.12,348.25,False,False,False,False,pending,
UNUL00528,UNU-KEY E-Waste Dataset v44,CC BY 4.0,train,7701,5238,000000403107_jpg.rf.6250d88c1db78b514db3540ffdfaa22b.jpg,000000403107,39,Laptop,laptop_tablet,640,640,13,147,339.49,355.84,0.2949319375,True,0,c51e05c509917c97a81f8d760f8336a7,1,False,False,13,147,352.49,502.84,False,False,False,False,pending,
UNUL00529,UNU-KEY E-Waste Dataset v44,CC BY 4.0,train,7726,5255,000000316842_jpg.rf.6268c27e7f24a77f892ba8c7bf2f5827.jpg,000000316842,39,Laptop,laptop_tablet,640,640,279,162,213.93,213.93,0.11173350805664063,True,0,5ace0820a04dd3eea2b5122263de83a1,1,False,False,279,162,492.93,375.93,False,False,False,False,pending,
UNUL00530,UNU-KEY E-Waste Dataset v44,CC BY 4.0,train,7736,5261,0c5dd6b194d2d3f3_jpg.rf.630c18bebd6ab714cd7608acbbcce5e8.jpg,0c5dd6b194d2d3f3,39,Laptop,laptop_tablet,640,640,119,163,496.0,142.0,0.171953125,False,0,84e9ea6b455d3b2d210a955381b84644,1,False,False,119,163,615.0,305.0,False,False,False,False,pending,
UNUL00531,UNU-KEY E-Waste Dataset v44,CC BY 4.0,train,7740,5263,000000474446_jpg.rf.62b335c4da93fb9c58b9a807a80d6314.jpg,000000474446,39,Laptop,laptop_tablet,640,640,427,256,212.85,229.75,0.11939035034179687,True,0,230b8832614bead01b5d4560cdb002a8,1,False,False,427,256,639.85,485.75,False,False,False,False,pending,
UNUL00532,UNU-KEY E-Waste Dataset v44,CC BY 4.0,train,7781,5297,000000349719_jpg.rf.634d693932a242957368cc43d801f878.jpg,000000349719,39,Laptop,laptop_tablet,640,640,13,94,307.81,346.54,0.26042108740234376,True,0,b6dcd0aedbded174910bbfa941043877,1,False,False,13,94,320.81,440.54,False,False,False,False,pending,
UNUL00533,UNU-KEY E-Waste Dataset v44,CC BY 4.0,train,7788,5301,000000125311_jpg.rf.63e3042cab0b29fbf9bef01bf5647b91.jpg,000000125311,39,Laptop,laptop_tablet,640,640,0,284,210.18,172.86,0.08870047558593751,True,0,599fb89cc8f81c7cc43f2e40c35faf84,1,False,False,0,284,210.18,456.86,False,False,False,False,pending,
UNUL00534,UNU-KEY E-Waste Dataset v44,CC BY 4.0,train,7795,5304,000000408431_jpg.rf.63b569476a569d72acea3145c229b249.jpg,000000408431,39,Laptop,laptop_tablet,640,640,70,166,175.71,151.28,0.064896017578125,True,0,e739d8d73788caf7afd1b8c3ed82b954,2,False,False,70,166,245.71,317.28,False,False,False,True,pending,
UNUL00535,UNU-KEY E-Waste Dataset v44,CC BY 4.0,train,7796,5304,000000408431_jpg.rf.63b569476a569d72acea3145c229b249.jpg,000000408431,39,Laptop,laptop_tablet,640,640,524,205,79.29,116.08,0.022470662109375,True,0,e739d8d73788caf7afd1b8c3ed82b954,2,False,False,524,205,603.29,321.08,False,True,False,True,pending,
UNUL00536,UNU-KEY E-Waste Dataset v44,CC BY 4.0,train,7802,5308,000000420523_jpg.rf.63caa11e479bd20205ca081bc9c41fce.jpg,000000420523,39,Laptop,laptop_tablet,640,640,1,80,638.92,379.69,0.5922644892578125,True,0,0aa7ccb841333354bcdf173c23b98037,1,False,False,1,80,639.92,459.69,False,False,False,False,pending,
UNUL00537,UNU-KEY E-Waste Dataset v44,CC BY 4.0,train,7819,5319,IMG_20200329_142615_jpg.rf.6406f9d806c491e87a3851ad841442b1.jpg,IMG_20200329_142615,39,Laptop,laptop_tablet,640,640,100,85,406.0,228.0,0.22599609375,False,0,c0e431b7833b09ccc081339c29c6211f,2,False,False,100,85,506.0,313.0,False,False,False,True,pending,
UNUL00538,UNU-KEY E-Waste Dataset v44,CC BY 4.0,train,7820,5319,IMG_20200329_142615_jpg.rf.6406f9d806c491e87a3851ad841442b1.jpg,IMG_20200329_142615,39,Laptop,laptop_tablet,640,640,89,326,455.0,265.0,0.29437255859375,False,0,c0e431b7833b09ccc081339c29c6211f,2,False,False,89,326,544.0,591.0,False,False,False,True,pending,
UNUL00539,UNU-KEY E-Waste Dataset v44,CC BY 4.0,train,7827,5326,000000082894_jpg.rf.642875d8a8c1726369fc316f728167a3.jpg,000000082894,39,Laptop,laptop_tablet,640,640,0,233,240.33,275.03,0.16137197241210938,True,0,4b324f760aa57f12541a68992573ff05,1,False,False,0,233,240.33,508.03,False,False,False,False,pending,
UNUL00540,UNU-KEY E-Waste Dataset v44,CC BY 4.0,train,7840,5336,000000418825_jpg.rf.641aa17708f5c394ccfd724f19945a29.jpg,000000418825,39,Laptop,laptop_tablet,640,640,229,68,108.25,114.06,0.030144030761718753,True,0,172c53486576d65b67fb2da8e96c84d1,1,False,False,229,68,337.25,182.06,False,True,False,False,pending,
UNUL00541,UNU-KEY E-Waste Dataset v44,CC BY 4.0,train,7918,5399,IMG-20200328-WA0028_jpg.rf.ee0b32167c8e17cda0c2ee5782d93b27.jpg,IMG-20200328-WA0028,39,Laptop,laptop_tablet,640,640,1,81,639.0,479.0,0.74726806640625,False,0,f0caa31d5be6ab4573025fd244e76f7f,1,False,False,1,81,640.0,560.0,False,False,False,False,pending,
UNUL00542,UNU-KEY E-Waste Dataset v44,CC BY 4.0,train,7926,5406,000000299004_jpg.rf.ee3651c26d2b97759f5f12adfd26787b.jpg,000000299004,39,Laptop,laptop_tablet,640,640,233,321,355.95,232.99,0.20247263305664062,True,0,bfbea8c353b96fa0d51c32b298360566,1,False,False,233,321,588.95,553.99,False,False,False,False,pending,
UNUL00543,UNU-KEY E-Waste Dataset v44,CC BY 4.0,train,7938,5417,000000078253_jpg.rf.ee09471a0f575f7c3a786ac03b120a9c.jpg,000000078253,39,Laptop,laptop_tablet,640,640,154,235,114.33,83.05,0.023181412353515625,True,0,cd63d4f727723bd6b8651f7b4388afb7,1,False,False,154,235,268.33,318.05,False,True,False,False,pending,
UNUL00544,UNU-KEY E-Waste Dataset v44,CC BY 4.0,train,7939,5418,000000241341_jpg.rf.ee161aab2f7ca5733a258fe45e5024f9.jpg,000000241341,39,Laptop,laptop_tablet,640,640,176,250,313.882,276.134,0.21160520553710938,True,0,cfa72b990c188ece6f9cb2ad8df6ba2f,1,False,False,176,250,489.882,526.134,False,False,False,False,pending,
UNUL00545,UNU-KEY E-Waste Dataset v44,CC BY 4.0,train,7984,5454,000000309400_jpg.rf.ef6c43e515d8e0b393570dfc7d337499.jpg,000000309400,39,Laptop,laptop_tablet,640,640,33,185,225.44,198.47,0.10923602734375,True,0,66eed421c3044f7a3e6dd78fa9d07063,1,False,False,33,185,258.44,383.47,False,False,False,False,pending,
UNUL00546,UNU-KEY E-Waste Dataset v44,CC BY 4.0,train,7993,5458,000000303430_jpg.rf.ef5bbbeb71beb2ea6d8b695d04700084.jpg,000000303430,39,Laptop,laptop_tablet,640,640,216,117,216.704,209.766,0.11097932437500001,True,0,82609eb3c3ac5e1e189a0781a814f7fe,1,False,False,216,117,432.704,326.76599999999996,False,False,False,False,pending,
UNUL00547,UNU-KEY E-Waste Dataset v44,CC BY 4.0,train,8007,5471,000000222990_jpg.rf.ef94439180dbfb14f5446e2de20b5a9a.jpg,000000222990,39,Laptop,laptop_tablet,640,640,112,159,461.66,258.88,0.291783546875,True,0,e1717d49cd4599234fdf50b63f00ddb4,1,False,False,112,159,573.6600000000001,417.88,False,False,False,False,pending,
UNUL00548,UNU-KEY E-Waste Dataset v44,CC BY 4.0,train,8061,5520,IMG_20200329_142737_jpg.rf.f086c6bf1fcc45b335778ac589b7bc5e.jpg,IMG_20200329_142737,39,Laptop,laptop_tablet,640,640,53,92,328.0,432.0,0.3459375,False,0,c6a395f311e0819634596e7e6de659ef,2,False,True,53,92,381.0,524.0,False,False,False,True,review,
UNUL00549,UNU-KEY E-Waste Dataset v44,CC BY 4.0,train,8062,5520,IMG_20200329_142737_jpg.rf.f086c6bf1fcc45b335778ac589b7bc5e.jpg,IMG_20200329_142737,39,Laptop,laptop_tablet,640,640,371,63,269.0,450.0,0.2955322265625,False,0,c6a395f311e0819634596e7e6de659ef,2,False,True,371,63,640.0,513.0,False,False,False,True,review,
UNUL00550,UNU-KEY E-Waste Dataset v44,CC BY 4.0,train,8064,5521,000000019635_jpg.rf.f078d7bed0b9e62f4e37331f281ea7b5.jpg,000000019635,39,Laptop,laptop_tablet,640,640,4,96,590.96,455.07,0.656562908203125,True,0,f6de0c8e227ec5b5097aee9ee741687b,1,False,False,4,96,594.96,551.0699999999999,False,False,False,False,pending,
UNUL00551,UNU-KEY E-Waste Dataset v44,CC BY 4.0,train,8084,5536,206_jpeg.rf.f0b3307e0445dd1e5d3fbfa71b8faa39.jpg,206,39,Laptop,laptop_tablet,640,640,75,142,439.0,358.0,0.3836962890625,False,0,e51ec7bbe1574ccc8b2310c5a583d69b,1,False,False,75,142,514.0,500.0,False,False,False,False,pending,
UNUL00552,UNU-KEY E-Waste Dataset v44,CC BY 4.0,train,8099,5551,000000130786_jpg.rf.f0cd899a8b51e7da7d7ec0de9255c4f6.jpg,000000130786,39,Laptop,laptop_tablet,640,640,57,85,454.75,384.33,0.4266945007324219,True,0,3c8400827982fea3c19bdbc8dcdc89b8,1,False,False,57,85,511.75,469.33,False,False,False,False,pending,
UNUL00553,UNU-KEY E-Waste Dataset v44,CC BY 4.0,train,8103,5552,155_jpg.rf.f0f906a7beac39b842e654c9b2da9097.jpg,155,39,Laptop,laptop_tablet,640,640,6,211,595.0,233.0,0.33846435546875,False,0,7c79e3edc6679949041e8676f4e1002e,1,False,False,6,211,601.0,444.0,False,False,False,False,pending,
UNUL00554,UNU-KEY E-Waste Dataset v44,CC BY 4.0,train,8120,5564,000000126389_jpg.rf.f11421d96c0426fcedf4c23ad5bf77f0.jpg,000000126389,39,Laptop,laptop_tablet,640,640,334,221,87.98,72.35,0.01554041259765625,True,0,07a35ef711be6e8715eb546bfbad78b0,1,False,False,334,221,421.98,293.35,True,False,False,False,review,
UNUL00555,UNU-KEY E-Waste Dataset v44,CC BY 4.0,train,8147,5585,231_jpeg.rf.f18bb651d99d45a7dcc5f1abc4d1d020.jpg,231,39,Laptop,laptop_tablet,640,640,58,73,487.0,494.0,0.5873486328125,False,0,5816c9f822e5c21f91f64aa1a92db816,1,False,False,58,73,545.0,567.0,False,False,False,False,pending,
UNUL00556,UNU-KEY E-Waste Dataset v44,CC BY 4.0,train,8155,5593,000000232121_jpg.rf.f1b8163cd3411c98d896306b0f3db908.jpg,000000232121,39,Laptop,laptop_tablet,640,640,56,98,489.73,457.3,0.5467615454101563,True,0,5ac0da05db7cb70468bb816164f895cb,1,False,False,56,98,545.73,555.3,False,False,False,False,pending,
UNUL00557,UNU-KEY E-Waste Dataset v44,CC BY 4.0,train,8160,5597,000000233872_jpg.rf.f19d5ee2352fd7622555cad405d0348e.jpg,000000233872,39,Laptop,laptop_tablet,640,640,29,340,192.0,134.835,0.06320390625,True,0,bfe0ed2bcf38fc8290c668c7e28ac363,1,False,False,29,340,221.0,474.83500000000004,False,False,False,False,pending,
UNUL00558,UNU-KEY E-Waste Dataset v44,CC BY 4.0,train,8197,5623,000000097492_jpg.rf.f2a7ac38d38adb6f5312bbe991bca742.jpg,000000097492,39,Laptop,laptop_tablet,640,640,400,369,119.25,113.62,0.03307906494140625,True,0,ad79486cc6864807225bb13eb0d2e929,3,False,False,400,369,519.25,482.62,False,True,False,True,pending,
UNUL00559,UNU-KEY E-Waste Dataset v44,CC BY 4.0,train,8198,5623,000000097492_jpg.rf.f2a7ac38d38adb6f5312bbe991bca742.jpg,000000097492,39,Laptop,laptop_tablet,640,640,496,394,142.7,139.46,0.048586284179687494,True,0,ad79486cc6864807225bb13eb0d2e929,3,False,False,496,394,638.7,533.46,False,True,False,True,pending,
UNUL00560,UNU-KEY E-Waste Dataset v44,CC BY 4.0,train,8205,5623,000000097492_jpg.rf.f2a7ac38d38adb6f5312bbe991bca742.jpg,000000097492,39,Laptop,laptop_tablet,640,640,182,407,78.26,80.92,0.015460935546875,True,0,ad79486cc6864807225bb13eb0d2e929,3,False,False,182,407,260.26,487.92,True,False,False,True,review,
UNUL00561,UNU-KEY E-Waste Dataset v44,CC BY 4.0,train,8225,5637,000000304950_jpg.rf.f2c3d2daeb5cab368ad6045e51c324b0.jpg,000000304950,39,Laptop,laptop_tablet,640,640,232,112,195.04,278.47,0.13259958203125,True,0,9be5ced351b469f180dacf953e3c94bd,1,False,False,232,112,427.03999999999996,390.47,False,False,False,False,pending,
UNUL00562,UNU-KEY E-Waste Dataset v44,CC BY 4.0,train,8257,5664,000000355863_jpg.rf.f2e7d2a0681acfeef7772961a7f396d1.jpg,000000355863,39,Laptop,laptop_tablet,640,640,461,228,179.19,236.31,0.10337985571289061,True,0,b484df8512f80817f8e5f8fa60fd5064,2,False,False,461,228,640.19,464.31,False,False,False,True,pending,
UNUL00563,UNU-KEY E-Waste Dataset v44,CC BY 4.0,train,8258,5664,000000355863_jpg.rf.f2e7d2a0681acfeef7772961a7f396d1.jpg,000000355863,39,Laptop,laptop_tablet,640,640,0,183,131.02,253.0,0.08092788085937501,True,0,b484df8512f80817f8e5f8fa60fd5064,2,False,False,0,183,131.02,436.0,False,False,False,True,pending,
UNUL00564,UNU-KEY E-Waste Dataset v44,CC BY 4.0,train,8264,5666,000000082273_jpg.rf.f31ccb56916826c9cbdee9693e6a7565.jpg,000000082273,39,Laptop,laptop_tablet,640,640,229,252,370.57,299.05,0.27055409790039064,True,0,b9ac82c7213cdd23ced6f96031d294d8,1,False,False,229,252,599.5699999999999,551.05,False,False,False,False,pending,
UNUL00565,UNU-KEY E-Waste Dataset v44,CC BY 4.0,train,8308,5698,000000160498_jpg.rf.f3e718ed383462c1820c8ca514a48332.jpg,000000160498,39,Laptop,laptop_tablet,640,640,100,324,82.522,82.534,0.016628102412109377,True,0,51770ca53833776cd11088e0ed9986a7,1,False,False,100,324,182.522,406.534,True,False,False,False,review,
UNUL00566,UNU-KEY E-Waste Dataset v44,CC BY 4.0,train,8327,5714,000000425712_jpg.rf.f468b3ee16ac97daf82fbe52ac733567.jpg,000000425712,39,Laptop,laptop_tablet,640,640,2,205,330.06,325.76,0.26250084375,True,0,189efc233bfd6bc07f4b71e8e9d7a7bd,1,False,False,2,205,332.06,530.76,False,False,False,False,pending,
UNUL00567,UNU-KEY E-Waste Dataset v44,CC BY 4.0,train,8422,5729,000000399200_jpg.rf.f480b46d2001951e10af725bf1169f47.jpg,000000399200,39,Laptop,laptop_tablet,640,640,95,82,512.36,460.58,0.576129806640625,True,0,d235bedec4da8b0c1783510fd073b84c,1,False,False,95,82,607.36,542.5799999999999,False,False,False,False,pending,
UNUL00568,UNU-KEY E-Waste Dataset v44,CC BY 4.0,train,8455,5755,000000043417_jpg.rf.f4dfa471189604e1460cf989ae7aa7fc.jpg,000000043417,39,Laptop,laptop_tablet,640,640,201,283,436.8,226.56,0.24160500000000001,True,0,4140251dc9f9374baee72ac38337048b,1,False,False,201,283,637.8,509.56,False,False,False,False,pending,
UNUL00569,UNU-KEY E-Waste Dataset v44,CC BY 4.0,train,8459,5757,lenovo-320-15ikb-0_jpg.rf.f4e0b3ccf4ce501df54efea8d2fe002e.jpg,lenovo-320-15ikb-0,39,Laptop,laptop_tablet,640,640,27,123,601.0,368.0,0.5399609375,False,0,273c84916000406af3085cef7c11b308,1,False,False,27,123,628.0,491.0,False,False,False,False,pending,
UNUL00570,UNU-KEY E-Waste Dataset v44,CC BY 4.0,train,8463,5759,000000349918_jpg.rf.f4fa3eee539f1d34b417a538d62aadcd.jpg,000000349918,39,Laptop,laptop_tablet,640,640,52,201,151.693,112.691,0.041734462556152346,True,0,357b83d5870181b0a2a9331ccac554fe,1,False,False,52,201,203.693,313.69100000000003,False,True,False,False,pending,
UNUL00571,UNU-KEY E-Waste Dataset v44,CC BY 4.0,train,8486,5775,000000300103_jpg.rf.f54d59d279c9b14209393f39e698cdd0.jpg,000000300103,39,Laptop,laptop_tablet,640,640,281,158,131.12,106.32,0.034034859375,True,0,b8514f4e71db47a62927b129ee4dbfa5,1,False,False,281,158,412.12,264.32,False,True,False,False,pending,
UNUL00572,UNU-KEY E-Waste Dataset v44,CC BY 4.0,train,8499,5785,000000517081_jpg.rf.f58f4e96251acb2d3ad9b96d718e086a.jpg,000000517081,39,Laptop,laptop_tablet,640,640,0,151,322.89,405.24,0.3194529873046875,True,0,9675e7dbe430f9fddec412a3bec1aa6e,2,False,False,0,151,322.89,556.24,False,False,False,True,pending,
UNUL00573,UNU-KEY E-Waste Dataset v44,CC BY 4.0,train,8500,5785,000000517081_jpg.rf.f58f4e96251acb2d3ad9b96d718e086a.jpg,000000517081,39,Laptop,laptop_tablet,640,640,365,129,275.42,227.59,0.15303427197265626,True,0,9675e7dbe430f9fddec412a3bec1aa6e,2,False,False,365,129,640.4200000000001,356.59000000000003,False,False,False,True,pending,
UNUL00574,UNU-KEY E-Waste Dataset v44,CC BY 4.0,train,8580,5820,000000015524_jpg.rf.f5f9ff8998fe58f424a525343ec50495.jpg,000000015524,39,Laptop,laptop_tablet,640,640,170,156,340.18,345.94,0.2873092509765625,True,0,e6f58ccadd0ce761bb26e26ff1b06731,1,False,False,170,156,510.18,501.94,False,False,False,False,pending,
UNUL00575,UNU-KEY E-Waste Dataset v44,CC BY 4.0,train,8609,5841,000000408955_jpg.rf.f69e92072bf70d3f704b60e0572aa2ac.jpg,000000408955,39,Laptop,laptop_tablet,640,640,268,342,59.05,30.14,0.00434513427734375,True,0,99ac509ec2c8ed58d59dc6f06fd31d4b,1,False,False,268,342,327.05,372.14,True,False,False,False,review,
UNUL00576,UNU-KEY E-Waste Dataset v44,CC BY 4.0,train,8631,5859,113b47aed92fa29c_jpg.rf.f6ef4fbb15292c84350082cd99207a0b.jpg,113b47aed92fa29c,39,Laptop,laptop_tablet,640,640,171,43,327.0,419.0,0.33450439453125,False,0,656cdf4901448ae184548103ad01fb2d,1,False,False,171,43,498.0,462.0,False,False,False,False,pending,
UNUL00577,UNU-KEY E-Waste Dataset v44,CC BY 4.0,train,8648,5870,IMG_20200329_152804_jpg.rf.f703003aa3556ac29549ade8c3d91b76.jpg,IMG_20200329_152804,39,Laptop,laptop_tablet,640,640,290,171,350.0,364.0,0.31103515625,False,0,f6bc20710e2e4462714dfa3cf56b65e3,1,True,True,290,171,640.0,535.0,False,False,False,False,review,
UNUL00578,UNU-KEY E-Waste Dataset v44,CC BY 4.0,train,8665,5885,000000436130_jpg.rf.f75bac7873823202c71ac34d2503c1bc.jpg,000000436130,39,Laptop,laptop_tablet,640,640,1,543,51.02,16.82,0.0020951083984375,True,0,bf637364d5589e566a4e26e007a5da08,1,False,False,1,543,52.02,559.82,True,False,False,False,review,
UNUL00579,UNU-KEY E-Waste Dataset v44,CC BY 4.0,train,8696,5908,000000019916_jpg.rf.f7e412f57ffcc0296f7ae38950c4e8b4.jpg,000000019916,39,Laptop,laptop_tablet,640,640,0,0,152.188,475.712,0.17675209437499997,True,0,a117cf6ed28dacf8c2edb65df679ca2c,1,False,False,0,0,152.188,475.712,False,False,False,False,pending,
UNUL00580,UNU-KEY E-Waste Dataset v44,CC BY 4.0,train,8699,5910,164_jpeg.rf.f7a9882861ed85a017a6deae9b18a7e4.jpg,164,39,Laptop,laptop_tablet,640,640,81,8,478.0,629.0,0.7340380859375,False,0,a5631eeccc0bb86ca0d192803f9ed247,1,False,False,81,8,559.0,637.0,False,False,False,False,pending,
UNUL00581,UNU-KEY E-Waste Dataset v44,CC BY 4.0,train,8773,5960,000000245664_jpg.rf.f8962507afdfc9913795618e2831692a.jpg,000000245664,39,Laptop,laptop_tablet,640,640,236,312,212.97,191.35,0.09949172241210937,True,0,63a8dfccfc8f2557468f10cc48f361b0,1,False,False,236,312,448.97,503.35,False,False,False,False,pending,
UNUL00582,UNU-KEY E-Waste Dataset v44,CC BY 4.0,train,8805,5979,000000577522_jpg.rf.f93d342f002b6fa9a6c67cf85b17e2fa.jpg,000000577522,39,Laptop,laptop_tablet,640,640,0,6,629.98,627.11,0.9645184516601563,True,0,97d3e885969df072db6dfac6a1e72916,1,False,False,0,6,629.98,633.11,False,False,True,False,review,
UNUL00583,UNU-KEY E-Waste Dataset v44,CC BY 4.0,train,8835,6003,165_jpg.rf.f99f82db0b6fca0bb134f6bd592a5879.jpg,165,39,Laptop,laptop_tablet,640,640,118,7,416.0,633.0,0.642890625,False,0,b7fdf161aa818dc31174fd10eeadd6e2,1,False,False,118,7,534.0,640.0,False,False,False,False,pending,
UNUL00584,UNU-KEY E-Waste Dataset v44,CC BY 4.0,train,8847,6012,Laptop-Lenovo-2-_jpg.rf.f9aab1c207617dd8ed07bb40cf039694.jpg,Laptop-Lenovo-2-,39,Laptop,laptop_tablet,640,640,4,85,636.0,470.0,0.72978515625,False,0,829828cb815416f34a35a0b22cb109de,1,False,False,4,85,640.0,555.0,False,False,False,False,pending,
UNUL00585,UNU-KEY E-Waste Dataset v44,CC BY 4.0,train,8891,6049,Copy-of-IMG_20200328_132120_jpg.rf.f9e0a013be010ddd680ddbb6886a94b5.jpg,Copy-of-IMG_20200328_132120,39,Laptop,laptop_tablet,640,640,1,139,522.0,400.0,0.509765625,False,0,c81f7016fd1c08cbbf87414a5f3d287a,1,False,False,1,139,523.0,539.0,False,False,False,False,pending,
UNUL00586,UNU-KEY E-Waste Dataset v44,CC BY 4.0,train,8895,6051,000000188631_jpg.rf.fa5bf8fafa4d448be71a0fb39ababd24.jpg,000000188631,39,Laptop,laptop_tablet,640,640,71,442,174.63,169.472,0.07225316250000001,True,0,54eb99eccf0d838e7481e4c96848a205,2,False,False,71,442,245.63,611.472,False,False,False,True,pending,
UNUL00587,UNU-KEY E-Waste Dataset v44,CC BY 4.0,train,8896,6051,000000188631_jpg.rf.fa5bf8fafa4d448be71a0fb39ababd24.jpg,000000188631,39,Laptop,laptop_tablet,640,640,324,331,183.642,146.79,0.06581252241210937,True,0,54eb99eccf0d838e7481e4c96848a205,2,False,False,324,331,507.642,477.78999999999996,False,False,False,True,pending,
UNUL00588,UNU-KEY E-Waste Dataset v44,CC BY 4.0,train,8904,6054,000000514504_jpg.rf.fa5721f4ef3bc776b3142126fdf0001b.jpg,000000514504,39,Laptop,laptop_tablet,640,640,127,171,129.93,112.75,0.03576564331054687,True,0,e033c8cce7481637626651a8035ac1a0,1,False,False,127,171,256.93,283.75,False,True,False,False,pending,
UNUL00589,UNU-KEY E-Waste Dataset v44,CC BY 4.0,train,8962,6060,000000291816_jpg.rf.fa7171d436db451a5489fbb92a83842b.jpg,000000291816,39,Laptop,laptop_tablet,640,640,244,327,165.835,131.21,0.05312307214355469,True,0,8246621dab5d9a5a167c1ff0ac33f08b,1,False,False,244,327,409.83500000000004,458.21000000000004,False,False,False,False,pending,
UNUL00590,UNU-KEY E-Waste Dataset v44,CC BY 4.0,train,8963,6061,000000085320_jpg.rf.fa93fbc4e376666fca793ab9e7ccd264.jpg,000000085320,39,Laptop,laptop_tablet,640,640,296,208,194.035,185.408,0.08783115546874999,True,0,8ac16f901c47d284639f35bf5ceb3c5d,1,False,False,296,208,490.03499999999997,393.408,False,False,False,False,pending,
UNUL00591,UNU-KEY E-Waste Dataset v44,CC BY 4.0,train,9002,6085,213_jpeg.rf.fad562374f80f667c237e8ed31f48544.jpg,213,39,Laptop,laptop_tablet,640,640,175,26,290.0,430.0,0.304443359375,False,0,78188545f7d3f2ea2d8781df90c5d8da,1,False,False,175,26,465.0,456.0,False,False,False,False,pending,
UNUL00592,UNU-KEY E-Waste Dataset v44,CC BY 4.0,train,9024,6097,000000441425_jpg.rf.fafcab490bb5bee707aede10f403a171.jpg,000000441425,39,Laptop,laptop_tablet,640,640,4,99,274.573,208.602,0.1398351487939453,True,0,280923dc7d374fc49f0da32b43ddec73,4,False,False,4,99,278.573,307.602,False,False,False,True,pending,
UNUL00593,UNU-KEY E-Waste Dataset v44,CC BY 4.0,train,9025,6097,000000441425_jpg.rf.fafcab490bb5bee707aede10f403a171.jpg,000000441425,39,Laptop,laptop_tablet,640,640,321,92,319.475,215.462,0.16805352160644532,True,0,280923dc7d374fc49f0da32b43ddec73,4,False,False,321,92,640.475,307.462,False,False,False,True,pending,
UNUL00594,UNU-KEY E-Waste Dataset v44,CC BY 4.0,train,9026,6097,000000441425_jpg.rf.fafcab490bb5bee707aede10f403a171.jpg,000000441425,39,Laptop,laptop_tablet,640,640,350,330,254.285,214.029,0.13287198306884765,True,0,280923dc7d374fc49f0da32b43ddec73,4,False,False,350,330,604.285,544.029,False,False,False,True,pending,
UNUL00595,UNU-KEY E-Waste Dataset v44,CC BY 4.0,train,9027,6097,000000441425_jpg.rf.fafcab490bb5bee707aede10f403a171.jpg,000000441425,39,Laptop,laptop_tablet,640,640,65,348,213.914,188.378,0.09838059446289062,True,0,280923dc7d374fc49f0da32b43ddec73,4,False,False,65,348,278.914,536.3779999999999,False,False,False,True,pending,
UNUL00596,UNU-KEY E-Waste Dataset v44,CC BY 4.0,train,9048,6113,000000193855_jpg.rf.fb30064f08548c79d3124a94153a9b73.jpg,000000193855,39,Laptop,laptop_tablet,640,640,300,252,159.36,134.4,0.05229000000000001,True,0,550e1a2fe9804c55c2e0819d1147e3cb,1,False,False,300,252,459.36,386.4,False,False,False,False,pending,
UNUL00597,UNU-KEY E-Waste Dataset v44,CC BY 4.0,train,9050,6114,000000504800_jpg.rf.fb396eb76bfc54e3b755608f0a413f33.jpg,000000504800,39,Laptop,laptop_tablet,640,640,42,125,517.75,424.99,0.5372035461425781,True,0,f64d00ae6b8dcd0c967197b54007eb43,1,False,False,42,125,559.75,549.99,False,False,False,False,pending,
UNUL00598,UNU-KEY E-Waste Dataset v44,CC BY 4.0,train,9107,6154,000000501846_jpg.rf.fbee2b5859e7ef1434c992712760adcc.jpg,000000501846,39,Laptop,laptop_tablet,640,640,163,170,385.88,258.34,0.243379490234375,True,0,75b4df53c5df2df87c41ffa4631dbb42,1,False,False,163,170,548.88,428.34,False,False,False,False,pending,
UNUL00599,UNU-KEY E-Waste Dataset v44,CC BY 4.0,train,9124,6170,IMG-20200328-WA0025_jpg.rf.fc91bfb13d81a579d1e982698699de40.jpg,IMG-20200328-WA0025,39,Laptop,laptop_tablet,640,640,3,84,637.0,475.0,0.73870849609375,False,0,0dca92f5c9eea444a573c74c59cc9ce4,1,False,False,3,84,640.0,559.0,False,False,False,False,pending,
UNUL00600,UNU-KEY E-Waste Dataset v44,CC BY 4.0,train,9139,6183,000000209931_jpg.rf.fcd43b1ea4fa9abc0e0698e7d1b8721d.jpg,000000209931,39,Laptop,laptop_tablet,640,640,255,261,240.59,230.75,0.13553745727539063,True,0,a06b25a1ceb60cb4ac27a32a8c43c792,1,False,False,255,261,495.59000000000003,491.75,False,False,False,False,pending,
UNUL00601,UNU-KEY E-Waste Dataset v44,CC BY 4.0,train,9148,6190,000000400045_jpg.rf.fcda362b39824034538a5e5f7f1340c7.jpg,000000400045,39,Laptop,laptop_tablet,640,640,229,268,151.02,147.77,0.054482972167968755,True,0,869c5a9721023038c485715e292a443b,1,False,False,229,268,380.02,415.77,False,False,False,False,pending,
UNUL00602,UNU-KEY E-Waste Dataset v44,CC BY 4.0,train,9151,6191,000000366527_jpg.rf.fcd2df429c8bf85cd862842660aecb67.jpg,000000366527,39,Laptop,laptop_tablet,640,640,90,151,366.65,339.11,0.30355146850585935,True,0,7a79b31305258a2cfc6f33c3283da9a8,1,False,False,90,151,456.65,490.11,False,False,False,False,pending,
UNUL00603,UNU-KEY E-Waste Dataset v44,CC BY 4.0,train,9277,6295,000000448928_jpg.rf.fec3b2e7efe881eb95f0381c4f6bd075.jpg,000000448928,39,Laptop,laptop_tablet,640,640,6,194,234.29,188.98,0.10809600634765625,True,0,7e0c17961d6e4865c27ab58dfcae9951,1,False,False,6,194,240.29,382.98,False,False,False,False,pending,
UNUL00604,UNU-KEY E-Waste Dataset v44,CC BY 4.0,train,9290,6301,000000164751_jpg.rf.ff0e62f4e2d7104182fbac0e254cf45e.jpg,000000164751,39,Laptop,laptop_tablet,640,640,126,174,291.17,210.45,0.1496013830566406,True,0,ebdc9f80f9e190afa862b17d67eaeaec,1,False,False,126,174,417.17,384.45,False,False,False,False,pending,
UNUL00605,UNU-KEY E-Waste Dataset v44,CC BY 4.0,train,9293,6303,Copy-of-IMG_20200328_132038_jpg.rf.ff105635cea1ff51167a77361051e40b.jpg,Copy-of-IMG_20200328_132038,39,Laptop,laptop_tablet,640,640,1,120,639.0,378.0,0.5897021484375,False,0,43662750cb42949266e44bc45e131e8b,1,False,False,1,120,640.0,498.0,False,False,False,False,pending,
UNUL00606,UNU-KEY E-Waste Dataset v44,CC BY 4.0,train,9298,6307,000000453625_jpg.rf.fefea1fc1981e67ea3893c9536a30106.jpg,000000453625,39,Laptop,laptop_tablet,640,640,1,211,166.11,144.54,0.05861703955078126,True,0,f5802684194cc32e918c6279e7de16c3,3,False,False,1,211,167.11,355.53999999999996,False,False,False,True,pending,
UNUL00607,UNU-KEY E-Waste Dataset v44,CC BY 4.0,train,9299,6307,000000453625_jpg.rf.fefea1fc1981e67ea3893c9536a30106.jpg,000000453625,39,Laptop,laptop_tablet,640,640,331,191,196.46,164.37,0.07883820849609376,True,0,f5802684194cc32e918c6279e7de16c3,3,False,False,331,191,527.46,355.37,False,False,False,True,pending,
UNUL00608,UNU-KEY E-Waste Dataset v44,CC BY 4.0,train,9300,6307,000000453625_jpg.rf.fefea1fc1981e67ea3893c9536a30106.jpg,000000453625,39,Laptop,laptop_tablet,640,640,186,183,130.86,104.25,0.03330604248046875,True,0,f5802684194cc32e918c6279e7de16c3,3,False,False,186,183,316.86,287.25,False,True,False,True,pending,
UNUL00609,UNU-KEY E-Waste Dataset v44,CC BY 4.0,train,9351,6328,IMG_20200329_142727_jpg.rf.ff54916ed5099e2b31a4f40b2e133296.jpg,IMG_20200329_142727,39,Laptop,laptop_tablet,640,640,2,122,271.0,361.0,0.23884521484375,False,0,6171393e28cf3d4c0b30a663aa4d357e,2,False,False,2,122,273.0,483.0,False,False,False,True,pending,
UNUL00610,UNU-KEY E-Waste Dataset v44,CC BY 4.0,train,9352,6328,IMG_20200329_142727_jpg.rf.ff54916ed5099e2b31a4f40b2e133296.jpg,IMG_20200329_142727,39,Laptop,laptop_tablet,640,640,275,123,365.0,342.0,0.3047607421875,False,0,6171393e28cf3d4c0b30a663aa4d357e,2,False,False,275,123,640.0,465.0,False,False,False,True,pending,
UNUL00611,UNU-KEY E-Waste Dataset v44,CC BY 4.0,train,9353,6329,000000380128_jpg.rf.ff43fca9d08a73501f4e859680376ba0.jpg,000000380128,39,Laptop,laptop_tablet,640,640,172,125,293.62,364.63,0.26138344873046876,True,0,a3ce30167924f7d5e6c742ebb26bdcc7,1,False,False,172,125,465.62,489.63,False,False,False,False,pending,
UNUL00612,UNU-KEY E-Waste Dataset v44,CC BY 4.0,train,9364,6337,000000572795_jpg.rf.ff35aca0d4eaf4d86177e4c6a377bc84.jpg,000000572795,39,Laptop,laptop_tablet,640,640,0,17,320.72,570.96,0.4470661406250001,True,0,64ae689f33c83b319fd30a2660b0d0e7,1,False,False,0,17,320.72,587.96,False,False,False,False,pending,
UNUL00613,UNU-KEY E-Waste Dataset v44,CC BY 4.0,train,9376,6347,000000263458_jpg.rf.ff98a6ec52b250fd222f482e0c7ee2cc.jpg,000000263458,39,Laptop,laptop_tablet,640,640,3,81,636.749,479.462,0.7453538794873047,True,0,40b0669b0cdcb2a01b98d03b282e9f3b,1,False,False,3,81,639.749,560.462,False,False,False,False,pending,
UNUL00614,UNU-KEY E-Waste Dataset v44,CC BY 4.0,train,9389,6355,000000312596_jpg.rf.fff9ce04a35ff6d667aaf38e0a646a8b.jpg,000000312596,39,Laptop,laptop_tablet,640,640,201,169,232.74,187.59,0.10659105615234375,True,0,5b001ddaeb2ceaa1453297ed264c840b,1,False,False,201,169,433.74,356.59000000000003,False,False,False,False,pending,
UNUL00615,UNU-KEY E-Waste Dataset v44,CC BY 4.0,train,9393,6357,216_jpeg.rf.fff8fc532046d2fe7988e0db6eaeab8c.jpg,216,39,Laptop,laptop_tablet,640,640,49,162,553.0,373.0,0.50358642578125,False,0,5eebe75d00054d141eb79b182dce4ffe,1,False,False,49,162,602.0,535.0,False,False,False,False,pending,
UNUL00616,UNU-KEY E-Waste Dataset v44,CC BY 4.0,train,9434,6378,000000238171_jpg.rf.099c634c8679a11edd5d76958455e319.jpg,000000238171,39,Laptop,laptop_tablet,640,640,298,133,274.36,208.39,0.13958466894531252,True,0,d45dfda07667258bf0b2af783f4c1734,1,False,False,298,133,572.36,341.39,False,False,False,False,pending,
UNUL00617,UNU-KEY E-Waste Dataset v44,CC BY 4.0,train,9490,6421,000000428214_jpg.rf.0a175ea0b3e07906ce2bb19fc205aa75.jpg,000000428214,39,Laptop,laptop_tablet,640,640,312,82,262.11,210.33,0.13459374096679688,True,0,5e7376ef185bd12852c1a67ee8eb4618,1,False,False,312,82,574.11,292.33000000000004,False,False,False,False,pending,
UNUL00618,UNU-KEY E-Waste Dataset v44,CC BY 4.0,train,9493,6423,000000197681_jpg.rf.0a12ddb2377ebb8be307a14e622776f5.jpg,000000197681,39,Laptop,laptop_tablet,640,640,67,305,373.927,310.655,0.28359934615478516,True,0,358f3792b5172d0c0a75d365b89ca887,1,False,False,67,305,440.927,615.655,False,False,False,False,pending,
UNUL00619,UNU-KEY E-Waste Dataset v44,CC BY 4.0,train,9575,6454,000000546517_jpg.rf.0a90201d5d521e796c2ab82e88820124.jpg,000000546517,39,Laptop,laptop_tablet,640,640,117,120,191.97,92.64,0.04341821484375,True,0,f75c175c1d84c90ae2916c0f4a58dfb9,2,False,False,117,120,308.97,212.64,False,True,False,True,pending,
UNUL00620,UNU-KEY E-Waste Dataset v44,CC BY 4.0,train,9576,6454,000000546517_jpg.rf.0a90201d5d521e796c2ab82e88820124.jpg,000000546517,39,Laptop,laptop_tablet,640,640,309,175,260.36,105.3,0.066933369140625,True,0,f75c175c1d84c90ae2916c0f4a58dfb9,2,False,False,309,175,569.36,280.3,False,False,False,True,pending,
UNUL00621,UNU-KEY E-Waste Dataset v44,CC BY 4.0,train,9581,6457,000000250778_jpg.rf.0ab868d55e628a9d444291668fdd9254.jpg,000000250778,39,Laptop,laptop_tablet,640,640,381,240,236.173,183.552,0.105835025625,True,0,4c7729459b0d68d7e6add71f3ebea88b,1,False,False,381,240,617.173,423.552,False,False,False,False,pending,
UNUL00622,UNU-KEY E-Waste Dataset v44,CC BY 4.0,train,9589,6462,250_jpeg.rf.0aba551aa51ba227f0377f653701fc05.jpg,250,39,Laptop,laptop_tablet,640,640,1,117,303.0,346.0,0.2559521484375,False,0,7e5ca52860db95a5aaa457c8a33979f2,2,False,False,1,117,304.0,463.0,False,False,False,True,pending,
UNUL00623,UNU-KEY E-Waste Dataset v44,CC BY 4.0,train,9590,6462,250_jpeg.rf.0aba551aa51ba227f0377f653701fc05.jpg,250,39,Laptop,laptop_tablet,640,640,321,85,319.0,372.0,0.289716796875,False,0,7e5ca52860db95a5aaa457c8a33979f2,2,False,False,321,85,640.0,457.0,False,False,False,True,pending,
UNUL00624,UNU-KEY E-Waste Dataset v44,CC BY 4.0,train,9611,6481,000000121693_jpg.rf.0b404799e9e0e79208da788832b2e129.jpg,000000121693,39,Laptop,laptop_tablet,640,640,1,81,341.62,284.32,0.2371323203125,True,0,307379d028bbf6d84487dd71ac6ea7d0,1,False,False,1,81,342.62,365.32,False,False,False,False,pending,
UNUL00625,UNU-KEY E-Waste Dataset v44,CC BY 4.0,train,9621,6487,172_jpeg.rf.0b4c778c29ef38f1bb75d18628a6571d.jpg,172,39,Laptop,laptop_tablet,640,640,3,98,630.0,453.0,0.6967529296875,False,0,f2f4c3e609d9e0d7b301efb73d090ae0,1,False,False,3,98,633.0,551.0,False,False,False,False,pending,
UNUL00626,UNU-KEY E-Waste Dataset v44,CC BY 4.0,train,9636,6496,000000190722_jpg.rf.0b80020937aabcf945c1655d5692480d.jpg,000000190722,39,Laptop,laptop_tablet,640,640,55,265,229.83,199.4,0.11188501464843752,True,0,25bfb07fde20a6a534bda9948300a838,1,False,False,55,265,284.83000000000004,464.4,False,False,False,False,pending,
UNUL00627,UNU-KEY E-Waste Dataset v44,CC BY 4.0,train,9657,6510,000000254986_jpg.rf.0baad5bb49d4f1e7ba52bdb817839156.jpg,000000254986,39,Laptop,laptop_tablet,640,640,31,233,371.059,296.627,0.2687161083813477,True,0,e528828e941d622f99727668762967a2,1,False,False,31,233,402.059,529.627,False,False,False,False,pending,
UNUL00628,UNU-KEY E-Waste Dataset v44,CC BY 4.0,train,9659,6511,000000306822_jpg.rf.0badde9dbfad619f8a09ffb2da840a78.jpg,000000306822,39,Laptop,laptop_tablet,640,640,168,83,471.63,345.52,0.39784569726562496,True,0,d6d13dadaf807a987706cf92a1052874,1,False,False,168,83,639.63,428.52,False,False,False,False,pending,
UNUL00629,UNU-KEY E-Waste Dataset v44,CC BY 4.0,train,9666,6516,000000399164_jpg.rf.0bd4fb43905cb98960d5068f91e2e5e9.jpg,000000399164,39,Laptop,laptop_tablet,640,640,283,158,125.62,103.39,0.03170862255859375,True,0,9a10127f3b0b77a31aaba7e2a66e2f01,1,False,False,283,158,408.62,261.39,False,True,False,False,pending,
UNUL00630,UNU-KEY E-Waste Dataset v44,CC BY 4.0,train,9710,6546,000000150276_jpg.rf.0c3c97b4d1f119a302143b42cc742a25.jpg,000000150276,39,Laptop,laptop_tablet,640,640,194,321,128.66,52.13,0.01637462353515625,True,0,e55672e69d2197f0b74cb3c58821f8a2,1,False,False,194,321,322.65999999999997,373.13,True,False,False,False,review,
UNUL00631,UNU-KEY E-Waste Dataset v44,CC BY 4.0,train,9747,6574,000000193001_jpg.rf.0c6a76f1acbafed8982af84fc9c67f40.jpg,000000193001,39,Laptop,laptop_tablet,640,640,15,210,315.47,286.62,0.22075198095703125,True,0,e148212b35e150a0502b481aa6eae5e8,1,False,False,15,210,330.47,496.62,False,False,False,False,pending,
UNUL00632,UNU-KEY E-Waste Dataset v44,CC BY 4.0,train,9774,6596,000000085893_jpg.rf.0d2abcc884b569c2a4fec3c74682450c.jpg,000000085893,39,Laptop,laptop_tablet,640,640,0,420,59.26,70.6,0.010214248046874999,True,0,b0a26d65923e34a75f36715e5d8b9a48,1,False,False,0,420,59.26,490.6,True,False,False,False,review,
UNUL00633,UNU-KEY E-Waste Dataset v44,CC BY 4.0,train,9805,6620,59ee0fcba4d1b8d3_jpg.rf.0d8d23ee83b6292ac63fc772f3d9a3c5.jpg,59ee0fcba4d1b8d3,39,Laptop,laptop_tablet,640,640,1,231,418.0,303.0,0.3092138671875,False,0,b262d4eba02e808cbd7bfb41b89da69e,1,False,False,1,231,419.0,534.0,False,False,False,False,pending,
UNUL00634,UNU-KEY E-Waste Dataset v44,CC BY 4.0,train,9826,6639,000000367725_jpg.rf.0db20364e8aaa538f69709d5b8eedb04.jpg,000000367725,39,Laptop,laptop_tablet,640,640,292,393,347.22,161.09,0.13655681103515627,True,0,d21fcc07f6b4b576d9f1df62e5dde255,1,False,False,292,393,639.22,554.09,False,False,False,False,pending,
UNUL00635,UNU-KEY E-Waste Dataset v44,CC BY 4.0,train,9925,6687,233_jpeg.rf.0e9bf7cb40f99165943339965f0ebbac.jpg,233,39,Laptop,laptop_tablet,640,640,81,7,479.0,622.0,0.7273876953125,False,0,15f9464bcd0a53b81741c7c958f6741a,1,False,False,81,7,560.0,629.0,False,False,False,False,pending,
UNUL00636,UNU-KEY E-Waste Dataset v44,CC BY 4.0,train,9931,6693,000000481039_jpg.rf.0ebcee4c01e17b74ad298cd71fc34ac3.jpg,000000481039,39,Laptop,laptop_tablet,640,640,56,255,198.47,184.45,0.08937449096679688,True,0,00672b9d624f7cf4c68cc08689f148c8,1,False,False,56,255,254.47,439.45,False,False,False,False,pending,
UNUL00637,UNU-KEY E-Waste Dataset v44,CC BY 4.0,train,9984,6734,000000555298_jpg.rf.0f5aba87394f66456383f034a488d2c2.jpg,000000555298,39,Laptop,laptop_tablet,640,640,329,168,186.31,136.04,0.0618789365234375,True,0,8bf0132837f47ab64be33e5eab6ebb3f,1,False,False,329,168,515.31,304.03999999999996,False,False,False,False,pending,
UNUL00638,UNU-KEY E-Waste Dataset v44,CC BY 4.0,train,10011,6746,000000465825_jpg.rf.0f8cc2d772aa65e044db3906ef92c05b.jpg,000000465825,39,Laptop,laptop_tablet,640,640,308,134,165.901,140.838,0.05704385995605468,True,0,cd1fa02365bd69b35b58a0453bdde71a,2,False,False,308,134,473.901,274.83799999999997,False,False,False,True,pending,
UNUL00639,UNU-KEY E-Waste Dataset v44,CC BY 4.0,train,10012,6746,000000465825_jpg.rf.0f8cc2d772aa65e044db3906ef92c05b.jpg,000000465825,39,Laptop,laptop_tablet,640,640,279,235,245.696,175.603,0.10533436203125002,True,0,cd1fa02365bd69b35b58a0453bdde71a,2,False,False,279,235,524.696,410.603,False,False,False,True,pending,
UNUL00640,UNU-KEY E-Waste Dataset v44,CC BY 4.0,train,10046,6777,238_jpeg.rf.10a13d4fa3971b33451fc43120a735a7.jpg,238,39,Laptop,laptop_tablet,640,640,87,161,364.0,318.0,0.28259765625,False,0,7a6986c75df0ec7b7a8bf3e6e9a6670f,1,False,False,87,161,451.0,479.0,False,False,False,False,pending,
UNUL00641,UNU-KEY E-Waste Dataset v44,CC BY 4.0,train,10047,6778,000000304777_jpg.rf.103010bd402f00cf0a3c15a988a92eaf.jpg,000000304777,39,Laptop,laptop_tablet,640,640,227,178,259.69,197.17,0.1250075129394531,True,0,e5e04b372cf41813cca841b94b8a343d,1,False,False,227,178,486.69,375.16999999999996,False,False,False,False,pending,
UNUL00642,UNU-KEY E-Waste Dataset v44,CC BY 4.0,train,10152,6856,000000571654_jpg.rf.1245a275db1d1eca9ba4872630141bfd.jpg,000000571654,39,Laptop,laptop_tablet,640,640,69,304,127.32,78.5,0.024400927734374998,True,0,b384d4fc1227232fa9446574e7e568c6,1,False,False,69,304,196.32,382.5,False,True,False,False,pending,
UNUL00643,UNU-KEY E-Waste Dataset v44,CC BY 4.0,train,10160,6858,000000558700_jpg.rf.126713380d540de06d0239aebbf7e6d1.jpg,000000558700,39,Laptop,laptop_tablet,640,640,227,399,204.77,167.35,0.08366274291992187,True,0,308c6bd2dede4f97e9c0070ec4ffa8d8,1,False,False,227,399,431.77,566.35,False,False,False,False,pending,
UNUL00644,UNU-KEY E-Waste Dataset v44,CC BY 4.0,train,10180,6874,000000479935_jpg.rf.1281f8fae9c23dfdf5246e6c4d8312d0.jpg,000000479935,39,Laptop,laptop_tablet,640,640,166,289,29.8,8.14,0.000592216796875,True,0,03cbc5d675b10c7ac33cae31d5d9f672,1,False,False,166,289,195.8,297.14,True,False,False,False,review,
UNUL00645,UNU-KEY E-Waste Dataset v44,CC BY 4.0,train,10242,6912,000000254169_jpg.rf.1363f6971df54ed71796e8dba7e1c2e4.jpg,000000254169,39,Laptop,laptop_tablet,640,640,1,215,276.134,271.821,0.1832495605810547,True,0,915ec37883f810d5f66a2d98a8c8df3c,2,False,False,1,215,277.134,486.821,False,False,False,True,pending,
UNUL00646,UNU-KEY E-Waste Dataset v44,CC BY 4.0,train,10243,6912,000000254169_jpg.rf.1363f6971df54ed71796e8dba7e1c2e4.jpg,000000254169,39,Laptop,laptop_tablet,640,640,329,120,163.776,167.731,0.06706619203125,True,0,915ec37883f810d5f66a2d98a8c8df3c,2,False,False,329,120,492.776,287.731,False,False,False,True,pending,
UNUL00647,UNU-KEY E-Waste Dataset v44,CC BY 4.0,train,10252,6916,000000038686_jpg.rf.135f6e6b2de8530bf1a8bdef6e8bd49d.jpg,000000038686,39,Laptop,laptop_tablet,640,640,19,256,436.85,298.79,0.3186679968261719,True,0,cd709c48f963fad079e6a28862ff72d6,1,False,False,19,256,455.85,554.79,False,False,False,False,pending,
UNUL00648,UNU-KEY E-Waste Dataset v44,CC BY 4.0,train,10276,6936,000000473137_jpg.rf.139be2bfb8bd31286c271bb88f92b783.jpg,000000473137,39,Laptop,laptop_tablet,640,640,45,99,369.15,365.92,0.32978361328124994,True,0,ee6bda69cfbbc57bba50ecd6baccabfb,1,False,False,45,99,414.15,464.92,False,False,False,False,pending,
UNUL00649,UNU-KEY E-Waste Dataset v44,CC BY 4.0,train,10282,6940,000000334596_jpg.rf.13a3da2e0dd604d09c7a5aedac653e5e.jpg,000000334596,39,Laptop,laptop_tablet,640,640,0,345,159.36,79.68,0.031000500000000004,True,0,7778eff1fd10618d124a648943ea21f3,1,False,False,0,345,159.36,424.68,False,True,False,False,pending,
UNUL00650,UNU-KEY E-Waste Dataset v44,CC BY 4.0,train,10305,6958,0a6e9396510e28c8_jpg.rf.13ca38616c1e5930a1d40f7550de0d1b.jpg,0a6e9396510e28c8,39,Laptop,laptop_tablet,640,640,369,193,253.0,284.0,0.175419921875,False,0,1dee55f8c3329de02d247a324d281a41,2,False,False,369,193,622.0,477.0,False,False,False,True,pending,
UNUL00651,UNU-KEY E-Waste Dataset v44,CC BY 4.0,train,10306,6958,0a6e9396510e28c8_jpg.rf.13ca38616c1e5930a1d40f7550de0d1b.jpg,0a6e9396510e28c8,39,Laptop,laptop_tablet,640,640,47,203,187.0,212.0,0.096787109375,False,0,1dee55f8c3329de02d247a324d281a41,2,False,False,47,203,234.0,415.0,False,False,False,True,pending,
UNUL00652,UNU-KEY E-Waste Dataset v44,CC BY 4.0,train,10325,6974,000000435359_jpg.rf.1431acba70b925e87581db2b80b161c4.jpg,000000435359,39,Laptop,laptop_tablet,640,640,135,373,289.17,251.74,0.17772376904296877,True,0,8d7779cb64176618c7240a81b8e2ae99,1,False,False,135,373,424.17,624.74,False,False,False,False,pending,
UNUL00653,UNU-KEY E-Waste Dataset v44,CC BY 4.0,train,10340,6985,163_jpg.rf.144f59037c1a89d155bcfefaafca31e1.jpg,163,39,Laptop,laptop_tablet,640,640,7,164,566.0,226.0,0.312294921875,False,0,7079640a8d6708db680ff9b3bf99e616,1,False,False,7,164,573.0,390.0,False,False,False,False,pending,
UNUL00654,UNU-KEY E-Waste Dataset v44,CC BY 4.0,train,10349,6990,000000125017_jpg.rf.14499f1318345bd605bd65de74bd6cec.jpg,000000125017,39,Laptop,laptop_tablet,640,640,250,292,161.07,117.93,0.04637447534179688,True,0,6ddafe4b5c16907c92d95a685b5a9a14,1,False,False,250,292,411.07,409.93,False,True,False,False,pending,
UNUL00655,UNU-KEY E-Waste Dataset v44,CC BY 4.0,train,10354,6993,IMG_20200329_142707_jpg.rf.147a5e9f26bb4e4d834f6dc8ac108dbc.jpg,IMG_20200329_142707,39,Laptop,laptop_tablet,640,640,137,313,423.0,325.0,0.33563232421875,False,0,ea63cb3324fb677ec44bebd5d1f1f6c7,2,False,False,137,313,560.0,638.0,False,False,False,True,pending,
UNUL00656,UNU-KEY E-Waste Dataset v44,CC BY 4.0,train,10355,6993,IMG_20200329_142707_jpg.rf.147a5e9f26bb4e4d834f6dc8ac108dbc.jpg,IMG_20200329_142707,39,Laptop,laptop_tablet,640,640,177,1,362.0,309.0,0.2730908203125,False,0,ea63cb3324fb677ec44bebd5d1f1f6c7,2,False,False,177,1,539.0,310.0,False,False,False,True,pending,
UNUL00657,UNU-KEY E-Waste Dataset v44,CC BY 4.0,train,10358,6996,64ada0a0eecfadb0_jpg.rf.1463aa31418be82e907eafabb4f2ad5f.jpg,64ada0a0eecfadb0,39,Laptop,laptop_tablet,640,640,124,49,479.0,484.0,0.566005859375,False,0,d277115161f2f175b32fd371a05d5922,1,False,False,124,49,603.0,533.0,False,False,False,False,pending,
UNUL00658,UNU-KEY E-Waste Dataset v44,CC BY 4.0,train,10361,6999,000000374333_jpg.rf.147e78172171bd664085e8046bafa431.jpg,000000374333,39,Laptop,laptop_tablet,640,640,0,173,391.55,346.25,0.33099166870117186,True,0,8b9f46a51ed9b0b9076eca79e42d9d4d,2,False,False,0,173,391.55,519.25,False,False,False,True,pending,
UNUL00659,UNU-KEY E-Waste Dataset v44,CC BY 4.0,train,10362,6999,000000374333_jpg.rf.147e78172171bd664085e8046bafa431.jpg,000000374333,39,Laptop,laptop_tablet,640,640,290,172,346.73,275.21,0.2329676838378906,True,0,8b9f46a51ed9b0b9076eca79e42d9d4d,2,False,False,290,172,636.73,447.21,False,False,False,True,pending,
UNUL00660,UNU-KEY E-Waste Dataset v44,CC BY 4.0,train,10398,7033,000000153542_jpg.rf.151963213ff603b1585a4fbb01025bda.jpg,000000153542,39,Laptop,laptop_tablet,640,640,287,186,190.92,217.89,0.10156142285156249,True,0,89972b50d75386779f52ed98de75c94a,1,False,False,287,186,477.91999999999996,403.89,False,False,False,False,pending,
UNUL00661,UNU-KEY E-Waste Dataset v44,CC BY 4.0,train,10417,7045,000000066853_jpg.rf.15428050c49edbff613c42b514fa4de1.jpg,000000066853,39,Laptop,laptop_tablet,640,640,390,382,223.28,166.12,0.0905548671875,True,0,599e9d242b6bfa97080fd52382a9aa0b,3,False,False,390,382,613.28,548.12,False,False,False,True,pending,
UNUL00662,UNU-KEY E-Waste Dataset v44,CC BY 4.0,train,10418,7045,000000066853_jpg.rf.15428050c49edbff613c42b514fa4de1.jpg,000000066853,39,Laptop,laptop_tablet,640,640,239,348,124.33,118.96,0.036109123046875,True,0,599e9d242b6bfa97080fd52382a9aa0b,3,False,False,239,348,363.33,466.96,False,True,False,True,pending,
UNUL00663,UNU-KEY E-Waste Dataset v44,CC BY 4.0,train,10419,7045,000000066853_jpg.rf.15428050c49edbff613c42b514fa4de1.jpg,000000066853,39,Laptop,laptop_tablet,640,640,60,391,171.82,159.04,0.066714484375,True,0,599e9d242b6bfa97080fd52382a9aa0b,3,False,False,60,391,231.82,550.04,False,False,False,True,pending,
UNUL00664,UNU-KEY E-Waste Dataset v44,CC BY 4.0,train,10424,7047,000000508105_jpg.rf.153f1b12d63e9b4efd396a832ce678f5.jpg,000000508105,39,Laptop,laptop_tablet,640,640,1,294,265.8,227.42,0.147578701171875,True,0,5566eb34a8cbc101a2079377566a8546,1,False,False,1,294,266.8,521.42,False,False,False,False,pending,
UNUL00665,UNU-KEY E-Waste Dataset v44,CC BY 4.0,train,10425,7048,IMG-20200328-WA0029_jpg.rf.155de72125b936655fe3483891f6e992.jpg,IMG-20200328-WA0029,39,Laptop,laptop_tablet,640,640,1,82,638.0,345.0,0.5373779296875,False,0,228d900e9dcbd746942a5a5db7311bb5,1,False,False,1,82,639.0,427.0,False,False,False,False,pending,
UNUL00666,UNU-KEY E-Waste Dataset v44,CC BY 4.0,train,10450,7068,000000259217_jpg.rf.15deaee4591e5f919445389502bf18e0.jpg,000000259217,39,Laptop,laptop_tablet,640,640,0,126,620.83,402.05,0.6093864782714844,True,0,5ad70245cfcb045c09c3d82113cf4024,1,False,False,0,126,620.83,528.05,False,False,False,False,pending,
UNUL00667,UNU-KEY E-Waste Dataset v44,CC BY 4.0,train,10472,7088,000000490694_jpg.rf.1606dd329d4fffa87e8d44a525747852.jpg,000000490694,39,Laptop,laptop_tablet,640,640,169,285,183.059,151.352,0.06764244572265625,True,0,148590eceea901a79d0174dafe53838a,1,False,False,169,285,352.05899999999997,436.352,False,False,False,False,pending,
UNUL00668,UNU-KEY E-Waste Dataset v44,CC BY 4.0,train,10495,7111,000000084454_jpg.rf.1689cbcf81fc845a3a42a6a7fe15cb6f.jpg,000000084454,39,Laptop,laptop_tablet,640,640,57,413,73.434,64.909,0.011637030043945314,True,0,502ace001204f18124dfd03a036cd2d4,1,False,False,57,413,130.434,477.909,True,False,False,False,review,
UNUL00669,UNU-KEY E-Waste Dataset v44,CC BY 4.0,train,10523,7135,302_jpeg.rf.1718df79209c3006acc876628b350799.jpg,302,39,Laptop,laptop_tablet,640,640,81,41,389.0,461.0,0.43781494140625,False,0,83d616241905269598ebf1922b78efdf,1,False,False,81,41,470.0,502.0,False,False,False,False,pending,
UNUL00670,UNU-KEY E-Waste Dataset v44,CC BY 4.0,train,10558,7164,000000153368_jpg.rf.17a27bf6878f7302214a5229266be86c.jpg,000000153368,39,Laptop,laptop_tablet,640,640,277,359,50.05,12.1,0.0014785278320312498,True,0,3f8d28c315ca6ae1fe00fccc96f0bbea,1,False,False,277,359,327.05,371.1,True,False,False,False,review,
UNUL00671,UNU-KEY E-Waste Dataset v44,CC BY 4.0,train,10565,7171,000000101936_jpg.rf.17befd2cef80b54f5e44a84a57dffa50.jpg,000000101936,39,Laptop,laptop_tablet,640,640,192,180,211.42,206.03,0.10634487939453124,True,0,cb0107e280f7486cd5eb81a740bf508d,1,False,False,192,180,403.41999999999996,386.03,False,False,False,False,pending,
UNUL00672,UNU-KEY E-Waste Dataset v44,CC BY 4.0,train,10585,7186,000000334566_jpg.rf.180a9e66903677e7572d82cb72b512cc.jpg,000000334566,39,Laptop,laptop_tablet,640,640,153,223,167.71,107.96,0.0442040322265625,True,0,f7f4e599d29dcd8e3b46392ba0d32120,1,False,False,153,223,320.71000000000004,330.96,False,True,False,False,pending,
UNUL00673,UNU-KEY E-Waste Dataset v44,CC BY 4.0,train,10618,7211,000000002608_jpg.rf.188d1b2f3fa7f87dd30453df1ff649c2.jpg,000000002608,39,Laptop,laptop_tablet,640,640,517,443,89.6,76.3,0.016690625,True,0,ddcf0a7b848eb47c8fb2c19638de252b,1,False,False,517,443,606.6,519.3,True,False,False,False,review,
UNUL00674,UNU-KEY E-Waste Dataset v44,CC BY 4.0,train,10623,7214,306_jpg.rf.18a71f7a179411ab023806cf01f3c65b.jpg,306,39,Laptop,laptop_tablet,640,640,111,170,348.0,301.0,0.255732421875,False,0,8e63c8733e60587938a53ef842e344f1,1,False,False,111,170,459.0,471.0,False,False,False,False,pending,
UNUL00675,UNU-KEY E-Waste Dataset v44,CC BY 4.0,train,10652,7240,000000566491_jpg.rf.1910c0b4f0936c25152724f2df39a84e.jpg,000000566491,39,Laptop,laptop_tablet,640,640,151,244,264.27,175.82,0.11343738134765624,True,0,2ce68bc623057e61adb85dbcd39c5631,1,False,False,151,244,415.27,419.82,False,False,False,False,pending,
UNUL00676,UNU-KEY E-Waste Dataset v44,CC BY 4.0,train,10669,7256,000000494335_jpg.rf.1970eb7c027e40c989fb6299ce2bdc53.jpg,000000494335,39,Laptop,laptop_tablet,640,640,317,161,311.73,293.39,0.22328726733398438,True,0,767374faeb9c7465afad1b3945a7c0a0,1,False,False,317,161,628.73,454.39,False,False,False,False,pending,
UNUL00677,UNU-KEY E-Waste Dataset v44,CC BY 4.0,train,10761,7332,000000178924_jpg.rf.1ae5e01e735e00376d780005c22c9be5.jpg,000000178924,39,Laptop,laptop_tablet,640,640,139,123,336.54,350.56,0.28803091406250003,True,0,e83934650f4f6ad2a816c18e337a691c,1,False,False,139,123,475.54,473.56,False,False,False,False,pending,
UNUL00678,UNU-KEY E-Waste Dataset v44,CC BY 4.0,train,10784,7341,000000337068_jpg.rf.1b13b87c66a400d504ace29dd15e761c.jpg,000000337068,39,Laptop,laptop_tablet,640,640,295,335,96.96,56.998,0.013492495312499998,True,0,5f3795a3ee60276c8086cd9e02986e2e,1,False,False,295,335,391.96,391.998,True,False,False,False,review,
UNUL00679,UNU-KEY E-Waste Dataset v44,CC BY 4.0,train,10799,7354,000000355727_jpg.rf.1b006d204a090b1bf3a974db661af7aa.jpg,000000355727,39,Laptop,laptop_tablet,640,640,121,98,324.67,343.01,0.27188734545898435,True,0,c01503bbeb061442f793f0b1833e127d,1,False,False,121,98,445.67,441.01,False,False,False,False,pending,
UNUL00680,UNU-KEY E-Waste Dataset v44,CC BY 4.0,train,10818,7367,4ea139f066f308b8_jpg.rf.1b256e31c538f746fbbbda3fa19f74fa.jpg,4ea139f066f308b8,39,Laptop,laptop_tablet,640,640,0,123,426.0,354.0,0.368173828125,False,0,1731991851a8db43a6a1ca49209375f7,1,False,False,0,123,426.0,477.0,False,False,False,False,pending,
UNUL00681,UNU-KEY E-Waste Dataset v44,CC BY 4.0,train,10840,7380,IMG_20200329_152857_jpg.rf.1bae43e0b2148a850fd0cef80d7e67ee.jpg,IMG_20200329_152857,39,Laptop,laptop_tablet,640,640,48,170,310.0,138.0,0.104443359375,False,0,586c6c8349d095faeed5ea65438789e7,2,True,True,48,170,358.0,308.0,False,False,False,True,review,
UNUL00682,UNU-KEY E-Waste Dataset v44,CC BY 4.0,train,10841,7380,IMG_20200329_152857_jpg.rf.1bae43e0b2148a850fd0cef80d7e67ee.jpg,IMG_20200329_152857,39,Laptop,laptop_tablet,640,640,356,182,284.0,236.0,0.1636328125,False,0,586c6c8349d095faeed5ea65438789e7,2,True,True,356,182,640.0,418.0,False,False,False,True,review,
UNUL00683,UNU-KEY E-Waste Dataset v44,CC BY 4.0,train,10865,7399,000000494115_jpg.rf.1c02456847ed9bf9f10aa35673ebc2c0.jpg,000000494115,39,Laptop,laptop_tablet,640,640,82,147,495.194,366.848,0.44350812625,True,0,9675f2c65ee8c708657ef1a3b2a50379,1,False,False,82,147,577.194,513.848,False,False,False,False,pending,
UNUL00684,UNU-KEY E-Waste Dataset v44,CC BY 4.0,train,10893,7423,000000101952_jpg.rf.1c817e62455574194d701357a4dcc0e6.jpg,000000101952,39,Laptop,laptop_tablet,640,640,227,344,172.51,94.64,0.039859244140625,True,0,907d72e14835b89b7d25356a09696159,1,False,False,227,344,399.51,438.64,False,True,False,False,pending,
UNUL00685,UNU-KEY E-Waste Dataset v44,CC BY 4.0,train,10909,7434,000000561403_jpg.rf.1d02f7755f6987f12fb7632c7269c9b6.jpg,000000561403,39,Laptop,laptop_tablet,640,640,58,198,161.74,155.85,0.06154096435546875,True,0,0866a3ac63bd21cd3127ad7a07f010e9,1,False,False,58,198,219.74,353.85,False,False,False,False,pending,
UNUL00686,UNU-KEY E-Waste Dataset v44,CC BY 4.0,train,10948,7462,253_jpeg.rf.1dbd35980d5d8a3505798b08eecd624f.jpg,253,39,Laptop,laptop_tablet,640,640,102,195,526.0,236.0,0.30306640625,False,0,613b1f082b84e5311cc3a0d4616c85fe,1,False,False,102,195,628.0,431.0,False,False,False,False,pending,
UNUL00687,UNU-KEY E-Waste Dataset v44,CC BY 4.0,train,10955,7468,IMG_20200329_152800_jpg.rf.1d6feac3c244fc0eeceb53c8dc0fca8d.jpg,IMG_20200329_152800,39,Laptop,laptop_tablet,640,640,285,92,338.0,412.0,0.33998046875,False,0,a333721d3228027c92864af92e86c948,1,True,False,285,92,623.0,504.0,False,False,False,False,review,
UNUL00688,UNU-KEY E-Waste Dataset v44,CC BY 4.0,train,10966,7474,000000517582_jpg.rf.1d5db36d5e1b5ff0f12fc0a7e6c37b8c.jpg,000000517582,39,Laptop,laptop_tablet,640,640,171,153,350.24,340.64,0.2912738125,True,0,f47423c5d2ab2621ecf8095c5b9d1342,1,False,False,171,153,521.24,493.64,False,False,False,False,pending,
UNUL00689,UNU-KEY E-Waste Dataset v44,CC BY 4.0,train,10975,7480,000000379310_jpg.rf.1de394f2bc7cb2e927b3a9b16faafe13.jpg,000000379310,39,Laptop,laptop_tablet,640,640,77,186,250.253,229.76,0.14037629218749997,True,0,c7a0f976b8ecce52d49370b63a06750b,1,False,False,77,186,327.253,415.76,False,False,False,False,pending,
UNUL00690,UNU-KEY E-Waste Dataset v44,CC BY 4.0,train,10980,7482,000000365512_jpg.rf.1dedcaa20068290a92432a697ec4670f.jpg,000000365512,39,Laptop,laptop_tablet,640,640,211,160,148.851,179.059,0.06507107228759765,True,0,ebb292f06d1e665efaab9f562a0e9963,1,False,False,211,160,359.851,339.05899999999997,False,False,False,False,pending,
UNUL00691,UNU-KEY E-Waste Dataset v44,CC BY 4.0,train,11010,7505,000000155591_jpg.rf.1e45f6b4f0cbcc3b919952dacc358852.jpg,000000155591,39,Laptop,laptop_tablet,640,640,382,106,258.163,266.432,0.16792696390625,True,0,1bc703cce376829cb0ebdff34b0d34a5,1,False,False,382,106,640.163,372.432,False,False,False,False,pending,
UNUL00692,UNU-KEY E-Waste Dataset v44,CC BY 4.0,train,11035,7526,000000135976_jpg.rf.1e8e81c1a2939197222142b017202965.jpg,000000135976,39,Laptop,laptop_tablet,640,640,215,325,213.57,204.95,0.10686321166992187,True,0,360a1e276984a9de789460de3dea148d,1,False,False,215,325,428.57,529.95,False,False,False,False,pending,
UNUL00693,UNU-KEY E-Waste Dataset v44,CC BY 4.0,train,11117,7586,000000092344_jpg.rf.1fd7764967e25b66716173c2f258a298.jpg,000000092344,39,Laptop,laptop_tablet,640,640,232,266,184.01,146.03,0.06560297924804687,True,0,d7345a4214d7ed068432778ff8ec8088,1,False,False,232,266,416.01,412.03,False,False,False,False,pending,
UNUL00694,UNU-KEY E-Waste Dataset v44,CC BY 4.0,train,11130,7591,000000356645_jpg.rf.201a4a197732bcb8e314e4ea15100405.jpg,000000356645,39,Laptop,laptop_tablet,640,640,51,223,221.96,190.84,0.10341515234375001,True,0,8805ec38dea862239b00e069cb40844f,1,False,False,51,223,272.96000000000004,413.84000000000003,False,False,False,False,pending,
UNUL00695,UNU-KEY E-Waste Dataset v44,CC BY 4.0,train,11142,7601,000000104265_jpg.rf.202d5db3bc362d7378bd45ea4eed232c.jpg,000000104265,39,Laptop,laptop_tablet,640,640,174,312,140.48,130.28,0.044681968749999995,True,0,505036e3bb047fbaa67af4f680bffddf,2,False,False,174,312,314.48,442.28,False,True,False,True,pending,
UNUL00696,UNU-KEY E-Waste Dataset v44,CC BY 4.0,train,11143,7601,000000104265_jpg.rf.202d5db3bc362d7378bd45ea4eed232c.jpg,000000104265,39,Laptop,laptop_tablet,640,640,360,339,119.51,114.0,0.033262060546875,True,0,505036e3bb047fbaa67af4f680bffddf,2,False,False,360,339,479.51,453.0,False,True,False,True,pending,
UNUL00697,UNU-KEY E-Waste Dataset v44,CC BY 4.0,train,11163,7615,000000281376_jpg.rf.20510ba7d3075cde8918126ea22c5acb.jpg,000000281376,39,Laptop,laptop_tablet,640,640,455,213,182.13,155.74,0.06925030810546876,True,0,33a7978e5a1a23451e3ae39a153fde1a,2,False,False,455,213,637.13,368.74,False,False,False,True,pending,
UNUL00698,UNU-KEY E-Waste Dataset v44,CC BY 4.0,train,11168,7615,000000281376_jpg.rf.20510ba7d3075cde8918126ea22c5acb.jpg,000000281376,39,Laptop,laptop_tablet,640,640,1,226,188.16,166.19,0.07634353125,True,0,33a7978e5a1a23451e3ae39a153fde1a,2,False,False,1,226,189.16,392.19,False,False,False,True,pending,
UNUL00699,UNU-KEY E-Waste Dataset v44,CC BY 4.0,train,11177,7623,000000177824_jpg.rf.208ec3502ce167034ef3999e5e4edb7b.jpg,000000177824,39,Laptop,laptop_tablet,640,640,461,330,53.48,40.34,0.005267048828125001,True,0,a4cc3d165370ff9ef9c67652695eddc2,1,False,False,461,330,514.48,370.34000000000003,True,False,False,False,review,
UNUL00700,UNU-KEY E-Waste Dataset v44,CC BY 4.0,train,11179,7625,000000423116_jpg.rf.2092887a10f1a707ce98debe18eddba0.jpg,000000423116,39,Laptop,laptop_tablet,640,640,32,197,152.85,182.99,0.06828618530273438,True,0,26ce0ac1ba70a65f7017b8414cb96c7d,1,False,False,32,197,184.85,379.99,False,False,False,False,pending,
UNUL00701,UNU-KEY E-Waste Dataset v44,CC BY 4.0,train,11187,7630,000000154123_jpg.rf.209873972ee8efe5d733d6458e1c70b9.jpg,000000154123,39,Laptop,laptop_tablet,640,640,245,298,86.438,59.814,0.012622564775390626,True,0,8444c2fa3db5ec845b91a87271e77ad5,1,False,False,245,298,331.438,357.814,True,False,False,False,review,
UNUL00702,UNU-KEY E-Waste Dataset v44,CC BY 4.0,train,11216,7644,000000255006_jpg.rf.212f37b65bbe7c5e87209ddb9bc3823b.jpg,000000255006,39,Laptop,laptop_tablet,640,640,287,220,208.18,172.59,0.08771920458984375,True,0,c14c809b6355144994730abcb7454416,1,False,False,287,220,495.18,392.59000000000003,False,False,False,False,pending,
UNUL00703,UNU-KEY E-Waste Dataset v44,CC BY 4.0,train,11231,7656,Copy-of-IMG_20200328_132129_jpg.rf.213d72c4c226f8ec27004aedb846f34f.jpg,Copy-of-IMG_20200328_132129,39,Laptop,laptop_tablet,640,640,81,139,479.0,388.0,0.453740234375,False,0,1b1802c7cb66b336d067250bdead648e,1,False,False,81,139,560.0,527.0,False,False,False,False,pending,
UNUL00704,UNU-KEY E-Waste Dataset v44,CC BY 4.0,train,11233,7658,000000002570_jpg.rf.213e404540426a79fa20147d15e6e6b5.jpg,000000002570,39,Laptop,laptop_tablet,640,640,0,80,606.2,177.98,0.263406923828125,True,0,961484d4cfc7d179f75878901d10706a,1,False,False,0,80,606.2,257.98,False,False,False,False,pending,
UNUL00705,UNU-KEY E-Waste Dataset v44,CC BY 4.0,train,11256,7674,000000013273_jpg.rf.216f8a4178a734a181108bc75b452ff6.jpg,000000013273,39,Laptop,laptop_tablet,640,640,32,301,193.82,176.56,0.08354701953125,True,0,7f19a2d666833f79d99666a21b54da01,1,False,False,32,301,225.82,477.56,False,False,False,False,pending,
UNUL00706,UNU-KEY E-Waste Dataset v44,CC BY 4.0,train,11273,7686,IMG_20200329_152836_jpg.rf.217c022d37834b71437ab0f31abad65f.jpg,IMG_20200329_152836,39,Laptop,laptop_tablet,640,640,350,218,210.0,307.0,0.1573974609375,False,0,6f5df7664640aa9d33a73a1b6e499bb5,2,True,False,350,218,560.0,525.0,False,False,False,True,review,
UNUL00707,UNU-KEY E-Waste Dataset v44,CC BY 4.0,train,11274,7686,IMG_20200329_152836_jpg.rf.217c022d37834b71437ab0f31abad65f.jpg,IMG_20200329_152836,39,Laptop,laptop_tablet,640,640,80,191,262.0,196.0,0.12537109375,False,0,6f5df7664640aa9d33a73a1b6e499bb5,2,True,False,80,191,342.0,387.0,False,False,False,True,review,
UNUL00708,UNU-KEY E-Waste Dataset v44,CC BY 4.0,train,11299,7706,217_jpeg.rf.22010388a9ca0c95bdd40ea59fa835fa.jpg,217,39,Laptop,laptop_tablet,640,640,139,86,396.0,442.0,0.42732421875,False,0,378fbaff29e8093945a3f7b9e9dc22f3,1,False,False,139,86,535.0,528.0,False,False,False,False,pending,
UNUL00709,UNU-KEY E-Waste Dataset v44,CC BY 4.0,train,11322,7724,000000354603_jpg.rf.224c99fcd0209064d0585a4a45b9370d.jpg,000000354603,39,Laptop,laptop_tablet,640,640,192,280,82.64,71.18,0.014361121093750002,True,0,c5e57ab4593305d90752f9bc40673445,2,False,False,192,280,274.64,351.18,True,False,False,True,review,
UNUL00710,UNU-KEY E-Waste Dataset v44,CC BY 4.0,train,11323,7724,000000354603_jpg.rf.224c99fcd0209064d0585a4a45b9370d.jpg,000000354603,39,Laptop,laptop_tablet,640,640,180,350,94.53,73.87,0.017048171630859376,True,0,c5e57ab4593305d90752f9bc40673445,2,False,False,180,350,274.53,423.87,True,False,False,True,review,
UNUL00711,UNU-KEY E-Waste Dataset v44,CC BY 4.0,train,11347,7745,000000132104_jpg.rf.227e3961e83b6c35f55673174b05055e.jpg,000000132104,39,Laptop,laptop_tablet,640,640,251,106,388.6,362.71,0.3441140283203125,True,0,bdb5a091119c2e1d1fe45477238d24b0,2,False,False,251,106,639.6,468.71,False,False,False,True,pending,
UNUL00712,UNU-KEY E-Waste Dataset v44,CC BY 4.0,train,11348,7745,000000132104_jpg.rf.227e3961e83b6c35f55673174b05055e.jpg,000000132104,39,Laptop,laptop_tablet,640,640,2,168,313.77,309.94,0.23742644970703122,True,0,bdb5a091119c2e1d1fe45477238d24b0,2,False,False,2,168,315.77,477.94,False,False,False,True,pending,
UNUL00713,UNU-KEY E-Waste Dataset v44,CC BY 4.0,train,11354,7751,000000427745_jpg.rf.22b3e2edbe3eca9be607cf6f4213af50.jpg,000000427745,39,Laptop,laptop_tablet,640,640,1,135,317.466,315.302,0.2443790642871094,True,0,bf367c59d0500dd54dda930da4d611e3,1,False,False,1,135,318.466,450.302,False,False,False,False,pending,
UNUL00714,UNU-KEY E-Waste Dataset v44,CC BY 4.0,train,11367,7761,000000123791_jpg.rf.22a324904369179dcb8bbe35cca074e3.jpg,000000123791,39,Laptop,laptop_tablet,640,640,87,188,433.62,362.42,0.38367324316406254,True,0,df7f0b4d7eba466383290772626dc722,1,False,False,87,188,520.62,550.4200000000001,False,False,False,False,pending,
UNUL00715,UNU-KEY E-Waste Dataset v44,CC BY 4.0,train,11457,7822,000000517670_jpg.rf.23f4b7cda0def2082e47911728ec69ae.jpg,000000517670,39,Laptop,laptop_tablet,640,640,198,89,328.65,342.7,0.2749715698242187,True,0,b54095854c752092793b98a954be23c2,1,False,False,198,89,526.65,431.7,False,False,False,False,pending,
UNUL00716,UNU-KEY E-Waste Dataset v44,CC BY 4.0,train,11496,7851,1aa6f3ddc863f5b8_jpg.rf.24d063d3311ae78963f494718908fbe4.jpg,1aa6f3ddc863f5b8,39,Laptop,laptop_tablet,640,640,128,39,268.0,407.0,0.266298828125,False,0,951bbb8a251849cd6492bb8daa7e537e,1,False,False,128,39,396.0,446.0,False,False,False,False,pending,
UNUL00717,UNU-KEY E-Waste Dataset v44,CC BY 4.0,train,11500,7853,247_jpg.rf.249057e6dbfb13ce2631740587ab75e8.jpg,247,39,Laptop,laptop_tablet,640,640,1,141,478.0,307.0,0.3582666015625,False,0,45527f4cdaee43f6675f8176e3a9cc62,1,False,False,1,141,479.0,448.0,False,False,False,False,pending,
UNUL00718,UNU-KEY E-Waste Dataset v44,CC BY 4.0,train,11502,7855,000000231102_jpg.rf.24d5e382a418884fcdca54d70a1c9496.jpg,000000231102,39,Laptop,laptop_tablet,640,640,325,254,106.91,87.48,0.022833219726562503,True,0,136a3569b07f233b005e7018bfdf93d9,1,False,False,325,254,431.90999999999997,341.48,False,True,False,False,pending,
UNUL00719,UNU-KEY E-Waste Dataset v44,CC BY 4.0,train,11633,7922,187_jpeg.rf.2623872341886474feaa11a41beb8942.jpg,187,39,Laptop,laptop_tablet,640,640,86,76,474.0,550.0,0.636474609375,False,0,1afc198c49d568b1a7951b754d9aef9d,1,False,False,86,76,560.0,626.0,False,False,False,False,pending,
UNUL00720,UNU-KEY E-Waste Dataset v44,CC BY 4.0,train,11698,7936,000000369630_jpg.rf.26582dfa69fc9753438b959f4b7da141.jpg,000000369630,39,Laptop,laptop_tablet,640,640,191,1,369.26,270.43,0.24379634228515623,True,0,e02b503a8b250592da3b6e5db03e6872,1,False,False,191,1,560.26,271.43,False,False,False,False,pending,
UNUL00721,UNU-KEY E-Waste Dataset v44,CC BY 4.0,train,11725,7961,168_jpeg.rf.26a78905ffa029b4c3b18cc93fa939d9.jpg,168,39,Laptop,laptop_tablet,640,640,155,26,355.0,586.0,0.5078857421875,False,0,b1e3f19d92142d6e0daa4ace54a9c254,1,False,False,155,26,510.0,612.0,False,False,False,False,pending,
UNUL00722,UNU-KEY E-Waste Dataset v44,CC BY 4.0,train,11728,7964,000000433605_jpg.rf.26c4007e6ac0fbd7780b0164afd6a745.jpg,000000433605,39,Laptop,laptop_tablet,640,640,265,365,248.81,221.49,0.13454327856445314,True,0,b4d66d8e67f4ea7544de62828df81425,1,False,False,265,365,513.81,586.49,False,False,False,False,pending,
UNUL00723,UNU-KEY E-Waste Dataset v44,CC BY 4.0,train,11757,7986,162_jpg.rf.26df60f59ad148d9bac742ba9a23ce7a.jpg,162,39,Laptop,laptop_tablet,640,640,1,166,596.0,255.0,0.371044921875,False,0,f98635dc852119dc493c4f5fbc221daa,1,False,False,1,166,597.0,421.0,False,False,False,False,pending,
UNUL00724,UNU-KEY E-Waste Dataset v44,CC BY 4.0,train,11760,7989,000000396984_jpg.rf.270e33284cdc72ebf60e21b2d40eaad6.jpg,000000396984,39,Laptop,laptop_tablet,640,640,147,141,432.87,384.691,0.4065458817626953,True,0,3d6b31ef3ccfd771804ff1ca77467441,1,False,False,147,141,579.87,525.691,False,False,False,False,pending,
UNUL00725,UNU-KEY E-Waste Dataset v44,CC BY 4.0,train,11773,7997,000000292688_jpg.rf.2752dcf980abfcd9826d50575833e4a6.jpg,000000292688,39,Laptop,laptop_tablet,640,640,199,225,402.85,257.59,0.2533450476074218,True,0,6bc82cdf9113ac691ffcf04554827ae8,1,False,False,199,225,601.85,482.59,False,False,False,False,pending,
UNUL00726,UNU-KEY E-Waste Dataset v44,CC BY 4.0,train,11791,8010,Laptops-1_jpg.rf.277b411b1df3356e531d8f6b5eacec61.jpg,Laptops-1,39,Laptop,laptop_tablet,640,640,2,171,627.0,300.0,0.459228515625,False,0,2988b9705cc013d6a268d66bc21ad9b3,1,False,False,2,171,629.0,471.0,False,False,False,False,pending,
UNUL00727,UNU-KEY E-Waste Dataset v44,CC BY 4.0,train,11856,8028,1c7f705b5ad303af_jpg.rf.27b67a0e866ee7d6b26bb90fdc02d847.jpg,1c7f705b5ad303af,39,Laptop,laptop_tablet,640,640,162,149,187.0,316.0,0.144267578125,False,0,455296f8de8b03ee8a245fe4ac4e5af3,1,False,False,162,149,349.0,465.0,False,False,False,False,pending,
UNUL00728,UNU-KEY E-Waste Dataset v44,CC BY 4.0,train,11863,8033,000000233528_jpg.rf.27f30bd29f8ce5b5cf8b8c5c2ebcdac2.jpg,000000233528,39,Laptop,laptop_tablet,640,640,54,232,155.328,113.254,0.0429480403125,True,0,5716e129bab3df183a724fadc873d17b,1,False,False,54,232,209.328,345.254,False,True,False,False,pending,
UNUL00729,UNU-KEY E-Waste Dataset v44,CC BY 4.0,train,11867,8035,000000341797_jpg.rf.27d20842940a4a1df0c1eb2f5eb8ce51.jpg,000000341797,39,Laptop,laptop_tablet,640,640,213,244,119.65,95.72,0.0279611767578125,True,0,5416ad93fafd713e8cefbd0882d17989,1,False,False,213,244,332.65,339.72,False,True,False,False,pending,
UNUL00730,UNU-KEY E-Waste Dataset v44,CC BY 4.0,train,11878,8043,000000394180_jpg.rf.27d7e5aa1b5de141afa85139610075d9.jpg,000000394180,39,Laptop,laptop_tablet,640,640,389,184,251.046,155.853,0.09552312558105468,True,0,4ba62a814db97e10c74f7da0a0b13df2,1,False,False,389,184,640.046,339.853,False,False,False,False,pending,
UNUL00731,UNU-KEY E-Waste Dataset v44,CC BY 4.0,train,11892,8054,000000314935_jpg.rf.2872ea1be8183ab64423f5078702e149.jpg,000000314935,39,Laptop,laptop_tablet,640,640,48,254,310.34,250.04,0.18944681054687496,True,0,02066b1a9f1fbe117ad99ae792a5ba9e,1,False,False,48,254,358.34,504.03999999999996,False,False,False,False,pending,
UNUL00732,UNU-KEY E-Waste Dataset v44,CC BY 4.0,train,11908,8066,000000203767_jpg.rf.2862151b8cf018fac812169158c82a91.jpg,000000203767,39,Laptop,laptop_tablet,640,640,242,338,89.53,75.5,0.01650272216796875,True,0,9e135b5bb3f8b4ef95099bc5075a30da,1,False,False,242,338,331.53,413.5,True,False,False,False,review,
UNUL00733,UNU-KEY E-Waste Dataset v44,CC BY 4.0,train,11938,8095,960dbe03b4cb71b1_jpg.rf.28f8636809d7fa4d16c2db66a2e3e88e.jpg,960dbe03b4cb71b1,39,Laptop,laptop_tablet,640,640,2,1,490.0,517.0,0.6184814453125,False,0,cfb2e798e9ff290fb806e54433e56847,1,False,False,2,1,492.0,518.0,False,False,False,False,pending,
UNUL00734,UNU-KEY E-Waste Dataset v44,CC BY 4.0,train,12095,8153,243_jpeg.rf.29dd3ac330e76198cd6ab29f5ee743bf.jpg,243,39,Laptop,laptop_tablet,640,640,1,170,585.0,307.0,0.43846435546875,False,0,67729391b571a62782d21984313e7b56,1,False,False,1,170,586.0,477.0,False,False,False,False,pending,
UNUL00735,UNU-KEY E-Waste Dataset v44,CC BY 4.0,train,12100,8158,000000310277_jpg.rf.2a21e380ccfeb5ac690f09352de5b671.jpg,000000310277,39,Laptop,laptop_tablet,640,640,23,195,358.106,333.286,0.2913860261621094,True,0,53c7869105a152edbaa4f6511b63cfea,1,False,False,23,195,381.106,528.2860000000001,False,False,False,False,pending,
UNUL00736,UNU-KEY E-Waste Dataset v44,CC BY 4.0,train,12113,8165,000000458286_jpg.rf.2a75f929f76b18511808c7e4ef29a04c.jpg,000000458286,39,Laptop,laptop_tablet,640,640,242,283,184.9,92.72,0.04185529296875,True,0,7033f3ca5fd1dd124cfdb60d23b00b34,1,False,False,242,283,426.9,375.72,False,True,False,False,pending,
UNUL00737,UNU-KEY E-Waste Dataset v44,CC BY 4.0,train,12116,8168,000000474472_jpg.rf.2a89e7a44e047e77dc67b75c63d98e85.jpg,000000474472,39,Laptop,laptop_tablet,640,640,392,167,167.25,165.57,0.06760640258789062,True,0,b7841cf4756d71d934412dc88191eeac,2,False,False,392,167,559.25,332.57,False,False,False,True,pending,
UNUL00738,UNU-KEY E-Waste Dataset v44,CC BY 4.0,train,12124,8168,000000474472_jpg.rf.2a89e7a44e047e77dc67b75c63d98e85.jpg,000000474472,39,Laptop,laptop_tablet,640,640,526,232,113.87,199.48,0.0554560244140625,True,0,b7841cf4756d71d934412dc88191eeac,2,False,False,526,232,639.87,431.48,False,False,False,True,pending,
UNUL00739,UNU-KEY E-Waste Dataset v44,CC BY 4.0,train,12139,8180,000000552136_jpg.rf.2ab3a9603ff9e494304c72e2451d0d20.jpg,000000552136,39,Laptop,laptop_tablet,640,640,63,395,149.517,135.437,0.04943880353759766,True,0,af69b1366802c3c0883ef97e7168d172,1,False,False,63,395,212.517,530.437,False,True,False,False,pending,
UNUL00740,UNU-KEY E-Waste Dataset v44,CC BY 4.0,train,12205,8229,000000539439_jpg.rf.2bc91a65e134bd2991e8b76e84ff3e6c.jpg,000000539439,39,Laptop,laptop_tablet,640,640,287,373,39.39,9.0,0.0008655029296874999,True,0,7f05bff7b57364d252e2fcf75021d7a4,1,False,False,287,373,326.39,382.0,True,False,False,False,review,
UNUL00741,UNU-KEY E-Waste Dataset v44,CC BY 4.0,train,12212,8233,IMG_20200329_152730_jpg.rf.2b8f175ea880d55ad2342a7893d53ddf.jpg,IMG_20200329_152730,39,Laptop,laptop_tablet,640,640,138,92,373.0,258.0,0.2349462890625,False,0,3678c9dc12488834d2bc6f52f752ea0c,1,True,False,138,92,511.0,350.0,False,False,False,False,review,
UNUL00742,UNU-KEY E-Waste Dataset v44,CC BY 4.0,train,12223,8244,000000326854_jpg.rf.2bd82c630b26535971b5880c00cfcd07.jpg,000000326854,39,Laptop,laptop_tablet,640,640,111,262,93.16,61.09,0.0138943955078125,True,0,abfe3e535468d3e188293f8fc7ec510f,1,False,False,111,262,204.16,323.09000000000003,True,False,False,False,review,
UNUL00743,UNU-KEY E-Waste Dataset v44,CC BY 4.0,train,12229,8246,000000358763_jpg.rf.2c13aada4dfbe05b3ae283a03a49ff3e.jpg,000000358763,39,Laptop,laptop_tablet,640,640,0,365,125.01,132.22,0.040353569824218755,True,0,1a97d5153b3525b15d3aac7415474793,1,False,False,0,365,125.01,497.22,False,True,False,False,pending,
UNUL00744,UNU-KEY E-Waste Dataset v44,CC BY 4.0,train,12256,8256,000000129766_jpg.rf.2c32b788702365ced3f101f3cb77ba24.jpg,000000129766,39,Laptop,laptop_tablet,640,640,379,131,261.39,403.41,0.25743979467773437,True,0,55bf0cb71716e4c57f32aaa1c57e81fd,1,False,False,379,131,640.39,534.4100000000001,False,False,False,False,pending,
UNUL00745,UNU-KEY E-Waste Dataset v44,CC BY 4.0,train,12262,8261,000000410225_jpg.rf.2c5c0a3d5c2ce3110047d9bdfe706075.jpg,000000410225,39,Laptop,laptop_tablet,640,640,0,81,158.19,345.65,0.13349212280273437,True,0,e76da6cba856c0af1d12234971635268,3,False,False,0,81,158.19,426.65,False,False,False,True,pending,
UNUL00746,UNU-KEY E-Waste Dataset v44,CC BY 4.0,train,12263,8261,000000410225_jpg.rf.2c5c0a3d5c2ce3110047d9bdfe706075.jpg,000000410225,39,Laptop,laptop_tablet,640,640,261,108,163.18,127.6,0.05083439453125,True,0,e76da6cba856c0af1d12234971635268,3,False,False,261,108,424.18,235.6,False,False,False,True,pending,
UNUL00747,UNU-KEY E-Waste Dataset v44,CC BY 4.0,train,12264,8261,000000410225_jpg.rf.2c5c0a3d5c2ce3110047d9bdfe706075.jpg,000000410225,39,Laptop,laptop_tablet,640,640,371,83,268.94,281.52,0.18484372265625,True,0,e76da6cba856c0af1d12234971635268,3,False,False,371,83,639.94,364.52,False,False,False,True,pending,
UNUL00748,UNU-KEY E-Waste Dataset v44,CC BY 4.0,train,12278,8275,185_jpeg.rf.2caedfac56487a0a11a22e76016f9a90.jpg,185,39,Laptop,laptop_tablet,640,640,81,55,479.0,571.0,0.66774658203125,False,0,2e7b4b2f9225d61a84353ff6c5d7ef16,1,False,False,81,55,560.0,626.0,False,False,False,False,pending,
UNUL00749,UNU-KEY E-Waste Dataset v44,CC BY 4.0,train,12301,8295,000000263434_jpg.rf.2cfa593d0ec3bb7f2f1a0d00252677ae.jpg,000000263434,39,Laptop,laptop_tablet,640,640,424,321,196.76,175.14,0.084132193359375,True,0,ab36e9de41d2ab548ffd088ef77d8d4f,2,False,False,424,321,620.76,496.14,False,False,False,True,pending,
UNUL00750,UNU-KEY E-Waste Dataset v44,CC BY 4.0,train,12307,8295,000000263434_jpg.rf.2cfa593d0ec3bb7f2f1a0d00252677ae.jpg,000000263434,39,Laptop,laptop_tablet,640,640,26,356,181.54,148.94,0.0660121279296875,True,0,ab36e9de41d2ab548ffd088ef77d8d4f,2,False,False,26,356,207.54,504.94,False,False,False,True,pending,
UNUL00751,UNU-KEY E-Waste Dataset v44,CC BY 4.0,train,12313,8300,000000335233_jpg.rf.2d2a6f0e0471812c588966686de41d91.jpg,000000335233,39,Laptop,laptop_tablet,640,640,0,245,297.2,234.68,0.17028050781249998,True,0,d6568f6f3f1c558decde5e9292cac7d4,1,False,False,0,245,297.2,479.68,False,False,False,False,pending,
UNUL00752,UNU-KEY E-Waste Dataset v44,CC BY 4.0,train,12335,8317,000000503826_jpg.rf.2d7f685c9d74d76881cb0c811eb4eeee.jpg,000000503826,39,Laptop,laptop_tablet,640,640,42,378,189.26,59.02,0.027270813476562503,True,0,b7777446ccab8eb2f6a12b41a94feb47,1,False,False,42,378,231.26,437.02,False,True,False,False,pending,
UNUL00753,UNU-KEY E-Waste Dataset v44,CC BY 4.0,train,12360,8334,000000567552_jpg.rf.2dade96d47096f670dfa107b3230111c.jpg,000000567552,39,Laptop,laptop_tablet,640,640,266,266,129.64,133.89,0.042376708007812486,True,0,7de18639942354ce3c1b4cf81bde9fa9,1,False,False,266,266,395.64,399.89,False,True,False,False,pending,
UNUL00754,UNU-KEY E-Waste Dataset v44,CC BY 4.0,train,12390,8356,IMG_20200329_152858_jpg.rf.2e3fed3ebf4357231d3ab3dbbb7ad0c7.jpg,IMG_20200329_152858,39,Laptop,laptop_tablet,640,640,354,183,286.0,235.0,0.1640869140625,False,0,146872accc287acf82c7761527849a55,2,True,True,354,183,640.0,418.0,False,False,False,True,review,
UNUL00755,UNU-KEY E-Waste Dataset v44,CC BY 4.0,train,12391,8356,IMG_20200329_152858_jpg.rf.2e3fed3ebf4357231d3ab3dbbb7ad0c7.jpg,IMG_20200329_152858,39,Laptop,laptop_tablet,640,640,25,155,326.0,153.0,0.1217724609375,False,0,146872accc287acf82c7761527849a55,2,True,True,25,155,351.0,308.0,False,False,False,True,review,
UNUL00756,UNU-KEY E-Waste Dataset v44,CC BY 4.0,train,12398,8360,000000407216_jpg.rf.2e44f9da0c03a1d56619e91c0c3d7b50.jpg,000000407216,39,Laptop,laptop_tablet,640,640,491,250,95.38,85.95,0.02001443115234375,True,0,09bfc7412632669507008fa32a476377,2,False,False,491,250,586.38,335.95,False,True,False,True,pending,
UNUL00757,UNU-KEY E-Waste Dataset v44,CC BY 4.0,train,12399,8360,000000407216_jpg.rf.2e44f9da0c03a1d56619e91c0c3d7b50.jpg,000000407216,39,Laptop,laptop_tablet,640,640,49,243,101.73,93.2,0.023147548828125003,True,0,09bfc7412632669507008fa32a476377,2,False,False,49,243,150.73000000000002,336.2,False,True,False,True,pending,
UNUL00758,UNU-KEY E-Waste Dataset v44,CC BY 4.0,train,12433,8380,1d21dc4a1b62d254_jpg.rf.2ea89874800ca31bbcfd58938cf25521.jpg,1d21dc4a1b62d254,39,Laptop,laptop_tablet,640,640,194,311,237.0,287.0,0.16606201171875,False,0,569e6fb38a7d327bc84006b225358f8b,1,False,False,194,311,431.0,598.0,False,False,False,False,pending,
UNUL00759,UNU-KEY E-Waste Dataset v44,CC BY 4.0,train,12453,8395,000000075829_jpg.rf.2ee7970177f160e9c4f703193e712966.jpg,000000075829,39,Laptop,laptop_tablet,640,640,92,225,271.41,221.48,0.1467575361328125,True,0,8ccab751812d98735b72fc9e4d9e4026,2,False,False,92,225,363.41,446.48,False,False,False,True,pending,
UNUL00760,UNU-KEY E-Waste Dataset v44,CC BY 4.0,train,12454,8395,000000075829_jpg.rf.2ee7970177f160e9c4f703193e712966.jpg,000000075829,39,Laptop,laptop_tablet,640,640,104,147,440.09,343.82,0.36941343701171875,True,0,8ccab751812d98735b72fc9e4d9e4026,2,False,False,104,147,544.0899999999999,490.82,False,False,False,True,pending,
UNUL00761,UNU-KEY E-Waste Dataset v44,CC BY 4.0,train,12462,8399,000000464494_jpg.rf.2ecfa614f4248ea333c1c6eca3acf537.jpg,000000464494,39,Laptop,laptop_tablet,640,640,0,232,207.57,263.79,0.13367893139648437,True,0,d58257ad4ea8f2630642351a77ae5604,1,False,False,0,232,207.57,495.79,False,False,False,False,pending,
UNUL00762,UNU-KEY E-Waste Dataset v44,CC BY 4.0,train,12474,8410,000000328327_jpg.rf.2f5cbdc07f5290a68195309dba665496.jpg,000000328327,39,Laptop,laptop_tablet,640,640,88,106,182.29,153.17,0.06816738110351561,True,0,eb9dcad84adcb7b792c7dcaf101134fb,1,False,False,88,106,270.28999999999996,259.16999999999996,False,False,False,False,pending,
UNUL00763,UNU-KEY E-Waste Dataset v44,CC BY 4.0,train,12549,8440,000000342130_jpg.rf.2fc593f55c67e7978289757f905bbe6f.jpg,000000342130,39,Laptop,laptop_tablet,640,640,246,273,179.392,155.11,0.06793333281250001,True,0,ed70a2a1261d357d4fb36fcd1fbaf759,2,False,False,246,273,425.392,428.11,False,False,False,True,pending,
UNUL00764,UNU-KEY E-Waste Dataset v44,CC BY 4.0,train,12553,8440,000000342130_jpg.rf.2fc593f55c67e7978289757f905bbe6f.jpg,000000342130,39,Laptop,laptop_tablet,640,640,118,365,126.733,128.998,0.039912850424804684,True,0,ed70a2a1261d357d4fb36fcd1fbaf759,2,False,False,118,365,244.733,493.998,False,True,False,True,pending,
UNUL00765,UNU-KEY E-Waste Dataset v44,CC BY 4.0,train,12566,8452,000000403329_jpg.rf.2fea5036f382d1b1f0df49437e233bf5.jpg,000000403329,39,Laptop,laptop_tablet,640,640,2,160,306.83,354.19,0.2653225529785156,True,0,b0fc620fbd88abc194c24e0c0953c614,2,False,False,2,160,308.83,514.19,False,False,False,True,pending,
UNUL00766,UNU-KEY E-Waste Dataset v44,CC BY 4.0,train,12567,8452,000000403329_jpg.rf.2fea5036f382d1b1f0df49437e233bf5.jpg,000000403329,39,Laptop,laptop_tablet,640,640,325,186,312.58,332.99,0.25411624560546875,True,0,b0fc620fbd88abc194c24e0c0953c614,2,False,False,325,186,637.5799999999999,518.99,False,False,False,True,pending,
UNUL00767,UNU-KEY E-Waste Dataset v44,CC BY 4.0,train,12575,8458,000000241860_jpg.rf.301ea93d73a41149b377bb26045d5e82.jpg,000000241860,39,Laptop,laptop_tablet,640,640,147,364,138.76,104.37,0.0353573759765625,True,0,0639088747420ddea42a36c67641519c,1,False,False,147,364,285.76,468.37,False,True,False,False,pending,
UNUL00768,UNU-KEY E-Waste Dataset v44,CC BY 4.0,train,12601,8483,000000547985_jpg.rf.3033dc5a2b59065ddc41d881127cc506.jpg,000000547985,39,Laptop,laptop_tablet,640,640,44,201,516.42,325.66,0.4105892021484375,True,0,32eed32621cd5f71e4a073ceb8ef7748,1,False,False,44,201,560.42,526.6600000000001,False,False,False,False,pending,
UNUL00769,UNU-KEY E-Waste Dataset v44,CC BY 4.0,train,12617,8497,000000236126_jpg.rf.307a527754f8d89a1c5e7ca804e28444.jpg,000000236126,39,Laptop,laptop_tablet,640,640,139,55,500.92,584.68,0.71503394921875,True,0,79c89ce2cfe112929c1ed2f7eb7fc66f,1,False,False,139,55,639.9200000000001,639.68,False,False,False,False,pending,
UNUL00770,UNU-KEY E-Waste Dataset v44,CC BY 4.0,train,12699,8531,000000064098_jpg.rf.31676288a6ea6d64b5cf991716904153.jpg,000000064098,39,Laptop,laptop_tablet,640,640,1,255,371.648,299.059,0.27134931453125005,True,0,df7ec939dc09bd1d15f7a4a6f7a2df9d,1,False,False,1,255,372.648,554.059,False,False,False,False,pending,
UNUL00771,UNU-KEY E-Waste Dataset v44,CC BY 4.0,train,12727,8542,000000008934_jpg.rf.31ba0033bf0f5c2fcb0f22d86adcecf9.jpg,000000008934,39,Laptop,laptop_tablet,640,640,18,80,379.68,389.39,0.36094627734375,True,0,db4557f36b702aef1e5b0e58b7d619f3,1,False,False,18,80,397.68,469.39,False,False,False,False,pending,
UNUL00772,UNU-KEY E-Waste Dataset v44,CC BY 4.0,train,12755,8568,267_jpeg.rf.3212759dede59421e6de9a3cbe5a9d29.jpg,267,39,Laptop,laptop_tablet,640,640,136,81,451.0,479.0,0.52741455078125,False,0,29c73e46c86d96fe6cc8be96a82ce0dc,1,False,False,136,81,587.0,560.0,False,False,False,False,pending,
UNUL00773,UNU-KEY E-Waste Dataset v44,CC BY 4.0,train,12761,8574,000000122777_jpg.rf.3235f0929b5161443ca79c677e4587de.jpg,000000122777,39,Laptop,laptop_tablet,640,640,56,322,281.41,203.88,0.14007292675781252,True,0,56df0efeb9e9a4c39ab1555a9c3d56e2,2,False,False,56,322,337.41,525.88,False,False,False,True,pending,
UNUL00774,UNU-KEY E-Waste Dataset v44,CC BY 4.0,train,12762,8574,000000122777_jpg.rf.3235f0929b5161443ca79c677e4587de.jpg,000000122777,39,Laptop,laptop_tablet,640,640,286,293,210.55,176.58,0.09076884521484375,True,0,56df0efeb9e9a4c39ab1555a9c3d56e2,2,False,False,286,293,496.55,469.58000000000004,False,False,False,True,pending,
UNUL00775,UNU-KEY E-Waste Dataset v44,CC BY 4.0,train,12788,8592,000000101719_jpg.rf.32556e7714bd08619a95c393bf9e65e1.jpg,000000101719,39,Laptop,laptop_tablet,640,640,194,321,263.19,207.1,0.13307287353515623,True,0,94a7dc66cf8b11912e642c8f0958e391,1,False,False,194,321,457.19,528.1,False,False,False,False,pending,
UNUL00776,UNU-KEY E-Waste Dataset v44,CC BY 4.0,train,12792,8595,000000252147_jpg.rf.32658ca554e4b4d4e0f4f305ac4c062d.jpg,000000252147,39,Laptop,laptop_tablet,640,640,234,394,97.59,85.39,0.020344751220703127,True,0,40aa901d25665a7debdc5c5ede0f342c,1,False,False,234,394,331.59000000000003,479.39,False,True,False,False,pending,
UNUL00777,UNU-KEY E-Waste Dataset v44,CC BY 4.0,train,12845,8638,Copy-of-IMG_20200328_132149_jpg.rf.33479922c0b123f87d8ad0c22201af12.jpg,Copy-of-IMG_20200328_132149,39,Laptop,laptop_tablet,640,640,1,133,636.0,415.0,0.644384765625,False,0,cf7d81f8cb0d91980ccdeeaa7155bad0,1,False,False,1,133,637.0,548.0,False,False,False,False,pending,
UNUL00778,UNU-KEY E-Waste Dataset v44,CC BY 4.0,train,12883,8664,000000509870_jpg.rf.33a66b3d90eef756f45719f25105dbb3.jpg,000000509870,39,Laptop,laptop_tablet,640,640,323,186,172.877,200.384,0.08457466984374999,True,0,010403871069a4213b6bcd8154b9a64c,1,False,False,323,186,495.877,386.384,False,False,False,False,pending,
UNUL00779,UNU-KEY E-Waste Dataset v44,CC BY 4.0,train,12978,8713,IMG_20200329_152654_jpg.rf.3442b93f4aae9434f08af5a7f0fc4578.jpg,IMG_20200329_152654,39,Laptop,laptop_tablet,640,640,151,45,366.0,355.0,0.3172119140625,False,0,480e238f9f6d8a370915397b817dcc79,1,True,True,151,45,517.0,400.0,False,False,False,False,review,
UNUL00780,UNU-KEY E-Waste Dataset v44,CC BY 4.0,train,13012,8740,000000279375_jpg.rf.34dc3b6671489179fcb012a072bcadd9.jpg,000000279375,39,Laptop,laptop_tablet,640,640,179,273,206.77,165.41,0.08350055102539063,True,0,c0b2791013c864255b2d7c39c90aa630,1,False,False,179,273,385.77,438.40999999999997,False,False,False,False,pending,
UNUL00781,UNU-KEY E-Waste Dataset v44,CC BY 4.0,train,13018,8743,000000065716_jpg.rf.350f32c67f266bb75d9a80c622ee4ad3.jpg,000000065716,39,Laptop,laptop_tablet,640,640,113,273,419.79,360.36,0.36932501074218754,True,0,811b019e115a6ba363dce50c28a82b49,1,False,False,113,273,532.79,633.36,False,False,False,False,pending,
UNUL00782,UNU-KEY E-Waste Dataset v44,CC BY 4.0,train,13039,8764,000000274085_jpg.rf.354442ee402628b16cc96c0b9c0c9ba0.jpg,000000274085,39,Laptop,laptop_tablet,640,640,89,314,162.43,98.8,0.039179892578125,True,0,239080647b2bbc3a69f3d19fd5e602a0,1,False,False,89,314,251.43,412.8,False,True,False,False,pending,
UNUL00783,UNU-KEY E-Waste Dataset v44,CC BY 4.0,train,13074,8785,000000287841_jpg.rf.354a938c66243594352950a2b7a0f622.jpg,000000287841,39,Laptop,laptop_tablet,640,640,194,335,446.14,192.9,0.2101084130859375,True,0,dc324eba04925b7c0be0c44c771f2022,1,False,False,194,335,640.14,527.9,False,False,False,False,pending,
UNUL00784,UNU-KEY E-Waste Dataset v44,CC BY 4.0,train,13101,8808,000000260685_jpg.rf.35d997c45883747e789cef2ce5117db0.jpg,000000260685,39,Laptop,laptop_tablet,640,640,348,264,190.92,138.51,0.0645613505859375,True,0,f2ec0fb02414ebbd2dfd7e782c005a5e,1,False,False,348,264,538.92,402.51,False,False,False,False,pending,
UNUL00785,UNU-KEY E-Waste Dataset v44,CC BY 4.0,train,13105,8811,000000131075_jpg.rf.35cff29ea8ac53fcfabe9aece450bc79.jpg,000000131075,39,Laptop,laptop_tablet,640,640,258,381,286.2,136.63,0.09546754394531248,True,0,c61f112313894a41130ac14c68746efb,2,False,False,258,381,544.2,517.63,False,False,False,True,pending,
UNUL00786,UNU-KEY E-Waste Dataset v44,CC BY 4.0,train,13106,8811,000000131075_jpg.rf.35cff29ea8ac53fcfabe9aece450bc79.jpg,000000131075,39,Laptop,laptop_tablet,640,640,451,361,72.76,73.91,0.0131291298828125,True,0,c61f112313894a41130ac14c68746efb,2,False,False,451,361,523.76,434.90999999999997,True,False,False,True,review,
UNUL00787,UNU-KEY E-Waste Dataset v44,CC BY 4.0,train,13137,8836,000000344945_jpg.rf.c03b0c8df5c498f1730cf6689096f528.jpg,000000344945,39,Laptop,laptop_tablet,640,640,132,10,317.77,237.14,0.18397455517578123,True,0,ca98679b872a4cd3c02f875c79aa470f,1,False,False,132,10,449.77,247.14,False,False,False,False,pending,
UNUL00788,UNU-KEY E-Waste Dataset v44,CC BY 4.0,train,13187,8875,000000047746_jpg.rf.c11c637304c4247c7d597e23b533080b.jpg,000000047746,39,Laptop,laptop_tablet,640,640,313,175,326.83,285.84,0.228078826171875,True,0,8cd1421d029beca76889c125c2b24e1a,2,False,False,313,175,639.8299999999999,460.84,False,False,False,True,pending,
UNUL00789,UNU-KEY E-Waste Dataset v44,CC BY 4.0,train,13188,8875,000000047746_jpg.rf.c11c637304c4247c7d597e23b533080b.jpg,000000047746,39,Laptop,laptop_tablet,640,640,4,187,307.11,286.71,0.2149695021972656,True,0,8cd1421d029beca76889c125c2b24e1a,2,False,False,4,187,311.11,473.71,False,False,False,True,pending,
UNUL00790,UNU-KEY E-Waste Dataset v44,CC BY 4.0,train,13203,8890,000000122419_jpg.rf.c132ec2a59c0c506baa0dcd0e5d2ba5c.jpg,000000122419,39,Laptop,laptop_tablet,640,640,11,108,618.42,425.04,0.64173153515625,True,0,85477d413a7f3596b63aa80b00461441,1,False,False,11,108,629.42,533.04,False,False,False,False,pending,
UNUL00791,UNU-KEY E-Waste Dataset v44,CC BY 4.0,train,13225,8907,000000233938_jpg.rf.c19b527c3b62387a7f88b25a860021a6.jpg,000000233938,39,Laptop,laptop_tablet,640,640,186,89,385.354,410.182,0.38590154889648437,True,0,00c078fc15baef4a7e226b5e28b39bf9,1,False,False,186,89,571.354,499.182,False,False,False,False,pending,
UNUL00792,UNU-KEY E-Waste Dataset v44,CC BY 4.0,train,13230,8911,000000219591_jpg.rf.c1b7586eee34918279971296703ba9bf.jpg,000000219591,39,Laptop,laptop_tablet,640,640,229,233,173.786,136.499,0.05791409964355468,True,0,e8a9971b2d5b16dfac62d6d1b3b24332,1,False,False,229,233,402.786,369.499,False,False,False,False,pending,
UNUL00793,UNU-KEY E-Waste Dataset v44,CC BY 4.0,train,13258,8927,0965714d48533b56_jpg.rf.c1bf2d30a29988c358816dff15912805.jpg,0965714d48533b56,39,Laptop,laptop_tablet,640,640,442,211,198.0,326.0,0.157587890625,False,0,4084e40c4466b921805a5d25c744b7ad,1,False,False,442,211,640.0,537.0,False,False,False,False,pending,
UNUL00794,UNU-KEY E-Waste Dataset v44,CC BY 4.0,train,13269,8935,159_jpg.rf.c219498060ec161eee0e4b9283f529b6.jpg,159,39,Laptop,laptop_tablet,640,640,3,261,503.0,148.0,0.181748046875,False,0,d25c87fe4b71fc1cf6b7e6f2ccbf5d16,1,False,False,3,261,506.0,409.0,False,False,False,False,pending,
UNUL00795,UNU-KEY E-Waste Dataset v44,CC BY 4.0,train,13271,8937,5b7053a53223ba86_jpg.rf.c219d1e60ced09f3a58df9b2d3a29886.jpg,5b7053a53223ba86,39,Laptop,laptop_tablet,640,640,94,42,398.0,576.0,0.5596875,False,0,6f5cfe2c3ff77dea458bbdf5a2068b3c,1,False,False,94,42,492.0,618.0,False,False,False,False,pending,
UNUL00796,UNU-KEY E-Waste Dataset v44,CC BY 4.0,train,13285,8946,269_jpeg.rf.c230ee7d5ec8f17dd0dd3cb917709cd9.jpg,269,39,Laptop,laptop_tablet,640,640,2,76,638.0,486.0,0.757001953125,False,0,eab6a721fa9fc9610f4cfa17bd05582c,1,False,False,2,76,640.0,562.0,False,False,False,False,pending,
UNUL00797,UNU-KEY E-Waste Dataset v44,CC BY 4.0,train,13343,8971,197_jpeg.rf.c2a3618dde8fb5fd2c75bd6da9950e36.jpg,197,39,Laptop,laptop_tablet,640,640,81,4,479.0,636.0,0.743759765625,False,0,8890b9ed888d06af8946a5636dff2e8f,1,False,False,81,4,560.0,640.0,False,False,False,False,pending,
UNUL00798,UNU-KEY E-Waste Dataset v44,CC BY 4.0,train,13352,8979,000000419501_jpg.rf.c2ade8c240866d573b75b379e1cd282c.jpg,000000419501,39,Laptop,laptop_tablet,640,640,161,297,128.84,118.63,0.0373151591796875,True,0,4145e7fc78002dd40043a4bb29d5d1c9,1,False,False,161,297,289.84000000000003,415.63,False,True,False,False,pending,
UNUL00799,UNU-KEY E-Waste Dataset v44,CC BY 4.0,train,13363,8986,000000301764_jpg.rf.c300563b2f05b3f6c1a2ec9c8410a9d8.jpg,000000301764,39,Laptop,laptop_tablet,640,640,127,316,288.86,213.69,0.15069944677734376,True,0,c25162b85448433961cd9018922adbd4,1,False,False,127,316,415.86,529.69,False,False,False,False,pending,
UNUL00800,UNU-KEY E-Waste Dataset v44,CC BY 4.0,train,13396,9015,000000438252_jpg.rf.c38d2e15242d7d0fee7b94b70b7bd57d.jpg,000000438252,39,Laptop,laptop_tablet,640,640,81,390,329.35,241.62,0.19428112060546876,True,0,54b84393a0b32b285437fa67534bb25e,1,False,False,81,390,410.35,631.62,False,False,False,False,pending,
UNUL00801,UNU-KEY E-Waste Dataset v44,CC BY 4.0,train,13406,9023,000000204979_jpg.rf.c360618af94f84adcc4ef51b722a0e3c.jpg,000000204979,39,Laptop,laptop_tablet,640,640,45,238,174.925,135.731,0.05796568646240234,True,0,a397d2238feb5f0929d0cd432ff3f802,1,False,False,45,238,219.925,373.731,False,False,False,False,pending,
UNUL00802,UNU-KEY E-Waste Dataset v44,CC BY 4.0,train,13415,9028,000000294549_jpg.rf.c3cfd00e19a83b27a0ae7a9cf6ba9863.jpg,000000294549,39,Laptop,laptop_tablet,640,640,63,153,237.1,173.42,0.1003854541015625,True,0,160d8d480d3a6dd7c0c52c98e7d2682d,1,False,False,63,153,300.1,326.41999999999996,False,False,False,False,pending,
UNUL00803,UNU-KEY E-Waste Dataset v44,CC BY 4.0,train,13426,9032,Copy-of-IMG_20200328_221604_jpg.rf.c3a617ef3d191c35b46ed7eaa4d7c9a8.jpg,Copy-of-IMG_20200328_221604,39,Laptop,laptop_tablet,640,640,223,327,234.0,313.0,0.1788134765625,False,0,1164e711e0b70d181640435cdfaa31ad,1,False,False,223,327,457.0,640.0,False,False,False,False,pending,
UNUL00804,UNU-KEY E-Waste Dataset v44,CC BY 4.0,train,13434,9040,000000372919_jpg.rf.c41e3b8f1d7d0e7567d9cf49319d8de3.jpg,000000372919,39,Laptop,laptop_tablet,640,640,0,80,346.193,237.071,0.20037187671630857,True,0,2f7db74c35b53dbcd996d39ade82c77e,1,False,False,0,80,346.193,317.071,False,False,False,False,pending,
UNUL00805,UNU-KEY E-Waste Dataset v44,CC BY 4.0,train,13452,9056,000000560412_jpg.rf.c431f07bca93386c432e9d52c714cdda.jpg,000000560412,39,Laptop,laptop_tablet,640,640,134,121,486.477,430.387,0.5111654702124023,True,0,3b5a9cfba6bc3d512356bbd327a51d26,1,False,False,134,121,620.477,551.387,False,False,False,False,pending,
UNUL00806,UNU-KEY E-Waste Dataset v44,CC BY 4.0,train,13463,9066,IMG_20200329_142751_jpg.rf.c4634489e80ed2fb1c5043b98f42fe79.jpg,IMG_20200329_142751,39,Laptop,laptop_tablet,640,640,2,159,267.0,370.0,0.2411865234375,False,0,04af6dba25cf1ad4af6c97267fb3d3e9,2,False,False,2,159,269.0,529.0,False,False,False,True,pending,
UNUL00807,UNU-KEY E-Waste Dataset v44,CC BY 4.0,train,13464,9066,IMG_20200329_142751_jpg.rf.c4634489e80ed2fb1c5043b98f42fe79.jpg,IMG_20200329_142751,39,Laptop,laptop_tablet,640,640,256,169,360.0,363.0,0.31904296875,False,0,04af6dba25cf1ad4af6c97267fb3d3e9,2,False,False,256,169,616.0,532.0,False,False,False,True,pending,
UNUL00808,UNU-KEY E-Waste Dataset v44,CC BY 4.0,train,13472,9074,000000404910_jpg.rf.c4b8bf214d062301002607987cc4ce3e.jpg,000000404910,39,Laptop,laptop_tablet,640,640,5,288,348.109,267.034,0.22694565113769527,True,0,85bb95dcc807a15651c78b3f50294638,1,False,False,5,288,353.109,555.034,False,False,False,False,pending,
UNUL00809,UNU-KEY E-Waste Dataset v44,CC BY 4.0,train,13495,9092,IMG_20200329_152840-1-_jpg.rf.c4f63497350d0c8458e644d41453f3dd.jpg,IMG_20200329_152840-1-,39,Laptop,laptop_tablet,640,640,318,22,242.0,340.0,0.20087890625,False,0,5a9d33e699bfa1d3176357d628344288,2,True,False,318,22,560.0,362.0,False,False,False,True,review,
UNUL00810,UNU-KEY E-Waste Dataset v44,CC BY 4.0,train,13496,9092,IMG_20200329_152840-1-_jpg.rf.c4f63497350d0c8458e644d41453f3dd.jpg,IMG_20200329_152840-1-,39,Laptop,laptop_tablet,640,640,152,359,370.0,279.0,0.2520263671875,False,0,5a9d33e699bfa1d3176357d628344288,2,True,False,152,359,522.0,638.0,False,False,False,True,review,
UNUL00811,UNU-KEY E-Waste Dataset v44,CC BY 4.0,train,13503,9099,205_jpeg.rf.c522e603d8e947685ca2878c30504b1a.jpg,205,39,Laptop,laptop_tablet,640,640,141,89,499.0,467.0,0.56892822265625,False,0,eb2a192e9da30bab0e6ebf17a2a8b03d,1,False,False,141,89,640.0,556.0,False,False,False,False,pending,
UNUL00812,UNU-KEY E-Waste Dataset v44,CC BY 4.0,train,13507,9103,000000424842_jpg.rf.c52086ce989b7915abebda5edea24e4e.jpg,000000424842,39,Laptop,laptop_tablet,640,640,156,80,483.77,353.99,0.4180901911621093,True,0,064844070e809a3321c0240bf5ff2d38,1,False,False,156,80,639.77,433.99,False,False,False,False,pending,
UNUL00813,UNU-KEY E-Waste Dataset v44,CC BY 4.0,train,13510,9106,000000076122_jpg.rf.c53540dd1544e04a86079bbaf0100e68.jpg,000000076122,39,Laptop,laptop_tablet,640,640,341,229,294.477,206.029,0.14812207478759765,True,0,afd86ba74f885dce075c2bb30eb95b12,2,False,False,341,229,635.477,435.029,False,False,False,True,pending,
UNUL00814,UNU-KEY E-Waste Dataset v44,CC BY 4.0,train,13511,9106,000000076122_jpg.rf.c53540dd1544e04a86079bbaf0100e68.jpg,000000076122,39,Laptop,laptop_tablet,640,640,1,217,252.454,205.875,0.1268895684814453,True,0,afd86ba74f885dce075c2bb30eb95b12,2,False,False,1,217,253.454,422.875,False,False,False,True,pending,
UNUL00815,UNU-KEY E-Waste Dataset v44,CC BY 4.0,train,13520,9112,000000105804_jpg.rf.c5446a9e17437b10c15430f70693656a.jpg,000000105804,39,Laptop,laptop_tablet,640,640,233,243,202.79,182.29,0.09025046166992187,True,0,d65d0b3f30f942fd5a3be3f3b005a1bb,1,False,False,233,243,435.78999999999996,425.28999999999996,False,False,False,False,pending,
UNUL00816,UNU-KEY E-Waste Dataset v44,CC BY 4.0,train,13528,9116,000000220665_jpg.rf.c545f2bfd31f17ad54a4182fddbe378c.jpg,000000220665,39,Laptop,laptop_tablet,640,640,2,108,546.24,421.44,0.56202975,True,0,5511151cbccc13a1287082e5c5b661cb,1,False,False,2,108,548.24,529.44,False,False,False,False,pending,
UNUL00817,UNU-KEY E-Waste Dataset v44,CC BY 4.0,train,13537,9124,000000385700_jpg.rf.c5901af414124aa4dc80a6deb7a492f3.jpg,000000385700,39,Laptop,laptop_tablet,640,640,260,223,163.251,102.566,0.040878911293945316,True,0,1c801647f01282bd69f7c0c388ca526f,1,False,False,260,223,423.251,325.56600000000003,False,True,False,False,pending,
UNUL00818,UNU-KEY E-Waste Dataset v44,CC BY 4.0,train,13557,9134,000000242286_jpg.rf.c5db4dfe9ab9a2866a6b8d2e42011dfb.jpg,000000242286,39,Laptop,laptop_tablet,640,640,58,134,581.62,398.92,0.5664547128906251,True,0,e3a0ab6707cc6550d169f08acd4c9cd6,1,False,False,58,134,639.62,532.9200000000001,False,False,False,False,pending,
UNUL00819,UNU-KEY E-Waste Dataset v44,CC BY 4.0,train,13580,9145,000000219624_jpg.rf.c5f8e9c07f635a461ea9a5dc6c5240fb.jpg,000000219624,39,Laptop,laptop_tablet,640,640,295,201,173.1,139.47,0.058941057128906245,True,0,94163bd6b51395e9e2085b1d16ff6358,1,False,False,295,201,468.1,340.47,False,False,False,False,pending,
UNUL00820,UNU-KEY E-Waste Dataset v44,CC BY 4.0,train,13590,9154,000000536603_jpg.rf.c625662804e2f0946e56968052ff528a.jpg,000000536603,39,Laptop,laptop_tablet,640,640,83,142,462.71,361.08,0.40789874707031243,True,0,b5df4ffaebe725059a9376bcd46c80c1,1,False,False,83,142,545.71,503.08,False,False,False,False,pending,
UNUL00821,UNU-KEY E-Waste Dataset v44,CC BY 4.0,train,13603,9163,000000099415_jpg.rf.c6505ec6e4c2c5867ea57b869dc420ea.jpg,000000099415,39,Laptop,laptop_tablet,640,640,101,209,182.32,125.7,0.05595123046875,True,0,222b3242467fd12a03e4893cabcb49d8,1,False,False,101,209,283.32,334.7,False,False,False,False,pending,
UNUL00822,UNU-KEY E-Waste Dataset v44,CC BY 4.0,train,13634,9186,000000535928_jpg.rf.c6cab9f7f5f21662e8847004ea5e0315.jpg,000000535928,39,Laptop,laptop_tablet,640,640,220,102,179.78,103.55,0.04544975341796875,True,0,6905b531b55dc6b3994bade82c5c9acc,1,False,False,220,102,399.78,205.55,False,True,False,False,pending,
UNUL00823,UNU-KEY E-Waste Dataset v44,CC BY 4.0,train,13657,9200,00394384b096b748_jpg.rf.c6ef4cca19bced6eb865df3d034f1e79.jpg,00394384b096b748,39,Laptop,laptop_tablet,640,640,92,36,487.0,557.0,0.66225341796875,False,0,4c6c9ec61e22102ae28f9d7b2d754785,1,False,False,92,36,579.0,593.0,False,False,False,False,pending,
UNUL00824,UNU-KEY E-Waste Dataset v44,CC BY 4.0,train,13676,9216,000000140988_jpg.rf.c74ee440b78b491d7790009605fb3092.jpg,000000140988,39,Laptop,laptop_tablet,640,640,155,35,233.254,272.96,0.1554419234375,True,0,0c687d2b87be8da28758693e927a19df,1,False,False,155,35,388.254,307.96,False,False,False,False,pending,
UNUL00825,UNU-KEY E-Waste Dataset v44,CC BY 4.0,train,13696,9230,000000166244_jpg.rf.c7641e24a19a3fc84eeeb1a137bb68ff.jpg,000000166244,39,Laptop,laptop_tablet,640,640,114,327,142.76,100.2,0.03492322265625,True,0,a3a60f180761c056860a6fe063245703,1,False,False,114,327,256.76,427.2,False,True,False,False,pending,
UNUL00826,UNU-KEY E-Waste Dataset v44,CC BY 4.0,train,13702,9232,000000331162_jpg.rf.c7908d9fa30079f562c95db8bc7996df.jpg,000000331162,39,Laptop,laptop_tablet,640,640,232,361,136.627,131.814,0.04396814301269531,True,0,d36a32a48824af38712669217aaf842a,4,False,False,232,361,368.627,492.81399999999996,False,True,False,True,pending,
UNUL00827,UNU-KEY E-Waste Dataset v44,CC BY 4.0,train,13709,9232,000000331162_jpg.rf.c7908d9fa30079f562c95db8bc7996df.jpg,000000331162,39,Laptop,laptop_tablet,640,640,74,330,113.024,104.397,0.0288070471875,True,0,d36a32a48824af38712669217aaf842a,4,False,False,74,330,187.024,434.397,False,True,False,True,pending,
UNUL00828,UNU-KEY E-Waste Dataset v44,CC BY 4.0,train,13710,9232,000000331162_jpg.rf.c7908d9fa30079f562c95db8bc7996df.jpg,000000331162,39,Laptop,laptop_tablet,640,640,357,295,78.541,54.605,0.010470535412597655,True,0,d36a32a48824af38712669217aaf842a,4,False,False,357,295,435.541,349.605,True,False,False,True,review,
UNUL00829,UNU-KEY E-Waste Dataset v44,CC BY 4.0,train,13711,9232,000000331162_jpg.rf.c7908d9fa30079f562c95db8bc7996df.jpg,000000331162,39,Laptop,laptop_tablet,640,640,1,299,38.656,31.744,0.0029958399999999996,True,0,d36a32a48824af38712669217aaf842a,4,False,False,1,299,39.656,330.744,True,False,False,True,review,
UNUL00830,UNU-KEY E-Waste Dataset v44,CC BY 4.0,train,13721,9236,256_jpeg.rf.c78fdc4640b3114f036a5f8849aca11c.jpg,256,39,Laptop,laptop_tablet,640,640,87,81,553.0,479.0,0.64669677734375,False,0,d22ebaf79a03afda4e4e4ef7ce739ec6,1,False,False,87,81,640.0,560.0,False,False,False,False,pending,
UNUL00831,UNU-KEY E-Waste Dataset v44,CC BY 4.0,train,13726,9237,000000550369_jpg.rf.c78766d2f55bdedb4e5198f53a45e409.jpg,000000550369,39,Laptop,laptop_tablet,640,640,204,319,142.13,125.43,0.04352384252929688,True,0,094632cc0abd2660bd5988800fd49ecf,1,False,False,204,319,346.13,444.43,False,True,False,False,pending,
UNUL00832,UNU-KEY E-Waste Dataset v44,CC BY 4.0,train,13735,9245,000000534467_jpg.rf.c7a13716dd1c001d13db0d22d36f1094.jpg,000000534467,39,Laptop,laptop_tablet,640,640,394,305,231.91,129.44,0.07328718359375,True,0,d4b1bdead75733a886a7dcd267c4e2da,1,False,False,394,305,625.91,434.44,False,False,False,False,pending,
UNUL00833,UNU-KEY E-Waste Dataset v44,CC BY 4.0,train,13763,9271,000000319096_jpg.rf.c81e110ea87c5e85f3b2d7562c59ac71.jpg,000000319096,39,Laptop,laptop_tablet,640,640,12,236,336.115,306.88,0.25182366015625,True,0,fa168d1d745a5e8ecf420a4d3982637a,1,False,False,12,236,348.115,542.88,False,False,False,False,pending,
UNUL00834,UNU-KEY E-Waste Dataset v44,CC BY 4.0,train,13773,9279,000000228434_jpg.rf.c82a91701645c24c6a7f66235514cf87.jpg,000000228434,39,Laptop,laptop_tablet,640,640,151,272,110.02,140.22,0.037663584960937496,True,0,52f4945e4ddac0d537a872d811412ea0,1,False,False,151,272,261.02,412.22,False,True,False,False,pending,
UNUL00835,UNU-KEY E-Waste Dataset v44,CC BY 4.0,train,13809,9306,IMG_20200329_152708_jpg.rf.c8e5f2d49440b8721bbb0a943496104f.jpg,IMG_20200329_152708,39,Laptop,laptop_tablet,640,640,62,95,344.0,420.0,0.352734375,False,0,bf17835762b6849024e149a373ee5788,1,True,False,62,95,406.0,515.0,False,False,False,False,review,
UNUL00836,UNU-KEY E-Waste Dataset v44,CC BY 4.0,train,13834,9324,000000259591_jpg.rf.c9539088fd3e88006f8f0dcc9e5f065d.jpg,000000259591,39,Laptop,laptop_tablet,640,640,289,184,216.18,145.94,0.0770246806640625,True,0,963ca6ec53c39503c928fe2fa4747995,2,False,False,289,184,505.18,329.94,False,False,False,True,pending,
UNUL00837,UNU-KEY E-Waste Dataset v44,CC BY 4.0,train,13835,9324,000000259591_jpg.rf.c9539088fd3e88006f8f0dcc9e5f065d.jpg,000000259591,39,Laptop,laptop_tablet,640,640,223,148,127.74,114.3,0.035646196289062494,True,0,963ca6ec53c39503c928fe2fa4747995,2,False,False,223,148,350.74,262.3,False,True,False,True,pending,
UNUL00838,UNU-KEY E-Waste Dataset v44,CC BY 4.0,train,13858,9344,000000295753_jpg.rf.c984e2c89ce1dc9579198385100cedb7.jpg,000000295753,39,Laptop,laptop_tablet,640,640,194,295,157.48,133.75,0.051423217773437495,True,0,db05872ba904fae35a25b1f666ee81f6,1,False,False,194,295,351.48,428.75,False,False,False,False,pending,
UNUL00839,UNU-KEY E-Waste Dataset v44,CC BY 4.0,train,13866,9350,000000567657_jpg.rf.c9d58795e2d840d052ec984ee7ae6956.jpg,000000567657,39,Laptop,laptop_tablet,640,640,123,263,119.68,93.965,0.0274553984375,True,0,b4ace3ae4f18465c3fbc491ea1bcd123,1,False,False,123,263,242.68,356.96500000000003,False,True,False,False,pending,
UNUL00840,UNU-KEY E-Waste Dataset v44,CC BY 4.0,train,13872,9351,000000414045_jpg.rf.c9d3119a423adfe0b11d7a70a38c6be3.jpg,000000414045,39,Laptop,laptop_tablet,640,640,52,246,265.446,252.634,0.1637223749121094,True,0,f1a6cf388ff6f228d104e5721844593c,1,False,False,52,246,317.446,498.634,False,False,False,False,pending,
UNUL00841,UNU-KEY E-Waste Dataset v44,CC BY 4.0,train,13879,9357,000000499842_jpg.rf.c9e0053a990e9017a9e321583fbf00d8.jpg,000000499842,39,Laptop,laptop_tablet,640,640,377,175,191.424,124.531,0.058198784531250006,True,0,f1ee9353a2f4094f8762111e1a3f3104,1,False,False,377,175,568.424,299.531,False,False,False,False,pending,
UNUL00842,UNU-KEY E-Waste Dataset v44,CC BY 4.0,train,13952,9414,000000472026_jpg.rf.cadc00c02b735da14ea02e79b70acccd.jpg,000000472026,39,Laptop,laptop_tablet,640,640,212,131,189.85,193.075,0.08949045104980469,True,0,1cded00e2f9a17ba20261f7aa14148b7,1,False,False,212,131,401.85,324.075,False,False,False,False,pending,
UNUL00843,UNU-KEY E-Waste Dataset v44,CC BY 4.0,train,13969,9428,000000570353_jpg.rf.cb39e08cf090e5b24eb92c2c86ca3aff.jpg,000000570353,39,Laptop,laptop_tablet,640,640,114,194,134.19,103.93,0.03404874682617188,True,0,af4efa5d965c43f64b07bffeaca04d72,2,False,False,114,194,248.19,297.93,False,True,False,True,pending,
UNUL00844,UNU-KEY E-Waste Dataset v44,CC BY 4.0,train,13970,9428,000000570353_jpg.rf.cb39e08cf090e5b24eb92c2c86ca3aff.jpg,000000570353,39,Laptop,laptop_tablet,640,640,455,205,115.03,92.83,0.026069909423828124,True,0,af4efa5d965c43f64b07bffeaca04d72,2,False,False,455,205,570.03,297.83,False,True,False,True,pending,
UNUL00845,UNU-KEY E-Waste Dataset v44,CC BY 4.0,train,13978,9432,000000216437_jpg.rf.cafa5d9e48e09bf5864a65757aa6404a.jpg,000000216437,39,Laptop,laptop_tablet,640,640,223,255,226.893,282.432,0.15644981390625,True,0,0ae030892595fb51637ccf8217bb152a,1,False,False,223,255,449.89300000000003,537.432,False,False,False,False,pending,
UNUL00846,UNU-KEY E-Waste Dataset v44,CC BY 4.0,train,14027,9471,000000196299_jpg.rf.cb8f785f75921d49bc497983835fca04.jpg,000000196299,39,Laptop,laptop_tablet,640,640,190,253,203.95,166.97,0.08313850463867187,True,0,6386c4454261874b667e37b79c8635ab,1,False,False,190,253,393.95,419.97,False,False,False,False,pending,
UNUL00847,UNU-KEY E-Waste Dataset v44,CC BY 4.0,train,14050,9489,000000056716_jpg.rf.cba15bba2e1e63017609dc050f8edfe2.jpg,000000056716,39,Laptop,laptop_tablet,640,640,103,212,186.842,123.494,0.05633268053710938,True,0,9194ee953b8bfdbf465853a4f4e308d8,3,False,False,103,212,289.842,335.494,False,False,False,True,pending,
UNUL00848,UNU-KEY E-Waste Dataset v44,CC BY 4.0,train,14051,9489,000000056716_jpg.rf.cba15bba2e1e63017609dc050f8edfe2.jpg,000000056716,39,Laptop,laptop_tablet,640,640,321,291,167.821,133.824,0.05483026734375,True,0,9194ee953b8bfdbf465853a4f4e308d8,3,False,False,321,291,488.821,424.824,False,False,False,True,pending,
UNUL00849,UNU-KEY E-Waste Dataset v44,CC BY 4.0,train,14052,9489,000000056716_jpg.rf.cba15bba2e1e63017609dc050f8edfe2.jpg,000000056716,39,Laptop,laptop_tablet,640,640,349,186,120.627,99.482,0.029297400424804686,True,0,9194ee953b8bfdbf465853a4f4e308d8,3,False,False,349,186,469.627,285.48199999999997,False,True,False,True,pending,
UNUL00850,UNU-KEY E-Waste Dataset v44,CC BY 4.0,train,14057,9491,000000410836_jpg.rf.cc10f149e9f1bd0e5d96192985b996b6.jpg,000000410836,39,Laptop,laptop_tablet,640,640,0,106,150.08,261.25,0.0957236328125,True,0,c0cbdef486e37109e2361233f644d1e7,1,False,False,0,106,150.08,367.25,False,False,False,False,pending,
UNUL00851,UNU-KEY E-Waste Dataset v44,CC BY 4.0,train,14072,9505,000000172422_jpg.rf.cc65fcfd860df9b1907c89eae7510b37.jpg,000000172422,39,Laptop,laptop_tablet,640,640,121,218,253.21,194.97,0.12052820727539063,True,0,42e8902780b543782cadfd72c57ac851,1,False,False,121,218,374.21000000000004,412.97,False,False,False,False,pending,
UNUL00852,UNU-KEY E-Waste Dataset v44,CC BY 4.0,train,14109,9535,Lenovo-laptop_jpg.rf.cd4837fca3df9367830dfcb3dd0fecd7.jpg,Lenovo-laptop,39,Laptop,laptop_tablet,640,640,50,63,590.0,505.0,0.7274169921875,False,0,5102467a2d1acacb889dc707b55167c7,1,False,False,50,63,640.0,568.0,False,False,False,False,pending,
UNUL00853,UNU-KEY E-Waste Dataset v44,CC BY 4.0,train,14116,9541,IMG_20200329_152704_jpg.rf.cd90ef30b595860e6fb8e253ff31e9aa.jpg,IMG_20200329_152704,39,Laptop,laptop_tablet,640,640,58,83,369.0,355.0,0.31981201171875,False,0,04e05b714b67d6ae8c30bdeba1834ee2,1,True,True,58,83,427.0,438.0,False,False,False,False,review,
UNUL00854,UNU-KEY E-Waste Dataset v44,CC BY 4.0,train,14121,9544,000000244633_jpg.rf.cd27d118c0c75abd6689085a699c9751.jpg,000000244633,39,Laptop,laptop_tablet,640,640,77,121,467.93,404.902,0.46256297084960935,True,0,b4c8a040eaef0a96014ef418fec79b50,1,False,False,77,121,544.9300000000001,525.902,False,False,False,False,pending,
UNUL00855,UNU-KEY E-Waste Dataset v44,CC BY 4.0,train,14144,9562,000000243361_jpg.rf.cdef9f70183e3e8fe78db0ff7df935ff.jpg,000000243361,39,Laptop,laptop_tablet,640,640,275,286,247.57,232.43,0.14048509545898435,True,0,eb93d3cb14df9f24102ed1d215bc40d0,2,False,False,275,286,522.5699999999999,518.4300000000001,False,False,False,True,pending,
UNUL00856,UNU-KEY E-Waste Dataset v44,CC BY 4.0,train,14145,9562,000000243361_jpg.rf.cdef9f70183e3e8fe78db0ff7df935ff.jpg,000000243361,39,Laptop,laptop_tablet,640,640,8,239,160.72,142.38,0.05586746484374999,True,0,eb93d3cb14df9f24102ed1d215bc40d0,2,False,False,8,239,168.72,381.38,False,False,False,True,pending,
UNUL00857,UNU-KEY E-Waste Dataset v44,CC BY 4.0,train,14175,9586,000000118051_jpg.rf.ce74ffdf525a41093a0fd13bd28df01d.jpg,000000118051,39,Laptop,laptop_tablet,640,640,230,257,127.219,112.102,0.03481812582519531,True,0,e78052f58efefeddd578c91bf39bffb3,1,False,False,230,257,357.219,369.102,False,True,False,False,pending,
UNUL00858,UNU-KEY E-Waste Dataset v44,CC BY 4.0,train,14222,9618,000000411727_jpg.rf.cec6e1c11586fbb390eb8495ea8d4127.jpg,000000411727,39,Laptop,laptop_tablet,640,640,267,86,255.066,345.472,0.215132229375,True,0,2dd78de8f4daafddef0b68cc1aac6120,1,False,False,267,86,522.066,431.472,False,False,False,False,pending,
UNUL00859,UNU-KEY E-Waste Dataset v44,CC BY 4.0,train,14230,9625,000000523096_jpg.rf.cee71c63edfbe00cf1425dfa8a95f70a.jpg,000000523096,39,Laptop,laptop_tablet,640,640,281,283,120.92,96.44,0.02847051953125,True,0,7f3a327aaca4f94441f2ee4e849c35e9,1,False,False,281,283,401.92,379.44,False,True,False,False,pending,
UNUL00860,UNU-KEY E-Waste Dataset v44,CC BY 4.0,train,14246,9636,000000065333_jpg.rf.cf461ace103421fdee72362569c9fa80.jpg,000000065333,39,Laptop,laptop_tablet,640,640,265,137,375.14,316.75,0.29010155029296875,True,0,a59e42a2826d12dec47f983990bd6892,2,False,False,265,137,640.14,453.75,False,False,False,True,pending,
UNUL00861,UNU-KEY E-Waste Dataset v44,CC BY 4.0,train,14247,9636,000000065333_jpg.rf.cf461ace103421fdee72362569c9fa80.jpg,000000065333,39,Laptop,laptop_tablet,640,640,1,157,277.21,276.14,0.18688664404296873,True,0,a59e42a2826d12dec47f983990bd6892,2,False,False,1,157,278.21,433.14,False,False,False,True,pending,
UNUL00862,UNU-KEY E-Waste Dataset v44,CC BY 4.0,train,14256,9641,IMG_20200329_152746_jpg.rf.cf5ca817532a23ca6b0d0e2228e61e54.jpg,IMG_20200329_152746,39,Laptop,laptop_tablet,640,640,243,124,283.0,319.0,0.22040283203125,False,0,02a004fe1271fd38070f15ee5ca45426,1,True,False,243,124,526.0,443.0,False,False,False,False,review,
UNUL00863,UNU-KEY E-Waste Dataset v44,CC BY 4.0,train,14261,9645,000000299952_jpg.rf.cf53ed110a51dcda7fc262b3131879f2.jpg,000000299952,39,Laptop,laptop_tablet,640,640,336,280,87.81,70.7,0.01515665771484375,True,0,aeb1760647a1b54a105415039df3c0b8,1,False,False,336,280,423.81,350.7,True,False,False,False,review,
UNUL00864,UNU-KEY E-Waste Dataset v44,CC BY 4.0,train,14278,9654,000000018473_jpg.rf.cf6b5ecf22d32e8f48bae5183d471ce4.jpg,000000018473,39,Laptop,laptop_tablet,640,640,514,241,46.52,21.18,0.0024055019531250004,True,0,ac1bc57d17cb3616124b3e4f308489da,1,False,False,514,241,560.52,262.18,True,False,False,False,review,
UNUL00865,UNU-KEY E-Waste Dataset v44,CC BY 4.0,train,14341,9707,000000195949_jpg.rf.d091aec2155c6855d5b7b4bba2d410d1.jpg,000000195949,39,Laptop,laptop_tablet,640,640,114,195,306.72,308.52,0.231028453125,True,0,5a1881db13782edf4815fc29eab4f893,1,False,False,114,195,420.72,503.52,False,False,False,False,pending,
UNUL00866,UNU-KEY E-Waste Dataset v44,CC BY 4.0,train,14420,9770,000000237844_jpg.rf.d1b169a4cd0653afd06fd6142d9b92b1.jpg,000000237844,39,Laptop,laptop_tablet,640,640,220,248,176.84,130.76,0.05645409765625,True,0,dbfefde72ffd898f48f37c1fe577b933,1,False,False,220,248,396.84000000000003,378.76,False,False,False,False,pending,
UNUL00867,UNU-KEY E-Waste Dataset v44,CC BY 4.0,train,14436,9780,239_jpeg.rf.d208715495a210b101defe037021d56c.jpg,239,39,Laptop,laptop_tablet,640,640,115,161,410.0,319.0,0.3193115234375,False,0,1d2e95cbd27095e71b7ff61c493114c5,1,False,False,115,161,525.0,480.0,False,False,False,False,pending,
UNUL00868,UNU-KEY E-Waste Dataset v44,CC BY 4.0,train,14455,9789,196_jpeg.rf.d1c35aa7ce4649687a694da110dc27ea.jpg,196,39,Laptop,laptop_tablet,640,640,81,17,478.0,557.0,0.6500146484375,False,0,16b511ee17f3855020ae0e16938ee514,1,False,False,81,17,559.0,574.0,False,False,False,False,pending,
UNUL00869,UNU-KEY E-Waste Dataset v44,CC BY 4.0,train,14493,9819,200_jpeg_jpg.rf.d241ec18860cf9bdf3b672efe29ac675.jpg,200_jpeg,39,Laptop,laptop_tablet,640,640,23,14,606.0,606.0,0.896572265625,False,0,7ee1b8d3456a2f6dadc81701fde37cfd,1,False,False,23,14,629.0,620.0,False,False,True,False,review,
UNUL00870,UNU-KEY E-Waste Dataset v44,CC BY 4.0,train,14509,9833,242_jpeg.rf.d31f2a9b5924c04e0904d52401a1c2c9.jpg,242,39,Laptop,laptop_tablet,640,640,34,172,530.0,295.0,0.3817138671875,False,0,ce3c351005270887e517ce764fb92c46,1,False,False,34,172,564.0,467.0,False,False,False,False,pending,
UNUL00871,UNU-KEY E-Waste Dataset v44,CC BY 4.0,train,14520,9838,000000531860_jpg.rf.d3162640c00aaf9b1961458fb7ebdb97.jpg,000000531860,39,Laptop,laptop_tablet,640,640,51,197,126.59,87.86,0.02715380224609375,True,0,269bdc0cb3e3a1265f95583a8af5df15,1,False,False,51,197,177.59,284.86,False,True,False,False,pending,
UNUL00872,UNU-KEY E-Waste Dataset v44,CC BY 4.0,train,14531,9845,000000015552_jpg.rf.d325bc41d269f30b19c285490981b8ec.jpg,000000015552,39,Laptop,laptop_tablet,640,640,147,80,402.41,314.2,0.30868462402343755,True,0,4ec0c7d63f6d443f90160dabc9885f61,1,False,False,147,80,549.4100000000001,394.2,False,False,False,False,pending,
UNUL00873,UNU-KEY E-Waste Dataset v44,CC BY 4.0,train,14541,9852,000000541029_jpg.rf.d2f98cd5aa8c64e3b14496acaf1f6c80.jpg,000000541029,39,Laptop,laptop_tablet,640,640,34,103,536.25,425.75,0.5573936462402344,True,0,38f2b98ba348f5740262fc820fd56b41,1,False,False,34,103,570.25,528.75,False,False,False,False,pending,
UNUL00874,UNU-KEY E-Waste Dataset v44,CC BY 4.0,train,14560,9867,IMG_20200329_152720_jpg.rf.d37848eea4e113e2fc0e4f85fb52aba7.jpg,IMG_20200329_152720,39,Laptop,laptop_tablet,640,640,137,43,368.0,370.0,0.332421875,False,0,c9c05e825303842666c93ff58c536968,1,True,False,137,43,505.0,413.0,False,False,False,False,review,
UNUL00875,UNU-KEY E-Waste Dataset v44,CC BY 4.0,train,14574,9875,000000228450_jpg.rf.d3a59eafca508a85f9904add8e987b5a.jpg,000000228450,39,Laptop,laptop_tablet,640,640,19,128,322.15,222.92,0.17532636230468746,True,0,038952fa5fd42816d9bdadb2ab99ce9f,1,False,False,19,128,341.15,350.91999999999996,False,False,False,False,pending,
UNUL00876,UNU-KEY E-Waste Dataset v44,CC BY 4.0,train,14595,9892,000000177974_jpg.rf.d3f8a00f2824327b53a499455f7687b5.jpg,000000177974,39,Laptop,laptop_tablet,640,640,81,246,236.86,182.71,0.10565598291015625,True,0,8487b3ba97caab52a5729f681e7d693a,1,False,False,81,246,317.86,428.71000000000004,False,False,False,False,pending,
UNUL00877,UNU-KEY E-Waste Dataset v44,CC BY 4.0,train,14602,9895,000000156066_jpg.rf.d41a44cf3866fa364bacb6b0b6c9389e.jpg,000000156066,39,Laptop,laptop_tablet,640,640,89,82,241.08,235.68,0.13871517187500002,True,0,6fbc12fcf285cfbd315488c201a68670,1,False,False,89,82,330.08000000000004,317.68,False,False,False,False,pending,
UNUL00878,UNU-KEY E-Waste Dataset v44,CC BY 4.0,train,14604,9897,000000253498_jpg.rf.d411a7e96454b826e44c6106af5f9a63.jpg,000000253498,39,Laptop,laptop_tablet,640,640,104,89,299.46,300.54,0.21972585058593752,True,0,e17a8b3854a5a8b32a1dd5831897caed,1,False,False,104,89,403.46,389.54,False,False,False,False,pending,
UNUL00879,UNU-KEY E-Waste Dataset v44,CC BY 4.0,train,14613,9902,000000522129_jpg.rf.d4304baad175713dc3b920bdff2b14e6.jpg,000000522129,39,Laptop,laptop_tablet,640,640,319,80,301.21,234.73,0.17261480297851559,True,0,3223ccfbed433f928de0d813b48a2850,2,False,False,319,80,620.21,314.73,False,False,False,True,pending,
UNUL00880,UNU-KEY E-Waste Dataset v44,CC BY 4.0,train,14614,9902,000000522129_jpg.rf.d4304baad175713dc3b920bdff2b14e6.jpg,000000522129,39,Laptop,laptop_tablet,640,640,0,80,131.6,277.21,0.08906454101562498,True,0,3223ccfbed433f928de0d813b48a2850,2,False,False,0,80,131.6,357.21,False,False,False,True,pending,
UNUL00881,UNU-KEY E-Waste Dataset v44,CC BY 4.0,train,14632,9920,000000444941_jpg.rf.d464c7a0dfac476fafdc52c4f43f37a0.jpg,000000444941,39,Laptop,laptop_tablet,640,640,276,248,159.642,102.477,0.03994051082519531,True,0,2ae9b5c5289749df6da7a191c560271d,2,False,False,276,248,435.642,350.477,False,True,False,True,pending,
UNUL00882,UNU-KEY E-Waste Dataset v44,CC BY 4.0,train,14633,9920,000000444941_jpg.rf.d464c7a0dfac476fafdc52c4f43f37a0.jpg,000000444941,39,Laptop,laptop_tablet,640,640,105,290,170.432,80.896,0.033660319999999994,True,0,2ae9b5c5289749df6da7a191c560271d,2,False,False,105,290,275.432,370.896,False,True,False,True,pending,
UNUL00883,UNU-KEY E-Waste Dataset v44,CC BY 4.0,train,14675,9934,000000186685_jpg.rf.d4b7d5b57c0f1b137f93d58332c1fa33.jpg,000000186685,39,Laptop,laptop_tablet,640,640,1,80,454.11,203.87,0.22602393969726564,True,0,91a8b5b096ce13a5bbd8070b755addb0,1,False,False,1,80,455.11,283.87,False,False,False,False,pending,
UNUL00884,UNU-KEY E-Waste Dataset v44,CC BY 4.0,train,14690,9943,000000069266_jpg.rf.d4dd6c2916891c31375befb86356c9a2.jpg,000000069266,39,Laptop,laptop_tablet,640,640,165,87,262.62,251.9,0.16150873535156252,True,0,7495462f7ef64c24629e86764f484952,1,False,False,165,87,427.62,338.9,False,False,False,False,pending,
UNUL00885,UNU-KEY E-Waste Dataset v44,CC BY 4.0,train,14708,9958,000000144305_jpg.rf.d54d8b033300d5ad8225e4f88652387c.jpg,000000144305,39,Laptop,laptop_tablet,640,640,52,96,443.328,379.686,0.41095076906249994,True,0,27d155e0317228e450f13d7bb2e71c24,1,False,False,52,96,495.328,475.686,False,False,False,False,pending,
UNUL00886,UNU-KEY E-Waste Dataset v44,CC BY 4.0,train,14755,10000,000000231500_jpg.rf.d5d4f13f60bcfa220cb2c64254c5f34f.jpg,000000231500,39,Laptop,laptop_tablet,640,640,130,115,322.61,337.79,0.2660508591308594,True,0,95b27baf0d488772204e6911f50bfb3e,1,False,False,130,115,452.61,452.79,False,False,False,False,pending,
UNUL00887,UNU-KEY E-Waste Dataset v44,CC BY 4.0,train,14789,10025,IMG_20200329_152755_jpg.rf.d65244d6e2ac3ae4672a9a9abfd89094.jpg,IMG_20200329_152755,39,Laptop,laptop_tablet,640,640,291,121,264.0,369.0,0.23783203125,False,0,c70c61e0cf7600a5e69a4d46764616b9,1,True,False,291,121,555.0,490.0,False,False,False,False,review,
UNUL00888,UNU-KEY E-Waste Dataset v44,CC BY 4.0,train,14792,10027,000000119909_jpg.rf.d64b493146fc89c3aaf4b7b0edde3b27.jpg,000000119909,39,Laptop,laptop_tablet,640,640,396,211,52.25,71.64,0.0091386474609375,True,0,e1c698012fad1a0c8255378da5201ae3,1,False,False,396,211,448.25,282.64,True,False,False,False,review,
UNUL00889,UNU-KEY E-Waste Dataset v44,CC BY 4.0,train,14865,10084,000000152994_jpg.rf.d7783e6db7ffbd2eb45979025469f1ee.jpg,000000152994,39,Laptop,laptop_tablet,640,640,76,326,458.867,299.814,0.33587585629394534,True,0,1b829a149b36c98ad84938a3056f9fb7,1,False,False,76,326,534.867,625.8140000000001,False,False,False,False,pending,
UNUL00890,UNU-KEY E-Waste Dataset v44,CC BY 4.0,train,14877,10089,000000499419_jpg.rf.d770523ba43ed7a1731491894cab6775.jpg,000000499419,39,Laptop,laptop_tablet,640,640,182,224,226.52,217.89,0.12049912792968749,True,0,d260db6f40a80eee393c190e53a82dce,1,False,False,182,224,408.52,441.89,False,False,False,False,pending,
UNUL00891,UNU-KEY E-Waste Dataset v44,CC BY 4.0,train,14888,10096,000000545507_jpg.rf.d7b9cc570b5c9974488f1b03b1f7f029.jpg,000000545507,39,Laptop,laptop_tablet,640,640,303,245,41.41,35.65,0.003604166259765624,True,0,02cf6f0a2161b8c492bf1f485e517b81,1,False,False,303,245,344.40999999999997,280.65,True,False,False,False,review,
UNUL00892,UNU-KEY E-Waste Dataset v44,CC BY 4.0,train,14896,10101,IMG_20200329_152730_jpg.rf.d79677bfefaa2d2c80639428f3338531.jpg,IMG_20200329_152730,39,Laptop,laptop_tablet,640,640,138,92,373.0,258.0,0.2349462890625,False,0,3678c9dc12488834d2bc6f52f752ea0c,1,True,False,138,92,511.0,350.0,False,False,False,False,review,
UNUL00893,UNU-KEY E-Waste Dataset v44,CC BY 4.0,train,14904,10108,000000324012_jpg.rf.d7e8f198828de84f122bcb5ee0b2f3d9.jpg,000000324012,39,Laptop,laptop_tablet,640,640,145,297,217.89,217.89,0.11590833032226561,True,0,b12b7524bffeb2098e4aa6a90375d910,2,False,False,145,297,362.89,514.89,False,False,False,True,pending,
UNUL00894,UNU-KEY E-Waste Dataset v44,CC BY 4.0,train,14905,10108,000000324012_jpg.rf.d7e8f198828de84f122bcb5ee0b2f3d9.jpg,000000324012,39,Laptop,laptop_tablet,640,640,183,230,196.32,170.43,0.08168656640625001,True,0,b12b7524bffeb2098e4aa6a90375d910,2,False,False,183,230,379.32,400.43,False,False,False,True,pending,
UNUL00895,UNU-KEY E-Waste Dataset v44,CC BY 4.0,train,14954,10141,000000487735_jpg.rf.d8957f64c5a643eef34b8aa117a2668e.jpg,000000487735,39,Laptop,laptop_tablet,640,640,78,266,236.6,140.42,0.08111174804687499,True,0,454d61214a78342428120003dd3cae2a,1,False,False,78,266,314.6,406.41999999999996,False,False,False,False,pending,
UNUL00896,UNU-KEY E-Waste Dataset v44,CC BY 4.0,train,14962,10145,IMG_20200329_152755_jpg.rf.d895a479679d74cc10444a0b822764bf.jpg,IMG_20200329_152755,39,Laptop,laptop_tablet,640,640,291,121,264.0,369.0,0.23783203125,False,0,c70c61e0cf7600a5e69a4d46764616b9,1,True,False,291,121,555.0,490.0,False,False,False,False,review,
UNUL00897,UNU-KEY E-Waste Dataset v44,CC BY 4.0,train,15001,10181,173_jpg.rf.d945f6abfbb0633859965145b5b9f870.jpg,173,39,Laptop,laptop_tablet,640,640,40,142,484.0,358.0,0.42302734375,False,0,febb771551e4a079a11d758a69e08933,1,False,False,40,142,524.0,500.0,False,False,False,False,pending,
UNUL00898,UNU-KEY E-Waste Dataset v44,CC BY 4.0,train,15002,10182,160_jpg.rf.d976e480fc999c28328940bdc2d2c40b.jpg,160,39,Laptop,laptop_tablet,640,640,4,192,609.0,298.0,0.4430712890625,False,0,526fb25ec90fda88a3ecf71bac614aac,1,False,False,4,192,613.0,490.0,False,False,False,False,pending,
UNUL00899,UNU-KEY E-Waste Dataset v44,CC BY 4.0,train,15019,10199,000000538609_jpg.rf.da07b83292dc239b688e02debe694121.jpg,000000538609,39,Laptop,laptop_tablet,640,640,232,288,123.28,116.34,0.03501561328125,True,0,5468aef7ca02e3a8fb73d707cd4bf45f,1,False,False,232,288,355.28,404.34000000000003,False,True,False,False,pending,
UNUL00900,UNU-KEY E-Waste Dataset v44,CC BY 4.0,train,15069,10239,000000111341_jpg.rf.da9956dbd875b210fefd9990cdc300eb.jpg,000000111341,39,Laptop,laptop_tablet,640,640,284,209,122.7,80.79,0.024201496582031252,True,0,5109ac7631e6bf505229f87e9c7f6786,1,False,False,284,209,406.7,289.79,False,True,False,False,pending,
UNUL00901,UNU-KEY E-Waste Dataset v44,CC BY 4.0,train,15151,10304,000000046002_jpg.rf.dbd039c0e55dc0d80b2522f351cdde94.jpg,000000046002,39,Laptop,laptop_tablet,640,640,195,259,395.3,275.07,0.26546672607421873,True,0,57f8ffe8fe4568afa8ee49defcb279ac,1,False,False,195,259,590.3,534.0699999999999,False,False,False,False,pending,
UNUL00902,UNU-KEY E-Waste Dataset v44,CC BY 4.0,train,15182,10327,000000293805_jpg.rf.dc574b4e4ca4c13814be4151cf5d8bbe.jpg,000000293805,39,Laptop,laptop_tablet,640,640,173,359,238.93,111.31,0.06492992749023438,True,0,73d04b5629cf7bb514c9a74ea9bb43b6,1,False,False,173,359,411.93,470.31,False,False,False,False,pending,
UNUL00903,UNU-KEY E-Waste Dataset v44,CC BY 4.0,train,15215,10358,000000504598_jpg.rf.dceac5c8cfd5fe283c6fe84e9b10acba.jpg,000000504598,39,Laptop,laptop_tablet,640,640,151,222,239.36,185.9,0.10863531250000001,True,0,64f2fcc0639299740f46ac9ee7858460,1,False,False,151,222,390.36,407.9,False,False,False,False,pending,
UNUL00904,UNU-KEY E-Waste Dataset v44,CC BY 4.0,train,15225,10365,000000516008_jpg.rf.dd2a426ebea5b20d82aca77a71cc59e0.jpg,000000516008,39,Laptop,laptop_tablet,640,640,256,115,270.74,261.95,0.17314536865234373,True,0,81eaabff5e6f21c5df5a17bb9e78a044,1,False,False,256,115,526.74,376.95,False,False,False,False,pending,
UNUL00905,UNU-KEY E-Waste Dataset v44,CC BY 4.0,train,15233,10369,000000528080_jpg.rf.dd2ad9ea408c7a636952193fc2a1d478.jpg,000000528080,39,Laptop,laptop_tablet,640,640,304,305,114.26,100.46,0.0280238271484375,True,0,f2b7382c36c689fb9926d126006e138a,3,False,False,304,305,418.26,405.46,False,True,False,True,pending,
UNUL00906,UNU-KEY E-Waste Dataset v44,CC BY 4.0,train,15234,10369,000000528080_jpg.rf.dd2ad9ea408c7a636952193fc2a1d478.jpg,000000528080,39,Laptop,laptop_tablet,640,640,213,307,80.34,85.12,0.016695656250000003,True,0,f2b7382c36c689fb9926d126006e138a,3,False,False,213,307,293.34000000000003,392.12,True,False,False,True,review,
UNUL00907,UNU-KEY E-Waste Dataset v44,CC BY 4.0,train,15235,10369,000000528080_jpg.rf.dd2ad9ea408c7a636952193fc2a1d478.jpg,000000528080,39,Laptop,laptop_tablet,640,640,154,285,74.22,73.16,0.013256677734375,True,0,f2b7382c36c689fb9926d126006e138a,3,False,False,154,285,228.22,358.15999999999997,True,False,False,True,review,
UNUL00908,UNU-KEY E-Waste Dataset v44,CC BY 4.0,train,15310,10428,000000500077_jpg.rf.de013b3138c19521a483ca0944d7992c.jpg,000000500077,39,Laptop,laptop_tablet,640,640,219,228,173.96,123.49,0.0524470712890625,True,0,fca483c9c30e9213a1ac66bea2467def,1,False,False,219,228,392.96000000000004,351.49,False,False,False,False,pending,
UNUL00909,UNU-KEY E-Waste Dataset v44,CC BY 4.0,train,15322,10432,000000524866_jpg.rf.de0c060cf2340c2bf86952a6947f5324.jpg,000000524866,39,Laptop,laptop_tablet,640,640,372,118,268.25,404.99,0.2652308776855469,True,0,3e923ef86afba12450f31c4f41b9e232,1,False,False,372,118,640.25,522.99,False,False,False,False,pending,
UNUL00910,UNU-KEY E-Waste Dataset v44,CC BY 4.0,train,15420,10474,000000158222_jpg.rf.deaf7cabc301b5691f4257b98b621195.jpg,000000158222,39,Laptop,laptop_tablet,640,640,140,269,93.75,95.82,0.02193145751953125,True,0,ac6e84484486dba6d4de2e28c40a4749,1,False,False,140,269,233.75,364.82,False,True,False,False,pending,
UNUL00911,UNU-KEY E-Waste Dataset v44,CC BY 4.0,train,15422,10475,000000052546_jpg.rf.dec6cb61e40fc1f7a0f2e2ab8d9ae006.jpg,000000052546,39,Laptop,laptop_tablet,640,640,257,366,187.0,126.63,0.057812036132812494,True,0,28cfa2340be1a096d5f5612a8f7206cc,1,False,False,257,366,444.0,492.63,False,False,False,False,pending,
UNUL00912,UNU-KEY E-Waste Dataset v44,CC BY 4.0,train,15425,10477,IMG_20200329_142612_jpg.rf.deb68ee867d137388c5e465930a23cea.jpg,IMG_20200329_142612,39,Laptop,laptop_tablet,640,640,170,103,347.0,190.0,0.1609619140625,False,0,822ed7d8fab2228b1737fa02503b01ee,2,False,False,170,103,517.0,293.0,False,False,False,True,pending,
UNUL00913,UNU-KEY E-Waste Dataset v44,CC BY 4.0,train,15426,10477,IMG_20200329_142612_jpg.rf.deb68ee867d137388c5e465930a23cea.jpg,IMG_20200329_142612,39,Laptop,laptop_tablet,640,640,152,301,410.0,231.0,0.2312255859375,False,0,822ed7d8fab2228b1737fa02503b01ee,2,False,False,152,301,562.0,532.0,False,False,False,True,pending,
UNUL00914,UNU-KEY E-Waste Dataset v44,CC BY 4.0,train,15439,10489,000000357870_jpg.rf.def9131f1c8eabf6003efd629df5dc2b.jpg,000000357870,39,Laptop,laptop_tablet,640,640,307,218,212.67,201.92,0.10483966406249999,True,0,79bf4a6cc9e6f2215cb4d8698d384683,1,False,False,307,218,519.67,419.91999999999996,False,False,False,False,pending,
UNUL00915,UNU-KEY E-Waste Dataset v44,CC BY 4.0,train,15442,10491,000000279561_jpg.rf.df04017cd791b582c02499891b1039c9.jpg,000000279561,39,Laptop,laptop_tablet,640,640,345,158,94.37,66.75,0.015378900146484376,True,0,079d42934df46caf665007519613e972,1,False,False,345,158,439.37,224.75,True,False,False,False,review,
UNUL00916,UNU-KEY E-Waste Dataset v44,CC BY 4.0,train,15452,10496,000000291981_jpg.rf.df1bd511c71eb080347ed6067ec5e0f5.jpg,000000291981,39,Laptop,laptop_tablet,640,640,288,216,153.165,119.731,0.04477196927490234,True,0,a9538f60eb99190bcc4a0b676b10ef72,1,False,False,288,216,441.16499999999996,335.731,False,True,False,False,pending,
UNUL00917,UNU-KEY E-Waste Dataset v44,CC BY 4.0,train,15525,10517,000000375820_jpg.rf.df483c7c89d583721169513aa1b2fbd1.jpg,000000375820,39,Laptop,laptop_tablet,640,640,284,84,355.328,400.205,0.3471778375,True,0,b80445633ba10415121ff074061dfece,1,False,False,284,84,639.328,484.205,False,False,False,False,pending,
UNUL00918,UNU-KEY E-Waste Dataset v44,CC BY 4.0,train,15542,10531,000000577934_jpg.rf.df9bd7dd2c66440794d29fd77a2aaee0.jpg,000000577934,39,Laptop,laptop_tablet,640,640,26,160,245.37,229.75,0.13763124389648437,True,0,4c74dc3876fdffa13fce836586d32b4e,1,False,False,26,160,271.37,389.75,False,False,False,False,pending,
UNUL00919,UNU-KEY E-Waste Dataset v44,CC BY 4.0,train,15564,10548,000000578553_jpg.rf.dfc4fa7eed27d7761d2e5dabebca6444.jpg,000000578553,39,Laptop,laptop_tablet,640,640,7,212,560.11,301.3,0.4120145092773438,True,0,325743faf37a214274542934d9477c99,1,False,False,7,212,567.11,513.3,False,False,False,False,pending,
UNUL00920,UNU-KEY E-Waste Dataset v44,CC BY 4.0,train,15614,10588,000000325992_jpg.rf.e08b92be5d1b75f916d35b2cbd262230.jpg,000000325992,39,Laptop,laptop_tablet,640,640,181,156,458.54,369.61,0.41377189794921876,True,0,1a4f945f6d24c606e6ba2aaee6cf5cbb,1,False,False,181,156,639.54,525.61,False,False,False,False,pending,
UNUL00921,UNU-KEY E-Waste Dataset v44,CC BY 4.0,train,15632,10602,000000487804_jpg.rf.e0e539c19be9659ff0b333e6a329e770.jpg,000000487804,39,Laptop,laptop_tablet,640,640,46,164,485.53,360.79,0.42767179858398435,True,0,07e21c255a7b75aa6f4a520b3de04f3c,1,False,False,46,164,531.53,524.79,False,False,False,False,pending,
UNUL00922,UNU-KEY E-Waste Dataset v44,CC BY 4.0,train,15643,10609,000000247680_jpg.rf.e11e22e23e69d258a02ebfdf5be0befd.jpg,000000247680,39,Laptop,laptop_tablet,640,640,173,224,178.32,158.47,0.068990162109375,True,0,c4fdfec2e8659ff6c2bae201616fb2e2,1,False,False,173,224,351.32,382.47,False,False,False,False,pending,
UNUL00923,UNU-KEY E-Waste Dataset v44,CC BY 4.0,train,15648,10614,IMG_20200329_142515_jpg.rf.e1389e97c656b820d0866633104fdc72.jpg,IMG_20200329_142515,39,Laptop,laptop_tablet,640,640,0,137,342.0,277.0,0.2312841796875,False,0,5ce43bcb8ceec98b51fe3a2be37b8881,2,False,False,0,137,342.0,414.0,False,False,False,True,pending,
UNUL00924,UNU-KEY E-Waste Dataset v44,CC BY 4.0,train,15649,10614,IMG_20200329_142515_jpg.rf.e1389e97c656b820d0866633104fdc72.jpg,IMG_20200329_142515,39,Laptop,laptop_tablet,640,640,352,184,288.0,244.0,0.1715625,False,0,5ce43bcb8ceec98b51fe3a2be37b8881,2,False,False,352,184,640.0,428.0,False,False,False,True,pending,
UNUL00925,UNU-KEY E-Waste Dataset v44,CC BY 4.0,train,15650,10615,000000449708_jpg.rf.e0b93b2b315066ed015fec357917eb5f.jpg,000000449708,39,Laptop,laptop_tablet,640,640,145,191,200.627,188.762,0.09245789495605469,True,0,19e8ae2a3240e86fae345e8d256ef4e5,1,False,False,145,191,345.627,379.762,False,False,False,False,pending,
UNUL00926,UNU-KEY E-Waste Dataset v44,CC BY 4.0,train,15701,10655,000000116570_jpg.rf.e1d7d58a5d087435b6328717811de3c2.jpg,000000116570,39,Laptop,laptop_tablet,640,640,370,298,103.63,75.8,0.019177622070312497,True,0,365c7dd27f848752084b640953279b62,1,False,False,370,298,473.63,373.8,True,False,False,False,review,
UNUL00927,UNU-KEY E-Waste Dataset v44,CC BY 4.0,train,15714,10664,000000021361_jpg.rf.e21bbee92d998c29b3a1f3b99f59174c.jpg,000000021361,39,Laptop,laptop_tablet,640,640,1,41,458.189,490.662,0.5488670193310548,True,0,1e4ab4ca7463fc76686e8213fe4e3399,1,False,False,1,41,459.189,531.662,False,False,False,False,pending,
UNUL00928,UNU-KEY E-Waste Dataset v44,CC BY 4.0,train,15843,10734,000000165376_jpg.rf.e3949cac38ca5158ba009d9885517a8f.jpg,000000165376,39,Laptop,laptop_tablet,640,640,203,362,55.71,28.75,0.003910308837890625,True,0,96ec07dbd9f766a46702dbbbd240c772,1,False,False,203,362,258.71,390.75,True,False,False,False,review,
UNUL00929,UNU-KEY E-Waste Dataset v44,CC BY 4.0,train,15862,10748,000000027717_jpg.rf.e3c8433e911e7de27605a4c5c190043b.jpg,000000027717,39,Laptop,laptop_tablet,640,640,392,252,167.91,388.314,0.15918409116210938,True,0,60c704e1dc25664344c254f72559bc92,1,False,False,392,252,559.91,640.3140000000001,False,False,False,False,pending,
UNUL00930,UNU-KEY E-Waste Dataset v44,CC BY 4.0,train,15872,10754,195_jpeg_jpg.rf.e40701770ec3ea37debbe4756f0ac0cb.jpg,195_jpeg,39,Laptop,laptop_tablet,640,640,75,2,541.0,627.0,0.82814208984375,False,0,bc6af2e65ea2909c076181928055d08f,1,False,False,75,2,616.0,629.0,False,False,True,False,review,
UNUL00931,UNU-KEY E-Waste Dataset v44,CC BY 4.0,train,15897,10775,000000405747_jpg.rf.e46e2c92e049685cbc6fe942ce20adf8.jpg,000000405747,39,Laptop,laptop_tablet,640,640,375,232,150.02,117.87,0.04317103857421875,True,0,2ebf0643dab1e84e56364af0ff34055a,1,False,False,375,232,525.02,349.87,False,True,False,False,pending,
UNUL00932,UNU-KEY E-Waste Dataset v44,CC BY 4.0,train,15899,10776,000000227497_jpg.rf.e451dff165bf1a9afa3159c37005b17b.jpg,000000227497,39,Laptop,laptop_tablet,640,640,0,274,227.648,194.368,0.10802609,True,0,47cf2eaeb96095753463dc639824934f,1,False,False,0,274,227.648,468.368,False,False,False,False,pending,
UNUL00933,UNU-KEY E-Waste Dataset v44,CC BY 4.0,train,15908,10780,210_jpg.rf.e454d469e387628cef39cc5ff9af85ee.jpg,210,39,Laptop,laptop_tablet,640,640,1,81,639.0,479.0,0.74726806640625,False,0,594d61b13844a88e90f52ab4bbeb3644,1,False,False,1,81,640.0,560.0,False,False,False,False,pending,
UNUL00934,UNU-KEY E-Waste Dataset v44,CC BY 4.0,train,15911,10782,000000395344_jpg.rf.e47337e03c4f94394b35eb2e9754faba.jpg,000000395344,39,Laptop,laptop_tablet,640,640,21,91,361.88,333.96,0.29505235546874997,True,0,96bfe5156bc80999229134977936402a,1,False,False,21,91,382.88,424.96,False,False,False,False,pending,
UNUL00935,UNU-KEY E-Waste Dataset v44,CC BY 4.0,train,15925,10794,000000379659_jpg.rf.e48a3817836690acf9da574a6c8cae2f.jpg,000000379659,39,Laptop,laptop_tablet,640,640,256,189,176.14,168.48,0.0724513359375,True,0,f6fa1ffa6159af8ba9db47cc52c059ad,1,False,False,256,189,432.14,357.48,False,False,False,False,pending,
UNUL00936,UNU-KEY E-Waste Dataset v44,CC BY 4.0,train,15948,10813,000000409821_jpg.rf.e528de36fd1dcfceaf57847e1f1825c7.jpg,000000409821,39,Laptop,laptop_tablet,640,640,289,152,90.12,105.26,0.023159255859375002,True,0,7a1cab0d5086ced48f52835ed87a95cf,1,False,False,289,152,379.12,257.26,False,True,False,False,pending,
UNUL00937,UNU-KEY E-Waste Dataset v44,CC BY 4.0,train,15961,10822,000000354059_jpg.rf.e5442ace48defad8c82c6a5e414208ef.jpg,000000354059,39,Laptop,laptop_tablet,640,640,0,168,208.18,147.77,0.07510439111328127,True,0,d9525ec921cde8433b0f90ee7b67edc6,1,False,False,0,168,208.18,315.77,False,False,False,False,pending,
UNUL00938,UNU-KEY E-Waste Dataset v44,CC BY 4.0,train,15999,10846,000000422427_jpg.rf.e5963012fa150482bd3595c11581ab5b.jpg,000000422427,39,Laptop,laptop_tablet,640,640,0,80,640.0,474.432,0.7413,True,0,d4e80a963609369942d8ca6e8a6e5452,1,False,False,0,80,640.0,554.432,False,False,False,False,pending,
UNUL00939,UNU-KEY E-Waste Dataset v44,CC BY 4.0,train,16011,10858,000000268992_jpg.rf.e64c6c144663ba27eee64dc7448f8456.jpg,000000268992,39,Laptop,laptop_tablet,640,640,60,81,231.88,144.11,0.08158258496093751,True,0,3062c409cc361e405c3ff2e3f2631f03,1,False,False,60,81,291.88,225.11,False,False,False,False,pending,
UNUL00940,UNU-KEY E-Waste Dataset v44,CC BY 4.0,train,16052,10885,000000064893_jpg.rf.e69597dc20c62ccea3a3bf8d7f3239ce.jpg,000000064893,39,Laptop,laptop_tablet,640,640,170,398,221.12,85.22,0.046005484374999996,True,0,0c01a44c4178c706309aa52ccb7ea504,1,False,False,170,398,391.12,483.22,False,True,False,False,pending,
UNUL00941,UNU-KEY E-Waste Dataset v44,CC BY 4.0,train,16087,10915,000000509733_jpg.rf.e776188ae2cfdaf5b414d1135857f019.jpg,000000509733,39,Laptop,laptop_tablet,640,640,94,222,102.38,76.79,0.01919375048828125,True,0,2237939ea9c8ac21e0312ef4f1642a6b,3,False,False,94,222,196.38,298.79,True,False,False,True,review,
UNUL00942,UNU-KEY E-Waste Dataset v44,CC BY 4.0,train,16088,10915,000000509733_jpg.rf.e776188ae2cfdaf5b414d1135857f019.jpg,000000509733,39,Laptop,laptop_tablet,640,640,161,123,188.11,139.46,0.06404741357421875,True,0,2237939ea9c8ac21e0312ef4f1642a6b,3,False,False,161,123,349.11,262.46000000000004,False,False,False,True,pending,
UNUL00943,UNU-KEY E-Waste Dataset v44,CC BY 4.0,train,16089,10915,000000509733_jpg.rf.e776188ae2cfdaf5b414d1135857f019.jpg,000000509733,39,Laptop,laptop_tablet,640,640,329,175,120.81,52.97,0.015623304931640625,True,0,2237939ea9c8ac21e0312ef4f1642a6b,3,False,False,329,175,449.81,227.97,True,False,False,True,review,
UNUL00944,UNU-KEY E-Waste Dataset v44,CC BY 4.0,train,16163,10977,000000459164_jpg.rf.e898ba0e07c982c26102dc966f0f64a6.jpg,000000459164,39,Laptop,laptop_tablet,640,640,70,80,354.88,193.08,0.16728571875,True,0,042c48aa66b2bc44ec9753036e3b9a32,3,False,False,70,80,424.88,273.08000000000004,False,False,False,True,pending,
UNUL00945,UNU-KEY E-Waste Dataset v44,CC BY 4.0,train,16164,10977,000000459164_jpg.rf.e898ba0e07c982c26102dc966f0f64a6.jpg,000000459164,39,Laptop,laptop_tablet,640,640,93,80,547.31,480.0,0.6413789062499999,True,0,042c48aa66b2bc44ec9753036e3b9a32,3,False,False,93,80,640.31,560.0,False,False,False,True,pending,
UNUL00946,UNU-KEY E-Waste Dataset v44,CC BY 4.0,train,16165,10977,000000459164_jpg.rf.e898ba0e07c982c26102dc966f0f64a6.jpg,000000459164,39,Laptop,laptop_tablet,640,640,0,80,139.35,109.32,0.037191752929687495,True,0,042c48aa66b2bc44ec9753036e3b9a32,3,False,False,0,80,139.35,189.32,False,True,False,True,pending,
UNUL00947,UNU-KEY E-Waste Dataset v44,CC BY 4.0,train,16170,10979,313_jpeg.rf.e8894a258f1f6350100f31767cacf1ea.jpg,313,39,Laptop,laptop_tablet,640,640,106,141,393.0,359.0,0.34445068359375,False,0,4978954d2bc891dad79b2e3250926431,1,True,True,106,141,499.0,500.0,False,False,False,False,review,
UNUL00948,UNU-KEY E-Waste Dataset v44,CC BY 4.0,train,16194,10998,153_jpg.rf.e8aa349ec725de6aa51a11712eb69314.jpg,153,39,Laptop,laptop_tablet,640,640,2,167,579.0,246.0,0.3477392578125,False,0,d04a2e995f9893361b142ec0b6910703,1,False,False,2,167,581.0,413.0,False,False,False,False,pending,
UNUL00949,UNU-KEY E-Waste Dataset v44,CC BY 4.0,train,16236,11026,000000054464_jpg.rf.e97fa4250b4714ca4a5ef45ecb5b3e43.jpg,000000054464,39,Laptop,laptop_tablet,640,640,224,377,99.48,73.2,0.0177781640625,True,0,8148dd57d585054b8bbd10730c2f119e,2,False,False,224,377,323.48,450.2,True,False,False,True,review,
UNUL00950,UNU-KEY E-Waste Dataset v44,CC BY 4.0,train,16237,11026,000000054464_jpg.rf.e97fa4250b4714ca4a5ef45ecb5b3e43.jpg,000000054464,39,Laptop,laptop_tablet,640,640,324,338,101.98,87.14,0.021695647460937502,True,0,8148dd57d585054b8bbd10730c2f119e,2,False,False,324,338,425.98,425.14,False,True,False,True,pending,
UNUL00951,UNU-KEY E-Waste Dataset v44,CC BY 4.0,train,16244,11033,000000225537_jpg.rf.e9a372446f9c45002b573cd831755eb9.jpg,000000225537,39,Laptop,laptop_tablet,640,640,81,98,476.78,498.25,0.5799698120117187,True,0,3251fb1c859c8130639f6382f5160c5c,1,False,False,81,98,557.78,596.25,False,False,False,False,pending,
UNUL00952,UNU-KEY E-Waste Dataset v44,CC BY 4.0,train,16248,11037,000000460703_jpg.rf.e9deb9f3b72a871a6981868b3abad06b.jpg,000000460703,39,Laptop,laptop_tablet,640,640,260,269,155.92,73.6,0.028016874999999993,True,0,dde2d4a45b8bd830c3240f0437761bb1,6,False,False,260,269,415.91999999999996,342.6,False,True,False,True,pending,
UNUL00953,UNU-KEY E-Waste Dataset v44,CC BY 4.0,train,16249,11037,000000460703_jpg.rf.e9deb9f3b72a871a6981868b3abad06b.jpg,000000460703,39,Laptop,laptop_tablet,640,640,276,141,106.51,49.89,0.012973105224609377,True,0,dde2d4a45b8bd830c3240f0437761bb1,6,False,False,276,141,382.51,190.89,True,False,False,True,review,
UNUL00954,UNU-KEY E-Waste Dataset v44,CC BY 4.0,train,16250,11037,000000460703_jpg.rf.e9deb9f3b72a871a6981868b3abad06b.jpg,000000460703,39,Laptop,laptop_tablet,640,640,461,139,102.04,52.13,0.012986682617187502,True,0,dde2d4a45b8bd830c3240f0437761bb1,6,False,False,461,139,563.04,191.13,True,False,False,True,review,
UNUL00955,UNU-KEY E-Waste Dataset v44,CC BY 4.0,train,16251,11037,000000460703_jpg.rf.e9deb9f3b72a871a6981868b3abad06b.jpg,000000460703,39,Laptop,laptop_tablet,640,640,545,261,94.62,78.21,0.01806696826171875,True,0,dde2d4a45b8bd830c3240f0437761bb1,6,False,False,545,261,639.62,339.21,True,False,False,True,review,
UNUL00956,UNU-KEY E-Waste Dataset v44,CC BY 4.0,train,16252,11037,000000460703_jpg.rf.e9deb9f3b72a871a6981868b3abad06b.jpg,000000460703,39,Laptop,laptop_tablet,640,640,0,293,127.26,100.97,0.03137070849609375,True,0,dde2d4a45b8bd830c3240f0437761bb1,6,False,False,0,293,127.26,393.97,False,True,False,True,pending,
UNUL00957,UNU-KEY E-Waste Dataset v44,CC BY 4.0,train,16253,11037,000000460703_jpg.rf.e9deb9f3b72a871a6981868b3abad06b.jpg,000000460703,39,Laptop,laptop_tablet,640,640,82,145,113.55,60.17,0.016680428466796876,True,0,dde2d4a45b8bd830c3240f0437761bb1,6,False,False,82,145,195.55,205.17000000000002,True,False,False,True,review,
UNUL00958,UNU-KEY E-Waste Dataset v44,CC BY 4.0,train,16307,11086,236_jpeg.rf.ea980ae3a46102466c0148582183efad.jpg,236,39,Laptop,laptop_tablet,640,640,81,5,479.0,635.0,0.74259033203125,False,0,3a1d883516219f4d62f554a705a5db1e,1,False,False,81,5,560.0,640.0,False,False,False,False,pending,
UNUL00959,UNU-KEY E-Waste Dataset v44,CC BY 4.0,train,16344,11123,000000454982_jpg.rf.eb89cf2a067616f7587f383be8380b0a.jpg,000000454982,39,Laptop,laptop_tablet,640,640,7,97,316.11,434.17,0.3350719694824219,True,0,aee3a7a3be9963312c91daf9de3ffbc9,2,False,False,7,97,323.11,531.1700000000001,False,False,False,True,pending,
UNUL00960,UNU-KEY E-Waste Dataset v44,CC BY 4.0,train,16345,11123,000000454982_jpg.rf.eb89cf2a067616f7587f383be8380b0a.jpg,000000454982,39,Laptop,laptop_tablet,640,640,319,87,320.72,480.36,0.37612563281250005,True,0,aee3a7a3be9963312c91daf9de3ffbc9,2,False,False,319,87,639.72,567.36,False,False,False,True,pending,
UNUL00961,UNU-KEY E-Waste Dataset v44,CC BY 4.0,train,16350,11128,IMG_20200329_152720_jpg.rf.eb888847407b4a78ad41791058e58f77.jpg,IMG_20200329_152720,39,Laptop,laptop_tablet,640,640,137,43,368.0,370.0,0.332421875,False,0,c9c05e825303842666c93ff58c536968,1,True,False,137,43,505.0,413.0,False,False,False,False,review,
UNUL00962,UNU-KEY E-Waste Dataset v44,CC BY 4.0,train,16379,11142,263_jpeg.rf.ebf610530764c7efa641c9b214bf50f4.jpg,263,39,Laptop,laptop_tablet,640,640,1,121,639.0,386.0,0.6021826171875,False,0,cf5003e93df447883dc62c3e2b6eb33c,1,False,False,1,121,640.0,507.0,False,False,False,False,pending,
UNUL00963,UNU-KEY E-Waste Dataset v44,CC BY 4.0,train,16510,11242,000000456310_jpg.rf.edaf5c0807cdf201b859f82f1d571d4d.jpg,000000456310,39,Laptop,laptop_tablet,640,640,162,203,229.184,221.978,0.12420362781250001,True,0,6df7fb71470e14d4a43ea1c32ba0d77f,1,False,False,162,203,391.18399999999997,424.978,False,False,False,False,pending,
UNUL00964,UNU-KEY E-Waste Dataset v44,CC BY 4.0,train,16571,11294,198_jpeg.rf.6584430135dd605ac0ec5d96befd7a33.jpg,198,39,Laptop,laptop_tablet,640,640,1,83,639.0,477.0,0.74414794921875,False,0,b7240cc175e5e08c12fba7ace861c64f,1,False,False,1,83,640.0,560.0,False,False,False,False,pending,
UNUL00965,UNU-KEY E-Waste Dataset v44,CC BY 4.0,train,16639,11311,184_jpeg.rf.665475b04b8d72dcc89849b73a0598b6.jpg,184,39,Laptop,laptop_tablet,640,640,180,140,360.0,340.0,0.298828125,False,0,958d77a53ff1ad04309ac46725f541c1,1,False,False,180,140,540.0,480.0,False,False,False,False,pending,
UNUL00966,UNU-KEY E-Waste Dataset v44,CC BY 4.0,train,16648,11320,000000020888_jpg.rf.666162db3069cb78d88ea04c5666fb95.jpg,000000020888,39,Laptop,laptop_tablet,640,640,132,178,245.37,218.6,0.1309518603515625,True,0,d2a35b73ab70383dca6cc33f8fb5cf95,2,False,False,132,178,377.37,396.6,False,False,False,True,pending,
UNUL00967,UNU-KEY E-Waste Dataset v44,CC BY 4.0,train,16650,11320,000000020888_jpg.rf.666162db3069cb78d88ea04c5666fb95.jpg,000000020888,39,Laptop,laptop_tablet,640,640,54,80,160.23,59.92,0.023439896484374997,True,0,d2a35b73ab70383dca6cc33f8fb5cf95,2,False,False,54,80,214.23,139.92000000000002,False,True,False,True,pending,
UNUL00968,UNU-KEY E-Waste Dataset v44,CC BY 4.0,train,16678,11343,IMG_20200329_152836_jpg.rf.66de1510fd6c566a5381b6613dfbe315.jpg,IMG_20200329_152836,39,Laptop,laptop_tablet,640,640,350,218,210.0,307.0,0.1573974609375,False,0,6f5df7664640aa9d33a73a1b6e499bb5,2,True,False,350,218,560.0,525.0,False,False,False,True,review,
UNUL00969,UNU-KEY E-Waste Dataset v44,CC BY 4.0,train,16679,11343,IMG_20200329_152836_jpg.rf.66de1510fd6c566a5381b6613dfbe315.jpg,IMG_20200329_152836,39,Laptop,laptop_tablet,640,640,80,191,262.0,196.0,0.12537109375,False,0,6f5df7664640aa9d33a73a1b6e499bb5,2,True,False,80,191,342.0,387.0,False,False,False,True,review,
UNUL00970,UNU-KEY E-Waste Dataset v44,CC BY 4.0,train,16693,11351,000000377007_jpg.rf.66b6a41d70321badeacb315f3f79f511.jpg,000000377007,39,Laptop,laptop_tablet,640,640,1,373,144.38,53.43,0.01883355322265625,True,0,2c91aa31b0b04039188b756e1d7b2f60,1,False,False,1,373,145.38,426.43,True,False,False,False,review,
UNUL00971,UNU-KEY E-Waste Dataset v44,CC BY 4.0,train,16708,11363,207_jpeg.rf.6718aea01822dacdee21dc0debec98d1.jpg,207,39,Laptop,laptop_tablet,640,640,51,109,589.0,422.0,0.6068310546875,False,0,60eeb099a5de9d50f0f63a6bf03746b4,1,False,False,51,109,640.0,531.0,False,False,False,False,pending,
UNUL00972,UNU-KEY E-Waste Dataset v44,CC BY 4.0,train,16711,11366,000000538604_jpg.rf.67413ad2595abc23a543eb0127215775.jpg,000000538604,39,Laptop,laptop_tablet,640,640,198,80,295.55,305.08,0.2201327978515625,True,0,42747acfe6a3985f7349ed0af0b089c5,1,False,False,198,80,493.55,385.08,False,False,False,False,pending,
UNUL00973,UNU-KEY E-Waste Dataset v44,CC BY 4.0,train,16719,11369,000000005115_jpg.rf.674a593302b0ef8836939aa0739d9adc.jpg,000000005115,39,Laptop,laptop_tablet,640,640,328,511,125.36,49.08,0.015021164062499998,True,0,7c2621f1f3af35ca0aadc4c71f9d2e73,1,False,False,328,511,453.36,560.08,True,False,False,False,review,
UNUL00974,UNU-KEY E-Waste Dataset v44,CC BY 4.0,train,16740,11385,IMG_20200329_142542_jpg.rf.67aceaa787fd17d2979b0b0c53355e02.jpg,IMG_20200329_142542,39,Laptop,laptop_tablet,640,640,1,203,347.0,216.0,0.18298828125,False,0,99ace37ec2560bbacc1546348b7d7eb5,2,False,False,1,203,348.0,419.0,False,False,False,True,pending,
UNUL00975,UNU-KEY E-Waste Dataset v44,CC BY 4.0,train,16741,11385,IMG_20200329_142542_jpg.rf.67aceaa787fd17d2979b0b0c53355e02.jpg,IMG_20200329_142542,39,Laptop,laptop_tablet,640,640,351,230,289.0,208.0,0.1467578125,False,0,99ace37ec2560bbacc1546348b7d7eb5,2,False,False,351,230,640.0,438.0,False,False,False,True,pending,
UNUL00976,UNU-KEY E-Waste Dataset v44,CC BY 4.0,train,16767,11393,000000503943_jpg.rf.67b40657295aac3120e958b0e06e83ef.jpg,000000503943,39,Laptop,laptop_tablet,640,640,35,229,306.33,280.448,0.20974032187499997,True,0,587686b3da67c9b4a7437d08d1c8bf07,1,False,False,35,229,341.33,509.448,False,False,False,False,pending,
UNUL00977,UNU-KEY E-Waste Dataset v44,CC BY 4.0,train,16769,11394,000000267910_jpg.rf.67b82db3577a2ef70cf18c2f87b6aebf.jpg,000000267910,39,Laptop,laptop_tablet,640,640,264,263,248.09,221.12,0.13392983593750002,True,0,dff786a8b1b7beeef6575cec980c699f,1,False,False,264,263,512.09,484.12,False,False,False,False,pending,
UNUL00978,UNU-KEY E-Waste Dataset v44,CC BY 4.0,train,16771,11395,000000277239_jpg.rf.67be173791ba4c503e1705524e397195.jpg,000000277239,39,Laptop,laptop_tablet,640,640,240,335,36.15,25.36,0.0022381933593749997,True,0,e1ea2aa1bb6db5a0d9cddeb450dba67d,1,False,False,240,335,276.15,360.36,True,False,False,False,review,
UNUL00979,UNU-KEY E-Waste Dataset v44,CC BY 4.0,train,16799,11418,000000250108_jpg.rf.67dcb05ad9ab5c127367fa1f8b42bfbf.jpg,000000250108,39,Laptop,laptop_tablet,640,640,214,268,106.92,90.23,0.0235532021484375,True,0,740aaf3f9b21a08e3e11f371fb9b69e9,1,False,False,214,268,320.92,358.23,False,True,False,False,pending,
UNUL00980,UNU-KEY E-Waste Dataset v44,CC BY 4.0,train,16828,11436,000000263769_jpg.rf.68aea75cda8a728ad041b450af0baffe.jpg,000000263769,39,Laptop,laptop_tablet,640,640,71,125,488.61,399.28,0.476299318359375,True,0,b9e82531f0690c7dff8180e7e38c1d41,3,False,False,71,125,559.61,524.28,False,False,False,True,pending,
UNUL00981,UNU-KEY E-Waste Dataset v44,CC BY 4.0,train,16829,11436,000000263769_jpg.rf.68aea75cda8a728ad041b450af0baffe.jpg,000000263769,39,Laptop,laptop_tablet,640,640,313,222,246.54,133.33,0.08025189990234376,True,0,b9e82531f0690c7dff8180e7e38c1d41,3,False,False,313,222,559.54,355.33000000000004,False,False,False,True,pending,
UNUL00982,UNU-KEY E-Waste Dataset v44,CC BY 4.0,train,16830,11436,000000263769_jpg.rf.68aea75cda8a728ad041b450af0baffe.jpg,000000263769,39,Laptop,laptop_tablet,640,640,377,199,158.62,108.14,0.0418778486328125,True,0,b9e82531f0690c7dff8180e7e38c1d41,3,False,False,377,199,535.62,307.14,False,True,False,True,pending,
UNUL00983,UNU-KEY E-Waste Dataset v44,CC BY 4.0,train,16856,11456,000000217707_jpg.rf.68e0e08d5513e2edcfdea9866b1cec91.jpg,000000217707,39,Laptop,laptop_tablet,640,640,1,214,294.72,340.22,0.24479892187500002,True,0,e30bc5497538bc4a0a625a1899822663,1,False,False,1,214,295.72,554.22,False,False,False,False,pending,
UNUL00984,UNU-KEY E-Waste Dataset v44,CC BY 4.0,train,16870,11468,000000432859_jpg.rf.68fc37c23fbfcfd6310f1c553f7e3612.jpg,000000432859,39,Laptop,laptop_tablet,640,640,122,93,473.71,464.03,0.5366593049316406,True,0,909ba7ffc8bf8d2738c3a804fce74ff0,1,False,False,122,93,595.71,557.03,False,False,False,False,pending,
UNUL00985,UNU-KEY E-Waste Dataset v44,CC BY 4.0,train,16931,11518,Copy-of-IMG_20200328_132109_jpg.rf.6a1f5a94934ecbe8abc5a198ea4e5566.jpg,Copy-of-IMG_20200328_132109,39,Laptop,laptop_tablet,640,640,140,187,459.0,373.0,0.41798583984375,False,0,42e1744480c77fd58e6499cb3bb23936,1,False,False,140,187,599.0,560.0,False,False,False,False,pending,
UNUL00986,UNU-KEY E-Waste Dataset v44,CC BY 4.0,train,16974,11544,000000322577_jpg.rf.6ad674ab3d7f26daf6c03f554950fd20.jpg,000000322577,39,Laptop,laptop_tablet,640,640,12,220,429.88,308.01,0.3232601044921875,True,0,21e79fc417634368a9d6f6c982f57b61,1,False,False,12,220,441.88,528.01,False,False,False,False,pending,
UNUL00987,UNU-KEY E-Waste Dataset v44,CC BY 4.0,train,16991,11548,000000259115_jpg.rf.6b0096b8b6c0d88683a80597f71bb71f.jpg,000000259115,39,Laptop,laptop_tablet,640,640,88,356,276.13,179.05,0.12070575317382813,True,0,bab9adab05cacd2ca4128cc4c76a5e3f,1,False,False,88,356,364.13,535.05,False,False,False,False,pending,
UNUL00988,UNU-KEY E-Waste Dataset v44,CC BY 4.0,train,17037,11575,000000155177_jpg.rf.6b4c1c65441736fd5cbc4f0831f59739.jpg,000000155177,39,Laptop,laptop_tablet,640,640,18,163,308.93,277.72,0.20946298730468751,True,0,0cd375d9194c9c29c3eb589cf0e7b9f5,2,False,False,18,163,326.93,440.72,False,False,False,True,pending,
UNUL00989,UNU-KEY E-Waste Dataset v44,CC BY 4.0,train,17038,11575,000000155177_jpg.rf.6b4c1c65441736fd5cbc4f0831f59739.jpg,000000155177,39,Laptop,laptop_tablet,640,640,356,222,238.96,208.82,0.12182526171875001,True,0,0cd375d9194c9c29c3eb589cf0e7b9f5,2,False,False,356,222,594.96,430.82,False,False,False,True,pending,
UNUL00990,UNU-KEY E-Waste Dataset v44,CC BY 4.0,train,17054,11583,244_jpg.rf.6b9e6c005c43a0fc695eb67d3c14bee5.jpg,244,39,Laptop,laptop_tablet,640,640,1,163,639.0,280.0,0.43681640625,False,0,7642de815d31662d285858220800f782,1,False,False,1,163,640.0,443.0,False,False,False,False,pending,
UNUL00991,UNU-KEY E-Waste Dataset v44,CC BY 4.0,train,17076,11604,000000001347_jpg.rf.6c06853c0eaf4d349c3322592c2f4e90.jpg,000000001347,39,Laptop,laptop_tablet,640,640,22,306,215.002,143.846,0.07550580491210938,True,0,0ff878a5280f1aa8aa4dc287c8318a54,1,False,False,22,306,237.002,449.846,False,False,False,False,pending,
UNUL00992,UNU-KEY E-Waste Dataset v44,CC BY 4.0,train,17101,11622,000000560858_jpg.rf.6c331f92c22918b7910cf94be71b876a.jpg,000000560858,39,Laptop,laptop_tablet,640,640,80,7,480.0,424.269,0.497190234375,True,0,9d771efa4a5a3ecd33ede861014c7f33,1,False,False,80,7,560.0,431.269,False,False,False,False,pending,
UNUL00993,UNU-KEY E-Waste Dataset v44,CC BY 4.0,train,17111,11627,212_jpeg.rf.6c623d776d3eed23b5ef02fb4c1f85d9.jpg,212,39,Laptop,laptop_tablet,640,640,15,171,625.0,298.0,0.4547119140625,False,0,6dcf489f4c0d9a18503cc121f92ed631,1,False,False,15,171,640.0,469.0,False,False,False,False,pending,
UNUL00994,UNU-KEY E-Waste Dataset v44,CC BY 4.0,train,17117,11632,00185eed7ee580c2_jpg.rf.6c986b022e37d1db3ebb9baf94f89ce0.jpg,00185eed7ee580c2,39,Laptop,laptop_tablet,640,640,182,286,174.0,117.0,0.0497021484375,False,0,7d537f2c85b9ce3cad27d4d2d0b42e68,1,False,False,182,286,356.0,403.0,False,True,False,False,pending,
UNUL00995,UNU-KEY E-Waste Dataset v44,CC BY 4.0,train,17122,11636,000000339352_jpg.rf.6c77c9bfc97eb78aa8588dd266b6e2f0.jpg,000000339352,39,Laptop,laptop_tablet,640,640,68,285,288.65,221.63,0.15618530151367185,True,0,39b62298225a7dccff819ff51e4d394f,1,False,False,68,285,356.65,506.63,False,False,False,False,pending,
UNUL00996,UNU-KEY E-Waste Dataset v44,CC BY 4.0,train,17181,11682,000000329566_jpg.rf.6d27bd90d01ef0527a37e25092187c9b.jpg,000000329566,39,Laptop,laptop_tablet,640,640,125,148,431.987,317.043,0.33437122666259766,True,0,c2b1fc7366debf7d75c6d4e7dad4a434,1,False,False,125,148,556.9870000000001,465.043,False,False,False,False,pending,
UNUL00997,UNU-KEY E-Waste Dataset v44,CC BY 4.0,train,17200,11699,241_jpeg.rf.6dca727e658069a591f6269440409098.jpg,241,39,Laptop,laptop_tablet,640,640,1,214,615.0,246.0,0.3693603515625,False,0,86f051da40fe3f3997334d59cbd7f959,1,False,False,1,214,616.0,460.0,False,False,False,False,pending,
UNUL00998,UNU-KEY E-Waste Dataset v44,CC BY 4.0,train,17223,11711,000000071371_jpg.rf.6e0e219eb1f0064a8dc1ca6200fedb15.jpg,000000071371,39,Laptop,laptop_tablet,640,640,136,73,336.61,388.62,0.3193685991210938,True,0,1ed642ae0c5e39f4bbd832627c8e1830,1,False,False,136,73,472.61,461.62,False,False,False,False,pending,
UNUL00999,UNU-KEY E-Waste Dataset v44,CC BY 4.0,train,17236,11716,000000363326_jpg.rf.6ded2f9c37a34b2a08522732ba8ac2e3.jpg,000000363326,39,Laptop,laptop_tablet,640,640,296,331,148.31,132.86,0.04810660791015626,True,0,a746a7bf66d672970ec34cc0657cf1ed,1,False,False,296,331,444.31,463.86,False,True,False,False,pending,
UNUL01000,UNU-KEY E-Waste Dataset v44,CC BY 4.0,train,17279,11755,000000235722_jpg.rf.6ec8e6bdb1a3355f08b149c98ee34565.jpg,000000235722,39,Laptop,laptop_tablet,640,640,181,194,221.49,140.94,0.07621289208984376,True,0,641459ac9e963372fa86fcaba052ff5d,1,False,False,181,194,402.49,334.94,False,False,False,False,pending,
UNUL01001,UNU-KEY E-Waste Dataset v44,CC BY 4.0,train,17346,11804,IMG_20200329_152752_jpg.rf.6f5f64fb8bde7ad9b47577ebd0d00ff3.jpg,IMG_20200329_152752,39,Laptop,laptop_tablet,640,640,124,308,339.0,238.0,0.1969775390625,False,0,5c207aebd08d2ab6265fc7479ec4a406,1,True,False,124,308,463.0,546.0,False,False,False,False,review,
UNUL01002,UNU-KEY E-Waste Dataset v44,CC BY 4.0,train,17358,11814,000000124280_jpg.rf.6fb4adec12dd12c6e7f52777456d01d0.jpg,000000124280,39,Laptop,laptop_tablet,640,640,452,317,71.43,50.15,0.008745640869140625,True,0,7b8b7862f0fcc5b87ec6dca9ec8e0eb8,1,False,False,452,317,523.4300000000001,367.15,True,False,False,False,review,
UNUL01003,UNU-KEY E-Waste Dataset v44,CC BY 4.0,train,17362,11818,266_jpeg_jpg.rf.6f912c71561999c170354773105a582c.jpg,266_jpeg,39,Laptop,laptop_tablet,640,640,121,0,477.0,640.0,0.7453125,False,0,b3c24d7e58e9ad807dcd214fe9beb90b,1,False,False,121,0,598.0,640.0,False,False,False,False,pending,
UNUL01004,UNU-KEY E-Waste Dataset v44,CC BY 4.0,train,17365,11820,000000011485_jpg.rf.6fc669551f377ed310470763d5cc9a19.jpg,000000011485,39,Laptop,laptop_tablet,640,640,29,294,80.79,15.65,0.0030868249511718754,True,0,93d560400e9f6604385813d961d147e6,1,False,False,29,294,109.79,309.65,True,False,False,False,review,
UNUL01005,UNU-KEY E-Waste Dataset v44,CC BY 4.0,train,17374,11828,202_jpeg.rf.6fe134285956f428ca8da757d75e0eea.jpg,202,39,Laptop,laptop_tablet,640,640,49,81,590.0,475.0,0.6842041015625,False,0,165994b31ee6375fc4445dee85cc7b14,1,False,False,49,81,639.0,556.0,False,False,False,False,pending,
UNUL01006,UNU-KEY E-Waste Dataset v44,CC BY 4.0,train,17385,11837,000000351597_jpg.rf.6ff4fb439a5c3074b2de2be5c0365840.jpg,000000351597,39,Laptop,laptop_tablet,640,640,357,232,184.76,198.16,0.0893848671875,True,0,b0f55e46fb66ca4a901410cf963398f1,1,False,False,357,232,541.76,430.15999999999997,False,False,False,False,pending,
UNUL01007,UNU-KEY E-Waste Dataset v44,CC BY 4.0,train,17394,11843,000000306030_jpg.rf.7025b141cc204d18ebc8e034b79cb01b.jpg,000000306030,39,Laptop,laptop_tablet,640,640,225,228,208.33,144.97,0.07373437524414063,True,0,dd0e8d5d586ff3270abfb7b0dda889cd,1,False,False,225,228,433.33000000000004,372.97,False,False,False,False,pending,
UNUL01008,UNU-KEY E-Waste Dataset v44,CC BY 4.0,train,17476,11911,IMG_20200329_142626_jpg.rf.714782936b90672e9ec7ec65e5966a0f.jpg,IMG_20200329_142626,39,Laptop,laptop_tablet,640,640,9,113,329.0,376.0,0.30201171875,False,0,ce3af6d8fc76c99f6056dec71f3d73eb,2,False,False,9,113,338.0,489.0,False,False,False,True,pending,
UNUL01009,UNU-KEY E-Waste Dataset v44,CC BY 4.0,train,17477,11911,IMG_20200329_142626_jpg.rf.714782936b90672e9ec7ec65e5966a0f.jpg,IMG_20200329_142626,39,Laptop,laptop_tablet,640,640,327,81,313.0,388.0,0.296494140625,False,0,ce3af6d8fc76c99f6056dec71f3d73eb,2,False,False,327,81,640.0,469.0,False,False,False,True,pending,
UNUL01010,UNU-KEY E-Waste Dataset v44,CC BY 4.0,train,17502,11934,000000188311_jpg.rf.71f0086eacc75298a6925b06491cbc6a.jpg,000000188311,39,Laptop,laptop_tablet,640,640,157,376,404.83,178.25,0.17617418823242187,True,0,4f660bd7b1150711ca36c3b4c7243a99,13,False,False,157,376,561.8299999999999,554.25,False,False,False,True,pending,
UNUL01011,UNU-KEY E-Waste Dataset v44,CC BY 4.0,train,17503,11934,000000188311_jpg.rf.71f0086eacc75298a6925b06491cbc6a.jpg,000000188311,39,Laptop,laptop_tablet,640,640,464,326,176.22,153.51,0.06604377978515624,True,0,4f660bd7b1150711ca36c3b4c7243a99,13,False,False,464,326,640.22,479.51,False,False,False,True,pending,
UNUL01012,UNU-KEY E-Waste Dataset v44,CC BY 4.0,train,17504,11934,000000188311_jpg.rf.71f0086eacc75298a6925b06491cbc6a.jpg,000000188311,39,Laptop,laptop_tablet,640,640,180,263,210.34,76.59,0.039330909667968754,True,0,4f660bd7b1150711ca36c3b4c7243a99,13,False,False,180,263,390.34000000000003,339.59000000000003,False,True,False,True,pending,
UNUL01013,UNU-KEY E-Waste Dataset v44,CC BY 4.0,train,17505,11934,000000188311_jpg.rf.71f0086eacc75298a6925b06491cbc6a.jpg,000000188311,39,Laptop,laptop_tablet,640,640,13,307,240.99,107.39,0.06318338891601563,True,0,4f660bd7b1150711ca36c3b4c7243a99,13,False,False,13,307,253.99,414.39,False,False,False,True,pending,
UNUL01014,UNU-KEY E-Waste Dataset v44,CC BY 4.0,train,17506,11934,000000188311_jpg.rf.71f0086eacc75298a6925b06491cbc6a.jpg,000000188311,39,Laptop,laptop_tablet,640,640,1,237,65.85,23.09,0.0037121008300781246,True,0,4f660bd7b1150711ca36c3b4c7243a99,13,False,False,1,237,66.85,260.09,True,False,False,True,review,
UNUL01015,UNU-KEY E-Waste Dataset v44,CC BY 4.0,train,17507,11934,000000188311_jpg.rf.71f0086eacc75298a6925b06491cbc6a.jpg,000000188311,39,Laptop,laptop_tablet,640,640,107,213,121.18,26.75,0.00791397705078125,True,0,4f660bd7b1150711ca36c3b4c7243a99,13,False,False,107,213,228.18,239.75,True,False,False,True,review,
UNUL01016,UNU-KEY E-Waste Dataset v44,CC BY 4.0,train,17508,11934,000000188311_jpg.rf.71f0086eacc75298a6925b06491cbc6a.jpg,000000188311,39,Laptop,laptop_tablet,640,640,70,203,101.19,23.94,0.00591427880859375,True,0,4f660bd7b1150711ca36c3b4c7243a99,13,False,False,70,203,171.19,226.94,True,False,False,True,review,
UNUL01017,UNU-KEY E-Waste Dataset v44,CC BY 4.0,train,17509,11934,000000188311_jpg.rf.71f0086eacc75298a6925b06491cbc6a.jpg,000000188311,39,Laptop,laptop_tablet,640,640,349,245,187.17,45.11,0.020613375732421876,True,0,4f660bd7b1150711ca36c3b4c7243a99,13,False,False,349,245,536.17,290.11,False,True,False,True,pending,
UNUL01018,UNU-KEY E-Waste Dataset v44,CC BY 4.0,train,17510,11934,000000188311_jpg.rf.71f0086eacc75298a6925b06491cbc6a.jpg,000000188311,39,Laptop,laptop_tablet,640,640,37,190,35.0,12.31,0.0010518798828125,True,0,4f660bd7b1150711ca36c3b4c7243a99,13,False,False,37,190,72.0,202.31,True,False,False,True,review,
UNUL01019,UNU-KEY E-Waste Dataset v44,CC BY 4.0,train,17512,11934,000000188311_jpg.rf.71f0086eacc75298a6925b06491cbc6a.jpg,000000188311,39,Laptop,laptop_tablet,640,640,516,272,123.96,63.69,0.0192749326171875,True,0,4f660bd7b1150711ca36c3b4c7243a99,13,False,False,516,272,639.96,335.69,True,False,False,True,review,
UNUL01020,UNU-KEY E-Waste Dataset v44,CC BY 4.0,train,17513,11934,000000188311_jpg.rf.71f0086eacc75298a6925b06491cbc6a.jpg,000000188311,39,Laptop,laptop_tablet,640,640,120,181,43.07,8.79,0.0009242805175781249,True,0,4f660bd7b1150711ca36c3b4c7243a99,13,False,False,120,181,163.07,189.79,True,False,False,True,review,
UNUL01021,UNU-KEY E-Waste Dataset v44,CC BY 4.0,train,17514,11934,000000188311_jpg.rf.71f0086eacc75298a6925b06491cbc6a.jpg,000000188311,39,Laptop,laptop_tablet,640,640,199,180,13.8,7.55,0.0002543701171875,True,0,4f660bd7b1150711ca36c3b4c7243a99,13,False,False,199,180,212.8,187.55,True,False,False,True,review,
UNUL01022,UNU-KEY E-Waste Dataset v44,CC BY 4.0,train,17516,11934,000000188311_jpg.rf.71f0086eacc75298a6925b06491cbc6a.jpg,000000188311,39,Laptop,laptop_tablet,640,640,203,159,35.53,6.39,0.000554288818359375,True,0,4f660bd7b1150711ca36c3b4c7243a99,13,False,False,203,159,238.53,165.39,True,False,False,True,review,
UNUL01023,UNU-KEY E-Waste Dataset v44,CC BY 4.0,train,17537,11945,000000415694_jpg.rf.721501d2b740081f04296a94d816f12f.jpg,000000415694,39,Laptop,laptop_tablet,640,640,428,276,73.242,29.427,0.005261944174804688,True,0,c1d268b6e66dcfc5aa026a2026b52dfd,1,False,False,428,276,501.242,305.427,True,False,False,False,review,
UNUL01024,UNU-KEY E-Waste Dataset v44,CC BY 4.0,train,17543,11949,000000018658_jpg.rf.721348b017c4dca57253c1cf8b39d302.jpg,000000018658,39,Laptop,laptop_tablet,640,640,467,168,171.91,235.25,0.09873493041992187,True,0,792a4df76ebefb745328ed321beb8469,2,False,False,467,168,638.91,403.25,False,False,False,True,pending,
UNUL01025,UNU-KEY E-Waste Dataset v44,CC BY 4.0,train,17544,11949,000000018658_jpg.rf.721348b017c4dca57253c1cf8b39d302.jpg,000000018658,39,Laptop,laptop_tablet,640,640,492,472,148.11,87.94,0.031798812011718754,True,0,792a4df76ebefb745328ed321beb8469,2,False,False,492,472,640.11,559.94,False,True,False,True,pending,
UNUL01026,UNU-KEY E-Waste Dataset v44,CC BY 4.0,train,17549,11953,Copy-of-IMG_20200328_132156_jpg.rf.723c34bbdf2d1d03e94347368f344e3a.jpg,Copy-of-IMG_20200328_132156,39,Laptop,laptop_tablet,640,640,6,81,536.0,479.0,0.62681640625,False,0,6d8d818f19011da4f4dd67870b4e8f2f,1,False,False,6,81,542.0,560.0,False,False,False,False,pending,
UNUL01027,UNU-KEY E-Waste Dataset v44,CC BY 4.0,train,17561,11963,000000154230_jpg.rf.729b5d2e5fc5033757963856b8898597.jpg,000000154230,39,Laptop,laptop_tablet,640,640,153,329,294.83,76.22,0.05486314111328125,True,0,cdfa50073467df3ec31fd5f4f565539c,1,False,False,153,329,447.83,405.22,False,False,False,False,pending,
UNUL01028,UNU-KEY E-Waste Dataset v44,CC BY 4.0,train,17595,11995,000000426355_jpg.rf.72f6e92cb70a73d4638fea5b1bf1924b.jpg,000000426355,39,Laptop,laptop_tablet,640,640,410,97,217.89,93.84,0.049918939453125,True,0,bb80a5499c511dabafd23d7445e53388,1,False,False,410,97,627.89,190.84,False,True,False,False,pending,
UNUL01029,UNU-KEY E-Waste Dataset v44,CC BY 4.0,train,17606,12002,000000424532_jpg.rf.7336c6c89a907fc39513b5e28b230fa5.jpg,000000424532,39,Laptop,laptop_tablet,640,640,246,211,201.93,163.42,0.08056494287109375,True,0,1343841eb7a3d0336e931933ac61f5a6,1,False,False,246,211,447.93,374.41999999999996,False,False,False,False,pending,
UNUL01030,UNU-KEY E-Waste Dataset v44,CC BY 4.0,train,17639,12027,IMG_20200329_152649_jpg.rf.734a5c0840df99004924f88f5831a393.jpg,IMG_20200329_152649,39,Laptop,laptop_tablet,640,640,108,30,422.0,386.0,0.397685546875,False,0,888dafeb472b97358e0dc54b4415f2f7,1,True,True,108,30,530.0,416.0,False,False,False,False,review,
UNUL01031,UNU-KEY E-Waste Dataset v44,CC BY 4.0,train,17654,12040,000000246453_jpg.rf.73e892c605560ddc8e3f5d4457c607b3.jpg,000000246453,39,Laptop,laptop_tablet,640,640,266,304,160.36,128.58,0.050339572265625014,True,0,59d2ccf5ba6f869e8834efc38eb61391,1,False,False,266,304,426.36,432.58000000000004,False,False,False,False,pending,
UNUL01032,UNU-KEY E-Waste Dataset v44,CC BY 4.0,train,17703,12078,IMG_20200328_131230_jpg.rf.7487320bfe55f97f288da192a331e195.jpg,IMG_20200328_131230,39,Laptop,laptop_tablet,640,640,185,1,144.0,630.0,0.221484375,False,0,7fb3e7dad1053c860f98c2fd6d2ece67,1,False,False,185,1,329.0,631.0,False,False,False,False,pending,
UNUL01033,UNU-KEY E-Waste Dataset v44,CC BY 4.0,train,17704,12079,000000216837_jpg.rf.74b1feaa210b1d9c59819395dd7e5cf7.jpg,000000216837,39,Laptop,laptop_tablet,640,640,72,386,286.21,158.2,0.11054302246093747,True,0,b5f24e510cc2d5aadf33f48d93a9ebb6,1,False,False,72,386,358.21,544.2,False,False,False,False,pending,
UNUL01034,UNU-KEY E-Waste Dataset v44,CC BY 4.0,train,17721,12090,000000389667_jpg.rf.74fc83862f27e45233d0b2b1b5e1ece2.jpg,000000389667,39,Laptop,laptop_tablet,640,640,135,120,481.69,405.89,0.47732703637695306,True,0,e31ee8eea4ed7979821743e79c367ffe,1,False,False,135,120,616.69,525.89,False,False,False,False,pending,
UNUL01035,UNU-KEY E-Waste Dataset v44,CC BY 4.0,train,17726,12091,000000336310_jpg.rf.7545fefe46d13575cfeaa175fad77a1a.jpg,000000336310,39,Laptop,laptop_tablet,640,640,10,269,351.17,260.01,0.22291921801757814,True,0,27fe2e6dbc0c65cf05b71139dff7362f,1,False,False,10,269,361.17,529.01,False,False,False,False,pending,
UNUL01036,UNU-KEY E-Waste Dataset v44,CC BY 4.0,train,17784,12143,000000456658_jpg.rf.75bf1fd4675d859778ac41ace7930e45.jpg,000000456658,39,Laptop,laptop_tablet,640,640,20,288,175.82,146.7,0.0629706884765625,True,0,268013fbac05becbe0473817040da8e7,2,False,False,20,288,195.82,434.7,False,False,False,True,pending,
UNUL01037,UNU-KEY E-Waste Dataset v44,CC BY 4.0,train,17785,12143,000000456658_jpg.rf.75bf1fd4675d859778ac41ace7930e45.jpg,000000456658,39,Laptop,laptop_tablet,640,640,176,303,106.27,82.57,0.021422641357421873,True,0,268013fbac05becbe0473817040da8e7,2,False,False,176,303,282.27,385.57,False,True,False,True,pending,
UNUL01038,UNU-KEY E-Waste Dataset v44,CC BY 4.0,train,17795,12144,000000295317_jpg.rf.75c6ac4350832700576c0180087486d1.jpg,000000295317,39,Laptop,laptop_tablet,640,640,194,256,182.29,157.48,0.0700855205078125,True,0,ad465e80ffd3a4ce66a2890d50235318,1,False,False,194,256,376.28999999999996,413.48,False,False,False,False,pending,
UNUL01039,UNU-KEY E-Waste Dataset v44,CC BY 4.0,train,17813,12161,000000122235_jpg.rf.763e968337b882fc5278d7a5e149c021.jpg,000000122235,39,Laptop,laptop_tablet,640,640,114,140,526.336,420.314,0.54010349,True,0,ba5b6bd9a9b14aaf7f6ee1156b23c213,1,False,False,114,140,640.336,560.3140000000001,False,False,False,False,pending,
UNUL01040,UNU-KEY E-Waste Dataset v44,CC BY 4.0,train,17816,12164,000000215227_jpg.rf.766c4f3b97299d6301f662b46cd05c7f.jpg,000000215227,39,Laptop,laptop_tablet,640,640,182,396,64.32,53.02,0.008325796875,True,0,02b50f94b46a2554e7cba6a3c2fdb568,1,False,False,182,396,246.32,449.02,True,False,False,False,review,
UNUL01041,UNU-KEY E-Waste Dataset v44,CC BY 4.0,train,17820,12168,264_jpeg.rf.769674b995172820ecc54543ef893101.jpg,264,39,Laptop,laptop_tablet,640,640,36,85,591.0,475.0,0.68536376953125,False,0,72d82d5320752b7cf4f7c88fc7505f9f,1,False,False,36,85,627.0,560.0,False,False,False,False,pending,
UNUL01042,UNU-KEY E-Waste Dataset v44,CC BY 4.0,train,17832,12176,000000176174_jpg.rf.7693780a574c7fe54fa1af9daf6b676e.jpg,000000176174,39,Laptop,laptop_tablet,640,640,0,285,23.18,28.0,0.0015845703124999998,True,0,80f7ba5ae68439d66598ff0592f27e92,1,False,False,0,285,23.18,313.0,True,False,False,False,review,
UNUL01043,UNU-KEY E-Waste Dataset v44,CC BY 4.0,train,17853,12190,000000431009_jpg.rf.76fb3cd537abcfe4503389e42174fa7d.jpg,000000431009,39,Laptop,laptop_tablet,640,640,269,359,291.469,267.776,0.19054785875,True,0,c696b9301871bb72782bc097bf5e9565,1,False,False,269,359,560.469,626.7760000000001,False,False,False,False,pending,
UNUL01044,UNU-KEY E-Waste Dataset v44,CC BY 4.0,train,17861,12192,000000445175_jpg.rf.772623c1f5fc278eb865665668934b02.jpg,000000445175,39,Laptop,laptop_tablet,640,640,337,286,227.64,192.91,0.10721199316406249,True,0,ccea55f2726555c3af2b33b7afbc4eb7,2,False,False,337,286,564.64,478.90999999999997,False,False,False,True,pending,
UNUL01045,UNU-KEY E-Waste Dataset v44,CC BY 4.0,train,17862,12192,000000445175_jpg.rf.772623c1f5fc278eb865665668934b02.jpg,000000445175,39,Laptop,laptop_tablet,640,640,177,271,143.46,118.65,0.04155646728515625,True,0,ccea55f2726555c3af2b33b7afbc4eb7,2,False,False,177,271,320.46000000000004,389.65,False,True,False,True,pending,
UNUL01046,UNU-KEY E-Waste Dataset v44,CC BY 4.0,train,17869,12194,000000393692_jpg.rf.772153318176f0edcb19515cca11f7d8.jpg,000000393692,39,Laptop,laptop_tablet,640,640,157,176,255.62,286.12,0.17855955664062498,True,0,c803b7d31a00270c683b2cf72f1fe088,1,False,False,157,176,412.62,462.12,False,False,False,False,pending,
UNUL01047,UNU-KEY E-Waste Dataset v44,CC BY 4.0,train,17902,12217,000000012943_jpg.rf.776c3c0e8df9ecb260a2227f97648f29.jpg,000000012943,39,Laptop,laptop_tablet,640,640,254,230,179.44,93.08,0.0407770390625,True,0,b6b39aba67977f5a28ce1a4ab07e7074,1,False,False,254,230,433.44,323.08,False,True,False,False,pending,
UNUL01048,UNU-KEY E-Waste Dataset v44,CC BY 4.0,train,17904,12219,000000375093_jpg.rf.778af4ab731a2a4561d86f4a5e9875f4.jpg,000000375093,39,Laptop,laptop_tablet,640,640,336,140,136.26,100.76,0.033519427734375,True,0,f6637e746f9fc8f77308cec65d95c19c,2,False,False,336,140,472.26,240.76,False,True,False,True,pending,
UNUL01049,UNU-KEY E-Waste Dataset v44,CC BY 4.0,train,17905,12219,000000375093_jpg.rf.778af4ab731a2a4561d86f4a5e9875f4.jpg,000000375093,39,Laptop,laptop_tablet,640,640,198,144,122.82,102.67,0.030785960449218747,True,0,f6637e746f9fc8f77308cec65d95c19c,2,False,False,198,144,320.82,246.67000000000002,False,True,False,True,pending,
UNUL01050,UNU-KEY E-Waste Dataset v44,CC BY 4.0,train,17912,12223,000000410256_jpg.rf.77b1105d371c0e3f920631f41d83e015.jpg,000000410256,39,Laptop,laptop_tablet,640,640,153,198,258.32,278.97,0.175936353515625,True,0,68a0ac9332353884e281cf6700dc3917,1,False,False,153,198,411.32,476.97,False,False,False,False,pending,
UNUL01051,UNU-KEY E-Waste Dataset v44,CC BY 4.0,train,17938,12243,000000413058_jpg.rf.77f0e11693cfb6787b44c31f99e3538e.jpg,000000413058,39,Laptop,laptop_tablet,640,640,3,199,290.81,322.16,0.228728880859375,True,0,d73c9c615bc3920195553c71660ce002,2,False,False,3,199,293.81,521.1600000000001,False,False,False,True,pending,
UNUL01052,UNU-KEY E-Waste Dataset v44,CC BY 4.0,train,17939,12243,000000413058_jpg.rf.77f0e11693cfb6787b44c31f99e3538e.jpg,000000413058,39,Laptop,laptop_tablet,640,640,285,165,330.74,345.77,0.27919914501953125,True,0,d73c9c615bc3920195553c71660ce002,2,False,False,285,165,615.74,510.77,False,False,False,True,pending,
UNUL01053,UNU-KEY E-Waste Dataset v44,CC BY 4.0,train,17958,12258,000000341060_jpg.rf.77faf9d5d68f92fc5a1f4d10888c0a08.jpg,000000341060,39,Laptop,laptop_tablet,640,640,136,165,393.45,322.61,0.3098899035644531,True,0,821410a9e4ea446a520fa0e805e082dc,1,False,False,136,165,529.45,487.61,False,False,False,False,pending,
UNUL01054,UNU-KEY E-Waste Dataset v44,CC BY 4.0,train,17968,12266,Laptops-Toshiba_jpg.rf.7854a1bd19e092297bab353470698bc3.jpg,Laptops-Toshiba,39,Laptop,laptop_tablet,640,640,19,86,602.0,459.0,0.6746044921875,False,0,d1d8e25e2716e3c3ee874275e1436126,1,False,False,19,86,621.0,545.0,False,False,False,False,pending,
UNUL01055,UNU-KEY E-Waste Dataset v44,CC BY 4.0,train,17981,12277,000000442197_jpg.rf.78772d9e198be19cc7ddf801ecc9508d.jpg,000000442197,39,Laptop,laptop_tablet,640,640,191,294,174.733,179.059,0.07638553771240235,True,0,bb3652df8f0bc725ff7d50c4885cb4b2,1,False,False,191,294,365.733,473.05899999999997,False,False,False,False,pending,
UNUL01056,UNU-KEY E-Waste Dataset v44,CC BY 4.0,train,17989,12281,IMG_20200329_142653_jpg.rf.78aebba3d5647d023c47aa9642bd8941.jpg,IMG_20200329_142653,39,Laptop,laptop_tablet,640,640,6,87,375.0,462.0,0.4229736328125,False,0,ad8fbd457d5e9229821c543be2b11417,2,False,False,6,87,381.0,549.0,False,False,False,True,pending,
UNUL01057,UNU-KEY E-Waste Dataset v44,CC BY 4.0,train,17990,12281,IMG_20200329_142653_jpg.rf.78aebba3d5647d023c47aa9642bd8941.jpg,IMG_20200329_142653,39,Laptop,laptop_tablet,640,640,341,158,260.0,304.0,0.19296875,False,0,ad8fbd457d5e9229821c543be2b11417,2,False,False,341,158,601.0,462.0,False,False,False,True,pending,
UNUL01058,UNU-KEY E-Waste Dataset v44,CC BY 4.0,train,17991,12282,154_jpg.rf.78a27df3d88fae2f71beb233040f450d.jpg,154,39,Laptop,laptop_tablet,640,640,1,171,481.0,303.0,0.35581787109375,False,0,85783878696dfb36c4c6c058bcdaf80f,1,False,False,1,171,482.0,474.0,False,False,False,False,pending,
UNUL01059,UNU-KEY E-Waste Dataset v44,CC BY 4.0,train,17999,12289,000000137301_jpg.rf.78c9329576e341011cf9cf83a1c5eb62.jpg,000000137301,39,Laptop,laptop_tablet,640,640,221,189,156.73,103.5,0.039603405761718745,True,0,80d245c4f0e9f3a04adec4c1589ae9db,1,False,False,221,189,377.73,292.5,False,True,False,False,pending,
UNUL01060,UNU-KEY E-Waste Dataset v44,CC BY 4.0,train,18019,12304,000000184903_jpg.rf.78e1dd279faecaa04be1c42c5349155a.jpg,000000184903,39,Laptop,laptop_tablet,640,640,400,120,97.89,75.05,0.017936143798828123,True,0,c0738c06ff573dcbebde3358207fd293,1,False,False,400,120,497.89,195.05,True,False,False,False,review,
UNUL01061,UNU-KEY E-Waste Dataset v44,CC BY 4.0,train,18025,12308,IMG-20200328-WA0027_jpg.rf.786f66afa9bd7b0d19a7c4ec851caf6a.jpg,IMG-20200328-WA0027,39,Laptop,laptop_tablet,640,640,1,84,639.0,475.0,0.74102783203125,False,0,c897d4bc4dd1e957ad2cfa04ab3e885d,1,False,False,1,84,640.0,559.0,False,False,False,False,pending,
UNUL01062,UNU-KEY E-Waste Dataset v44,CC BY 4.0,train,18029,12312,000000187939_jpg.rf.791b9d4c2d127539bc0f9ab4e696cc1b.jpg,000000187939,39,Laptop,laptop_tablet,640,640,0,109,496.22,443.24,0.536974005859375,True,0,e2fc1f2b409c6090ec4a3deee93906a9,2,False,False,0,109,496.22,552.24,False,False,False,True,pending,
UNUL01063,UNU-KEY E-Waste Dataset v44,CC BY 4.0,train,18030,12312,000000187939_jpg.rf.791b9d4c2d127539bc0f9ab4e696cc1b.jpg,000000187939,39,Laptop,laptop_tablet,640,640,222,81,417.8,369.98,0.377386826171875,True,0,e2fc1f2b409c6090ec4a3deee93906a9,2,False,False,222,81,639.8,450.98,False,False,False,True,pending,
UNUL01064,UNU-KEY E-Waste Dataset v44,CC BY 4.0,train,18037,12317,000000536403_jpg.rf.791ca88bf34e7fe84d7cc7bca59f3020.jpg,000000536403,39,Laptop,laptop_tablet,640,640,57,82,433.62,156.4,0.16557169921875,True,0,83aaec23a33a33e210ef82c65430167a,1,False,False,57,82,490.62,238.4,False,False,False,False,pending,
UNUL01065,UNU-KEY E-Waste Dataset v44,CC BY 4.0,train,18063,12333,000000364738_jpg.rf.79543a0a871e10f877816479ea3c8c21.jpg,000000364738,39,Laptop,laptop_tablet,640,640,136,346,195.87,207.71,0.09932655688476563,True,0,3fc832d542ab4aec5b368a49286aee6b,1,False,False,136,346,331.87,553.71,False,False,False,False,pending,
UNUL01066,UNU-KEY E-Waste Dataset v44,CC BY 4.0,train,18086,12352,000000322866_jpg.rf.79a09ad85f7c5bb05392f034e3a78395.jpg,000000322866,39,Laptop,laptop_tablet,640,640,214,361,242.61,144.37,0.08551173266601562,True,0,214f6a5a1afe3a1a5e1d8a00c8b86103,1,False,False,214,361,456.61,505.37,False,False,False,False,pending,
UNUL01067,UNU-KEY E-Waste Dataset v44,CC BY 4.0,train,18107,12370,000000029891_jpg.rf.7a42b7de5393d4736a9d750249f295b0.jpg,000000029891,39,Laptop,laptop_tablet,640,640,77,291,316.05,252.4,0.194753466796875,True,0,4505a2080f8c6c95695a85bdb44e4f83,1,False,False,77,291,393.05,543.4,False,False,False,False,pending,
UNUL01068,UNU-KEY E-Waste Dataset v44,CC BY 4.0,train,18113,12374,000000536514_jpg.rf.7a3de74f5b48ef4a6375d829533daa1c.jpg,000000536514,39,Laptop,laptop_tablet,640,640,77,318,130.54,113.27,0.036099281738281246,True,0,a9c0d9177612f79174114605f12ab5db,2,False,False,77,318,207.54,431.27,False,True,False,True,pending,
UNUL01069,UNU-KEY E-Waste Dataset v44,CC BY 4.0,train,18114,12374,000000536514_jpg.rf.7a3de74f5b48ef4a6375d829533daa1c.jpg,000000536514,39,Laptop,laptop_tablet,640,640,0,292,81.73,104.71,0.020893428466796874,True,0,a9c0d9177612f79174114605f12ab5db,2,False,False,0,292,81.73,396.71,False,True,False,True,pending,
UNUL01070,UNU-KEY E-Waste Dataset v44,CC BY 4.0,train,18132,12382,000000547504_jpg.rf.7a45033c989b555a246cbbf97b394031.jpg,000000547504,39,Laptop,laptop_tablet,640,640,103,223,147.86,91.69,0.03309883642578125,True,0,fd44c7ef2fd9541604d16bf8e90903b9,1,False,False,103,223,250.86,314.69,False,True,False,False,pending,
UNUL01071,UNU-KEY E-Waste Dataset v44,CC BY 4.0,train,18157,12403,000000174567_jpg.rf.7ab66b7330765b83a7cee726de64d9f1.jpg,000000174567,39,Laptop,laptop_tablet,640,640,423,174,216.96,229.89,0.121769859375,True,0,53c6da6fcb0d614ad0d7917c0ee89598,3,False,False,423,174,639.96,403.89,False,False,False,True,pending,
UNUL01072,UNU-KEY E-Waste Dataset v44,CC BY 4.0,train,18158,12403,000000174567_jpg.rf.7ab66b7330765b83a7cee726de64d9f1.jpg,000000174567,39,Laptop,laptop_tablet,640,640,3,190,233.98,206.3,0.1178468603515625,True,0,53c6da6fcb0d614ad0d7917c0ee89598,3,False,False,3,190,236.98,396.3,False,False,False,True,pending,
UNUL01073,UNU-KEY E-Waste Dataset v44,CC BY 4.0,train,18159,12403,000000174567_jpg.rf.7ab66b7330765b83a7cee726de64d9f1.jpg,000000174567,39,Laptop,laptop_tablet,640,640,237,222,199.61,164.27,0.08005355151367188,True,0,53c6da6fcb0d614ad0d7917c0ee89598,3,False,False,237,222,436.61,386.27,False,False,False,True,pending,
UNUL01074,UNU-KEY E-Waste Dataset v44,CC BY 4.0,train,18168,12412,000000499364_jpg.rf.7ad7cebd4ff70bd0cc565bb9cfcb51bf.jpg,000000499364,39,Laptop,laptop_tablet,640,640,353,172,226.522,216.806,0.11990070491210938,True,0,644ff1f32536092a2e3aa7fdde73feba,2,False,False,353,172,579.5219999999999,388.80600000000004,False,False,False,True,pending,
UNUL01075,UNU-KEY E-Waste Dataset v44,CC BY 4.0,train,18169,12412,000000499364_jpg.rf.7ad7cebd4ff70bd0cc565bb9cfcb51bf.jpg,000000499364,39,Laptop,laptop_tablet,640,640,0,133,262.118,303.104,0.19396732,True,0,644ff1f32536092a2e3aa7fdde73feba,2,False,False,0,133,262.118,436.104,False,False,False,True,pending,
UNUL01076,UNU-KEY E-Waste Dataset v44,CC BY 4.0,train,18185,12420,000000117530_jpg.rf.7b1008eb46f533ad2e9238defe5bf696.jpg,000000117530,39,Laptop,laptop_tablet,640,640,96,357,154.34,118.24,0.0445536171875,True,0,a5abbad82673fc6f3918016d3ce29fbb,1,False,False,96,357,250.34,475.24,False,True,False,False,pending,
UNUL01077,UNU-KEY E-Waste Dataset v44,CC BY 4.0,train,18193,12425,000000376131_jpg.rf.7b201c66bc82c312839edfe5f7da2d70.jpg,000000376131,39,Laptop,laptop_tablet,640,640,1,267,353.8,286.92,0.24783275390625,True,0,a060a3bdda00d948814c66a3ecc6df14,1,False,False,1,267,354.8,553.9200000000001,False,False,False,False,pending,
UNUL01078,UNU-KEY E-Waste Dataset v44,CC BY 4.0,train,18223,12449,000000008785_jpg.rf.7b8551502023e9b61e2faf3c3a8d621a.jpg,000000008785,39,Laptop,laptop_tablet,640,640,180,308,90.88,111.72,0.024787874999999997,True,0,5211557422d2e566fb8dd944173cad32,1,False,False,180,308,270.88,419.72,False,True,False,False,pending,
UNUL01079,UNU-KEY E-Waste Dataset v44,CC BY 4.0,train,18234,12457,000000232661_jpg.rf.7bd848bf68c15306b26c630b5837d252.jpg,000000232661,39,Laptop,laptop_tablet,640,640,91,305,180.493,166.579,0.07340415880615234,True,0,d17ed931414aa034f52a098f6b915f62,1,False,False,91,305,271.493,471.579,False,False,False,False,pending,
UNUL01080,UNU-KEY E-Waste Dataset v44,CC BY 4.0,train,18269,12482,000000548423_jpg.rf.7c4a7751581ccfc69f78d5a5affc4e67.jpg,000000548423,39,Laptop,laptop_tablet,640,640,236,292,158.57,125.13,0.04844205102539062,True,0,cf36a0540e83e5a1028f6f0af0f7a903,2,False,False,236,292,394.57,417.13,False,True,False,True,pending,
UNUL01081,UNU-KEY E-Waste Dataset v44,CC BY 4.0,train,18271,12482,000000548423_jpg.rf.7c4a7751581ccfc69f78d5a5affc4e67.jpg,000000548423,39,Laptop,laptop_tablet,640,640,470,342,122.96,67.35,0.020218154296875,True,0,cf36a0540e83e5a1028f6f0af0f7a903,2,False,False,470,342,592.96,409.35,False,True,False,True,pending,
UNUL01082,UNU-KEY E-Waste Dataset v44,CC BY 4.0,train,18274,12484,000000549714_jpg.rf.7c29785cc736353e0ec7c8963ef517c1.jpg,000000549714,39,Laptop,laptop_tablet,640,640,432,243,100.56,65.79,0.016151958984375003,True,0,aae52d969d174fc66cd55fe48d35d8d6,1,False,False,432,243,532.56,308.79,True,False,False,False,review,
UNUL01083,UNU-KEY E-Waste Dataset v44,CC BY 4.0,train,18282,12491,IMG_20200329_142525_jpg.rf.7c4c01984ca2fae6a5c70b550f856e03.jpg,IMG_20200329_142525,39,Laptop,laptop_tablet,640,640,0,153,314.0,173.0,0.1326220703125,False,0,9856f2fa05350fd6d7bfcd5bf49eff92,2,False,False,0,153,314.0,326.0,False,False,False,True,pending,
UNUL01084,UNU-KEY E-Waste Dataset v44,CC BY 4.0,train,18283,12491,IMG_20200329_142525_jpg.rf.7c4c01984ca2fae6a5c70b550f856e03.jpg,IMG_20200329_142525,39,Laptop,laptop_tablet,640,640,287,167,353.0,209.0,0.18011962890625,False,0,9856f2fa05350fd6d7bfcd5bf49eff92,2,False,False,287,167,640.0,376.0,False,False,False,True,pending,
UNUL01085,UNU-KEY E-Waste Dataset v44,CC BY 4.0,train,18284,12492,000000400060_jpg.rf.7caf662f67aa4a4512b0d0a7d02d0fa1.jpg,000000400060,39,Laptop,laptop_tablet,640,640,331,140,309.03,252.4,0.19042766601562497,True,0,55c8d68d0c327e0c31f34d370ed020e1,1,False,False,331,140,640.03,392.4,False,False,False,False,pending,
UNUL01086,UNU-KEY E-Waste Dataset v44,CC BY 4.0,train,18320,12510,000000481125_jpg.rf.7cd7526fd929f33f1908fdb2f7be5ec3.jpg,000000481125,39,Laptop,laptop_tablet,640,640,174,207,100.97,84.62,0.02085957373046875,True,0,9eddcea02e2855a5f201136eb8f90aa4,1,False,False,174,207,274.97,291.62,False,True,False,False,pending,
UNUL01087,UNU-KEY E-Waste Dataset v44,CC BY 4.0,train,18327,12515,000000226211_jpg.rf.7cf1b192ac401951a3020d7e9069cbb2.jpg,000000226211,39,Laptop,laptop_tablet,640,640,6,81,426.867,430.31,0.4484500458251954,True,0,00824a4f834645f21e4d331930ed68d2,1,False,False,6,81,432.867,511.31,False,False,False,False,pending,
UNUL01088,UNU-KEY E-Waste Dataset v44,CC BY 4.0,train,18408,12543,000000240527_jpg.rf.7d7b113d3c795b80913bee5da3ce881e.jpg,000000240527,39,Laptop,laptop_tablet,640,640,291,163,334.76,319.98,0.261514904296875,True,0,64476794b977e91d2f448b4ab8807b90,2,False,False,291,163,625.76,482.98,False,False,False,True,pending,
UNUL01089,UNU-KEY E-Waste Dataset v44,CC BY 4.0,train,18409,12543,000000240527_jpg.rf.7d7b113d3c795b80913bee5da3ce881e.jpg,000000240527,39,Laptop,laptop_tablet,640,640,54,209,222.09,208.8,0.11321384765625,True,0,64476794b977e91d2f448b4ab8807b90,2,False,False,54,209,276.09000000000003,417.8,False,False,False,True,pending,
UNUL01090,UNU-KEY E-Waste Dataset v44,CC BY 4.0,train,18451,12576,000000014306_jpg.rf.7e565ca84bd042ce3a677ad9a033554b.jpg,000000014306,39,Laptop,laptop_tablet,640,640,245,281,110.05,102.97,0.027665645751953124,True,0,aa1ab2ecaff6f161d5d3f96fb4541c38,1,False,False,245,281,355.05,383.97,False,True,False,False,pending,
UNUL01091,UNU-KEY E-Waste Dataset v44,CC BY 4.0,train,18471,12584,214_jpeg_jpg.rf.7e1b6cff28b628f7c1b20ea184984b62.jpg,214_jpeg,39,Laptop,laptop_tablet,640,640,156,1,321.0,639.0,0.50077880859375,False,0,22f9fad34ef10e4fd4e4242b348cf494,2,False,False,156,1,477.0,640.0,False,False,False,True,pending,
UNUL01092,UNU-KEY E-Waste Dataset v44,CC BY 4.0,train,18472,12584,214_jpeg_jpg.rf.7e1b6cff28b628f7c1b20ea184984b62.jpg,214_jpeg,39,Laptop,laptop_tablet,640,640,3,112,130.0,114.0,0.036181640625,False,0,22f9fad34ef10e4fd4e4242b348cf494,2,False,False,3,112,133.0,226.0,False,True,False,True,pending,
UNUL01093,UNU-KEY E-Waste Dataset v44,CC BY 4.0,train,18473,12585,000000551031_jpg.rf.7e97d233d825031d00d60fe29aa8bfa8.jpg,000000551031,39,Laptop,laptop_tablet,640,640,395,183,244.55,191.8,0.11451340332031251,True,0,deef9db76c83b0384907cab1cdba8876,1,False,False,395,183,639.55,374.8,False,False,False,False,pending,
UNUL01094,UNU-KEY E-Waste Dataset v44,CC BY 4.0,train,18482,12587,000000197805_jpg.rf.7e614a788e0b06d3555a18f5cc5ff472.jpg,000000197805,39,Laptop,laptop_tablet,640,640,399,81,203.238,188.109,0.09333715073730468,True,0,a84fcc3f7f861034ed6519b2fca5e1fd,1,False,False,399,81,602.238,269.10900000000004,False,False,False,False,pending,
UNUL01095,UNU-KEY E-Waste Dataset v44,CC BY 4.0,train,18511,12612,000000412853_jpg.rf.7f05a45a79aa2b69bda196e487b586b4.jpg,000000412853,39,Laptop,laptop_tablet,640,640,402,276,48.115,27.034,0.0031756369873046876,True,0,4fcbe634813d57a3c9691ef434619b42,1,False,False,402,276,450.115,303.034,True,False,False,False,review,
UNUL01096,UNU-KEY E-Waste Dataset v44,CC BY 4.0,train,18527,12622,00d219b234e72fb9_jpg.rf.7f1c8dc5578636341b8d0d23c1ea1363.jpg,00d219b234e72fb9,39,Laptop,laptop_tablet,640,640,0,377,234.0,117.0,0.0668408203125,False,0,1fd673ba193e34a8bbe566f987e0c584,1,False,False,0,377,234.0,494.0,False,False,False,False,pending,
UNUL01097,UNU-KEY E-Waste Dataset v44,CC BY 4.0,train,18539,12630,000000102947_jpg.rf.7f33dfa09d424905ecc6968aa2ac26f2.jpg,000000102947,39,Laptop,laptop_tablet,640,640,378,365,25.65,16.42,0.00102825439453125,True,0,48ae3e73b6ea61e9f33edcd87b86be9d,1,False,False,378,365,403.65,381.42,True,False,False,False,review,
UNUL01098,UNU-KEY E-Waste Dataset v44,CC BY 4.0,train,18619,12694,000000141278_jpg.rf.805321c006f962660967db689d5abadd.jpg,000000141278,39,Laptop,laptop_tablet,640,640,322,213,110.272,87.04,0.023432800000000004,True,0,39a6f887ebf96587b70cdbbc4e23bbbc,1,False,False,322,213,432.272,300.04,False,True,False,False,pending,
UNUL01099,UNU-KEY E-Waste Dataset v44,CC BY 4.0,train,18639,12708,000000318174_jpg.rf.8094152b64b4b2984a5827e72a9ea28f.jpg,000000318174,39,Laptop,laptop_tablet,640,640,114,118,317.73,308.17,0.23904993676757816,True,0,462c6a322985d753991a51938abab1b5,1,False,False,114,118,431.73,426.17,False,False,False,False,pending,
UNUL01100,UNU-KEY E-Waste Dataset v44,CC BY 4.0,train,18658,12727,IMG_20200329_152734_jpg.rf.80f4e0d81f88399b50c1cb5711072640.jpg,IMG_20200329_152734,39,Laptop,laptop_tablet,640,640,139,107,358.0,180.0,0.15732421875,False,0,4a278a088b45b48cbb6fa844302e234a,1,True,True,139,107,497.0,287.0,False,False,False,False,review,
UNUL01101,UNU-KEY E-Waste Dataset v44,CC BY 4.0,train,18735,12791,000000237054_jpg.rf.824ee4cba21c3b87357e16b25f7a41bb.jpg,000000237054,39,Laptop,laptop_tablet,640,640,57,336,187.44,85.82,0.03927270703124999,True,0,661c0f80940094ceb9eb41a070652511,1,False,False,57,336,244.44,421.82,False,True,False,False,pending,
UNUL01102,UNU-KEY E-Waste Dataset v44,CC BY 4.0,train,18756,12807,000000286368_jpg.rf.8282992b3413a60bcf931412275141e4.jpg,000000286368,39,Laptop,laptop_tablet,640,640,81,272,409.89,368.18,0.36844067431640626,True,0,336aa7d95b5583c6da0f1a0d4402af2d,1,False,False,81,272,490.89,640.1800000000001,False,False,False,False,pending,
UNUL01103,UNU-KEY E-Waste Dataset v44,CC BY 4.0,train,18761,12811,000000261453_jpg.rf.82a2642c819d2b2f5af60b8c5579012d.jpg,000000261453,39,Laptop,laptop_tablet,640,640,0,259,178.65,269.13,0.11738299438476563,True,0,87e80fec217045acb5996946f3e24a22,1,False,False,0,259,178.65,528.13,False,False,False,False,pending,
UNUL01104,UNU-KEY E-Waste Dataset v44,CC BY 4.0,train,18834,12845,000000066001_jpg.rf.835d599acb6226c76ab4a9fe2d08db6b.jpg,000000066001,39,Laptop,laptop_tablet,640,640,251,290,182.99,157.48,0.07035465136718749,True,0,a4cf063545fce9888e8cb3f2a78a030d,1,False,False,251,290,433.99,447.48,False,False,False,False,pending,
UNUL01105,UNU-KEY E-Waste Dataset v44,CC BY 4.0,train,18845,12852,000000008999_jpg.rf.83227656600a9ad3cfa2308d998b6185.jpg,000000008999,39,Laptop,laptop_tablet,640,640,3,135,629.81,391.6,0.602132802734375,True,0,7eacda724b785084b30837148fd97218,1,False,False,3,135,632.81,526.6,False,False,False,False,pending,
UNUL01106,UNU-KEY E-Waste Dataset v44,CC BY 4.0,train,18864,12868,000000178192_jpg.rf.83faac1cf2de695b82b1af4908578645.jpg,000000178192,39,Laptop,laptop_tablet,640,640,212,264,178.78,144.11,0.06290035595703125,True,0,9549bd0485cbf4137b0046fad4630eb5,2,False,False,212,264,390.78,408.11,False,False,False,True,pending,
UNUL01107,UNU-KEY E-Waste Dataset v44,CC BY 4.0,train,18865,12868,000000178192_jpg.rf.83faac1cf2de695b82b1af4908578645.jpg,000000178192,39,Laptop,laptop_tablet,640,640,17,324,232.0,191.02,0.108194921875,True,0,9549bd0485cbf4137b0046fad4630eb5,2,False,False,17,324,249.0,515.02,False,False,False,True,pending,
UNUL01108,UNU-KEY E-Waste Dataset v44,CC BY 4.0,train,18892,12887,000000196611_jpg.rf.8408e4e9e6d0b52e58a85f68445120bb.jpg,000000196611,39,Laptop,laptop_tablet,640,640,405,287,116.82,104.24,0.029729777343749996,True,0,eea31d7c9a65a9a789aecc3a6298a632,1,False,False,405,287,521.8199999999999,391.24,False,True,False,False,pending,
UNUL01109,UNU-KEY E-Waste Dataset v44,CC BY 4.0,train,18921,12908,000000429735_jpg.rf.84ada4ce714751ebfb024309c569d7e1.jpg,000000429735,39,Laptop,laptop_tablet,640,640,350,409,113.93,65.69,0.018271635009765627,True,0,558b6372360f30b078fc3310a7a706c6,1,False,False,350,409,463.93,474.69,True,False,False,False,review,
UNUL01110,UNU-KEY E-Waste Dataset v44,CC BY 4.0,train,18939,12924,000000553505_jpg.rf.84c18ebe1cb10c548bfb37e6694ed4c5.jpg,000000553505,39,Laptop,laptop_tablet,640,640,198,282,278.27,209.18,0.14211064111328123,True,0,a3c4af5ce4a2225103cbc9692485072b,1,False,False,198,282,476.27,491.18,False,False,False,False,pending,
UNUL01111,UNU-KEY E-Waste Dataset v44,CC BY 4.0,train,18944,12928,000000009712_jpg.rf.84e974acf5b4bb366215fa0242b2285f.jpg,000000009712,39,Laptop,laptop_tablet,640,640,202,80,437.93,474.61,0.5074364191894531,True,0,60fdb02c1ab7928c3f9edf17e2dc46a2,1,False,False,202,80,639.9300000000001,554.61,False,False,False,False,pending,
UNUL01112,UNU-KEY E-Waste Dataset v44,CC BY 4.0,train,18958,12940,000000556775_jpg.rf.84cf3adc9a65843f8d291726ba976cee.jpg,000000556775,39,Laptop,laptop_tablet,640,640,373,284,120.42,77.56,0.022802185546875,True,0,20517194ce3a9789e6ab65e12bba255b,1,False,False,373,284,493.42,361.56,False,True,False,False,pending,
UNUL01113,UNU-KEY E-Waste Dataset v44,CC BY 4.0,train,18959,12941,Lenovo-Laptop-81W6_jpg.rf.84cf1388ee6788478714a4a2748b7218.jpg,Lenovo-Laptop-81W6,39,Laptop,laptop_tablet,640,640,51,156,550.0,392.0,0.5263671875,False,0,4033e5b1891960c10c8b7588b57dfb0a,1,False,False,51,156,601.0,548.0,False,False,False,False,pending,
UNUL01114,UNU-KEY E-Waste Dataset v44,CC BY 4.0,train,18972,12954,166_jpeg.rf.85365505e4cef5eb58090edaa73a4cbb.jpg,166,39,Laptop,laptop_tablet,640,640,142,154,358.0,449.0,0.3924365234375,False,0,f32ba966aa9eeb259d1343d346f4f773,1,False,False,142,154,500.0,603.0,False,False,False,False,pending,
UNUL01115,UNU-KEY E-Waste Dataset v44,CC BY 4.0,train,18976,12958,IMG_20200329_142649_jpg.rf.852a386cdcaeaef4dc8d25c6b9b71a8d.jpg,IMG_20200329_142649,39,Laptop,laptop_tablet,640,640,0,103,326.0,377.0,0.3000537109375,False,0,0cbf778f40ffc3044e9197d9e2fe8af3,2,False,False,0,103,326.0,480.0,False,False,False,True,pending,
UNUL01116,UNU-KEY E-Waste Dataset v44,CC BY 4.0,train,18977,12958,IMG_20200329_142649_jpg.rf.852a386cdcaeaef4dc8d25c6b9b71a8d.jpg,IMG_20200329_142649,39,Laptop,laptop_tablet,640,640,339,121,297.0,337.0,0.24435791015625,False,0,0cbf778f40ffc3044e9197d9e2fe8af3,2,False,False,339,121,636.0,458.0,False,False,False,True,pending,
UNUL01117,UNU-KEY E-Waste Dataset v44,CC BY 4.0,train,18981,12961,000000238286_jpg.rf.8559dd2b1d7a569d42bf05ec55c20738.jpg,000000238286,39,Laptop,laptop_tablet,640,640,79,203,435.78,351.64,0.37411542773437495,True,0,156e76f2d9fcb879e130b23bfef86a57,1,False,False,79,203,514.78,554.64,False,False,False,False,pending,
UNUL01118,UNU-KEY E-Waste Dataset v44,CC BY 4.0,train,19037,13010,000000247130_jpg.rf.8628077ac88cfcd3df60c76f3a3cdba3.jpg,000000247130,39,Laptop,laptop_tablet,640,640,1,373,264.27,180.14,0.11622460400390625,True,0,fe9c41642f94d64fa785a79c9ba31ea5,1,False,False,1,373,265.27,553.14,False,False,False,False,pending,
UNUL01119,UNU-KEY E-Waste Dataset v44,CC BY 4.0,train,19049,13015,000000302289_jpg.rf.8654a2c52e4eacbd7f3460d986ab7aed.jpg,000000302289,39,Laptop,laptop_tablet,640,640,31,300,267.3,226.26,0.14765453613281251,True,0,9dbab528332f6644cb89f36e9f03d0b0,2,False,False,31,300,298.3,526.26,False,False,False,True,pending,
UNUL01120,UNU-KEY E-Waste Dataset v44,CC BY 4.0,train,19050,13015,000000302289_jpg.rf.8654a2c52e4eacbd7f3460d986ab7aed.jpg,000000302289,39,Laptop,laptop_tablet,640,640,472,232,167.53,151.95,0.062148885498046876,True,0,9dbab528332f6644cb89f36e9f03d0b0,2,False,False,472,232,639.53,383.95,False,False,False,True,pending,
UNUL01121,UNU-KEY E-Waste Dataset v44,CC BY 4.0,train,19055,13020,182_jpeg.rf.865d7b8e56a0bc5945996545bcf1f647.jpg,182,39,Laptop,laptop_tablet,640,640,2,141,636.0,358.0,0.55587890625,False,0,2519e59bc95ecbde164657dc5438f3c2,1,False,False,2,141,638.0,499.0,False,False,False,False,pending,
UNUL01122,UNU-KEY E-Waste Dataset v44,CC BY 4.0,train,19078,13041,230_jpeg_jpg.rf.8683ef765a155ab981d70a574800a8b6.jpg,230_jpeg,39,Laptop,laptop_tablet,640,640,55,0,504.0,640.0,0.7875,False,0,ca8066043309fea065db51e8f33d6c4b,1,False,False,55,0,559.0,640.0,False,False,False,False,pending,
UNUL01123,UNU-KEY E-Waste Dataset v44,CC BY 4.0,train,19082,13045,194_jpeg_jpg.rf.86ababad191377370bb92631ab16f912.jpg,194_jpeg,39,Laptop,laptop_tablet,640,640,214,2,356.0,625.0,0.543212890625,False,0,fcdff57a7590631c7c4a013aa549e9e0,1,False,False,214,2,570.0,627.0,False,False,False,False,pending,
UNUL01124,UNU-KEY E-Waste Dataset v44,CC BY 4.0,train,19112,13068,000000325806_jpg.rf.872c1b7722a39556c06808c357d72877.jpg,000000325806,39,Laptop,laptop_tablet,640,640,111,345,142.95,142.94,0.04988592041015624,True,0,71fdbb3043bae466fb0d8e4638296443,1,False,False,111,345,253.95,487.94,False,True,False,False,pending,
UNUL01125,UNU-KEY E-Waste Dataset v44,CC BY 4.0,train,19131,13080,000000257196_jpg.rf.871454dc369ab04ebba1364bc9eac582.jpg,000000257196,39,Laptop,laptop_tablet,640,640,211,210,255.57,248.05,0.15477084594726562,True,0,38bc20d60940a439f2be91b44109594c,1,False,False,211,210,466.57,458.05,False,False,False,False,pending,
UNUL01126,UNU-KEY E-Waste Dataset v44,CC BY 4.0,train,19139,13087,IMG_20200329_142530_jpg.rf.878378d3225bb7605eecd269ea0cec44.jpg,IMG_20200329_142530,39,Laptop,laptop_tablet,640,640,8,183,285.0,226.0,0.1572509765625,False,0,4b1e6143af0f72960bc2038bcf9953df,2,False,False,8,183,293.0,409.0,False,False,False,True,pending,
UNUL01127,UNU-KEY E-Waste Dataset v44,CC BY 4.0,train,19140,13087,IMG_20200329_142530_jpg.rf.878378d3225bb7605eecd269ea0cec44.jpg,IMG_20200329_142530,39,Laptop,laptop_tablet,640,640,194,84,421.0,289.0,0.29704345703125,False,0,4b1e6143af0f72960bc2038bcf9953df,2,False,False,194,84,615.0,373.0,False,False,False,True,pending,
UNUL01128,UNU-KEY E-Waste Dataset v44,CC BY 4.0,train,19147,13092,000000279777_jpg.rf.8765805c5a8ba62013766ade2b3ea2de.jpg,000000279777,39,Laptop,laptop_tablet,640,640,376,209,136.15,106.74,0.035480104980468746,True,0,f53adbb500d40b286395d92d0d6a6c9c,1,False,False,376,209,512.15,315.74,False,True,False,False,pending,
UNUL01129,UNU-KEY E-Waste Dataset v44,CC BY 4.0,train,19154,13095,000000356856_jpg.rf.878c5831d79d6d78a834df347344769c.jpg,000000356856,39,Laptop,laptop_tablet,640,640,58,393,191.35,131.47,0.06141793090820312,True,0,80df88ff1a509382d1f3a5e47db2a20f,1,False,False,58,393,249.35,524.47,False,False,False,False,pending,
UNUL01130,UNU-KEY E-Waste Dataset v44,CC BY 4.0,train,19175,13110,000000096497_jpg.rf.87e42f1a40da17f2279b4a80f44de775.jpg,000000096497,39,Laptop,laptop_tablet,640,640,197,422,306.71,136.97,0.10256364428710936,True,0,cef9f18c24b3809f8cd0f9e02ad4dac8,1,False,False,197,422,503.71,558.97,False,False,False,False,pending,
UNUL01131,UNU-KEY E-Waste Dataset v44,CC BY 4.0,train,19182,13113,000000354746_jpg.rf.8801ce653efe90a1a0c83f616a518d87.jpg,000000354746,39,Laptop,laptop_tablet,640,640,103,258,132.91,123.93,0.040213711669921874,True,0,1ecf34d0cd19f29ae9c7ea6840c67cb1,1,False,False,103,258,235.91,381.93,False,True,False,False,pending,
UNUL01132,UNU-KEY E-Waste Dataset v44,CC BY 4.0,train,19193,13116,000000297876_jpg.rf.87c49c038feda68dee1b37346bf98138.jpg,000000297876,39,Laptop,laptop_tablet,640,640,118,229,234.07,222.21,0.12698411791992187,True,0,2c8c9abc8f8de07afb45a211e39b1882,2,False,False,118,229,352.07,451.21000000000004,False,False,False,True,pending,
UNUL01133,UNU-KEY E-Waste Dataset v44,CC BY 4.0,train,19194,13116,000000297876_jpg.rf.87c49c038feda68dee1b37346bf98138.jpg,000000297876,39,Laptop,laptop_tablet,640,640,489,154,144.11,127.86,0.04498511865234375,True,0,2c8c9abc8f8de07afb45a211e39b1882,2,False,False,489,154,633.11,281.86,False,True,False,True,pending,
UNUL01134,UNU-KEY E-Waste Dataset v44,CC BY 4.0,train,19210,13127,000000167994_jpg.rf.882e692e46db37fe1d6d17dc81560d2f.jpg,000000167994,39,Laptop,laptop_tablet,640,640,168,222,471.37,332.23,0.3823321657714844,True,0,1bc692af0bef1511bcd5c5ddbc0dcd95,1,False,False,168,222,639.37,554.23,False,False,False,False,pending,
UNUL01135,UNU-KEY E-Waste Dataset v44,CC BY 4.0,train,19220,13137,000000375484_jpg.rf.888b846b7da82fd98299e8dab2bf98ff.jpg,000000375484,39,Laptop,laptop_tablet,640,640,207,266,233.29,216.35,0.12322336791992188,True,0,bbfc48ee2719898a4c8faedcc72ff9c5,1,False,False,207,266,440.28999999999996,482.35,False,False,False,False,pending,
UNUL01136,UNU-KEY E-Waste Dataset v44,CC BY 4.0,train,19243,13150,000000254360_jpg.rf.88913af5913e753458cf4334c33e2051.jpg,000000254360,39,Laptop,laptop_tablet,640,640,207,264,167.72,147.48,0.06038902734374999,True,0,6b44654c7920be41304009ac57ea6c62,1,False,False,207,264,374.72,411.48,False,False,False,False,pending,
UNUL01137,UNU-KEY E-Waste Dataset v44,CC BY 4.0,train,19251,13156,000000481452_jpg.rf.88a7203b9bd5b4b8992aa3a05a3e451d.jpg,000000481452,39,Laptop,laptop_tablet,640,640,215,230,132.57,133.542,0.04322183334960937,True,0,407a5f58d95475a0a0185fb9089c6e6a,1,False,False,215,230,347.57,363.54200000000003,False,True,False,False,pending,
UNUL01138,UNU-KEY E-Waste Dataset v44,CC BY 4.0,train,19259,13159,158_jpg.rf.88a90ae54578a9ec279f5035502e5c79.jpg,158,39,Laptop,laptop_tablet,640,640,0,228,600.0,178.0,0.2607421875,False,0,5805aac8d2764b3a8a906cfa56a16ed7,1,False,False,0,228,600.0,406.0,False,False,False,False,pending,
UNUL01139,UNU-KEY E-Waste Dataset v44,CC BY 4.0,train,19329,13199,177_jpg.rf.8986a49708415403156aee2c6bd09e24.jpg,177,39,Laptop,laptop_tablet,640,640,144,61,356.0,329.0,0.285947265625,False,0,8a6e6cbe7f6364ecdcbdb1ff64bf338b,1,False,False,144,61,500.0,390.0,False,False,False,False,pending,
UNUL01140,UNU-KEY E-Waste Dataset v44,CC BY 4.0,train,19341,13211,000000259519_jpg.rf.89dfe014785368edd95411ab356f3ed0.jpg,000000259519,39,Laptop,laptop_tablet,640,640,234,270,162.42,131.69,0.05221945751953125,True,0,e206e59bb57b10b54303837da4be3eae,1,False,False,234,270,396.41999999999996,401.69,False,False,False,False,pending,
UNUL01141,UNU-KEY E-Waste Dataset v44,CC BY 4.0,train,19355,13223,000000076896_jpg.rf.8a07359d36db7807876f0ac32eb7df6c.jpg,000000076896,39,Laptop,laptop_tablet,640,640,68,148,375.309,242.573,0.2222652101000977,True,0,91158a1e2bf7b5cd197c9250a803b4bb,1,False,False,68,148,443.309,390.573,False,False,False,False,pending,
UNUL01142,UNU-KEY E-Waste Dataset v44,CC BY 4.0,train,19416,13269,000000268668_jpg.rf.8a8d967d25cbd779aaab9a20302ee6f0.jpg,000000268668,39,Laptop,laptop_tablet,640,640,43,302,195.03,147.36,0.07016508984375001,True,0,39170403abef6c9fb0542019a7df5210,1,False,False,43,302,238.03,449.36,False,False,False,False,pending,
UNUL01143,UNU-KEY E-Waste Dataset v44,CC BY 4.0,train,19455,13293,000000114729_jpg.rf.8b879fef6e465c602b6bdb199c8bc3b9.jpg,000000114729,39,Laptop,laptop_tablet,640,640,252,211,278.97,151.44,0.103142619140625,True,0,f2a1385e573a3888b16c801b0ad9f9fe,1,False,False,252,211,530.97,362.44,False,False,False,False,pending,
UNUL01144,UNU-KEY E-Waste Dataset v44,CC BY 4.0,train,19485,13315,000000092217_jpg.rf.8be40cf441ab0e0488d925f5815e8360.jpg,000000092217,39,Laptop,laptop_tablet,640,640,339,416,201.98,112.53,0.05549025732421874,True,0,353f0610ad62fd2415a2f9cdb47ca70e,1,False,False,339,416,540.98,528.53,False,False,False,False,pending,
UNUL01145,UNU-KEY E-Waste Dataset v44,CC BY 4.0,train,19497,13322,000000221605_jpg.rf.8c310b9b67d541b8e337c8ebd47fc1b2.jpg,000000221605,39,Laptop,laptop_tablet,640,640,51,271,165.3,98.73,0.03984391845703125,True,0,b81812b6797f19e48c307cc7ee3eda72,1,False,False,51,271,216.3,369.73,False,True,False,False,pending,
UNUL01146,UNU-KEY E-Waste Dataset v44,CC BY 4.0,train,19511,13331,211_jpg.rf.8c67fa55651f35b1c1d8280a129e7540.jpg,211,39,Laptop,laptop_tablet,640,640,29,91,605.0,469.0,0.69273681640625,False,0,e46e5378c47905ab91a82b6668ddbf93,1,False,False,29,91,634.0,560.0,False,False,False,False,pending,
UNUL01147,UNU-KEY E-Waste Dataset v44,CC BY 4.0,train,19531,13348,000000367785_jpg.rf.8cc68d7b3e0c8ebff13b41adcc38fff6.jpg,000000367785,39,Laptop,laptop_tablet,640,640,0,83,454.37,469.41,0.5207173381347656,True,0,ffa0438b1825f06fd7465a4ac0f8b5b9,1,False,False,0,83,454.37,552.4100000000001,False,False,False,False,pending,
UNUL01148,UNU-KEY E-Waste Dataset v44,CC BY 4.0,train,19535,13350,000000295688_jpg.rf.8c58a30170cfe510f99e51d8ea846b52.jpg,000000295688,39,Laptop,laptop_tablet,640,640,1,81,147.981,283.533,0.10243529510009766,True,0,6e81c32cd4df627a9fccf4b91f297052,1,False,False,1,81,148.981,364.533,False,False,False,False,pending,
UNUL01149,UNU-KEY E-Waste Dataset v44,CC BY 4.0,train,19546,13358,000000232376_jpg.rf.8ccbc9cbd897d8926384ad2e8e21c0d4.jpg,000000232376,39,Laptop,laptop_tablet,640,640,282,301,166.58,116.79,0.047497261230468754,True,0,894b0657972c65db1a5efaa47dfbada9,1,False,False,282,301,448.58000000000004,417.79,False,True,False,False,pending,
UNUL01150,UNU-KEY E-Waste Dataset v44,CC BY 4.0,train,19557,13364,000000303041_jpg.rf.8d26e78619edf1f3412b1a4c5aab24c9.jpg,000000303041,39,Laptop,laptop_tablet,640,640,118,193,286.925,174.746,0.12240965832519532,True,0,480761eddedba7f5981e4b74e40a4797,1,False,False,118,193,404.925,367.746,False,False,False,False,pending,
UNUL01151,UNU-KEY E-Waste Dataset v44,CC BY 4.0,train,19576,13378,000000539056_jpg.rf.8d72686648de9032e8fef0b61538f25b.jpg,000000539056,39,Laptop,laptop_tablet,640,640,180,182,265.35,144.54,0.09363693603515624,True,0,dfb47e4bd4be0d680c63ddbb098e3dd1,1,False,False,180,182,445.35,326.53999999999996,False,False,False,False,pending,
UNUL01152,UNU-KEY E-Waste Dataset v44,CC BY 4.0,train,19595,13393,000000356740_jpg.rf.8d790ced0c5a79c47461cfc45110fe6e.jpg,000000356740,39,Laptop,laptop_tablet,640,640,182,117,312.256,402.304,0.30669393999999994,True,0,6982235bb0a6c1f45a9dc096b64ea81d,1,False,False,182,117,494.256,519.304,False,False,False,False,pending,
UNUL01153,UNU-KEY E-Waste Dataset v44,CC BY 4.0,train,19611,13401,000000051799_jpg.rf.8d830cf28e87cc7d13635bc6f6c116d1.jpg,000000051799,39,Laptop,laptop_tablet,640,640,149,253,138.074,131.597,0.04436065473144532,True,0,83826a379432f1db3f77eb2224853fd9,1,False,False,149,253,287.074,384.597,False,True,False,False,pending,
UNUL01154,UNU-KEY E-Waste Dataset v44,CC BY 4.0,train,19619,13404,000000356746_jpg.rf.8dc9b9dc35bfa99de063feb0ddd6c395.jpg,000000356746,39,Laptop,laptop_tablet,640,640,332,283,293.37,256.12,0.18344219824218752,True,0,17c325ffefcb0c22ce9c2bc52fa66949,1,False,False,332,283,625.37,539.12,False,False,False,False,pending,
UNUL01155,UNU-KEY E-Waste Dataset v44,CC BY 4.0,train,19654,13433,000000504766_jpg.rf.8e722032e5d0b9f34d4a06fbb45b5638.jpg,000000504766,39,Laptop,laptop_tablet,640,640,142,139,497.587,385.088,0.46780952796874997,True,0,100823571f5df2a9dbeb051711c51c6b,1,False,False,142,139,639.587,524.088,False,False,False,False,pending,
UNUL01156,UNU-KEY E-Waste Dataset v44,CC BY 4.0,train,19708,13459,000000387421_jpg.rf.8ee16b73020e21a1acd6d6bc3f480eae.jpg,000000387421,39,Laptop,laptop_tablet,640,640,103,174,207.31,145.01,0.07339361108398437,True,0,28bba389e45221bb3a9ed2dea16091bc,2,False,False,103,174,310.31,319.01,False,False,False,True,pending,
UNUL01157,UNU-KEY E-Waste Dataset v44,CC BY 4.0,train,19711,13459,000000387421_jpg.rf.8ee16b73020e21a1acd6d6bc3f480eae.jpg,000000387421,39,Laptop,laptop_tablet,640,640,405,201,95.11,91.33,0.021207022216796875,True,0,28bba389e45221bb3a9ed2dea16091bc,2,False,False,405,201,500.11,292.33,False,True,False,True,pending,
UNUL01158,UNU-KEY E-Waste Dataset v44,CC BY 4.0,train,19717,13463,000000375232_jpg.rf.8ef31e214c624a9f77d7e00c7a1bc759.jpg,000000375232,39,Laptop,laptop_tablet,640,640,196,309,168.27,167.2,0.06868833984375,True,0,da59bcc696d6913d63414963bff705f4,1,False,False,196,309,364.27,476.2,False,False,False,False,pending,
UNUL01159,UNU-KEY E-Waste Dataset v44,CC BY 4.0,train,19719,13465,000000433921_jpg.rf.8edc27503c0c7b7e31f4e43b03940451.jpg,000000433921,39,Laptop,laptop_tablet,640,640,369,136,253.86,189.15,0.11723051513671877,True,0,fc6c02466db29c7603f5462a68c8d651,2,False,False,369,136,622.86,325.15,False,False,False,True,pending,
UNUL01160,UNU-KEY E-Waste Dataset v44,CC BY 4.0,train,19720,13465,000000433921_jpg.rf.8edc27503c0c7b7e31f4e43b03940451.jpg,000000433921,39,Laptop,laptop_tablet,640,640,120,122,251.0,196.03,0.1201258056640625,True,0,fc6c02466db29c7603f5462a68c8d651,2,False,False,120,122,371.0,318.03,False,False,False,True,pending,
UNUL01161,UNU-KEY E-Waste Dataset v44,CC BY 4.0,train,19723,13467,000000219752_jpg.rf.8eed747f3a64f6a2f9723f3ae34758e9.jpg,000000219752,39,Laptop,laptop_tablet,640,640,140,141,475.328,296.077,0.34358810609375,True,0,9da1b9cdb5344138ffd744cef41f810e,2,False,False,140,141,615.328,437.077,False,False,False,True,pending,
UNUL01162,UNU-KEY E-Waste Dataset v44,CC BY 4.0,train,19725,13467,000000219752_jpg.rf.8eed747f3a64f6a2f9723f3ae34758e9.jpg,000000219752,39,Laptop,laptop_tablet,640,640,538,140,102.208,215.77,0.053841357812500004,True,0,9da1b9cdb5344138ffd744cef41f810e,2,False,False,538,140,640.208,355.77,False,False,False,True,pending,
UNUL01163,UNU-KEY E-Waste Dataset v44,CC BY 4.0,train,19754,13491,000000187379_jpg.rf.8f5890f19740c328a1e97fc6badf4c77.jpg,000000187379,39,Laptop,laptop_tablet,640,640,544,313,95.578,68.467,0.015976413393554687,True,0,4ff4edab844ba0d99ff6a58b0747db71,1,False,False,544,313,639.578,381.467,True,False,False,False,review,
UNUL01164,UNU-KEY E-Waste Dataset v44,CC BY 4.0,train,19762,13495,000000372641_jpg.rf.8f76b9c64c88252e24400bd83c88a54b.jpg,000000372641,39,Laptop,laptop_tablet,640,640,208,363,259.46,260.9,0.16526639160156248,True,0,f9beba6cb7ac53c0d73003c49222e221,2,False,False,208,363,467.46,623.9,False,False,False,True,pending,
UNUL01165,UNU-KEY E-Waste Dataset v44,CC BY 4.0,train,19767,13495,000000372641_jpg.rf.8f76b9c64c88252e24400bd83c88a54b.jpg,000000372641,39,Laptop,laptop_tablet,640,640,302,108,37.24,30.55,0.0027775439453125,True,0,f9beba6cb7ac53c0d73003c49222e221,2,False,False,302,108,339.24,138.55,True,False,False,True,review,
UNUL01166,UNU-KEY E-Waste Dataset v44,CC BY 4.0,train,19777,13504,000000193193_jpg.rf.8fa7195003da84ac495321cc723e9ea5.jpg,000000193193,39,Laptop,laptop_tablet,640,640,27,323,160.72,117.57,0.046132447265625,True,0,663ad1cf12c4c5c5bb832af9cae0ffde,2,False,False,27,323,187.72,440.57,False,True,False,True,pending,
UNUL01167,UNU-KEY E-Waste Dataset v44,CC BY 4.0,train,19780,13504,000000193193_jpg.rf.8fa7195003da84ac495321cc723e9ea5.jpg,000000193193,39,Laptop,laptop_tablet,640,640,578,407,62.29,47.87,0.007279839599609375,True,0,663ad1cf12c4c5c5bb832af9cae0ffde,2,False,False,578,407,640.29,454.87,True,False,False,True,review,
UNUL01168,UNU-KEY E-Waste Dataset v44,CC BY 4.0,train,19796,13516,000000253263_jpg.rf.8ff8dd3e534e6fa56d63862769bcf4ed.jpg,000000253263,39,Laptop,laptop_tablet,640,640,409,226,157.837,149.184,0.05748719484374999,True,0,6531720e2538a95b1afd63c979f13d55,1,False,False,409,226,566.837,375.18399999999997,False,False,False,False,pending,
UNUL01169,UNU-KEY E-Waste Dataset v44,CC BY 4.0,train,19811,13526,000000184099_jpg.rf.9000107f40e1720ac9ade6da54eef65b.jpg,000000184099,39,Laptop,laptop_tablet,640,640,52,167,183.782,143.782,0.06451304571289064,True,0,dfbdf8cedd059ccc52bd0f46fa3c8d57,1,False,False,52,167,235.782,310.78200000000004,False,False,False,False,pending,
UNUL01170,UNU-KEY E-Waste Dataset v44,CC BY 4.0,train,19869,13562,000000451279_jpg.rf.90e4df8921e96478db86af04980ecfed.jpg,000000451279,39,Laptop,laptop_tablet,640,640,0,269,260.04,254.28,0.16143303515625,True,0,045dd950a187f0a326bc0ae39b973ffd,1,False,False,0,269,260.04,523.28,False,False,False,False,pending,
UNUL01171,UNU-KEY E-Waste Dataset v44,CC BY 4.0,train,19887,13576,000000254604_jpg.rf.91278750247ebc16bbf5e6efe3b7a4e5.jpg,000000254604,39,Laptop,laptop_tablet,640,640,414,355,210.24,217.89,0.1118388515625,True,0,6b122a38f05231e726bc5775c5e53d95,1,False,False,414,355,624.24,572.89,False,False,False,False,pending,
UNUL01172,UNU-KEY E-Waste Dataset v44,CC BY 4.0,train,19897,13583,IMG_20200329_152708_jpg.rf.915ca8b4d72f46f0068a8f37af954da4.jpg,IMG_20200329_152708,39,Laptop,laptop_tablet,640,640,62,95,344.0,420.0,0.352734375,False,0,bf17835762b6849024e149a373ee5788,1,True,False,62,95,406.0,515.0,False,False,False,False,review,
UNUL01173,UNU-KEY E-Waste Dataset v44,CC BY 4.0,train,19918,13597,000000127342_jpg.rf.91631ed46c715b3902aad8d1521f1f0f.jpg,000000127342,39,Laptop,laptop_tablet,640,640,28,186,195.24,186.6,0.08894478515625,True,0,e0d0b1cb2d8b60e20cf6d8a36535b8a7,1,False,False,28,186,223.24,372.6,False,False,False,False,pending,
UNUL01174,UNU-KEY E-Waste Dataset v44,CC BY 4.0,train,19955,13623,000000211260_jpg.rf.9230662c4d3534f296067f9d68994238.jpg,000000211260,39,Laptop,laptop_tablet,640,640,149,223,167.92,153.52,0.062937203125,True,0,86ec817fa2441dd639a6e095245328e4,1,False,False,149,223,316.91999999999996,376.52,False,False,False,False,pending,
UNUL01175,UNU-KEY E-Waste Dataset v44,CC BY 4.0,train,19992,13649,000000336901_jpg.rf.928dcc29c2b314d54410c6886146f9e0.jpg,000000336901,39,Laptop,laptop_tablet,640,640,7,317,224.94,176.13,0.09672529833984374,True,0,51e0fc9b548c79384a39aa3d0b5f2a36,1,False,False,7,317,231.94,493.13,False,False,False,False,pending,
UNUL01176,UNU-KEY E-Waste Dataset v44,CC BY 4.0,train,20029,13667,000000498125_jpg.rf.92b1b702a9fd9ef7455d3ab6e71ead26.jpg,000000498125,39,Laptop,laptop_tablet,640,640,235,178,160.717,186.598,0.0732164813623047,True,0,91a0aef6194860b3b0cf919cf3ea79b3,1,False,False,235,178,395.717,364.598,False,False,False,False,pending,
UNUL01177,UNU-KEY E-Waste Dataset v44,CC BY 4.0,train,20074,13699,000000506605_jpg.rf.93190903bff459bdae192c9361436471.jpg,000000506605,39,Laptop,laptop_tablet,640,640,178,290,310.89,225.28,0.1709895,True,0,b66ad23bdd0a819a4ef34c7c4531ead1,1,False,False,178,290,488.89,515.28,False,False,False,False,pending,
UNUL01178,UNU-KEY E-Waste Dataset v44,CC BY 4.0,train,20098,13703,000000448580_jpg.rf.9367135676727b696acf8ec7aeaddd05.jpg,000000448580,39,Laptop,laptop_tablet,640,640,332,253,189.61,211.29,0.09780931860351563,True,0,e9b5638f1f28cf3c88b39954ea1b7984,1,False,False,332,253,521.61,464.28999999999996,False,False,False,False,pending,
UNUL01179,UNU-KEY E-Waste Dataset v44,CC BY 4.0,train,20110,13712,000000104273_jpg.rf.9392f35d675e6ccfed2f0a18c82c63f4.jpg,000000104273,39,Laptop,laptop_tablet,640,640,280,276,119.232,97.344,0.028336229999999997,True,0,329688a32cad07f240c5706523334946,1,False,False,280,276,399.23199999999997,373.344,False,True,False,False,pending,
UNUL01180,UNU-KEY E-Waste Dataset v44,CC BY 4.0,valid,3,3,000000035769_jpg.rf.00a1aed43c62f66fd0ccd1f525038796.jpg,000000035769,39,Laptop,laptop_tablet,640,640,47,295,322.08,217.88,0.171325171875,True,0,fd9bf78cbb70f7d34d202280f6deddf4,1,False,False,47,295,369.08,512.88,False,False,False,False,pending,
UNUL01181,UNU-KEY E-Waste Dataset v44,CC BY 4.0,valid,6,4,000000193465_jpg.rf.00a474f86dd2ab82c8613854904a71b1.jpg,000000193465,39,Laptop,laptop_tablet,640,640,0,106,640.0,421.75,0.658984375,True,0,3587afad01f4db784e662ab89bac2580,1,False,False,0,106,640.0,527.75,False,False,False,False,pending,
UNUL01182,UNU-KEY E-Waste Dataset v44,CC BY 4.0,valid,33,25,000000077396_jpg.rf.0168c6fecc48f8ec7e65c568735f61ec.jpg,000000077396,39,Laptop,laptop_tablet,640,640,141,230,96.14,65.97,0.01548426708984375,True,0,b8a6c8c6e881fc1d4ce3d05ef2e5bbbe,1,False,False,141,230,237.14,295.97,True,False,False,False,review,
UNUL01183,UNU-KEY E-Waste Dataset v44,CC BY 4.0,valid,46,34,000000262576_jpg.rf.028440467e5472937a188c4b9d3ca7e3.jpg,000000262576,39,Laptop,laptop_tablet,640,640,134,202,387.24,182.29,0.17233881738281248,True,0,4fc26e9f201ddeef449094fe130392fa,1,False,False,134,202,521.24,384.28999999999996,False,False,False,False,pending,
UNUL01184,UNU-KEY E-Waste Dataset v44,CC BY 4.0,valid,84,65,000000341741_jpg.rf.041b291b2ccfb32f11cf891a36d014be.jpg,000000341741,39,Laptop,laptop_tablet,640,640,406,246,148.262,142.874,0.051715783662109376,True,0,01603b4c2cfdb863d1a3eb970fef2ce0,1,False,False,406,246,554.262,388.874,False,False,False,False,pending,
UNUL01185,UNU-KEY E-Waste Dataset v44,CC BY 4.0,valid,98,78,000000336762_jpg.rf.051fa09da9e1cc0c63eb2fb7d7b9520a.jpg,000000336762,39,Laptop,laptop_tablet,640,640,362,82,278.387,475.699,0.32331156619384765,True,0,ee9498fe2ee212598b8da260d6f74ac2,1,False,False,362,82,640.387,557.6990000000001,False,False,False,False,pending,
UNUL01186,UNU-KEY E-Waste Dataset v44,CC BY 4.0,valid,112,91,000000177245_jpg.rf.052bf5766aa88c899b0a3a2c752cb7a0.jpg,000000177245,39,Laptop,laptop_tablet,640,640,160,334,200.08,159.73,0.078024361328125,True,0,5aedeb45662db70c1e234ce8b0646a07,1,False,False,160,334,360.08000000000004,493.73,False,False,False,False,pending,
UNUL01187,UNU-KEY E-Waste Dataset v44,CC BY 4.0,valid,124,100,IMG_20200329_152735_jpg.rf.06f56e15692d163c61e0a31f69a136d6.jpg,IMG_20200329_152735,39,Laptop,laptop_tablet,640,640,143,94,364.0,179.0,0.159072265625,False,0,f157ffd736ccb1eef198a4ac83257fdc,1,True,False,143,94,507.0,273.0,False,False,False,False,review,
UNUL01188,UNU-KEY E-Waste Dataset v44,CC BY 4.0,valid,138,111,000000434145_jpg.rf.07229f5725b5c1cbc7e631daf8e19a1e.jpg,000000434145,39,Laptop,laptop_tablet,640,640,196,212,253.03,182.6,0.1128009716796875,True,0,a63acfd3792ea5247a7791eb65a1f410,1,False,False,196,212,449.03,394.6,False,False,False,False,pending,
UNUL01189,UNU-KEY E-Waste Dataset v44,CC BY 4.0,valid,155,123,000000541664_jpg.rf.079d2f0a5ac56edbcf84f6f35bc0dc47.jpg,000000541664,39,Laptop,laptop_tablet,640,640,103,81,484.992,380.262,0.45025397437500003,True,0,9cf049ae2b90610fb12d8f40aac26dc0,1,False,False,103,81,587.992,461.262,False,False,False,False,pending,
UNUL01190,UNU-KEY E-Waste Dataset v44,CC BY 4.0,valid,178,144,Copy-of-IMG_20200328_132131_jpg.rf.09c5144ca04053d9d1368a30075a0b34.jpg,Copy-of-IMG_20200328_132131,39,Laptop,laptop_tablet,640,640,81,131,475.0,323.0,0.37457275390625,False,0,dd5569847aa74c59938dc2ebc2377728,1,False,False,81,131,556.0,454.0,False,False,False,False,pending,
UNUL01191,UNU-KEY E-Waste Dataset v44,CC BY 4.0,valid,200,161,237_jpeg.rf.0a10e1c21e3aa1aa9ae66ea2f177e955.jpg,237,39,Laptop,laptop_tablet,640,640,81,112,544.0,447.0,0.593671875,False,0,745be3dc58deff4002ccca99e1f9fe0c,1,False,False,81,112,625.0,559.0,False,False,False,False,pending,
UNUL01192,UNU-KEY E-Waste Dataset v44,CC BY 4.0,valid,219,175,000000543183_jpg.rf.0bbfed17856d5e3eb26eabefa182a9d7.jpg,000000543183,39,Laptop,laptop_tablet,640,640,190,96,334.387,439.014,0.3583998398876953,True,0,909e041b3af6bd967d4a952a15767b22,1,False,False,190,96,524.387,535.014,False,False,False,False,pending,
UNUL01193,UNU-KEY E-Waste Dataset v44,CC BY 4.0,valid,225,179,Copy-of-IMG_20200328_132124_jpg.rf.0b67baf06869e62c0c8902ac4fed28e2.jpg,Copy-of-IMG_20200328_132124,39,Laptop,laptop_tablet,640,640,80,185,474.0,455.0,0.5265380859375,False,0,1a0960764f12df782da9a0e53fc44a4a,1,False,False,80,185,554.0,640.0,False,False,False,False,pending,
UNUL01194,UNU-KEY E-Waste Dataset v44,CC BY 4.0,valid,234,187,215_jpeg.rf.0b5a7316cf303715ddebd64f51c9fb83.jpg,215,39,Laptop,laptop_tablet,640,640,175,59,290.0,471.0,0.3334716796875,False,0,5e8fd4816e131e071be0165b63a5149d,1,False,False,175,59,465.0,530.0,False,False,False,False,pending,
UNUL01195,UNU-KEY E-Waste Dataset v44,CC BY 4.0,valid,262,214,000000092601_jpg.rf.0d6e8d05b20d5d7d899e864fa1331f3c.jpg,000000092601,39,Laptop,laptop_tablet,640,640,78,93,446.56,358.12,0.390434734375,True,0,9ddc2bc755d1f0d41f8477e46951ff0b,1,False,False,78,93,524.56,451.12,False,False,False,False,pending,
UNUL01196,UNU-KEY E-Waste Dataset v44,CC BY 4.0,valid,276,224,000000444682_jpg.rf.0e3c5239a7694417cca51480cb092e94.jpg,000000444682,39,Laptop,laptop_tablet,640,640,364,81,276.058,473.741,0.3192870922314453,True,0,811b49556c599974b8edb836ec8b86bc,1,False,False,364,81,640.058,554.741,False,False,False,False,pending,
UNUL01197,UNU-KEY E-Waste Dataset v44,CC BY 4.0,valid,293,235,000000016439_jpg.rf.0f0fb7710b965745fa09e113e6dd3a9f.jpg,000000016439,39,Laptop,laptop_tablet,640,640,135,246,235.15,188.77,0.10837223022460937,True,0,cc829033a9e7130376482e60bfab0d21,1,False,False,135,246,370.15,434.77,False,False,False,False,pending,
UNUL01198,UNU-KEY E-Waste Dataset v44,CC BY 4.0,valid,329,266,000000060449_jpg.rf.10a11f9c589e7ff69d38666aefc29051.jpg,000000060449,39,Laptop,laptop_tablet,640,640,122,343,217.85,128.33,0.06825363891601563,True,0,941a9d1e3b9bcf357926506624ebfbc4,1,False,False,122,343,339.85,471.33000000000004,False,False,False,False,pending,
UNUL01199,UNU-KEY E-Waste Dataset v44,CC BY 4.0,valid,404,293,000000248314_jpg.rf.12cfe4db1b42b2071872d31dffcc2e61.jpg,000000248314,39,Laptop,laptop_tablet,640,640,0,88,358.04,320.36,0.28003343359375,True,0,be3b51c40859770f7dc678fe7434bd2b,1,False,False,0,88,358.04,408.36,False,False,False,False,pending,
UNUL01200,UNU-KEY E-Waste Dataset v44,CC BY 4.0,valid,459,342,000000102133_jpg.rf.1442c5a6b864bd5fb664f218ff94abcf.jpg,000000102133,39,Laptop,laptop_tablet,640,640,415,439,94.23,25.05,0.005762845458984376,True,0,6a930fae2e1fcecf0a1c99906bd9a638,1,False,False,415,439,509.23,464.05,True,False,False,False,review,
UNUL01201,UNU-KEY E-Waste Dataset v44,CC BY 4.0,valid,487,364,000000099539_jpg.rf.16ddee4a9fc41a76f0350099733de629.jpg,000000099539,39,Laptop,laptop_tablet,640,640,385,192,104.45,93.55,0.023855706787109375,True,0,5ad9e39fb3cc00d50ddfed205af141c2,1,False,False,385,192,489.45,285.55,False,True,False,False,pending,
UNUL01202,UNU-KEY E-Waste Dataset v44,CC BY 4.0,valid,553,417,000000321960_jpg.rf.19465a93238745896cb96653ee17a13d.jpg,000000321960,39,Laptop,laptop_tablet,640,640,426,247,189.84,290.52,0.1346492109375,True,0,d0186ed27c4bb672e61f8985505b2aee,2,False,False,426,247,615.84,537.52,False,False,False,True,pending,
UNUL01203,UNU-KEY E-Waste Dataset v44,CC BY 4.0,valid,554,417,000000321960_jpg.rf.19465a93238745896cb96653ee17a13d.jpg,000000321960,39,Laptop,laptop_tablet,640,640,26,273,184.81,338.82,0.15287432666015627,True,0,d0186ed27c4bb672e61f8985505b2aee,2,False,False,26,273,210.81,611.8199999999999,False,False,False,True,pending,
UNUL01204,UNU-KEY E-Waste Dataset v44,CC BY 4.0,valid,569,423,000000024610_jpg.rf.1ac6e1bae5e98204618ff15aef9279b0.jpg,000000024610,39,Laptop,laptop_tablet,640,640,24,327,120.86,74.02,0.0218409599609375,True,0,3796b8b4596c0779d7eab97293d91df5,1,False,False,24,327,144.86,401.02,False,True,False,False,pending,
UNUL01205,UNU-KEY E-Waste Dataset v44,CC BY 4.0,valid,579,432,199_jpeg.rf.1afc7e5eb39103212e08435cfa3b0dec.jpg,199,39,Laptop,laptop_tablet,640,640,141,97,359.0,455.0,0.39879150390625,False,0,0de5310e8e546d1c82d583dd3d9b940e,1,False,False,141,97,500.0,552.0,False,False,False,False,pending,
UNUL01206,UNU-KEY E-Waste Dataset v44,CC BY 4.0,valid,606,446,000000264385_jpg.rf.1c24cbfbcca908b49d80ea4d9931b58f.jpg,000000264385,39,Laptop,laptop_tablet,640,640,38,129,468.11,404.32,0.46207576953125,True,0,5d4987d04f7cd3fe138ed48c9c17a8dd,1,False,False,38,129,506.11,533.3199999999999,False,False,False,False,pending,
UNUL01207,UNU-KEY E-Waste Dataset v44,CC BY 4.0,valid,635,471,000000032610_jpg.rf.1d939ae65df31571a532adfdb14f4e83.jpg,000000032610,39,Laptop,laptop_tablet,640,640,302,223,128.58,138.17,0.04337377587890625,True,0,f23c778c65cd8f72007c660bcde2c022,6,False,False,302,223,430.58000000000004,361.16999999999996,False,True,False,True,pending,
UNUL01208,UNU-KEY E-Waste Dataset v44,CC BY 4.0,valid,636,471,000000032610_jpg.rf.1d939ae65df31571a532adfdb14f4e83.jpg,000000032610,39,Laptop,laptop_tablet,640,640,56,186,185.61,179.84,0.08149439062500001,True,0,f23c778c65cd8f72007c660bcde2c022,6,False,False,56,186,241.61,365.84000000000003,False,False,False,True,pending,
UNUL01209,UNU-KEY E-Waste Dataset v44,CC BY 4.0,valid,637,471,000000032610_jpg.rf.1d939ae65df31571a532adfdb14f4e83.jpg,000000032610,39,Laptop,laptop_tablet,640,640,385,182,149.02,124.18,0.045178963867187505,True,0,f23c778c65cd8f72007c660bcde2c022,6,False,False,385,182,534.02,306.18,False,True,False,True,pending,
UNUL01210,UNU-KEY E-Waste Dataset v44,CC BY 4.0,valid,638,471,000000032610_jpg.rf.1d939ae65df31571a532adfdb14f4e83.jpg,000000032610,39,Laptop,laptop_tablet,640,640,245,200,132.41,127.62,0.04125528369140625,True,0,f23c778c65cd8f72007c660bcde2c022,6,False,False,245,200,377.40999999999997,327.62,False,True,False,True,pending,
UNUL01211,UNU-KEY E-Waste Dataset v44,CC BY 4.0,valid,639,471,000000032610_jpg.rf.1d939ae65df31571a532adfdb14f4e83.jpg,000000032610,39,Laptop,laptop_tablet,640,640,155,124,135.45,161.62,0.05344587158203125,True,0,f23c778c65cd8f72007c660bcde2c022,6,False,False,155,124,290.45,285.62,False,False,False,True,pending,
UNUL01212,UNU-KEY E-Waste Dataset v44,CC BY 4.0,valid,640,471,000000032610_jpg.rf.1d939ae65df31571a532adfdb14f4e83.jpg,000000032610,39,Laptop,laptop_tablet,640,640,299,124,157.79,99.19,0.03821091333007812,True,0,f23c778c65cd8f72007c660bcde2c022,6,False,False,299,124,456.78999999999996,223.19,False,True,False,True,pending,
UNUL01213,UNU-KEY E-Waste Dataset v44,CC BY 4.0,valid,665,489,000000190236_jpg.rf.1edf8a465e7b55243f086484f734a005.jpg,000000190236,39,Laptop,laptop_tablet,640,640,384,235,71.94,63.57,0.01116510205078125,True,0,f1139fb7f3796a389e0a78320f5a5190,1,False,False,384,235,455.94,298.57,True,False,False,False,review,
UNUL01214,UNU-KEY E-Waste Dataset v44,CC BY 4.0,valid,675,493,IMG_20200328_131329_jpg.rf.20578951be75d2c3f93e34a771eaf4d5.jpg,IMG_20200328_131329,39,Laptop,laptop_tablet,640,640,168,1,193.0,636.0,0.299677734375,False,0,ce352cf67c7e1609dd8edbacffd879fc,1,False,False,168,1,361.0,637.0,False,False,False,False,pending,
UNUL01215,UNU-KEY E-Waste Dataset v44,CC BY 4.0,valid,678,494,IMG_20200329_152735_jpg.rf.1ee36e81ed8021a14375d478623a0c81.jpg,IMG_20200329_152735,39,Laptop,laptop_tablet,640,640,143,94,364.0,179.0,0.159072265625,False,0,f157ffd736ccb1eef198a4ac83257fdc,1,True,False,143,94,507.0,273.0,False,False,False,False,review,
UNUL01216,UNU-KEY E-Waste Dataset v44,CC BY 4.0,valid,685,501,000000001503_jpg.rf.207864f43223d145df8b76bbebf6a178.jpg,000000001503,39,Laptop,laptop_tablet,640,640,1,280,251.32,271.82,0.166781744140625,True,0,439c98cc7750418d59941dfa2d7a6f2b,1,False,False,1,280,252.32,551.8199999999999,False,False,False,False,pending,
UNUL01217,UNU-KEY E-Waste Dataset v44,CC BY 4.0,valid,707,515,000000541518_jpg.rf.2085f5534f639bfcc8d92bb4b0bb16c0.jpg,000000541518,39,Laptop,laptop_tablet,640,640,280,411,169.4,98.68,0.04081150390625001,True,0,4425e4a1392aadb3083ef0071b5b660f,1,False,False,280,411,449.4,509.68,False,True,False,False,pending,
UNUL01218,UNU-KEY E-Waste Dataset v44,CC BY 4.0,valid,712,516,000000128607_jpg.rf.208bf45fb6fc1abc6d6a931e42b1bdae.jpg,000000128607,39,Laptop,laptop_tablet,640,640,336,183,106.66,62.67,0.01631929248046875,True,0,a8d9d91852b74048c3299ba659aedf47,1,False,False,336,183,442.65999999999997,245.67000000000002,True,False,False,False,review,
UNUL01219,UNU-KEY E-Waste Dataset v44,CC BY 4.0,valid,730,532,000000129951_jpg.rf.21925840bb704a314dc8102424c7b161.jpg,000000129951,39,Laptop,laptop_tablet,640,640,33,231,373.21,310.65,0.28305099243164056,True,0,75b543915ec674548418481816eceef5,2,False,False,33,231,406.21,541.65,False,False,False,True,pending,
UNUL01220,UNU-KEY E-Waste Dataset v44,CC BY 4.0,valid,731,532,000000129951_jpg.rf.21925840bb704a314dc8102424c7b161.jpg,000000129951,39,Laptop,laptop_tablet,640,640,311,103,238.39,309.27,0.17999725415039058,True,0,75b543915ec674548418481816eceef5,2,False,False,311,103,549.39,412.27,False,False,False,True,pending,
UNUL01221,UNU-KEY E-Waste Dataset v44,CC BY 4.0,valid,744,540,000000532809_jpg.rf.21d55b30932bf5aac9164e7495268991.jpg,000000532809,39,Laptop,laptop_tablet,640,640,291,332,66.04,69.49,0.0112039052734375,True,0,635c2271712dd56981edad494f86cee1,2,False,False,291,332,357.04,401.49,True,False,False,True,review,
UNUL01222,UNU-KEY E-Waste Dataset v44,CC BY 4.0,valid,747,540,000000532809_jpg.rf.21d55b30932bf5aac9164e7495268991.jpg,000000532809,39,Laptop,laptop_tablet,640,640,69,302,107.23,87.25,0.022841351318359376,True,0,635c2271712dd56981edad494f86cee1,2,False,False,69,302,176.23000000000002,389.25,False,True,False,True,pending,
UNUL01223,UNU-KEY E-Waste Dataset v44,CC BY 4.0,valid,756,542,000000449963_jpg.rf.21dca2adebc7e90ebbfe4dea3cf963b6.jpg,000000449963,39,Laptop,laptop_tablet,640,640,262,350,101.45,90.53,0.022422530517578126,True,0,a2f5571ec9828da6cf48cad2e893bf8d,5,False,False,262,350,363.45,440.53,False,True,False,True,pending,
UNUL01224,UNU-KEY E-Waste Dataset v44,CC BY 4.0,valid,757,542,000000449963_jpg.rf.21dca2adebc7e90ebbfe4dea3cf963b6.jpg,000000449963,39,Laptop,laptop_tablet,640,640,384,333,77.44,76.46,0.014455718749999997,True,0,a2f5571ec9828da6cf48cad2e893bf8d,5,False,False,384,333,461.44,409.46,True,False,False,True,review,
UNUL01225,UNU-KEY E-Waste Dataset v44,CC BY 4.0,valid,758,542,000000449963_jpg.rf.21dca2adebc7e90ebbfe4dea3cf963b6.jpg,000000449963,39,Laptop,laptop_tablet,640,640,300,262,31.15,22.41,0.001704276123046875,True,0,a2f5571ec9828da6cf48cad2e893bf8d,5,False,False,300,262,331.15,284.41,True,False,False,True,review,
UNUL01226,UNU-KEY E-Waste Dataset v44,CC BY 4.0,valid,761,542,000000449963_jpg.rf.21dca2adebc7e90ebbfe4dea3cf963b6.jpg,000000449963,39,Laptop,laptop_tablet,640,640,361,323,66.19,55.88,0.0090300224609375,True,0,a2f5571ec9828da6cf48cad2e893bf8d,5,False,False,361,323,427.19,378.88,True,False,False,True,review,
UNUL01227,UNU-KEY E-Waste Dataset v44,CC BY 4.0,valid,762,542,000000449963_jpg.rf.21dca2adebc7e90ebbfe4dea3cf963b6.jpg,000000449963,39,Laptop,laptop_tablet,640,640,257,274,21.71,7.08,0.0003752607421875,True,0,a2f5571ec9828da6cf48cad2e893bf8d,5,False,False,257,274,278.71,281.08,True,False,False,True,review,
UNUL01228,UNU-KEY E-Waste Dataset v44,CC BY 4.0,valid,781,555,180_jpg.rf.2282b2fa99c2c6f28139956fa11468ec.jpg,180,39,Laptop,laptop_tablet,640,640,4,179,604.0,259.0,0.381923828125,False,0,e5b58e33c5591a3739d7c11dd566aaab,1,False,False,4,179,608.0,438.0,False,False,False,False,pending,
UNUL01229,UNU-KEY E-Waste Dataset v44,CC BY 4.0,valid,784,558,000000166653_jpg.rf.237d3de96a49fed100e813c28fab72c0.jpg,000000166653,39,Laptop,laptop_tablet,640,640,41,140,147.388,133.542,0.04805294994140625,True,0,8081441f5d91e6c0507b9b3232f276d6,2,False,False,41,140,188.388,273.54200000000003,False,True,False,True,pending,
UNUL01230,UNU-KEY E-Waste Dataset v44,CC BY 4.0,valid,785,558,000000166653_jpg.rf.237d3de96a49fed100e813c28fab72c0.jpg,000000166653,39,Laptop,laptop_tablet,640,640,16,438,105.328,96.784,0.024887854375000004,True,0,8081441f5d91e6c0507b9b3232f276d6,2,False,False,16,438,121.328,534.784,False,True,False,True,pending,
UNUL01231,UNU-KEY E-Waste Dataset v44,CC BY 4.0,valid,799,571,000000243199_jpg.rf.249a46243b3cdfbc2d3f4707deb3d45f.jpg,000000243199,39,Laptop,laptop_tablet,640,640,333,111,302.682,414.746,0.30648473821289063,True,0,d9cbfde155fc3afbe7e7049a74276bc7,1,False,False,333,111,635.682,525.746,False,False,False,False,pending,
UNUL01232,UNU-KEY E-Waste Dataset v44,CC BY 4.0,valid,803,575,000000294162_jpg.rf.24582c7f7eaecbc13a258e73e94a5b6c.jpg,000000294162,39,Laptop,laptop_tablet,640,640,129,75,342.19,380.85,0.3181715368652344,True,0,c77f95455444f1bfa9f6ae7257114e0b,1,False,False,129,75,471.19,455.85,False,False,False,False,pending,
UNUL01233,UNU-KEY E-Waste Dataset v44,CC BY 4.0,valid,808,578,IMG_20200329_142619-1-_jpg.rf.242f482867a4ebf9995597203aebc712.jpg,IMG_20200329_142619-1-,39,Laptop,laptop_tablet,640,640,36,82,321.0,473.0,0.37068603515625,False,0,8a3947d0269fcb3ee19dadcf260e600a,2,False,False,36,82,357.0,555.0,False,False,False,True,pending,
UNUL01234,UNU-KEY E-Waste Dataset v44,CC BY 4.0,valid,809,578,IMG_20200329_142619-1-_jpg.rf.242f482867a4ebf9995597203aebc712.jpg,IMG_20200329_142619-1-,39,Laptop,laptop_tablet,640,640,340,82,300.0,437.0,0.320068359375,False,0,8a3947d0269fcb3ee19dadcf260e600a,2,False,False,340,82,640.0,519.0,False,False,False,True,pending,
UNUL01235,UNU-KEY E-Waste Dataset v44,CC BY 4.0,valid,814,583,000000516668_jpg.rf.24dde9fbc3466353d31582a3ca955166.jpg,000000516668,39,Laptop,laptop_tablet,640,640,60,178,237.286,227.546,0.13182001991210937,True,0,755b24779bf8046029daaf3b5a065718,1,False,False,60,178,297.286,405.546,False,False,False,False,pending,
UNUL01236,UNU-KEY E-Waste Dataset v44,CC BY 4.0,valid,863,622,000000468830_jpg.rf.26e57a3a6116556c0b615141e0160123.jpg,000000468830,39,Laptop,laptop_tablet,640,640,229,223,96.65,68.44,0.0161492333984375,True,0,8a743c0ce5995d37b509927b166f51e3,1,False,False,229,223,325.65,291.44,True,False,False,False,review,
UNUL01237,UNU-KEY E-Waste Dataset v44,CC BY 4.0,valid,914,626,000000044818_jpg.rf.270964bb69789db4c0a2dff0368afd03.jpg,000000044818,39,Laptop,laptop_tablet,640,640,246,153,265.94,261.62,0.16986138378906251,True,0,09b236f26fcb118e2e3c7f70dcc235cd,1,False,False,246,153,511.94,414.62,False,False,False,False,pending,
UNUL01238,UNU-KEY E-Waste Dataset v44,CC BY 4.0,valid,928,638,000000127558_jpg.rf.281c281d176df4c04613054b4ba955b9.jpg,000000127558,39,Laptop,laptop_tablet,640,640,42,159,190.24,175.4,0.081465078125,True,0,88be95974a935889d4b813d9b5a4d558,1,False,False,42,159,232.24,334.4,False,False,False,False,pending,
UNUL01239,UNU-KEY E-Waste Dataset v44,CC BY 4.0,valid,935,642,000000432258_jpg.rf.27f78d507aeeddb56788c54daac36a2c.jpg,000000432258,39,Laptop,laptop_tablet,640,640,158,138,415.808,362.381,0.3678733370312499,True,0,9cb411efa3f6c28a0fd6285ddf2065e7,1,False,False,158,138,573.808,500.381,False,False,False,False,pending,
UNUL01240,UNU-KEY E-Waste Dataset v44,CC BY 4.0,valid,939,645,000000340611_jpg.rf.28896ac9f07db927b0049fe80b959cdd.jpg,000000340611,39,Laptop,laptop_tablet,640,640,330,19,158.2,156.76,0.06054548828124999,True,0,c2da3ad422cb157f07e0c40638b8e65b,2,False,False,330,19,488.2,175.76,False,False,False,True,pending,
UNUL01241,UNU-KEY E-Waste Dataset v44,CC BY 4.0,valid,940,645,000000340611_jpg.rf.28896ac9f07db927b0049fe80b959cdd.jpg,000000340611,39,Laptop,laptop_tablet,640,640,100,143,182.41,194.85,0.08677389770507812,True,0,c2da3ad422cb157f07e0c40638b8e65b,2,False,False,100,143,282.40999999999997,337.85,False,False,False,True,pending,
UNUL01242,UNU-KEY E-Waste Dataset v44,CC BY 4.0,valid,957,657,179_jpg.rf.2955043a368059edf580217eb51116a2.jpg,179,39,Laptop,laptop_tablet,640,640,8,145,569.0,332.0,0.461201171875,False,0,61b1a7981f74bfa46f457d240ccca0c9,1,False,False,8,145,577.0,477.0,False,False,False,False,pending,
UNUL01243,UNU-KEY E-Waste Dataset v44,CC BY 4.0,valid,979,677,000000405604_jpg.rf.2ac2fb3868995955fe816e801107e258.jpg,000000405604,39,Laptop,laptop_tablet,640,640,0,81,363.51,350.56,0.31111344140625,True,0,5ae93cddab74ea200991f9c6aa75708b,1,False,False,0,81,363.51,431.56,False,False,False,False,pending,
UNUL01244,UNU-KEY E-Waste Dataset v44,CC BY 4.0,valid,1006,699,000000069015_jpg.rf.2b517fa76084473abcc2e2046d3e4ca0.jpg,000000069015,39,Laptop,laptop_tablet,640,640,155,216,307.41,271.82,0.20400436083984377,True,0,6f8f2a3101fed37014406d52466f4f18,1,False,False,155,216,462.41,487.82,False,False,False,False,pending,
UNUL01245,UNU-KEY E-Waste Dataset v44,CC BY 4.0,valid,1014,705,000000553664_jpg.rf.2b969b1b49fe8dd996a0c423ab02a258.jpg,000000553664,39,Laptop,laptop_tablet,640,640,270,253,285.26,184.31,0.12836003564453125,True,0,d80a3ea445b56d1e6e69840a3c9bfb2b,1,False,False,270,253,555.26,437.31,False,False,False,False,pending,
UNUL01246,UNU-KEY E-Waste Dataset v44,CC BY 4.0,valid,1027,712,000000558602_jpg.rf.2cc3d711a04b21e1e9837a99e5afe5e0.jpg,000000558602,39,Laptop,laptop_tablet,640,640,243,351,159.64,131.6,0.051290585937499994,True,0,dee4b6dba955fe9271194beccd7d94a9,1,False,False,243,351,402.64,482.6,False,False,False,False,pending,
UNUL01247,UNU-KEY E-Waste Dataset v44,CC BY 4.0,valid,1043,724,000000239318_jpg.rf.2beb07f954ce4458e76ee2a9c3fd8ffb.jpg,000000239318,39,Laptop,laptop_tablet,640,640,132,18,402.074,509.901,0.5005320670751954,True,0,46a46276cd15418789645c0e90428f0e,1,False,False,132,18,534.0740000000001,527.9010000000001,False,False,False,False,pending,
UNUL01248,UNU-KEY E-Waste Dataset v44,CC BY 4.0,valid,1109,735,000000428280_jpg.rf.2df6791fec5ba0ca02f06695c53bf92e.jpg,000000428280,39,Laptop,laptop_tablet,640,640,152,284,57.331,45.862,0.006419224418945313,True,0,84a487baf3217801ec12f64ceba78601,1,False,False,152,284,209.33100000000002,329.862,True,False,False,False,review,
UNUL01249,UNU-KEY E-Waste Dataset v44,CC BY 4.0,valid,1116,741,000000302323_jpg.rf.2e79f85cc9577c163beb451c10e2a6a0.jpg,000000302323,39,Laptop,laptop_tablet,640,640,175,231,409.72,322.16,0.3222543828125001,True,0,cb435cebc1c7180d8dd849d2823e69aa,1,False,False,175,231,584.72,553.1600000000001,False,False,False,False,pending,
UNUL01250,UNU-KEY E-Waste Dataset v44,CC BY 4.0,valid,1120,745,IMG_20200329_152844_jpg.rf.2eb8d6d05fdf02d55fecd16bd290732e.jpg,IMG_20200329_152844,39,Laptop,laptop_tablet,640,640,153,390,323.0,203.0,0.16008056640625,False,0,bc3ca458236023e8ec9a8b5acb56e203,2,True,True,153,390,476.0,593.0,False,False,False,True,review,
UNUL01251,UNU-KEY E-Waste Dataset v44,CC BY 4.0,valid,1121,745,IMG_20200329_152844_jpg.rf.2eb8d6d05fdf02d55fecd16bd290732e.jpg,IMG_20200329_152844,39,Laptop,laptop_tablet,640,640,300,58,260.0,338.0,0.21455078125,False,0,bc3ca458236023e8ec9a8b5acb56e203,2,True,True,300,58,560.0,396.0,False,False,False,True,review,
UNUL01252,UNU-KEY E-Waste Dataset v44,CC BY 4.0,valid,1125,747,000000197616_jpg.rf.2d96b0148bf0f936a718e8675c7be75b.jpg,000000197616,39,Laptop,laptop_tablet,640,640,187,0,453.03,610.8,0.675563291015625,True,0,95b870017a43885e0e9d3b9fd2c2c7e4,1,False,False,187,0,640.03,610.8,False,False,False,False,pending,
UNUL01253,UNU-KEY E-Waste Dataset v44,CC BY 4.0,valid,1155,757,IMG_20200328_131236_jpg.rf.2f569a0cfa22f6f7235326b1e7441326.jpg,IMG_20200328_131236,39,Laptop,laptop_tablet,640,640,158,1,224.0,639.0,0.349453125,False,0,f2c952be8dda39d0b6a325adc8b00828,1,False,False,158,1,382.0,640.0,False,False,False,False,pending,
UNUL01254,UNU-KEY E-Waste Dataset v44,CC BY 4.0,valid,1200,791,000000348843_jpg.rf.30e6de4edfdd55d18e1400ba8f31dd4f.jpg,000000348843,39,Laptop,laptop_tablet,640,640,352,359,251.33,193.08,0.11847362402343752,True,0,c590788f23b98f3b424e87d0c288d554,1,False,False,352,359,603.33,552.08,False,False,False,False,pending,
UNUL01255,UNU-KEY E-Waste Dataset v44,CC BY 4.0,valid,1212,800,204_jpeg.rf.32984b140c912d8d85daa82ab3c892e1.jpg,204,39,Laptop,laptop_tablet,640,640,107,112,430.0,427.0,0.4482666015625,False,0,d451b7a5dc34d564d5fad15f3a75371f,1,False,False,107,112,537.0,539.0,False,False,False,False,pending,
UNUL01256,UNU-KEY E-Waste Dataset v44,CC BY 4.0,valid,1217,805,IMG_20200329_152659_jpg.rf.32719241c08546a4aa2f2f8113415306.jpg,IMG_20200329_152659,39,Laptop,laptop_tablet,640,640,223,89,396.0,401.0,0.387685546875,False,0,59338e5711199c131db3fd2947c1ac61,1,True,False,223,89,619.0,490.0,False,False,False,False,review,
UNUL01257,UNU-KEY E-Waste Dataset v44,CC BY 4.0,valid,1226,811,IMG_20200329_142535_jpg.rf.32c7fe7b879ac24c1d8f22add20c4c14.jpg,IMG_20200329_142535,39,Laptop,laptop_tablet,640,640,18,168,394.0,199.0,0.1914208984375,False,0,c5345cb642edcddc7167d53e80778a8f,2,False,False,18,168,412.0,367.0,False,False,False,True,pending,
UNUL01258,UNU-KEY E-Waste Dataset v44,CC BY 4.0,valid,1227,811,IMG_20200329_142535_jpg.rf.32c7fe7b879ac24c1d8f22add20c4c14.jpg,IMG_20200329_142535,39,Laptop,laptop_tablet,640,640,347,199,277.0,154.0,0.1041455078125,False,0,c5345cb642edcddc7167d53e80778a8f,2,False,False,347,199,624.0,353.0,False,False,False,True,pending,
UNUL01259,UNU-KEY E-Waste Dataset v44,CC BY 4.0,valid,1238,820,000000155012_jpg.rf.3393e41ace50b9b4580c0a14eddec474.jpg,000000155012,39,Laptop,laptop_tablet,640,640,365,223,88.07,67.01,0.014408131591796875,True,0,e3666ebda0328311676db0fd6cab42b7,2,False,False,365,223,453.07,290.01,True,False,False,True,review,
UNUL01260,UNU-KEY E-Waste Dataset v44,CC BY 4.0,valid,1239,820,000000155012_jpg.rf.3393e41ace50b9b4580c0a14eddec474.jpg,000000155012,39,Laptop,laptop_tablet,640,640,212,218,110.58,74.04,0.019988630859375002,True,0,e3666ebda0328311676db0fd6cab42b7,2,False,False,212,218,322.58,292.04,True,False,False,True,review,
UNUL01261,UNU-KEY E-Waste Dataset v44,CC BY 4.0,valid,1264,828,000000379313_jpg.rf.34f3f3b9971ab1eaeb0b34efd9d565a2.jpg,000000379313,39,Laptop,laptop_tablet,640,640,377,197,240.188,253.124,0.1484310237109375,True,0,b77e1ce3c53d8e3720e9d3aaf870ad58,6,False,False,377,197,617.188,450.124,False,False,False,True,pending,
UNUL01262,UNU-KEY E-Waste Dataset v44,CC BY 4.0,valid,1265,828,000000379313_jpg.rf.34f3f3b9971ab1eaeb0b34efd9d565a2.jpg,000000379313,39,Laptop,laptop_tablet,640,640,45,92,180.183,193.15,0.08496666613769531,True,0,b77e1ce3c53d8e3720e9d3aaf870ad58,6,False,False,45,92,225.183,285.15,False,False,False,True,pending,
UNUL01263,UNU-KEY E-Waste Dataset v44,CC BY 4.0,valid,1266,828,000000379313_jpg.rf.34f3f3b9971ab1eaeb0b34efd9d565a2.jpg,000000379313,39,Laptop,laptop_tablet,640,640,98,176,261.49,260.047,0.1660148682373047,True,0,b77e1ce3c53d8e3720e9d3aaf870ad58,6,False,False,98,176,359.49,436.047,False,False,False,True,pending,
UNUL01264,UNU-KEY E-Waste Dataset v44,CC BY 4.0,valid,1267,828,000000379313_jpg.rf.34f3f3b9971ab1eaeb0b34efd9d565a2.jpg,000000379313,39,Laptop,laptop_tablet,640,640,235,67,165.762,118.201,0.04783504434082032,True,0,b77e1ce3c53d8e3720e9d3aaf870ad58,6,False,False,235,67,400.762,185.201,False,True,False,True,pending,
UNUL01265,UNU-KEY E-Waste Dataset v44,CC BY 4.0,valid,1268,828,000000379313_jpg.rf.34f3f3b9971ab1eaeb0b34efd9d565a2.jpg,000000379313,39,Laptop,laptop_tablet,640,640,565,120,52.675,171.21,0.022017789916992186,True,0,b77e1ce3c53d8e3720e9d3aaf870ad58,6,False,False,565,120,617.675,291.21000000000004,False,True,False,True,pending,
UNUL01266,UNU-KEY E-Waste Dataset v44,CC BY 4.0,valid,1270,828,000000379313_jpg.rf.34f3f3b9971ab1eaeb0b34efd9d565a2.jpg,000000379313,39,Laptop,laptop_tablet,640,640,402,72,161.359,123.001,0.04845536708740235,True,0,b77e1ce3c53d8e3720e9d3aaf870ad58,6,False,False,402,72,563.359,195.001,False,True,False,True,pending,
UNUL01267,UNU-KEY E-Waste Dataset v44,CC BY 4.0,valid,1277,834,000000558012_jpg.rf.347f1312768f723fb4cb0f0f9355b2b4.jpg,000000558012,39,Laptop,laptop_tablet,640,640,372,320,123.77,94.99,0.02870339916992187,True,0,4bdbfa476b74f32af0c788002aaddd7e,1,False,False,372,320,495.77,414.99,False,True,False,False,pending,
UNUL01268,UNU-KEY E-Waste Dataset v44,CC BY 4.0,valid,1310,856,000000038616_jpg.rf.360099e42c64dcf1f3281f7a5ecb6c2f.jpg,000000038616,39,Laptop,laptop_tablet,640,640,209,84,427.14,469.22,0.48931306347656256,True,0,0346e5682cea8989b956e3a28748ffbf,1,False,False,209,84,636.14,553.22,False,False,False,False,pending,
UNUL01269,UNU-KEY E-Waste Dataset v44,CC BY 4.0,valid,1320,865,000000372466_jpg.rf.37705bd59416722770a92943f81f2fe9.jpg,000000372466,39,Laptop,laptop_tablet,640,640,176,140,463.08,124.83,0.14112860449218748,True,0,d5fa309f144d3850637d176dc7073575,1,False,False,176,140,639.0799999999999,264.83,False,False,False,False,pending,
UNUL01270,UNU-KEY E-Waste Dataset v44,CC BY 4.0,valid,1326,868,000000020720_jpg.rf.37800fc15d392cde82c939e7b77ef044.jpg,000000020720,39,Laptop,laptop_tablet,640,640,374,226,262.95,167.05,0.10724071655273437,True,0,90b888ebd16f09889a9108f5d168c032,1,False,False,374,226,636.95,393.05,False,False,False,False,pending,
UNUL01271,UNU-KEY E-Waste Dataset v44,CC BY 4.0,valid,1336,875,000000037740_jpg.rf.381eb9321a463f17e6d474fe7723bbac.jpg,000000037740,39,Laptop,laptop_tablet,640,640,373,267,80.9,66.87,0.01320747802734375,True,0,55eae8b3e20c59e759d18ec7edeb618e,1,False,False,373,267,453.9,333.87,True,False,False,False,review,
UNUL01272,UNU-KEY E-Waste Dataset v44,CC BY 4.0,valid,1343,879,000000203248_jpg.rf.381d55da60f409bff4cb9d568de9da24.jpg,000000203248,39,Laptop,laptop_tablet,640,640,216,108,423.68,445.56,0.46087612499999997,True,0,c98c6f7f91d6dfef24dd521337fc3aea,1,False,False,216,108,639.6800000000001,553.56,False,False,False,False,pending,
UNUL01273,UNU-KEY E-Waste Dataset v44,CC BY 4.0,valid,1388,917,000000169318_jpg.rf.3a6ac57b1bfff5454012c56e6e42ff26.jpg,000000169318,39,Laptop,laptop_tablet,640,640,40,4,598.285,460.225,0.6722307473754883,True,0,0fdf46beed0f3434ea788bf15e11237f,1,False,False,40,4,638.285,464.225,False,False,False,False,pending,
UNUL01274,UNU-KEY E-Waste Dataset v44,CC BY 4.0,valid,1430,950,000000260635_jpg.rf.3c3ab573853efccbf8661757fecfd210.jpg,000000260635,39,Laptop,laptop_tablet,640,640,197,127,300.58,258.88,0.18997595312499999,True,0,17ba5f743c5744c41a59a5572d1eb3e5,1,False,False,197,127,497.58,385.88,False,False,False,False,pending,
UNUL01275,UNU-KEY E-Waste Dataset v44,CC BY 4.0,valid,1512,1027,Personal-Computer-Acer-0_jpg.rf.420c0931dc2e91c93088ed66635f085f.jpg,Personal-Computer-Acer-0,39,Laptop,laptop_tablet,640,640,15,146,606.0,350.0,0.517822265625,False,0,65a01a28003c61fb7f13eb8ff3e78a0c,1,False,False,15,146,621.0,496.0,False,False,False,False,pending,
UNUL01276,UNU-KEY E-Waste Dataset v44,CC BY 4.0,valid,1518,1032,000000129334_jpg.rf.428268f65e51a250a6f74dfc21c873d2.jpg,000000129334,39,Laptop,laptop_tablet,640,640,407,326,217.536,145.216,0.07712331,True,0,bab37dc29e83576390b63a4820e1e49d,1,False,False,407,326,624.5360000000001,471.216,False,False,False,False,pending,
UNUL01277,UNU-KEY E-Waste Dataset v44,CC BY 4.0,valid,1535,1042,000000524286_jpg.rf.4348871f8c1b279a7d44a1f6872acbfa.jpg,000000524286,39,Laptop,laptop_tablet,640,640,138,81,346.03,280.45,0.23692410522460935,True,0,d02f713f2f17da048e1313f88cbe369f,1,False,False,138,81,484.03,361.45,False,False,False,False,pending,
UNUL01278,UNU-KEY E-Waste Dataset v44,CC BY 4.0,valid,1569,1059,304_jpeg.rf.43c4a7560b9b0ebafb80a15781a5bd40.jpg,304,39,Laptop,laptop_tablet,640,640,180,203,459.0,297.0,0.33281982421875,False,0,75a24abe24bd4036548fbb42cba7f00a,1,True,False,180,203,639.0,500.0,False,False,False,False,review,
UNUL01279,UNU-KEY E-Waste Dataset v44,CC BY 4.0,valid,1570,1060,000000082765_jpg.rf.440a21a4bd27a6c48d96264ebe8375af.jpg,000000082765,39,Laptop,laptop_tablet,640,640,159,431,279.2,98.79,0.06733927734375,True,0,1a4738b22cff1886a9fedaec5056df83,1,False,False,159,431,438.2,529.79,False,False,False,False,pending,
UNUL01280,UNU-KEY E-Waste Dataset v44,CC BY 4.0,valid,1598,1083,000000009527_jpg.rf.442155afc827a80a1558d3ec3b59c80a.jpg,000000009527,39,Laptop,laptop_tablet,640,640,255,218,188.77,192.0,0.08848593750000001,True,0,bed7d6778baef79e86a0e28aea07f731,1,False,False,255,218,443.77,410.0,False,False,False,False,pending,
UNUL01281,UNU-KEY E-Waste Dataset v44,CC BY 4.0,valid,1615,1095,000000434141_jpg.rf.46776f608d9a60790c16d383c86283d5.jpg,000000434141,39,Laptop,laptop_tablet,640,640,100,81,539.69,472.45,0.6225013195800781,True,0,6f62a98d971b3c3bf06ed28b306c52ce,1,False,False,100,81,639.69,553.45,False,False,False,False,pending,
UNUL01282,UNU-KEY E-Waste Dataset v44,CC BY 4.0,valid,1700,1123,000000363461_jpg.rf.4843dad97974a928037f8a569559d5b5.jpg,000000363461,39,Laptop,laptop_tablet,640,640,126,422,214.24,130.27,0.06813731640625001,True,0,94a27696596d31d84aa2b1788d614a52,1,False,False,126,422,340.24,552.27,False,False,False,False,pending,
UNUL01283,UNU-KEY E-Waste Dataset v44,CC BY 4.0,valid,1712,1131,245_jpg.rf.482f60e4077533ae304610bfe15f3fc6.jpg,245,39,Laptop,laptop_tablet,640,640,1,143,511.0,357.0,0.44537841796875,False,0,41304661270f8c26926b1300ce978a83,1,False,False,1,143,512.0,500.0,False,False,False,False,pending,
UNUL01284,UNU-KEY E-Waste Dataset v44,CC BY 4.0,valid,1740,1138,000000156891_jpg.rf.48980b527d907b81a49b5fe06f38d9fc.jpg,000000156891,39,Laptop,laptop_tablet,640,640,358,301,69.64,55.08,0.00936467578125,True,0,540113ea7b00a8971c4fda30244d7f32,1,False,False,358,301,427.64,356.08,True,False,False,False,review,
UNUL01285,UNU-KEY E-Waste Dataset v44,CC BY 4.0,valid,1806,1185,000000420819_jpg.rf.4c43ad2d72c9c1379e6e03d3f1056ca8.jpg,000000420819,39,Laptop,laptop_tablet,640,640,304,292,153.792,128.0,0.04806,True,0,c701a79faf9c18cf107469a3e0d46e23,1,False,False,304,292,457.79200000000003,420.0,False,True,False,False,pending,
UNUL01286,UNU-KEY E-Waste Dataset v44,CC BY 4.0,valid,1809,1186,IMG-20200328-WA0026_jpg.rf.4bd1debf3da77d561c8d22df1edccb60.jpg,IMG-20200328-WA0026,39,Laptop,laptop_tablet,640,640,1,82,639.0,478.0,0.7457080078125,False,0,5cd1ec64781a4a5b4d1d12813f4fd52c,1,False,False,1,82,640.0,560.0,False,False,False,False,pending,
UNUL01287,UNU-KEY E-Waste Dataset v44,CC BY 4.0,valid,1832,1207,000000265980_jpg.rf.4d5fede7df10008e857c9c0cf03745bb.jpg,000000265980,39,Laptop,laptop_tablet,640,640,287,227,132.66,101.03,0.03272128857421875,True,0,a630650a8d0dd292651e750bbdd56e39,1,False,False,287,227,419.65999999999997,328.03,False,True,False,False,pending,
UNUL01288,UNU-KEY E-Waste Dataset v44,CC BY 4.0,valid,1873,1238,000000357584_jpg.rf.503fc4f9a18521251621364749124de2.jpg,000000357584,39,Laptop,laptop_tablet,640,640,516,287,55.0,36.67,0.0049239501953125,True,0,de84a1c0223da8f9ae53b8f39b961e33,1,False,False,516,287,571.0,323.67,True,False,False,False,review,
UNUL01289,UNU-KEY E-Waste Dataset v44,CC BY 4.0,valid,1897,1258,000000063602_jpg.rf.510e4883fb1c53c6dce067fe049de17a.jpg,000000063602,39,Laptop,laptop_tablet,640,640,225,278,160.68,200.62,0.078700248046875,True,0,7c15d6e6ceb00ab337e2de6a3af193af,1,False,False,225,278,385.68,478.62,False,False,False,False,pending,
UNUL01290,UNU-KEY E-Waste Dataset v44,CC BY 4.0,valid,1916,1277,000000071727_jpg.rf.52c4b966c3347b7d809dd1bcbd976867.jpg,000000071727,39,Laptop,laptop_tablet,640,640,280,320,279.014,312.09,0.21259150209960936,True,0,fbf6a4f39d70ddd45c43cee5d817209b,1,False,False,280,320,559.014,632.0899999999999,False,False,False,False,pending,
UNUL01291,UNU-KEY E-Waste Dataset v44,CC BY 4.0,valid,1932,1288,000000135872_jpg.rf.533620843617312b4e5c55f1ff508a0e.jpg,000000135872,39,Laptop,laptop_tablet,640,640,185,280,110.34,97.61,0.026294646972656252,True,0,18672fd74643b5bdfa043bea885af240,1,False,False,185,280,295.34000000000003,377.61,False,True,False,False,pending,
UNUL01292,UNU-KEY E-Waste Dataset v44,CC BY 4.0,valid,1986,1302,000000050099_jpg.rf.544e3ded662a91b7a82d7dfad8ab01ad.jpg,000000050099,39,Laptop,laptop_tablet,640,640,114,225,134.83,142.38,0.04686790869140625,True,0,beb515ffbd2dbe0654e8024e98f84cd4,1,False,False,114,225,248.83,367.38,False,True,False,False,pending,
UNUL01293,UNU-KEY E-Waste Dataset v44,CC BY 4.0,valid,1992,1304,IMG_20200329_142656_jpg.rf.547e182f008309eb3ade7a2ace79c341.jpg,IMG_20200329_142656,39,Laptop,laptop_tablet,640,640,74,81,384.0,455.0,0.4265625,False,0,78f017f680ce3887cead82e092f4f583,2,False,False,74,81,458.0,536.0,False,False,False,True,pending,
UNUL01294,UNU-KEY E-Waste Dataset v44,CC BY 4.0,valid,1993,1304,IMG_20200329_142656_jpg.rf.547e182f008309eb3ade7a2ace79c341.jpg,IMG_20200329_142656,39,Laptop,laptop_tablet,640,640,383,169,241.0,295.0,0.17357177734375,False,0,78f017f680ce3887cead82e092f4f583,2,False,False,383,169,624.0,464.0,False,False,False,True,pending,
UNUL01295,UNU-KEY E-Waste Dataset v44,CC BY 4.0,valid,2013,1316,183_jpeg.rf.54cde30a791c4e0be4338a43c269f125.jpg,183,39,Laptop,laptop_tablet,640,640,145,3,355.0,617.0,0.53475341796875,False,0,d84ddbcd5a523d53beb012e2cbf88ab4,1,False,False,145,3,500.0,620.0,False,False,False,False,pending,
UNUL01296,UNU-KEY E-Waste Dataset v44,CC BY 4.0,valid,2033,1330,000000486040_jpg.rf.55e8454b8116f528427c59e724238225.jpg,000000486040,39,Laptop,laptop_tablet,640,640,80,391,430.46,240.41,0.25265353662109374,True,0,30b3689405bf5c62c9a92f85e6565593,2,False,False,80,391,510.46,631.41,False,False,False,True,pending,
UNUL01297,UNU-KEY E-Waste Dataset v44,CC BY 4.0,valid,2034,1330,000000486040_jpg.rf.55e8454b8116f528427c59e724238225.jpg,000000486040,39,Laptop,laptop_tablet,640,640,80,252,287.64,209.97,0.1474506123046875,True,0,30b3689405bf5c62c9a92f85e6565593,2,False,False,80,252,367.64,461.97,False,False,False,True,pending,
UNUL01298,UNU-KEY E-Waste Dataset v44,CC BY 4.0,valid,2036,1331,000000104792_jpg.rf.55fbd6f7a48dc4e4a68d77e6a64979ce.jpg,000000104792,39,Laptop,laptop_tablet,640,640,256,314,62.27,47.06,0.007154360839843751,True,0,3e84e0ab3e443e65abdc724a1b301b99,1,False,False,256,314,318.27,361.06,True,False,False,False,review,
UNUL01299,UNU-KEY E-Waste Dataset v44,CC BY 4.0,valid,2055,1347,000000237872_jpg.rf.569c189527aa515ad34a0695c044fa0d.jpg,000000237872,39,Laptop,laptop_tablet,640,640,385,166,173.36,121.35,0.051360439453125004,True,0,b3c93bb17ae83eeb9008c0350edacd4b,1,False,False,385,166,558.36,287.35,False,False,False,False,pending,
UNUL01300,UNU-KEY E-Waste Dataset v44,CC BY 4.0,valid,2074,1362,000000136600_jpg.rf.57344ef8c40e7109ede77548365ee99f.jpg,000000136600,39,Laptop,laptop_tablet,640,640,219,289,241.88,223.35,0.1318942822265625,True,0,0b7a448113d48cf9d4c2fed4375c0a28,1,False,False,219,289,460.88,512.35,False,False,False,False,pending,
UNUL01301,UNU-KEY E-Waste Dataset v44,CC BY 4.0,valid,2260,1456,000000163683_jpg.rf.5ed45f384771db86a3f0a571ffaa2395.jpg,000000163683,39,Laptop,laptop_tablet,640,640,213,211,217.41,240.72,0.127770837890625,True,0,7c70c930344d9ec174098b260d379147,1,False,False,213,211,430.40999999999997,451.72,False,False,False,False,pending,
UNUL01302,UNU-KEY E-Waste Dataset v44,CC BY 4.0,valid,2296,1482,000000089268_jpg.rf.6040af2ddb93e94641d280aa2026637d.jpg,000000089268,39,Laptop,laptop_tablet,640,640,380,318,117.11,122.68,0.0350758173828125,True,0,6c6757710bd9310d68e8b1707f30fa77,2,False,False,380,318,497.11,440.68,False,True,False,True,pending,
UNUL01303,UNU-KEY E-Waste Dataset v44,CC BY 4.0,valid,2300,1482,000000089268_jpg.rf.6040af2ddb93e94641d280aa2026637d.jpg,000000089268,39,Laptop,laptop_tablet,640,640,251,314,127.05,90.22,0.027984499511718747,True,0,6c6757710bd9310d68e8b1707f30fa77,2,False,False,251,314,378.05,404.22,False,True,False,True,pending,
UNUL01304,UNU-KEY E-Waste Dataset v44,CC BY 4.0,valid,2313,1493,000000435003_jpg.rf.607d7ca2b1451d7cf2f5408e900be9f2.jpg,000000435003,39,Laptop,laptop_tablet,640,640,0,297,243.73,167.92,0.09991977929687498,True,0,3e67a0bd52bf883e05187a5fce3594f6,1,False,False,0,297,243.73,464.91999999999996,False,False,False,False,pending,
UNUL01305,UNU-KEY E-Waste Dataset v44,CC BY 4.0,valid,2370,1536,000000246308_jpg.rf.625f6f8a83ade0a9a1834d95f8e002cd.jpg,000000246308,39,Laptop,laptop_tablet,640,640,189,408,130.88,128.0,0.0409,True,0,6450e2c048131425ac7f1716d657a9ba,1,False,False,189,408,319.88,536.0,False,True,False,False,pending,
UNUL01306,UNU-KEY E-Waste Dataset v44,CC BY 4.0,valid,2398,1556,000000454690_jpg.rf.6452da5e43bd2fe797cdd1e5c1ce035b.jpg,000000454690,39,Laptop,laptop_tablet,640,640,380,317,235.14,43.13,0.02475973681640625,True,0,55690a15b0ac9adbbda82acd4afc0fb5,1,False,False,380,317,615.14,360.13,False,True,False,False,pending,
UNUL01307,UNU-KEY E-Waste Dataset v44,CC BY 4.0,valid,2404,1560,000000445829_jpg.rf.64bf8a658749c3c70ee3eb73f59679c9.jpg,000000445829,39,Laptop,laptop_tablet,640,640,366,372,75.51,52.86,0.009744771972656252,True,0,4cfb3732089f02bfc0ed94acaf7d2170,1,False,False,366,372,441.51,424.86,True,False,False,False,review,
UNUL01308,UNU-KEY E-Waste Dataset v44,CC BY 4.0,valid,2406,1562,255_jpeg.rf.6553072a139f83bf6d093f1c0f8ae993.jpg,255,39,Laptop,laptop_tablet,640,640,136,91,453.0,469.0,0.51869384765625,False,0,8e2c499c745ca06d69d6ff068e4ec8ae,1,False,False,136,91,589.0,560.0,False,False,False,False,pending,
UNUL01309,UNU-KEY E-Waste Dataset v44,CC BY 4.0,valid,2420,1576,000000482970_jpg.rf.65ab01320343dd27761a2b40e19c94a0.jpg,000000482970,39,Laptop,laptop_tablet,640,640,180,248,285.77,241.05,0.16817592407226564,True,0,7e4d6d1899cfb47f5b2ad2203cd07c67,1,False,False,180,248,465.77,489.05,False,False,False,False,pending,
UNUL01310,UNU-KEY E-Waste Dataset v44,CC BY 4.0,valid,2447,1598,000000368684_jpg.rf.678c2e78cc8c662ecf5ad59a7faac158.jpg,000000368684,39,Laptop,laptop_tablet,640,640,0,371,267.51,188.76,0.12327926660156249,True,0,2f556752cb98f97bdbe8347925b2bbc6,1,False,False,0,371,267.51,559.76,False,False,False,False,pending,
UNUL01311,UNU-KEY E-Waste Dataset v44,CC BY 4.0,valid,2449,1600,000000321118_jpg.rf.675778826c889fe4bc47f4d51541849e.jpg,000000321118,39,Laptop,laptop_tablet,640,640,88,110,464.12,416.47,0.4719044345703125,True,0,5c76fd32c1aad72482996b9b58223c35,1,False,False,88,110,552.12,526.47,False,False,False,False,pending,
UNUL01312,UNU-KEY E-Waste Dataset v44,CC BY 4.0,valid,2470,1614,000000195918_jpg.rf.68affcec2a5799370842c347002aa3d0.jpg,000000195918,39,Laptop,laptop_tablet,640,640,529,295,110.94,145.39,0.039378824707031246,True,0,af514dad5d4909e26eb23c58f62824aa,1,False,False,529,295,639.94,440.39,False,True,False,False,pending,
UNUL01313,UNU-KEY E-Waste Dataset v44,CC BY 4.0,valid,2475,1617,000000374115_jpg.rf.680fbef997eb0069a0b4c8a4f095f655.jpg,000000374115,39,Laptop,laptop_tablet,640,640,404,136,218.97,221.12,0.1182095859375,True,0,7345195185e10c80211ef9c54227c565,1,False,False,404,136,622.97,357.12,False,False,False,False,pending,
UNUL01314,UNU-KEY E-Waste Dataset v44,CC BY 4.0,valid,2482,1621,IMG_20200329_152804_jpg.rf.69299d2ed2d6599b0beef151de2d062c.jpg,IMG_20200329_152804,39,Laptop,laptop_tablet,640,640,290,171,350.0,364.0,0.31103515625,False,0,f6bc20710e2e4462714dfa3cf56b65e3,1,True,True,290,171,640.0,535.0,False,False,False,False,review,
UNUL01315,UNU-KEY E-Waste Dataset v44,CC BY 4.0,valid,2492,1629,000000235537_jpg.rf.6985b9f0ea3a17eeff598597f0fbc532.jpg,000000235537,39,Laptop,laptop_tablet,640,640,262,243,140.64,124.3,0.0426795703125,True,0,ed8e54e9e66af88793e3af71e6edebe1,1,False,False,262,243,402.64,367.3,False,True,False,False,pending,
UNUL01316,UNU-KEY E-Waste Dataset v44,CC BY 4.0,valid,2500,1635,000000132793_jpg.rf.6a51a2e01c0348d6ca927a4d7b5d0f59.jpg,000000132793,39,Laptop,laptop_tablet,640,640,162,364,66.035,46.72,0.0075321171874999995,True,0,d284f905a53e7389144e810e92d77770,1,False,False,162,364,228.035,410.72,True,False,False,False,review,
UNUL01317,UNU-KEY E-Waste Dataset v44,CC BY 4.0,valid,2514,1647,6648410adb1b08cb_jpg.rf.6a970d223d1a7d00d45743a02d603036.jpg,6648410adb1b08cb,39,Laptop,laptop_tablet,640,640,127,25,433.0,587.0,0.62053466796875,False,0,51d67770028a2335f5ddefa9d24860f9,1,False,False,127,25,560.0,612.0,False,False,False,False,pending,
UNUL01318,UNU-KEY E-Waste Dataset v44,CC BY 4.0,valid,2518,1650,000000019980_jpg.rf.6bec3aa34ec2305d22790756641aa155.jpg,000000019980,39,Laptop,laptop_tablet,640,640,0,82,326.83,463.82,0.3700934829101562,True,0,007019c9b309343d3bf6f492b3fa808b,2,False,False,0,82,326.83,545.8199999999999,False,False,False,True,pending,
UNUL01319,UNU-KEY E-Waste Dataset v44,CC BY 4.0,valid,2519,1650,000000019980_jpg.rf.6bec3aa34ec2305d22790756641aa155.jpg,000000019980,39,Laptop,laptop_tablet,640,640,396,216,244.32,313.51,0.18700381640625,True,0,007019c9b309343d3bf6f492b3fa808b,2,False,False,396,216,640.3199999999999,529.51,False,False,False,True,pending,
UNUL01320,UNU-KEY E-Waste Dataset v44,CC BY 4.0,valid,2538,1660,000000470112_jpg.rf.6c4970cac8b6e178acc3748a3c8fcacc.jpg,000000470112,39,Laptop,laptop_tablet,640,640,257,142,122.97,89.53,0.026878672119140624,True,0,f907b959bf41ba20d1a46c7bc9676878,1,False,False,257,142,379.97,231.53,False,True,False,False,pending,
UNUL01321,UNU-KEY E-Waste Dataset v44,CC BY 4.0,valid,2568,1676,000000535185_jpg.rf.6cb593adc26b1bd5098b254ea63151d8.jpg,000000535185,39,Laptop,laptop_tablet,640,640,1,113,482.48,415.47,0.4893944472656251,True,0,4120996fe6bd72efd14769949d63390e,1,False,False,1,113,483.48,528.47,False,False,False,False,pending,
UNUL01322,UNU-KEY E-Waste Dataset v44,CC BY 4.0,valid,2592,1696,000000040304_jpg.rf.6e10ae9b9680d2860f5e11e15baf22c6.jpg,000000040304,39,Laptop,laptop_tablet,640,640,264,301,129.58,108.92,0.034457650390625004,True,0,f557c14bc0f64ad029d874440b4e1d1a,4,False,False,264,301,393.58000000000004,409.92,False,True,False,True,pending,
UNUL01323,UNU-KEY E-Waste Dataset v44,CC BY 4.0,valid,2593,1696,000000040304_jpg.rf.6e10ae9b9680d2860f5e11e15baf22c6.jpg,000000040304,39,Laptop,laptop_tablet,640,640,152,328,143.46,114.34,0.040046915039062506,True,0,f557c14bc0f64ad029d874440b4e1d1a,4,False,False,152,328,295.46000000000004,442.34000000000003,False,True,False,True,pending,
UNUL01324,UNU-KEY E-Waste Dataset v44,CC BY 4.0,valid,2594,1696,000000040304_jpg.rf.6e10ae9b9680d2860f5e11e15baf22c6.jpg,000000040304,39,Laptop,laptop_tablet,640,640,394,291,133.75,128.36,0.04191442871093751,True,0,f557c14bc0f64ad029d874440b4e1d1a,4,False,False,394,291,527.75,419.36,False,True,False,True,pending,
UNUL01325,UNU-KEY E-Waste Dataset v44,CC BY 4.0,valid,2595,1696,000000040304_jpg.rf.6e10ae9b9680d2860f5e11e15baf22c6.jpg,000000040304,39,Laptop,laptop_tablet,640,640,526,326,113.62,118.65,0.032912629394531254,True,0,f557c14bc0f64ad029d874440b4e1d1a,4,False,False,526,326,639.62,444.65,False,True,False,True,pending,
UNUL01326,UNU-KEY E-Waste Dataset v44,CC BY 4.0,valid,2642,1723,000000182202_jpg.rf.6f6f9071ab723553b9d4b2901c7d150b.jpg,000000182202,39,Laptop,laptop_tablet,640,640,155,128,484.0,314.11,0.37116513671875007,True,0,7836cb9f04d129e0cb1516e0ec7db696,1,False,False,155,128,639.0,442.11,False,False,False,False,pending,
UNUL01327,UNU-KEY E-Waste Dataset v44,CC BY 4.0,valid,2694,1760,000000526801_jpg.rf.715f563f05bdeaace441f53311934644.jpg,000000526801,39,Laptop,laptop_tablet,640,640,369,306,181.67,158.83,0.07044591333007813,True,0,e1ef794eebe7f17c78c82d24e14ecfae,1,False,False,369,306,550.67,464.83000000000004,False,False,False,False,pending,
UNUL01328,UNU-KEY E-Waste Dataset v44,CC BY 4.0,valid,2787,1796,000000370478_jpg.rf.742d0c07050225008e8551c7c4905849.jpg,000000370478,39,Laptop,laptop_tablet,640,640,86,316,162.88,166.12,0.06605865625,True,0,f7bc1c08266adddac4c9c51d5c0995ca,1,False,False,86,316,248.88,482.12,False,False,False,False,pending,
UNUL01329,UNU-KEY E-Waste Dataset v44,CC BY 4.0,valid,2788,1797,IMG_20200329_152659_jpg.rf.746b6c461e8a3b9ccd3b8112727d751a.jpg,IMG_20200329_152659,39,Laptop,laptop_tablet,640,640,223,89,396.0,401.0,0.387685546875,False,0,59338e5711199c131db3fd2947c1ac61,1,True,False,223,89,619.0,490.0,False,False,False,False,review,
UNUL01330,UNU-KEY E-Waste Dataset v44,CC BY 4.0,valid,2794,1799,IMG_20200329_152704_jpg.rf.741ab891b90a3b4738896e94c271746a.jpg,IMG_20200329_152704,39,Laptop,laptop_tablet,640,640,59,0,350.0,476.0,0.40673828125,False,0,473cd392df0e73a68d2df362d6ba4223,1,False,True,59,0,409.0,476.0,False,False,False,False,review,
UNUL01331,UNU-KEY E-Waste Dataset v44,CC BY 4.0,valid,2823,1822,00107c014500a8cb_jpg.rf.7586420e66b58368392d9d947b2fd322.jpg,00107c014500a8cb,39,Laptop,laptop_tablet,640,640,410,262,146.0,178.0,0.063447265625,False,0,ff0bebb5056590a3c5a36bbf1ff0abd6,1,False,True,410,262,556.0,440.0,False,False,False,False,review,
UNUL01332,UNU-KEY E-Waste Dataset v44,CC BY 4.0,valid,2869,1851,000000547144_jpg.rf.7730cdc0800f59bd0e59901cf5252314.jpg,000000547144,39,Laptop,laptop_tablet,640,640,27,304,126.2,134.83,0.04154186035156251,True,0,fb72af758286f86087be66111a3abb1f,1,False,False,27,304,153.2,438.83000000000004,False,True,False,False,pending,
UNUL01333,UNU-KEY E-Waste Dataset v44,CC BY 4.0,valid,2876,1853,000000410033_jpg.rf.7753368b67e29c78ec6e5a5a393d8a10.jpg,000000410033,39,Laptop,laptop_tablet,640,640,211,177,321.09,287.08,0.22504520800781247,True,0,215609013abba162e44a471182324342,1,False,False,211,177,532.0899999999999,464.08,False,False,False,False,pending,
UNUL01334,UNU-KEY E-Waste Dataset v44,CC BY 4.0,valid,2907,1872,IMG_20200329_152654_jpg.rf.78d8fce46f48104327b898d361314c29.jpg,IMG_20200329_152654,39,Laptop,laptop_tablet,640,640,151,45,366.0,355.0,0.3172119140625,False,0,480e238f9f6d8a370915397b817dcc79,1,True,True,151,45,517.0,400.0,False,False,False,False,review,
UNUL01335,UNU-KEY E-Waste Dataset v44,CC BY 4.0,valid,2930,1893,33e6970ac52fc307_jpg.rf.79af7c8f05e08ff5d20a9e34958c2d9a.jpg,33e6970ac52fc307,39,Laptop,laptop_tablet,640,640,156,1,290.0,413.0,0.2924072265625,False,0,a45e0a6fdb513585b18d0110063db604,1,False,False,156,1,446.0,414.0,False,False,False,False,pending,
UNUL01336,UNU-KEY E-Waste Dataset v44,CC BY 4.0,valid,2954,1913,000000255165_jpg.rf.7b2c000ae032b99778729a419b516103.jpg,000000255165,39,Laptop,laptop_tablet,640,640,0,367,162.88,140.23,0.05576333593749999,True,0,fdfd74aac83bf60b177325b735d0bef5,1,False,False,0,367,162.88,507.23,False,False,False,False,pending,
UNUL01337,UNU-KEY E-Waste Dataset v44,CC BY 4.0,valid,2967,1921,000000215778_jpg.rf.7b9586963d7ef85dcab71d01f35e64c5.jpg,000000215778,39,Laptop,laptop_tablet,640,640,133,141,413.56,360.79,0.3642781064453125,True,0,2d5c2f4c1031164db1e414beaafe481e,1,False,False,133,141,546.56,501.79,False,False,False,False,pending,
UNUL01338,UNU-KEY E-Waste Dataset v44,CC BY 4.0,valid,2993,1938,000000097994_jpg.rf.7c680196311d040fffc9805f96028eb3.jpg,000000097994,39,Laptop,laptop_tablet,640,640,34,348,166.97,142.01,0.057889183837890615,True,0,f7f577076c0b049f86db5a360f71bd5a,3,False,False,34,348,200.97,490.01,False,False,False,True,pending,
UNUL01339,UNU-KEY E-Waste Dataset v44,CC BY 4.0,valid,2994,1938,000000097994_jpg.rf.7c680196311d040fffc9805f96028eb3.jpg,000000097994,39,Laptop,laptop_tablet,640,640,383,307,130.11,124.08,0.039414181640625004,True,0,f7f577076c0b049f86db5a360f71bd5a,3,False,False,383,307,513.11,431.08,False,True,False,True,pending,
UNUL01340,UNU-KEY E-Waste Dataset v44,CC BY 4.0,valid,2995,1938,000000097994_jpg.rf.7c680196311d040fffc9805f96028eb3.jpg,000000097994,39,Laptop,laptop_tablet,640,640,75,288,116.77,84.44,0.024072409179687497,True,0,f7f577076c0b049f86db5a360f71bd5a,3,False,False,75,288,191.76999999999998,372.44,False,True,False,True,pending,
UNUL01341,UNU-KEY E-Waste Dataset v44,CC BY 4.0,valid,3005,1942,000000034842_jpg.rf.7c7a8d3d3661606171525d48b8577398.jpg,000000034842,39,Laptop,laptop_tablet,640,640,86,209,163.184,121.776,0.048515368125,True,0,6af3dc593ef36fe5ad2605449e6dbc1d,2,False,False,86,209,249.184,330.776,False,True,False,True,pending,
UNUL01342,UNU-KEY E-Waste Dataset v44,CC BY 4.0,valid,3006,1942,000000034842_jpg.rf.7c7a8d3d3661606171525d48b8577398.jpg,000000034842,39,Laptop,laptop_tablet,640,640,233,150,109.456,94.48,0.025247565625000003,True,0,6af3dc593ef36fe5ad2605449e6dbc1d,2,False,False,233,150,342.456,244.48000000000002,False,True,False,True,pending,
UNUL01343,UNU-KEY E-Waste Dataset v44,CC BY 4.0,valid,3063,1989,307_jpg.rf.80bc5ff6c6acd6bcd26a98ca895cf56e.jpg,307,39,Laptop,laptop_tablet,640,640,103,179,432.0,231.0,0.2436328125,False,0,88415683e0cf7e0af15d970b89c8a342,1,False,False,103,179,535.0,410.0,False,False,False,False,pending,
UNUL01344,UNU-KEY E-Waste Dataset v44,CC BY 4.0,valid,3084,2009,000000172595_jpg.rf.81ff315a440c7c7bf8b3915872eee74b.jpg,000000172595,39,Laptop,laptop_tablet,640,640,228,172,108.07,111.67,0.029463322509765622,True,0,79b24191cba457bde043dcb7d0d16693,1,False,False,228,172,336.07,283.67,False,True,False,False,pending,
UNUL01345,UNU-KEY E-Waste Dataset v44,CC BY 4.0,valid,3092,2011,000000224190_jpg.rf.815c0cea0e19188d075c2bf00fc86f01.jpg,000000224190,39,Laptop,laptop_tablet,640,640,110,113,309.27,250.56,0.1891862578125,True,0,4373d66f06c368103e3d6cdae888f1f0,1,False,False,110,113,419.27,363.56,False,False,False,False,pending,
UNUL01346,UNU-KEY E-Waste Dataset v44,CC BY 4.0,valid,3107,2023,259_jpeg.rf.82d80f344b6cf234e3431932dc588716.jpg,259,39,Laptop,laptop_tablet,640,640,74,81,469.0,476.0,0.545029296875,False,0,6ffaf8cc827b70b9f5a1ca0a95deb626,1,False,False,74,81,543.0,557.0,False,False,False,False,pending,
UNUL01347,UNU-KEY E-Waste Dataset v44,CC BY 4.0,valid,3128,2040,000000433192_jpg.rf.839a06cc7aafe2632b64ebeacbcf15db.jpg,000000433192,39,Laptop,laptop_tablet,640,640,182,263,156.506,110.669,0.042286041293945316,True,0,14fcc42dd57199da48731a1f82512c69,1,False,False,182,263,338.506,373.669,False,True,False,False,pending,
UNUL01348,UNU-KEY E-Waste Dataset v44,CC BY 4.0,valid,3135,2044,000000392476_jpg.rf.83c32ec9c9209b16d30f17e34e0b13c4.jpg,000000392476,39,Laptop,laptop_tablet,640,640,104,216,128.91,122.1,0.038427517089843745,True,0,e2cabd5f7ed87ec90370f4334feaa8fa,1,False,False,104,216,232.91,338.1,False,True,False,False,pending,
UNUL01349,UNU-KEY E-Waste Dataset v44,CC BY 4.0,valid,3171,2074,000000555009_jpg.rf.8672801b06605f03f62a384cbe1513d4.jpg,000000555009,39,Laptop,laptop_tablet,640,640,1,216,207.104,283.686,0.14343873375,True,0,80389ebf5c57ec3ce1653ac2167b97a0,1,False,False,1,216,208.104,499.686,False,False,False,False,pending,
UNUL01350,UNU-KEY E-Waste Dataset v44,CC BY 4.0,valid,3186,2085,000000174247_jpg.rf.86a7c9379c095eae01b098646ea6744d.jpg,000000174247,39,Laptop,laptop_tablet,640,640,1,194,389.49,332.75,0.31641307983398437,True,0,f0a7fe26c4dcdc9f48e307ce6031a09d,3,False,False,1,194,390.49,526.75,False,False,False,True,pending,
UNUL01351,UNU-KEY E-Waste Dataset v44,CC BY 4.0,valid,3187,2085,000000174247_jpg.rf.86a7c9379c095eae01b098646ea6744d.jpg,000000174247,39,Laptop,laptop_tablet,640,640,292,197,239.07,207.45,0.12108171752929688,True,0,f0a7fe26c4dcdc9f48e307ce6031a09d,3,False,False,292,197,531.0699999999999,404.45,False,False,False,True,pending,
UNUL01352,UNU-KEY E-Waste Dataset v44,CC BY 4.0,valid,3188,2085,000000174247_jpg.rf.86a7c9379c095eae01b098646ea6744d.jpg,000000174247,39,Laptop,laptop_tablet,640,640,445,193,180.4,130.49,0.057471669921875,True,0,f0a7fe26c4dcdc9f48e307ce6031a09d,3,False,False,445,193,625.4,323.49,False,False,False,True,pending,
UNUL01353,UNU-KEY E-Waste Dataset v44,CC BY 4.0,valid,3193,2090,000000222299_jpg.rf.87243ef283c88df4f9f2c59854594b46.jpg,000000222299,39,Laptop,laptop_tablet,640,640,461,145,122.97,128.358,0.038535603662109376,True,0,93c2c8858ccdb69b8c1f373279a6a430,1,False,False,461,145,583.97,273.358,False,True,False,False,pending,
UNUL01354,UNU-KEY E-Waste Dataset v44,CC BY 4.0,valid,3219,2114,000000483628_jpg.rf.8934874e613a822d9e4d81e528d15f9a.jpg,000000483628,39,Laptop,laptop_tablet,640,640,38,107,601.53,369.17,0.542155346923828,True,0,239630f52d282272a85e9b3b95e7fdf3,2,False,False,38,107,639.53,476.17,False,False,False,True,pending,
UNUL01355,UNU-KEY E-Waste Dataset v44,CC BY 4.0,valid,3220,2114,000000483628_jpg.rf.8934874e613a822d9e4d81e528d15f9a.jpg,000000483628,39,Laptop,laptop_tablet,640,640,190,107,286.91,103.63,0.07258907055664063,True,0,239630f52d282272a85e9b3b95e7fdf3,2,False,False,190,107,476.91,210.63,False,False,False,True,pending,
UNUL01356,UNU-KEY E-Waste Dataset v44,CC BY 4.0,valid,3234,2124,Copy-of-IMG_20200328_132051_jpg.rf.89e16eb2a000dfeb0348c2858e2ae9af.jpg,Copy-of-IMG_20200328_132051,39,Laptop,laptop_tablet,640,640,1,191,639.0,275.0,0.42901611328125,False,0,76b7661aaaaeeccd3a2843081d600b38,1,False,False,1,191,640.0,466.0,False,False,False,False,pending,
UNUL01357,UNU-KEY E-Waste Dataset v44,CC BY 4.0,valid,3278,2152,000000275855_jpg.rf.8c12e952742d46dd24e8975ef5ae7dfe.jpg,000000275855,39,Laptop,laptop_tablet,640,640,169,258,324.03,269.7,0.21335666748046872,True,0,4ec54fe420462ee7643c30184fec7e6a,1,False,False,169,258,493.03,527.7,False,False,False,False,pending,
UNUL01358,UNU-KEY E-Waste Dataset v44,CC BY 4.0,valid,3301,2171,235_jpeg.rf.8c69feb574760d91e7f02f306ae4cf1b.jpg,235,39,Laptop,laptop_tablet,640,640,4,68,590.0,505.0,0.7274169921875,False,0,e09fe16542fe2094177232b0c7957dc6,1,False,False,4,68,594.0,573.0,False,False,False,False,pending,
UNUL01359,UNU-KEY E-Waste Dataset v44,CC BY 4.0,valid,3339,2201,000000113021_jpg.rf.8e6cf7195b9530165267d67447257bbc.jpg,000000113021,39,Laptop,laptop_tablet,640,640,287,332,273.41,270.16,0.18033311914062503,True,0,9d4b6164b905434d4dd6cde35c0cfb74,1,False,False,287,332,560.4100000000001,602.1600000000001,False,False,False,False,pending,
UNUL01360,UNU-KEY E-Waste Dataset v44,CC BY 4.0,valid,3372,2232,313_jpeg_jpg.rf.9043931825dd5a7640e9778011537045.jpg,313_jpeg,39,Laptop,laptop_tablet,640,640,134,2,355.0,638.0,0.5529541015625,False,0,85dcc5645708ff2f4227bcf25a43bbfb,1,False,False,134,2,489.0,640.0,False,False,False,False,pending,
UNUL01361,UNU-KEY E-Waste Dataset v44,CC BY 4.0,valid,3378,2238,000000011694_jpg.rf.912049ea01ba735e930d62f1c31140e1.jpg,000000011694,39,Laptop,laptop_tablet,640,640,260,144,244.403,278.49,0.1661713658935547,True,0,53f2616db741efa3eb76f2139a1fa204,1,False,False,260,144,504.403,422.49,False,False,False,False,pending,
UNUL01362,UNU-KEY E-Waste Dataset v44,CC BY 4.0,valid,3385,2243,000000513688_jpg.rf.917e3fea81e0fc4c592dc08d3cf336c7.jpg,000000513688,39,Laptop,laptop_tablet,640,640,376,165,223.78,170.82,0.09332543847656251,True,0,72bbe7aa57891f0279662c34e783051a,1,False,False,376,165,599.78,335.82,False,False,False,False,pending,
UNUL01363,UNU-KEY E-Waste Dataset v44,CC BY 4.0,valid,3393,2249,000000178469_jpg.rf.91d35f826c20122e4e6aa2a163c66882.jpg,000000178469,39,Laptop,laptop_tablet,640,640,92,183,450.08,331.79,0.36458018359375005,True,0,c2ed112e4f30d7f4dc64cea09e5511fb,1,False,False,92,183,542.0799999999999,514.79,False,False,False,False,pending,
UNUL01364,UNU-KEY E-Waste Dataset v44,CC BY 4.0,valid,3399,2254,000000513771_jpg.rf.92383cc71df69aaa352db5db4d575683.jpg,000000513771,39,Laptop,laptop_tablet,640,640,56,168,427.12,268.71,0.28020365039062495,True,0,66f0441c52d3a966a4e4bacdfd46c763,1,False,False,56,168,483.12,436.71,False,False,False,False,pending,
UNUL01365,UNU-KEY E-Waste Dataset v44,CC BY 4.0,valid,3419,2270,000000014764_jpg.rf.92be769b0995e822d8e7b5a51cfb5161.jpg,000000014764,39,Laptop,laptop_tablet,640,640,0,81,411.89,456.22,0.45877064404296874,True,0,0379c3ec57a188aeb555ca10497cfc83,1,False,False,0,81,411.89,537.22,False,False,False,False,pending,
UNUL01366,UNU-KEY E-Waste Dataset v44,CC BY 4.0,valid,3446,2292,000000004694_jpg.rf.945dce640a700ba91b331876a5d3c993.jpg,000000004694,39,Laptop,laptop_tablet,640,640,457,274,114.59,104.87,0.02933850903320313,True,0,79bb3a54787c0998d39ecbe73c8630e5,1,False,False,457,274,571.59,378.87,False,True,False,False,pending,
UNUL01367,UNU-KEY E-Waste Dataset v44,CC BY 4.0,valid,3457,2300,000000293975_jpg.rf.952a203800843e8f519d262a1a1bed59.jpg,000000293975,39,Laptop,laptop_tablet,640,640,0,107,408.563,423.974,0.4229006087939453,True,0,855e798b02714b8ec0c7233f2bd88ba5,2,False,False,0,107,408.563,530.9739999999999,False,False,False,True,pending,
UNUL01368,UNU-KEY E-Waste Dataset v44,CC BY 4.0,valid,3458,2300,000000293975_jpg.rf.952a203800843e8f519d262a1a1bed59.jpg,000000293975,39,Laptop,laptop_tablet,640,640,278,106,362.317,422.054,0.3733333474560547,True,0,855e798b02714b8ec0c7233f2bd88ba5,2,False,False,278,106,640.317,528.054,False,False,False,True,pending,
UNUL01369,UNU-KEY E-Waste Dataset v44,CC BY 4.0,valid,3465,2307,000000568418_jpg.rf.95f1af64eb38fe9fa120d4f1cd5ba11a.jpg,000000568418,39,Laptop,laptop_tablet,640,640,118,119,522.3,244.46,0.3117223095703125,True,0,cbe9d00026bd32cb5e83e3ad6ee1dcaf,1,False,False,118,119,640.3,363.46000000000004,False,False,False,False,pending,
UNUL01370,UNU-KEY E-Waste Dataset v44,CC BY 4.0,valid,3474,2314,252_jpeg.rf.96a1ca4ee30482712f09fa3c737c025b.jpg,252,39,Laptop,laptop_tablet,640,640,84,195,556.0,293.0,0.397724609375,False,0,7fccdd2dead9736c673c8e5f85b654c8,1,False,False,84,195,640.0,488.0,False,False,False,False,pending,
UNUL01371,UNU-KEY E-Waste Dataset v44,CC BY 4.0,valid,3534,2344,000000000387_jpg.rf.982332ec294fe7198bf738e9d07690ee.jpg,000000000387,39,Laptop,laptop_tablet,640,640,249,131,375.37,277.21,0.2540437443847656,True,0,55376be096f1d0346b31b21decc18fbe,2,False,False,249,131,624.37,408.21,False,False,False,True,pending,
UNUL01372,UNU-KEY E-Waste Dataset v44,CC BY 4.0,valid,3535,2344,000000000387_jpg.rf.982332ec294fe7198bf738e9d07690ee.jpg,000000000387,39,Laptop,laptop_tablet,640,640,152,130,470.86,312.38,0.3590997236328125,True,0,55376be096f1d0346b31b21decc18fbe,2,False,False,152,130,622.86,442.38,False,False,False,True,pending,
UNUL01373,UNU-KEY E-Waste Dataset v44,CC BY 4.0,valid,3542,2350,501_jpeg.rf.98d626e93a2c621c4e8abe2193bdbfa4.jpg,501,39,Laptop,laptop_tablet,640,640,115,175,308.0,289.0,0.217314453125,False,0,41455812bcb9de8900b6859f02e2c433,1,True,True,115,175,423.0,464.0,False,False,False,False,review,
UNUL01374,UNU-KEY E-Waste Dataset v44,CC BY 4.0,valid,3552,2359,000000526467_jpg.rf.99b4bd0a2a79521cb9c94da0ca28c71f.jpg,000000526467,39,Laptop,laptop_tablet,640,640,213,163,243.34,218.32,0.12970212109375,True,0,ab46b92a9842acbd6a65f6e4a6dc2856,1,False,False,213,163,456.34000000000003,381.32,False,False,False,False,pending,
UNUL01375,UNU-KEY E-Waste Dataset v44,CC BY 4.0,valid,3567,2371,000000310163_jpg.rf.9ac5ec033f133510be1b1d157384aa66.jpg,000000310163,39,Laptop,laptop_tablet,640,640,332,278,135.027,46.554,0.015346794331054688,True,0,3a3af324b65ea9ab70e7cbe6b17bb5ec,1,False,False,332,278,467.027,324.554,True,False,False,False,review,
UNUL01376,UNU-KEY E-Waste Dataset v44,CC BY 4.0,valid,3570,2372,000000222783_jpg.rf.9a43c77e42dad42870da643603e4c073.jpg,000000222783,39,Laptop,laptop_tablet,640,640,119,324,145.66,87.29,0.031041653808593753,True,0,1eeeba46d929d19fc5320b9c8b15e510,1,False,False,119,324,264.65999999999997,411.29,False,True,False,False,pending,
UNUL01377,UNU-KEY E-Waste Dataset v44,CC BY 4.0,valid,3574,2374,000000262227_jpg.rf.9a8828db6a53f148abfac2626d889f0f.jpg,000000262227,39,Laptop,laptop_tablet,640,640,256,221,196.18,337.72,0.16175270898437502,True,0,351213a4e7b2549f808d454f05de2b51,1,False,False,256,221,452.18,558.72,False,False,False,False,pending,
UNUL01378,UNU-KEY E-Waste Dataset v44,CC BY 4.0,valid,3605,2391,000000145741_jpg.rf.9c132b3247ca9b610767ff4bbd9286a6.jpg,000000145741,39,Laptop,laptop_tablet,640,640,376,259,263.94,268.77,0.17319129345703124,True,0,ebb5374557f116e27b064ef3d0e133b9,1,False,False,376,259,639.94,527.77,False,False,False,False,pending,
UNUL01379,UNU-KEY E-Waste Dataset v44,CC BY 4.0,valid,3630,2407,000000575498_jpg.rf.9e1e8f3c600e5517edb9af58e2294404.jpg,000000575498,39,Laptop,laptop_tablet,640,640,95,305,246.74,194.44,0.117129212890625,True,0,cff7841fb152e0726ad551f9590a29fc,1,False,False,95,305,341.74,499.44,False,False,False,False,pending,
UNUL01380,UNU-KEY E-Waste Dataset v44,CC BY 4.0,valid,3688,2446,000000516916_jpg.rf.9f96f01914e7746e85f7f2b85a18e401.jpg,000000516916,39,Laptop,laptop_tablet,640,640,370,171,170.81,150.27,0.06266508471679688,True,0,d7b37cba226eabefb0872932eed9fdb3,3,False,False,370,171,540.81,321.27,False,False,False,True,pending,
UNUL01381,UNU-KEY E-Waste Dataset v44,CC BY 4.0,valid,3689,2446,000000516916_jpg.rf.9f96f01914e7746e85f7f2b85a18e401.jpg,000000516916,39,Laptop,laptop_tablet,640,640,146,164,111.1,101.4,0.027503759765625004,True,0,d7b37cba226eabefb0872932eed9fdb3,3,False,False,146,164,257.1,265.4,False,True,False,True,pending,
UNUL01382,UNU-KEY E-Waste Dataset v44,CC BY 4.0,valid,3690,2446,000000516916_jpg.rf.9f96f01914e7746e85f7f2b85a18e401.jpg,000000516916,39,Laptop,laptop_tablet,640,640,451,299,187.88,174.35,0.07997284667968749,True,0,d7b37cba226eabefb0872932eed9fdb3,3,False,False,451,299,638.88,473.35,False,False,False,True,pending,
UNUL01383,UNU-KEY E-Waste Dataset v44,CC BY 4.0,valid,3695,2448,000000227540_jpg.rf.a02a3357685d3a9baad54d77fccd805f.jpg,000000227540,39,Laptop,laptop_tablet,640,640,36,215,147.034,170.816,0.0613177728125,True,0,b03df558228bdfc19a5b434382f316bb,1,False,False,36,215,183.034,385.81600000000003,False,False,False,False,pending,
UNUL01384,UNU-KEY E-Waste Dataset v44,CC BY 4.0,valid,3699,2449,IMG_20200329_142521_jpg.rf.9ebabcee913f2daa3b826a0fed8faf84.jpg,IMG_20200329_142521,39,Laptop,laptop_tablet,640,640,0,186,352.0,171.0,0.146953125,False,0,ee1cf97af99eb130de91116ec7a32756,2,False,False,0,186,352.0,357.0,False,False,False,True,pending,
UNUL01385,UNU-KEY E-Waste Dataset v44,CC BY 4.0,valid,3700,2449,IMG_20200329_142521_jpg.rf.9ebabcee913f2daa3b826a0fed8faf84.jpg,IMG_20200329_142521,39,Laptop,laptop_tablet,640,640,360,202,280.0,176.0,0.1203125,False,0,ee1cf97af99eb130de91116ec7a32756,2,False,False,360,202,640.0,378.0,False,False,False,True,pending,
UNUL01386,UNU-KEY E-Waste Dataset v44,CC BY 4.0,valid,3702,2451,000000124659_jpg.rf.a0720335a6110efa1cc44a7c460a7489.jpg,000000124659,39,Laptop,laptop_tablet,640,640,312,259,33.51,25.55,0.002090284423828125,True,0,3796bf76ce238d7bc039ee556ad5599e,1,False,False,312,259,345.51,284.55,True,False,False,False,review,
UNUL01387,UNU-KEY E-Waste Dataset v44,CC BY 4.0,valid,3717,2460,000000291438_jpg.rf.a0ac068cfc5d877db41bb301ef792a17.jpg,000000291438,39,Laptop,laptop_tablet,640,640,194,113,305.82,331.79,0.24772465283203127,True,0,51bb1d71f9a2f945c7861bdb0dc313c9,1,False,False,194,113,499.82,444.79,False,False,False,False,pending,
UNUL01388,UNU-KEY E-Waste Dataset v44,CC BY 4.0,valid,3743,2481,000000275353_jpg.rf.a2edd22832f6aca3ef5fe00515ea2655.jpg,000000275353,39,Laptop,laptop_tablet,640,640,232,145,212.134,187.494,0.09710413133789063,True,0,eb1e7042d2da5b2b16046c5dcbbe7a6a,1,False,False,232,145,444.134,332.494,False,False,False,False,pending,
UNUL01389,UNU-KEY E-Waste Dataset v44,CC BY 4.0,valid,3748,2483,000000140999_jpg.rf.a323293bb8f4351925f96b2d9e32c463.jpg,000000140999,39,Laptop,laptop_tablet,640,640,134,89,405.22,397.45,0.39319992431640627,True,0,1bddcf0f7ecfc1b51d5a173376dae30d,1,False,False,134,89,539.22,486.45,False,False,False,False,pending,
UNUL01390,UNU-KEY E-Waste Dataset v44,CC BY 4.0,valid,3790,2516,000000144202_jpg.rf.a50114b4f572f4f02cfaee3eb2e9e8ca.jpg,000000144202,39,Laptop,laptop_tablet,640,640,450,85,110.38,460.23,0.12402389501953126,True,0,975b12f9bbe5d7eedcbeacff1a138698,1,False,False,450,85,560.38,545.23,False,False,False,False,pending,
UNUL01391,UNU-KEY E-Waste Dataset v44,CC BY 4.0,valid,3792,2517,000000006725_jpg.rf.a4fefffbf3c866482d683f8e7906bf08.jpg,000000006725,39,Laptop,laptop_tablet,640,640,280,259,125.31,104.89,0.032089272216796874,True,0,a01c1dc69a071b9775fcf89469e0a721,1,False,False,280,259,405.31,363.89,False,True,False,False,pending,
UNUL01392,UNU-KEY E-Waste Dataset v44,CC BY 4.0,valid,3807,2528,000000134112_jpg.rf.a3ff8aff1cf5e9a3b359800ce7823d24.jpg,000000134112,39,Laptop,laptop_tablet,640,640,2,206,503.181,313.19,0.38474428073730466,True,0,3c2ea63199a9da761a68c7bd6d5feb21,1,False,False,2,206,505.181,519.19,False,False,False,False,pending,
UNUL01393,UNU-KEY E-Waste Dataset v44,CC BY 4.0,valid,3831,2549,IMG_20200329_152734_jpg.rf.a67c1e2df78031630f6407a43f88224c.jpg,IMG_20200329_152734,39,Laptop,laptop_tablet,640,640,139,107,358.0,180.0,0.15732421875,False,0,4a278a088b45b48cbb6fa844302e234a,1,True,True,139,107,497.0,287.0,False,False,False,False,review,
UNUL01394,UNU-KEY E-Waste Dataset v44,CC BY 4.0,valid,3848,2563,189_jpeg.rf.a79fd6b5ce1ec4d28d80f1c0ba49c2d3.jpg,189,39,Laptop,laptop_tablet,640,640,68,156,444.0,344.0,0.372890625,False,0,4e9181a7c2485f38cdf86632a1846488,1,False,False,68,156,512.0,500.0,False,False,False,False,pending,
UNUL01395,UNU-KEY E-Waste Dataset v44,CC BY 4.0,valid,3883,2585,304_jpeg.rf.a8ff6b2c2c089107d071686b33308b1a.jpg,304,39,Laptop,laptop_tablet,640,640,180,203,459.0,297.0,0.33281982421875,False,0,75a24abe24bd4036548fbb42cba7f00a,1,True,False,180,203,639.0,500.0,False,False,False,False,review,
UNUL01396,UNU-KEY E-Waste Dataset v44,CC BY 4.0,valid,3892,2594,000000183163_jpg.rf.a9e61cf107de47be950530023dc2ecb2.jpg,000000183163,39,Laptop,laptop_tablet,640,640,237,107,241.29,168.01,0.09897249243164062,True,0,158f955cbb7ae22b5f26a647e715515e,1,False,False,237,107,478.28999999999996,275.01,False,False,False,False,pending,
UNUL01397,UNU-KEY E-Waste Dataset v44,CC BY 4.0,valid,3911,2612,000000435880_jpg.rf.aac438b1c25704f9ea2dca4302a632ac.jpg,000000435880,39,Laptop,laptop_tablet,640,640,85,450,22.2,21.48,0.00116419921875,True,0,f866f4c14f32ecaf0d0c384913864f71,1,False,False,85,450,107.2,471.48,True,False,False,False,review,
UNUL01398,UNU-KEY E-Waste Dataset v44,CC BY 4.0,valid,3921,2622,000000004575_jpg.rf.ab8733ecb5410b0cd6c9b2ef21cda2fe.jpg,000000004575,39,Laptop,laptop_tablet,640,640,66,305,243.77,239.46,0.14251260791015627,True,0,57407e11e5eb613e7ff88e757961ad70,2,False,False,66,305,309.77,544.46,False,False,False,True,pending,
UNUL01399,UNU-KEY E-Waste Dataset v44,CC BY 4.0,valid,3922,2622,000000004575_jpg.rf.ab8733ecb5410b0cd6c9b2ef21cda2fe.jpg,000000004575,39,Laptop,laptop_tablet,640,640,386,287,243.77,254.56,0.15149924609375,True,0,57407e11e5eb613e7ff88e757961ad70,2,False,False,386,287,629.77,541.56,False,False,False,True,pending,
UNUL01400,UNU-KEY E-Waste Dataset v44,CC BY 4.0,valid,3955,2646,000000176446_jpg.rf.ac81fe349b807a2cc4d7c882b3a571e2.jpg,000000176446,39,Laptop,laptop_tablet,640,640,2,80,228.67,253.48,0.1415118935546875,True,0,7858fe82e12a39e6748c306a02cc80c1,1,False,False,2,80,230.67,333.48,False,False,False,False,pending,
UNUL01401,UNU-KEY E-Waste Dataset v44,CC BY 4.0,valid,3981,2666,000000159667_jpg.rf.adc0a95070017224db04ab713a4883ec.jpg,000000159667,39,Laptop,laptop_tablet,640,640,36,90,530.69,409.89,0.5310657326660156,True,0,2af5838b5b6215e004507b2d375515dc,1,False,False,36,90,566.69,499.89,False,False,False,False,pending,
UNUL01402,UNU-KEY E-Waste Dataset v44,CC BY 4.0,valid,4012,2689,000000241350_jpg.rf.afa72d1ffc83daec816279eee5b5dce4.jpg,000000241350,39,Laptop,laptop_tablet,640,640,467,312,57.95,62.68,0.0088679345703125,True,0,de5287bdc9f2f970485fc72be8b27557,1,False,False,467,312,524.95,374.68,True,False,False,False,review,
UNUL01403,UNU-KEY E-Waste Dataset v44,CC BY 4.0,valid,4020,2692,000000355950_jpg.rf.ae7cf805420fd82ed8de87ba31e4722d.jpg,000000355950,39,Laptop,laptop_tablet,640,640,400,276,163.814,136.64,0.05464732656249999,True,0,f53cbde2e03e8156d3c4f43cd931b26b,1,False,False,400,276,563.814,412.64,False,False,False,False,pending,
UNUL01404,UNU-KEY E-Waste Dataset v44,CC BY 4.0,valid,4075,2740,000000512968_jpg.rf.b2aee11964082e744b5f59082f9caf2e.jpg,000000512968,39,Laptop,laptop_tablet,640,640,182,185,142.38,70.11,0.02437075634765625,True,0,7e640d89650cd2ed8dfa674ffde42717,1,False,False,182,185,324.38,255.11,False,True,False,False,pending,
UNUL01405,UNU-KEY E-Waste Dataset v44,CC BY 4.0,valid,4087,2749,000000261349_jpg.rf.b36406c62bf0b70a6c79e2662f59684c.jpg,000000261349,39,Laptop,laptop_tablet,640,640,0,371,47.87,38.37,0.004484306396484374,True,0,c9d7fb2ec99516f1acf41edd94907d57,1,False,False,0,371,47.87,409.37,True,False,False,False,review,
UNUL01406,UNU-KEY E-Waste Dataset v44,CC BY 4.0,valid,4102,2761,000000054252_jpg.rf.b41797b9409f0168506c7f08b5e9c851.jpg,000000054252,39,Laptop,laptop_tablet,640,640,59,95,451.95,457.35,0.5046370422363282,True,0,d5d1b6fe4e40be87b1208f1054bcd186,1,False,False,59,95,510.95,552.35,False,False,False,False,pending,
UNUL01407,UNU-KEY E-Waste Dataset v44,CC BY 4.0,valid,4164,2779,000000287953_jpg.rf.b5ac4c0f6f9ede7303aa535124ad3cb2.jpg,000000287953,39,Laptop,laptop_tablet,640,640,469,270,132.19,91.01,0.029371611083984374,True,0,e63a0b50ce629c39e0e8d27192fc4a0b,2,False,False,469,270,601.19,361.01,False,True,False,True,pending,
UNUL01408,UNU-KEY E-Waste Dataset v44,CC BY 4.0,valid,4172,2779,000000287953_jpg.rf.b5ac4c0f6f9ede7303aa535124ad3cb2.jpg,000000287953,39,Laptop,laptop_tablet,640,640,135,302,70.31,72.29,0.012408959716796876,True,0,e63a0b50ce629c39e0e8d27192fc4a0b,2,False,False,135,302,205.31,374.29,True,False,False,True,review,
UNUL01409,UNU-KEY E-Waste Dataset v44,CC BY 4.0,valid,4227,2821,000000427666_jpg.rf.b8f4f88a61724536b60bf3aad52b4a62.jpg,000000427666,39,Laptop,laptop_tablet,640,640,0,107,261.0,375.18,0.239067333984375,True,0,4ab6eb3eb997e2450d35c51733ed013b,1,False,False,0,107,261.0,482.18,False,False,False,False,pending,
UNUL01410,UNU-KEY E-Waste Dataset v44,CC BY 4.0,valid,4231,2824,303_jpeg.rf.b7bbead396b7bc734ab02978ea4799f0.jpg,303,39,Laptop,laptop_tablet,640,640,127,83,513.0,471.0,0.58989990234375,False,0,2a47ce9e816b11da39a36543779d60a0,1,False,False,127,83,640.0,554.0,False,False,False,False,pending,
UNUL01411,UNU-KEY E-Waste Dataset v44,CC BY 4.0,valid,4234,2825,000000399488_jpg.rf.b845ab251fabc29245d8c6f5c173f39d.jpg,000000399488,39,Laptop,laptop_tablet,640,640,1,165,529.62,358.12,0.463055455078125,True,0,cba304a8ddffc673709cd7509313a2f2,1,False,False,1,165,530.62,523.12,False,False,False,False,pending,
UNUL01412,UNU-KEY E-Waste Dataset v44,CC BY 4.0,valid,4281,2861,000000046031_jpg.rf.bb6e0f8bca8255af63f025b7e7f39c7b.jpg,000000046031,39,Laptop,laptop_tablet,640,640,220,181,314.26,317.48,0.24358218945312501,True,0,1d9f531195c398ad816ca2d3ca5dfedc,1,False,False,220,181,534.26,498.48,False,False,False,False,pending,
UNUL01413,UNU-KEY E-Waste Dataset v44,CC BY 4.0,valid,4293,2868,000000117447_jpg.rf.bbcf8dc715aa481b93707e1bef2611ab.jpg,000000117447,39,Laptop,laptop_tablet,640,640,62,201,198.656,220.134,0.10676499,True,0,1eb581b4dfd9da7ea09da44809797862,2,False,False,62,201,260.656,421.134,False,False,False,True,pending,
UNUL01414,UNU-KEY E-Waste Dataset v44,CC BY 4.0,valid,4294,2868,000000117447_jpg.rf.bbcf8dc715aa481b93707e1bef2611ab.jpg,000000117447,39,Laptop,laptop_tablet,640,640,257,128,304.346,361.651,0.2687183477685547,True,0,1eb581b4dfd9da7ea09da44809797862,2,False,False,257,128,561.346,489.651,False,False,False,True,pending,
UNUL01415,UNU-KEY E-Waste Dataset v44,CC BY 4.0,valid,4299,2872,Laptop-Lenovo_jpg.rf.bbd2eafd6b9a1100db50474c019db48e.jpg,Laptop-Lenovo,39,Laptop,laptop_tablet,640,640,165,93,375.0,444.0,0.406494140625,False,0,613136297ca6fe73aa664c621b45941d,1,False,False,165,93,540.0,537.0,False,False,False,False,pending,
UNUL01416,UNU-KEY E-Waste Dataset v44,CC BY 4.0,valid,4302,2875,000000413247_jpg.rf.bbfa75e8f1e94f3f10f920a8e3dc1a69.jpg,000000413247,39,Laptop,laptop_tablet,640,640,1,256,317.75,235.7,0.18284588623046877,True,0,e56640af0603613bdc94ffba7bb826e3,1,False,False,1,256,318.75,491.7,False,False,False,False,pending,
UNUL01417,UNU-KEY E-Waste Dataset v44,CC BY 4.0,valid,4327,2895,000000573815_jpg.rf.bc7bd8e55dddaa67bd0b90af46a7ddd5.jpg,000000573815,39,Laptop,laptop_tablet,640,640,17,176,381.696,328.64,0.3062514,True,0,56d91a0584f61c01665a4deeef74edc4,1,False,False,17,176,398.696,504.64,False,False,False,False,pending,
UNUL01418,UNU-KEY E-Waste Dataset v44,CC BY 4.0,valid,4360,2902,268_jpeg.rf.bda56308ded01b427806d5baa55721b9.jpg,268,39,Laptop,laptop_tablet,640,640,65,128,575.0,302.0,0.4239501953125,False,0,42b2b16e51af17f4f06abdf6a9b3edf4,1,False,False,65,128,640.0,430.0,False,False,False,False,pending,
UNUL01419,UNU-KEY E-Waste Dataset v44,CC BY 4.0,valid,4375,2908,000000154705_jpg.rf.bd7c9dbe820f437a7f4ab96231fd8d35.jpg,000000154705,39,Laptop,laptop_tablet,640,640,216,295,82.56,60.61,0.012216703125,True,0,0cfde521255f0a2576646305db4e0e3a,1,False,False,216,295,298.56,355.61,True,False,False,False,review,
UNUL01420,UNU-KEY E-Waste Dataset v44,CC BY 4.0,valid,4390,2917,000000027620_jpg.rf.be1f735c772a63abc643e56bf86a7bfc.jpg,000000027620,39,Laptop,laptop_tablet,640,640,225,120,142.71,123.24,0.0429384287109375,True,0,d609146b63aa419b200555186c356305,1,False,False,225,120,367.71000000000004,243.24,False,True,False,False,pending,
UNUL01421,UNU-KEY E-Waste Dataset v44,CC BY 4.0,valid,4395,2918,IMG_20200329_142745_jpg.rf.be8cd228b3e4243112abed365c1f1701.jpg,IMG_20200329_142745,39,Laptop,laptop_tablet,640,640,1,106,277.0,378.0,0.2556298828125,False,0,d314c55e3516f234d6c8b409d24c4be0,2,False,False,1,106,278.0,484.0,False,False,False,True,pending,
UNUL01422,UNU-KEY E-Waste Dataset v44,CC BY 4.0,valid,4396,2918,IMG_20200329_142745_jpg.rf.be8cd228b3e4243112abed365c1f1701.jpg,IMG_20200329_142745,39,Laptop,laptop_tablet,640,640,260,120,372.0,350.0,0.31787109375,False,0,d314c55e3516f234d6c8b409d24c4be0,2,False,False,260,120,632.0,470.0,False,False,False,True,pending,
UNUL01423,UNU-KEY E-Waste Dataset v44,CC BY 4.0,valid,4411,2933,000000370513_jpg.rf.bfa24f0053eea7213f6f9164fe0559d5.jpg,000000370513,39,Laptop,laptop_tablet,640,640,411,130,115.41,139.14,0.03920446142578125,True,0,3c5a8789d19b8bf07dcda100bf05631e,2,False,False,411,130,526.41,269.14,False,True,False,True,pending,
UNUL01424,UNU-KEY E-Waste Dataset v44,CC BY 4.0,valid,4417,2933,000000370513_jpg.rf.bfa24f0053eea7213f6f9164fe0559d5.jpg,000000370513,39,Laptop,laptop_tablet,640,640,1,272,204.48,204.48,0.10208025,True,0,3c5a8789d19b8bf07dcda100bf05631e,2,False,False,1,272,205.48,476.48,False,False,False,True,pending,
UNUL01425,UNU-KEY E-Waste Dataset v44,CC BY 4.0,valid,4435,2950,IMG_20200328_131322_jpg.rf.c009c51a0678ed9e60d7d40f4a08c916.jpg,IMG_20200328_131322,39,Laptop,laptop_tablet,640,640,141,1,258.0,639.0,0.4024951171875,False,0,5bbcdd90057c20066a6ed53215de0165,1,False,False,141,1,399.0,640.0,False,False,False,False,pending,
UNUL01426,UNU-KEY E-Waste Dataset v44,CC BY 4.0,valid,4444,2956,IMG_20200329_152858_jpg.rf.c03cf62cec40bbdef5aff2c02b251ead.jpg,IMG_20200329_152858,39,Laptop,laptop_tablet,640,640,354,183,286.0,235.0,0.1640869140625,False,0,146872accc287acf82c7761527849a55,2,True,True,354,183,640.0,418.0,False,False,False,True,review,
UNUL01427,UNU-KEY E-Waste Dataset v44,CC BY 4.0,valid,4445,2956,IMG_20200329_152858_jpg.rf.c03cf62cec40bbdef5aff2c02b251ead.jpg,IMG_20200329_152858,39,Laptop,laptop_tablet,640,640,25,155,326.0,153.0,0.1217724609375,False,0,146872accc287acf82c7761527849a55,2,True,True,25,155,351.0,308.0,False,False,False,True,review,
UNUL01428,UNU-KEY E-Waste Dataset v44,CC BY 4.0,valid,4469,2974,000000221095_jpg.rf.c0b26a7494d3b31a0e8d648f89fb3c1d.jpg,000000221095,39,Laptop,laptop_tablet,640,640,383,343,92.23,71.96,0.0162032978515625,True,0,9ecb264096e4c59e0480e91cb85c8434,1,False,False,383,343,475.23,414.96,True,False,False,False,review,
UNUL01429,UNU-KEY E-Waste Dataset v44,CC BY 4.0,valid,4486,2986,IMG_20200329_152857_jpg.rf.c1be2a3fa365144d12112803ee306580.jpg,IMG_20200329_152857,39,Laptop,laptop_tablet,640,640,48,170,310.0,138.0,0.104443359375,False,0,586c6c8349d095faeed5ea65438789e7,2,True,True,48,170,358.0,308.0,False,False,False,True,review,
UNUL01430,UNU-KEY E-Waste Dataset v44,CC BY 4.0,valid,4487,2986,IMG_20200329_152857_jpg.rf.c1be2a3fa365144d12112803ee306580.jpg,IMG_20200329_152857,39,Laptop,laptop_tablet,640,640,356,182,284.0,236.0,0.1636328125,False,0,586c6c8349d095faeed5ea65438789e7,2,True,True,356,182,640.0,418.0,False,False,False,True,review,
UNUL01431,UNU-KEY E-Waste Dataset v44,CC BY 4.0,valid,4496,2993,000000137918_jpg.rf.c235722db8fdbd541e6f4c904bf0e3a9.jpg,000000137918,39,Laptop,laptop_tablet,640,640,107,118,222.12,281.72,0.15277257421875,True,0,4d0d4045afb4f619ecf505ec2fd65718,3,False,False,107,118,329.12,399.72,False,False,False,True,pending,
UNUL01432,UNU-KEY E-Waste Dataset v44,CC BY 4.0,valid,4497,2993,000000137918_jpg.rf.c235722db8fdbd541e6f4c904bf0e3a9.jpg,000000137918,39,Laptop,laptop_tablet,640,640,476,211,130.01,169.69,0.053860832275390624,True,0,4d0d4045afb4f619ecf505ec2fd65718,3,False,False,476,211,606.01,380.69,False,False,False,True,pending,
UNUL01433,UNU-KEY E-Waste Dataset v44,CC BY 4.0,valid,4498,2993,000000137918_jpg.rf.c235722db8fdbd541e6f4c904bf0e3a9.jpg,000000137918,39,Laptop,laptop_tablet,640,640,344,204,131.6,179.06,0.05753001953125,True,0,4d0d4045afb4f619ecf505ec2fd65718,3,False,False,344,204,475.6,383.06,False,False,False,True,pending,
UNUL01434,UNU-KEY E-Waste Dataset v44,CC BY 4.0,valid,4591,3007,000000226171_jpg.rf.c2f80a62b5dc76a3a7d02b9771a68f2a.jpg,000000226171,39,Laptop,laptop_tablet,640,640,50,222,177.46,144.72,0.06270022265625,True,0,27bac628e7245c67362af8fd40fc823b,1,False,False,50,222,227.46,366.72,False,False,False,False,pending,
UNUL01435,UNU-KEY E-Waste Dataset v44,CC BY 4.0,valid,4632,3040,176_jpeg.rf.c51c4a1ac5d0cae27ca73fab0725187f.jpg,176,39,Laptop,laptop_tablet,640,640,66,147,453.0,353.0,0.39040283203125,False,0,858d3bd8c65511c0a66e60004699296a,1,False,False,66,147,519.0,500.0,False,False,False,False,pending,
UNUL01436,UNU-KEY E-Waste Dataset v44,CC BY 4.0,valid,4636,3044,24f972c18918a64f_jpg.rf.c4c0030c85a187317d6e47d4898eaef9.jpg,24f972c18918a64f,39,Laptop,laptop_tablet,640,640,193,74,263.0,320.0,0.20546875,False,0,5b2774debb59d414bfb24c4f75afac58,1,False,False,193,74,456.0,394.0,False,False,False,False,pending,
UNUL01437,UNU-KEY E-Waste Dataset v44,CC BY 4.0,valid,4654,3061,000000324715_jpg.rf.c61da4daf309c4694f202948fe260000.jpg,000000324715,39,Laptop,laptop_tablet,640,640,38,198,368.768,330.458,0.297515468125,True,0,87604e9104e963e66a19fc790ac68b78,1,False,False,38,198,406.768,528.4580000000001,False,False,False,False,pending,
UNUL01438,UNU-KEY E-Waste Dataset v44,CC BY 4.0,valid,4668,3074,246_jpg.rf.c71306260e36e7ee757f706119ee7e0f.jpg,246,39,Laptop,laptop_tablet,640,640,1,201,636.0,235.0,0.364892578125,False,0,3ee5b6dc9212d8c91ad7574f0cdf2333,1,False,False,1,201,637.0,436.0,False,False,False,False,pending,
UNUL01439,UNU-KEY E-Waste Dataset v44,CC BY 4.0,valid,4690,3094,000000206218_jpg.rf.c848e9583afc3d957b368895dd5ebc8f.jpg,000000206218,39,Laptop,laptop_tablet,640,640,360,181,269.19,216.22,0.14210024853515624,True,0,c7b1b6e107e2562ea2b8fb70307409a5,1,False,False,360,181,629.19,397.22,False,False,False,False,pending,
UNUL01440,UNU-KEY E-Waste Dataset v44,CC BY 4.0,valid,4704,3103,000000128222_jpg.rf.c981dae3166610505db9b2d760de1dad.jpg,000000128222,39,Laptop,laptop_tablet,640,640,298,280,131.93,110.24,0.03550772265625,True,0,93ad7faf9f6b10620a48777da907d668,2,False,False,298,280,429.93,390.24,False,True,False,True,pending,
UNUL01441,UNU-KEY E-Waste Dataset v44,CC BY 4.0,valid,4705,3103,000000128222_jpg.rf.c981dae3166610505db9b2d760de1dad.jpg,000000128222,39,Laptop,laptop_tablet,640,640,430,291,156.06,141.11,0.053763736816406255,True,0,93ad7faf9f6b10620a48777da907d668,2,False,False,430,291,586.06,432.11,False,False,False,True,pending,
UNUL01442,UNU-KEY E-Waste Dataset v44,CC BY 4.0,valid,4727,3122,175_jpg.rf.c9f22944f695c16d5bc080767b9aa232.jpg,175,39,Laptop,laptop_tablet,640,640,3,225,623.0,239.0,0.36351806640625,False,0,c620892ec912a0fb4aa2512db09d11eb,1,False,False,3,225,626.0,464.0,False,False,False,False,pending,
UNUL01443,UNU-KEY E-Waste Dataset v44,CC BY 4.0,valid,4729,3123,000000507575_jpg.rf.ca5b1d5f605c6ca3ebf3f12a5d0a04da.jpg,000000507575,39,Laptop,laptop_tablet,640,640,112,110,121.34,109.53,0.03244719287109375,True,0,3e0604f767085679cb5b00178ce7b19a,2,False,False,112,110,233.34,219.53,False,True,False,True,pending,
UNUL01444,UNU-KEY E-Waste Dataset v44,CC BY 4.0,valid,4732,3123,000000507575_jpg.rf.ca5b1d5f605c6ca3ebf3f12a5d0a04da.jpg,000000507575,39,Laptop,laptop_tablet,640,640,263,104,131.6,122.97,0.039508916015625,True,0,3e0604f767085679cb5b00178ce7b19a,2,False,False,263,104,394.6,226.97,False,True,False,True,pending,
UNUL01445,UNU-KEY E-Waste Dataset v44,CC BY 4.0,valid,4740,3129,000000580410_jpg.rf.cb110e757bbd77439544b2797d83d67a.jpg,000000580410,39,Laptop,laptop_tablet,640,640,242,295,40.4,13.83,0.001364091796875,True,0,c7c7c7a24780f5f80bc864ee5dd8a7a6,1,False,False,242,295,282.4,308.83,True,False,False,False,review,
UNUL01446,UNU-KEY E-Waste Dataset v44,CC BY 4.0,valid,4755,3142,Lenovo-laptop-2_jpg.rf.cbf7b592eb9b4cf726b25d553fb6a366.jpg,Lenovo-laptop-2,39,Laptop,laptop_tablet,640,640,139,113,381.0,415.0,0.38602294921875,False,0,92306ac87757e6efc6f239634efa0e58,1,False,False,139,113,520.0,528.0,False,False,False,False,pending,
UNUL01447,UNU-KEY E-Waste Dataset v44,CC BY 4.0,valid,4765,3150,000000310972_jpg.rf.cc3ff57dffa7831151bc954543a74701.jpg,000000310972,39,Laptop,laptop_tablet,640,640,49,344,228.019,156.864,0.08732415140625001,True,0,13aea89c4f5286b91d93089804f570d5,1,False,False,49,344,277.019,500.86400000000003,False,False,False,False,pending,
UNUL01448,UNU-KEY E-Waste Dataset v44,CC BY 4.0,valid,4784,3166,000000013160_jpg.rf.cd6fb677e22fcd660dc441e1f9b05e5d.jpg,000000013160,39,Laptop,laptop_tablet,640,640,72,360,192.27,173.49,0.0814377985839844,True,0,7dcb7f8e57a4ecddf2b31b47f063495f,1,False,False,72,360,264.27,533.49,False,False,False,False,pending,
UNUL01449,UNU-KEY E-Waste Dataset v44,CC BY 4.0,valid,4785,3167,000000230650_jpg.rf.cd898734ed386d2c5ac23d9cb12f9820.jpg,000000230650,39,Laptop,laptop_tablet,640,640,248,82,388.85,470.48,0.44664586914062504,True,0,5fc331003aba410ac206f2e89830b4f4,1,False,False,248,82,636.85,552.48,False,False,False,False,pending,
UNUL01450,UNU-KEY E-Waste Dataset v44,CC BY 4.0,valid,4795,3176,000000187952_jpg.rf.cdfa3bf1255936dc2de710e400969780.jpg,000000187952,39,Laptop,laptop_tablet,640,640,154,216,225.44,218.97,0.12051903515625,True,0,637a4455f25af0be89ab6d1fa6ceea58,1,False,False,154,216,379.44,434.97,False,False,False,False,pending,
UNUL01451,UNU-KEY E-Waste Dataset v44,CC BY 4.0,valid,4828,3196,000000371677_jpg.rf.cfcbe1fa47645ab69b784a7b3a4cdb6c.jpg,000000371677,39,Laptop,laptop_tablet,640,640,0,181,200.37,214.68,0.10501814355468751,True,0,158a2c39bdce343f49eb6f3134107b3c,1,False,False,0,181,200.37,395.68,False,False,False,False,pending,
UNUL01452,UNU-KEY E-Waste Dataset v44,CC BY 4.0,valid,4842,3210,000000308612_jpg.rf.d07d49cbf4ad61317151d8b5c277d708.jpg,000000308612,39,Laptop,laptop_tablet,640,640,220,304,40.07,30.9,0.00302285888671875,True,0,0aa9598251ac3ea04558b8bd4268799b,1,False,False,220,304,260.07,334.9,True,False,False,False,review,
UNUL01453,UNU-KEY E-Waste Dataset v44,CC BY 4.0,valid,4858,3224,IMG_20200329_152649_jpg.rf.d158b42739de747d6b44f90f2734d946.jpg,IMG_20200329_152649,39,Laptop,laptop_tablet,640,640,108,30,422.0,386.0,0.397685546875,False,0,888dafeb472b97358e0dc54b4415f2f7,1,True,True,108,30,530.0,416.0,False,False,False,False,review,
UNUL01454,UNU-KEY E-Waste Dataset v44,CC BY 4.0,valid,4869,3232,000000026564_jpg.rf.d1cf5cbde08b2769d3b8b6d78ab8caf2.jpg,000000026564,39,Laptop,laptop_tablet,640,640,436,301,143.38,106.65,0.03733270751953125,True,0,9dab7068be914dd3831529170b893551,1,False,False,436,301,579.38,407.65,False,True,False,False,pending,
UNUL01455,UNU-KEY E-Waste Dataset v44,CC BY 4.0,valid,4890,3247,000000559639_jpg.rf.d3b34d6b75211a309f18d8dde5140d88.jpg,000000559639,39,Laptop,laptop_tablet,640,640,376,224,261.93,202.45,0.12946222778320313,True,0,5824f971a70bfb428ae8f92af16f4dba,1,False,False,376,224,637.9300000000001,426.45,False,False,False,False,pending,
UNUL01456,UNU-KEY E-Waste Dataset v44,CC BY 4.0,valid,4906,3261,000000415716_jpg.rf.d3765526d19c69c80104fc6e8e96181c.jpg,000000415716,39,Laptop,laptop_tablet,640,640,152,344,58.78,18.87,0.0027079555664062506,True,0,7a55d0521e1c6cda1a77a30218166dcc,1,False,False,152,344,210.78,362.87,True,False,False,False,review,
UNUL01457,UNU-KEY E-Waste Dataset v44,CC BY 4.0,valid,4915,3267,000000068403_jpg.rf.d4f68d58eaabc45f8a17c4f17803035a.jpg,000000068403,39,Laptop,laptop_tablet,640,640,386,331,164.32,138.37,0.05551015234375,True,0,367bbbf6dc2ec82a9d80db68522dc203,1,False,False,386,331,550.3199999999999,469.37,False,False,False,False,pending,
UNUL01458,UNU-KEY E-Waste Dataset v44,CC BY 4.0,valid,4928,3273,000000543093_jpg.rf.d52b3177616c00a0f8b8578f0abb377b.jpg,000000543093,39,Laptop,laptop_tablet,640,640,178,342,258.381,195.686,0.12344127042480467,True,0,52105267dfefdae933ad61edc23faa91,1,False,False,178,342,436.381,537.686,False,False,False,False,pending,
UNUL01459,UNU-KEY E-Waste Dataset v44,CC BY 4.0,valid,4950,3290,000000039663_jpg.rf.d590bc263a992ffb712b6e8a3942363e.jpg,000000039663,39,Laptop,laptop_tablet,640,640,285,356,207.5,143.75,0.07282257080078125,True,0,98a429a75169188d371e2ec850e0eb62,1,False,False,285,356,492.5,499.75,False,False,False,False,pending,
UNUL01460,UNU-KEY E-Waste Dataset v44,CC BY 4.0,valid,4951,3291,000000400576_jpg.rf.d57f1e438682715b0b1fd16db3c2a8a1.jpg,000000400576,39,Laptop,laptop_tablet,640,640,137,172,434.73,292.39,0.31032886889648437,True,0,09bb892ceccb35d09e7d1a09a8f5f9f8,1,False,False,137,172,571.73,464.39,False,False,False,False,pending,
UNUL01461,UNU-KEY E-Waste Dataset v44,CC BY 4.0,valid,4965,3304,000000074538_jpg.rf.d621bbb5a931155d7dbb718aa41cc5e9.jpg,000000074538,39,Laptop,laptop_tablet,640,640,91,228,545.65,188.34,0.2508977563476562,True,0,2fccdfc268607bdb50d6403c9980a30f,1,False,False,91,228,636.65,416.34000000000003,False,False,False,False,pending,
UNUL01462,UNU-KEY E-Waste Dataset v44,CC BY 4.0,valid,4973,3312,000000253265_jpg.rf.d660db04674a210e250dd0febd9cde50.jpg,000000253265,39,Laptop,laptop_tablet,640,640,1,122,190.925,339.763,0.15837219427490234,True,0,2ac6352dffd52d3581e543cf6b377937,1,False,False,1,122,191.925,461.763,False,False,False,False,pending,
UNUL01463,UNU-KEY E-Waste Dataset v44,CC BY 4.0,valid,5008,3341,000000063571_jpg.rf.d8442cfbca8eea137b424ab5ecc48b3b.jpg,000000063571,39,Laptop,laptop_tablet,640,640,122,235,162.96,84.47,0.033606521484375,True,0,5bab2055a77eb73937fc8ca60f528859,1,False,False,122,235,284.96000000000004,319.47,False,True,False,False,pending,
UNUL01464,UNU-KEY E-Waste Dataset v44,CC BY 4.0,valid,5019,3347,IMG_20200328_131316_jpg.rf.d8f992f47a9a84151998fcff80c3a1e2.jpg,IMG_20200328_131316,39,Laptop,laptop_tablet,640,640,175,1,247.0,638.0,0.3847314453125,False,0,685676f40897752de4304b9d08ae01e7,1,False,False,175,1,422.0,639.0,False,False,False,False,pending,
UNUL01465,UNU-KEY E-Waste Dataset v44,CC BY 4.0,valid,5067,3358,000000225757_jpg.rf.d9845b1651d60bae36bc168caf3f8fd8.jpg,000000225757,39,Laptop,laptop_tablet,640,640,403,381,205.248,157.645,0.07899492421875,True,0,f0aa77a297467f6d7ab73cc68f466682,1,False,False,403,381,608.248,538.645,False,False,False,False,pending,
UNUL01466,UNU-KEY E-Waste Dataset v44,CC BY 4.0,valid,5074,3364,000000563921_jpg.rf.d9fd6235a6cbb070591ec85b5c8f1e18.jpg,000000563921,39,Laptop,laptop_tablet,640,640,117,139,339.28,228.72,0.189453421875,True,0,703ba83975101a79a3445bdd2de57e5c,1,False,False,117,139,456.28,367.72,False,False,False,False,pending,
UNUL01467,UNU-KEY E-Waste Dataset v44,CC BY 4.0,valid,5091,3376,000000182213_jpg.rf.da249152252eeeb7e3a68339b93c5a23.jpg,000000182213,39,Laptop,laptop_tablet,640,640,338,149,300.25,379.67,0.2783103454589844,True,0,2636ccfd1e9206ffb80c3c583b98d806,1,False,False,338,149,638.25,528.6700000000001,False,False,False,False,pending,
UNUL01468,UNU-KEY E-Waste Dataset v44,CC BY 4.0,valid,5097,3382,000000070370_jpg.rf.db4e2a36d3ecde3dbd0630092fca944f.jpg,000000070370,39,Laptop,laptop_tablet,640,640,256,116,185.779,151.398,0.06866838145019531,True,0,15213698017763b8edbb9d5cf4542421,1,False,False,256,116,441.779,267.398,False,False,False,False,pending,
UNUL01469,UNU-KEY E-Waste Dataset v44,CC BY 4.0,valid,5108,3391,000000213342_jpg.rf.dbc17da94152b3a68cf9bbd97d6a908f.jpg,000000213342,39,Laptop,laptop_tablet,640,640,176,423,84.0,84.83,0.01739677734375,True,0,2e47955cb86d1e1609c3fe182b27991a,2,False,False,176,423,260.0,507.83,True,False,False,True,review,
UNUL01470,UNU-KEY E-Waste Dataset v44,CC BY 4.0,valid,5109,3391,000000213342_jpg.rf.dbc17da94152b3a68cf9bbd97d6a908f.jpg,000000213342,39,Laptop,laptop_tablet,640,640,340,513,102.12,103.55,0.0258167138671875,True,0,2e47955cb86d1e1609c3fe182b27991a,2,False,False,340,513,442.12,616.55,False,True,False,True,pending,
UNUL01471,UNU-KEY E-Waste Dataset v44,CC BY 4.0,valid,5128,3406,000000174896_jpg.rf.dd24917fb22452dee3f57ee4040ba416.jpg,000000174896,39,Laptop,laptop_tablet,640,640,323,92,249.02,283.95,0.17262995361328126,True,0,df9ac16296c79791df09a4f2615fc137,1,False,False,323,92,572.02,375.95,False,False,False,False,pending,
UNUL01472,UNU-KEY E-Waste Dataset v44,CC BY 4.0,valid,5149,3424,000000108431_jpg.rf.de5ae8fc706be88996f52b81e28e90a7.jpg,000000108431,39,Laptop,laptop_tablet,640,640,225,351,214.771,202.957,0.10641913536865234,True,0,eafc643666530f6639c189eb5ce6b9fe,1,False,False,225,351,439.77099999999996,553.957,False,False,False,False,pending,
UNUL01473,UNU-KEY E-Waste Dataset v44,CC BY 4.0,valid,5242,3479,0b21db39894fb615_jpg.rf.e2039d24921c9ec021b79d36ff7aa289.jpg,0b21db39894fb615,39,Laptop,laptop_tablet,640,640,39,53,452.0,475.0,0.524169921875,False,0,12964c295a2b0a15d9658aeaf69488af,1,False,False,39,53,491.0,528.0,False,False,False,False,pending,
UNUL01474,UNU-KEY E-Waste Dataset v44,CC BY 4.0,valid,5260,3491,000000337448_jpg.rf.e21f541caa2c238b9fd7c36f09b5cdbc.jpg,000000337448,39,Laptop,laptop_tablet,640,640,202,287,294.413,239.578,0.17220429129394532,True,0,0cf0c03b4177add3e00d74c166abf8bc,1,False,False,202,287,496.413,526.578,False,False,False,False,pending,
UNUL01475,UNU-KEY E-Waste Dataset v44,CC BY 4.0,valid,5308,3530,000000542509_jpg.rf.e50b19dae76311afa3a774ea9c2fa074.jpg,000000542509,39,Laptop,laptop_tablet,640,640,464,366,112.18,62.56,0.017133742187500002,True,0,7b66491ae3ecc3cd5ebede7137298cf1,1,False,False,464,366,576.1800000000001,428.56,True,False,False,False,review,
UNUL01476,UNU-KEY E-Waste Dataset v44,CC BY 4.0,valid,5345,3556,000000415991_jpg.rf.e6b3b58e6e6529bf760fb75d775c4492.jpg,000000415991,39,Laptop,laptop_tablet,640,640,74,81,470.29,327.91,0.3764960788574219,True,0,fb517851cc026319b93d2e27c49883a8,1,False,False,74,81,544.29,408.91,False,False,False,False,pending,
UNUL01477,UNU-KEY E-Waste Dataset v44,CC BY 4.0,valid,5363,3573,000000148620_jpg.rf.e750c79f6451262ef3c3217a91c3a1cd.jpg,000000148620,39,Laptop,laptop_tablet,640,640,35,260,217.882,174.746,0.09295412102539062,True,0,26d656afbdf63355916344c75626ca34,1,False,False,35,260,252.882,434.746,False,False,False,False,pending,
UNUL01478,UNU-KEY E-Waste Dataset v44,CC BY 4.0,valid,5386,3587,000000551344_jpg.rf.ea27eb1d8ea946abae6b9671f96fa48f.jpg,000000551344,39,Laptop,laptop_tablet,640,640,161,183,210.47,154.63,0.07945550805664063,True,0,267b4eee2e6989d6147f6f6f5e82f000,1,False,False,161,183,371.47,337.63,False,False,False,False,pending,
UNUL01479,UNU-KEY E-Waste Dataset v44,CC BY 4.0,valid,5400,3595,000000534081_jpg.rf.eac8eea4bbdd3c6e9914dd11058a0b86.jpg,000000534081,39,Laptop,laptop_tablet,640,640,142,145,195.86,186.69,0.08927027197265625,True,0,9d573dbd1cde3ad3bdcb1a653507c089,1,False,False,142,145,337.86,331.69,False,False,False,False,pending,
UNUL01480,UNU-KEY E-Waste Dataset v44,CC BY 4.0,valid,5403,3596,Personal-Computer-Acer-1_jpg.rf.eb3e9103a49de9e4837d2bb2732f67dc.jpg,Personal-Computer-Acer-1,39,Laptop,laptop_tablet,640,640,13,134,621.0,366.0,0.5548974609375,False,0,f87ef576181d86a598f7a1a1a8c6e147,1,False,False,13,134,634.0,500.0,False,False,False,False,pending,
UNUL01481,UNU-KEY E-Waste Dataset v44,CC BY 4.0,valid,5472,3634,000000352869_jpg.rf.ed0bb112d777b32944c5370b3206563e.jpg,000000352869,39,Laptop,laptop_tablet,640,640,254,243,172.57,117.299,0.049419649487304686,True,0,c82b92ffb030bd1bed6e502304997e4b,1,False,False,254,243,426.57,360.299,False,True,False,False,pending,
UNUL01482,UNU-KEY E-Waste Dataset v44,CC BY 4.0,valid,5476,3636,000000290549_jpg.rf.ed2426d9f6271a354ae1f85c58929f5c.jpg,000000290549,39,Laptop,laptop_tablet,640,640,342,81,297.61,390.36,0.28363046777343753,True,0,d4bc7ccd3a3833dfd30801dcc3000b4d,1,False,False,342,81,639.61,471.36,False,False,False,False,pending,
UNUL01483,UNU-KEY E-Waste Dataset v44,CC BY 4.0,valid,5515,3663,000000027727_jpg.rf.efd914e555c90f4763db3ce87d65a2a1.jpg,000000027727,39,Laptop,laptop_tablet,640,640,319,185,320.36,284.76,0.22271902734375001,True,0,9fdc2d10799d90cf137caa46cd9c6454,1,False,False,319,185,639.36,469.76,False,False,False,False,pending,
UNUL01484,UNU-KEY E-Waste Dataset v44,CC BY 4.0,valid,5527,3671,000000361578_jpg.rf.efd4f801421b9cfb821f5faf498f3597.jpg,000000361578,39,Laptop,laptop_tablet,640,640,188,236,223.283,188.762,0.10289879308105468,True,0,b616e35bf1e2e9c2390ba51ec93fc01a,1,False,False,188,236,411.283,424.762,False,False,False,False,pending,
UNUL01485,UNU-KEY E-Waste Dataset v44,CC BY 4.0,valid,5531,3673,000000015074_jpg.rf.f0899140e396ad2addb86c45513a4f11.jpg,000000015074,39,Laptop,laptop_tablet,640,640,333,206,225.766,210.675,0.11612122082519533,True,0,15cb5521a036211502ab29a6300935da,1,False,False,333,206,558.766,416.675,False,False,False,False,pending,
UNUL01486,UNU-KEY E-Waste Dataset v44,CC BY 4.0,valid,5565,3701,000000337277_jpg.rf.f2018371b975b5140231bcf3e5387656.jpg,000000337277,39,Laptop,laptop_tablet,640,640,272,256,132.31,130.88,0.04227717968749999,True,0,f2bb8ebe8a5ca75f9e157dac3a76c516,1,False,False,272,256,404.31,386.88,False,True,False,False,pending,
UNUL01487,UNU-KEY E-Waste Dataset v44,CC BY 4.0,valid,5586,3714,000000578775_jpg.rf.f2a9d2053548f9dc0ad16e36b7e60f57.jpg,000000578775,39,Laptop,laptop_tablet,640,640,87,192,403.37,302.53,0.2979285305175781,True,0,513e1b57430f2357b888850dde40c403,1,False,False,87,192,490.37,494.53,False,False,False,False,pending,
UNUL01488,UNU-KEY E-Waste Dataset v44,CC BY 4.0,valid,5594,3720,000000282828_jpg.rf.f395be12e319b8816ce123ee6d2ceca2.jpg,000000282828,39,Laptop,laptop_tablet,640,640,191,131,337.29,381.32,0.3140024970703125,True,0,67491bbc6ba5cf408cdccc68ec7ea6a1,1,False,False,191,131,528.29,512.3199999999999,False,False,False,False,pending,
UNUL01489,UNU-KEY E-Waste Dataset v44,CC BY 4.0,valid,5596,3722,000000466001_jpg.rf.f385aff9aa4f6fedfdad8a3ab9d6e222.jpg,000000466001,39,Laptop,laptop_tablet,640,640,16,154,335.29,279.89,0.22911210473632815,True,0,4aef5a65acfe8477e90afa9645735c2b,1,False,False,16,154,351.29,433.89,False,False,False,False,pending,
UNUL01490,UNU-KEY E-Waste Dataset v44,CC BY 4.0,valid,5640,3750,000000360951_jpg.rf.f48ef153d7aad34ecc0f5f1c020704de.jpg,000000360951,39,Laptop,laptop_tablet,640,640,395,259,196.71,151.61,0.07281055444335938,True,0,ce89f9d9135fcca2bedcdde7229f8dd2,1,False,False,395,259,591.71,410.61,False,False,False,False,pending,
UNUL01491,UNU-KEY E-Waste Dataset v44,CC BY 4.0,valid,5647,3752,000000494427_jpg.rf.f471d6532066f2887d7e8b64dc4fe4e0.jpg,000000494427,39,Laptop,laptop_tablet,640,640,96,20,462.46,499.69,0.5641763608398437,True,0,7367d75952bf2a59e6bed75121d43d67,1,False,False,96,20,558.46,519.69,False,False,False,False,pending,
UNUL01492,UNU-KEY E-Waste Dataset v44,CC BY 4.0,valid,5658,3757,000000531697_jpg.rf.f63757d50c28c5047a7d13548fefaa52.jpg,000000531697,39,Laptop,laptop_tablet,640,640,157,385,226.509,154.035,0.08518143021240233,True,0,7e6cb2eb9ab43e97ae2ab88a426ba313,1,False,False,157,385,383.509,539.035,False,False,False,False,pending,
UNUL01493,UNU-KEY E-Waste Dataset v44,CC BY 4.0,valid,5663,3759,000000064186_jpg.rf.f55637cc2417503ea7a69bd1efd72ece.jpg,000000064186,39,Laptop,laptop_tablet,640,640,224,181,209.254,151.014,0.07714912977539062,True,0,f03484a2c4c34b23363962ec6a4bff6e,1,False,False,224,181,433.254,332.014,False,False,False,False,pending,
UNUL01494,UNU-KEY E-Waste Dataset v44,CC BY 4.0,valid,5699,3791,000000530097_jpg.rf.f74aaa4c74eabb1006b85741f43287eb.jpg,000000530097,39,Laptop,laptop_tablet,640,640,153,190,225.5,235.82,0.1298276611328125,True,0,c256d691cf3ea435440a68358432c523,2,False,False,153,190,378.5,425.82,False,False,False,True,pending,
UNUL01495,UNU-KEY E-Waste Dataset v44,CC BY 4.0,valid,5700,3791,000000530097_jpg.rf.f74aaa4c74eabb1006b85741f43287eb.jpg,000000530097,39,Laptop,laptop_tablet,640,640,120,133,338.25,358.04,0.2956714599609375,True,0,c256d691cf3ea435440a68358432c523,2,False,False,120,133,458.25,491.04,False,False,False,True,pending,
UNUL01496,UNU-KEY E-Waste Dataset v44,CC BY 4.0,valid,5727,3807,Copy-of-IMG_20200328_132119_jpg.rf.f905cea5776de667ec760f845b4374c5.jpg,Copy-of-IMG_20200328_132119,39,Laptop,laptop_tablet,640,640,1,116,520.0,391.0,0.49638671875,False,0,0d886951bb1c4c72aef5cd87d74dcf37,1,False,False,1,116,521.0,507.0,False,False,False,False,pending,
UNUL01497,UNU-KEY E-Waste Dataset v44,CC BY 4.0,valid,5800,3852,000000248631_jpg.rf.fa8063edccc40fca841fbd96d5235775.jpg,000000248631,39,Laptop,laptop_tablet,640,640,3,171,426.06,343.01,0.35679404443359375,True,0,bc679c1751f70ee5ad34b0f280178317,1,False,False,3,171,429.06,514.01,False,False,False,False,pending,
UNUL01498,UNU-KEY E-Waste Dataset v44,CC BY 4.0,valid,5843,3881,000000452272_jpg.rf.fd146da8840dc9b84a54a9d595f4627e.jpg,000000452272,39,Laptop,laptop_tablet,640,640,264,115,115.418,85.21,0.024010663525390625,True,0,52d837c421e427e5ac18833ab24f0e90,1,False,False,264,115,379.418,200.20999999999998,False,True,False,False,pending,
UNUL01499,UNU-KEY E-Waste Dataset v44,CC BY 4.0,valid,5857,3892,000000302030_jpg.rf.fe66381027ce7a039dc6c3466621d0c4.jpg,000000302030,39,Laptop,laptop_tablet,640,640,0,273,226.91,221.44,0.12267321875000001,True,0,f6c14647f009bd3e22ab0f8ee0f1485e,1,False,False,0,273,226.91,494.44,False,False,False,False,pending,
UNUL01500,UNU-KEY E-Waste Dataset v44,CC BY 4.0,valid,5871,3902,000000338954_jpg.rf.fede61a3c3d419c63cf5a68caaf5fd0a.jpg,000000338954,39,Laptop,laptop_tablet,640,640,235,125,72.358,101.875,0.017996755981445314,True,0,8e3a7e2adeefeb2022b881cee5bc46e4,1,False,False,235,125,307.358,226.875,True,False,False,False,review,
UNUL01501,UNU-KEY E-Waste Dataset v44,CC BY 4.0,valid,5892,3919,IMG_20200329_142734_jpg.rf.ffc5cbf997b67ff3245aac48863690cd.jpg,IMG_20200329_142734,39,Laptop,laptop_tablet,640,640,138,34,337.0,312.0,0.25669921875,False,0,7584f939fd04f7eb4ef0ad0c8c37c3ab,2,False,False,138,34,475.0,346.0,False,False,False,True,pending,
UNUL01502,UNU-KEY E-Waste Dataset v44,CC BY 4.0,valid,5893,3919,IMG_20200329_142734_jpg.rf.ffc5cbf997b67ff3245aac48863690cd.jpg,IMG_20200329_142734,39,Laptop,laptop_tablet,640,640,120,311,401.0,329.0,0.32209228515625,False,0,7584f939fd04f7eb4ef0ad0c8c37c3ab,2,False,False,120,311,521.0,640.0,False,False,False,True,pending,
