sample_id,source_dataset,license,original_split,annotation_id,image_id,file_name,source_group_id,original_class_id,original_label,esafe_label,image_width,image_height,bbox_x,bbox_y,bbox_width,bbox_height,bbox_area_ratio,has_segmentation,iscrowd,image_md5,phone_count_in_image,other_annotated_classes,has_other_annotated_classes,tiny_object_flag,very_large_object_flag,multi_phone_image,source_group_cross_split,bbox_xmin,bbox_ymin,bbox_xmax,bbox_ymax,preprocessing_status
UNUM00001,UNU-KEY E-Waste Dataset v44,CC BY 4.0,test,16,12,553_jpg.rf.0385c96b020b4a85685dd3573067b2b3.jpg,553,61,Smartphone,mobile_phone,640,640,141,50,359.0,507.0,0.44436767578125,False,0,c223aced21f49eda379425d5f908fc65,1,,False,False,False,False,True,141,50,500.0,557.0,pending_review
UNUM00002,UNU-KEY E-Waste Dataset v44,CC BY 4.0,test,46,32,samsung-galaxy-a54-5g-1-_jpeg.rf.053f270fbb010d2c2b0e29076f064b24.jpg,samsung-galaxy-a54-5g-1-,61,Smartphone,mobile_phone,640,640,178,106,278.4,426.667,0.29000022656249996,True,0,6a6a2c7c12427568e217c3e0c88a3a3f,1,,False,False,False,False,False,178,106,456.4,532.6669999999999,pending_review
UNUM00003,UNU-KEY E-Waste Dataset v44,CC BY 4.0,test,48,34,IMG-20200328-WA0031_jpg.rf.047d06107eac34f4a54dd1c9cf8372a7.jpg,IMG-20200328-WA0031,61,Smartphone,mobile_phone,640,640,174,62,275.0,536.0,0.35986328125,False,0,d0bc139cfc1f729d154fb2b135fe71b2,1,,False,False,False,False,True,174,62,449.0,598.0,pending_review
UNUM00004,UNU-KEY E-Waste Dataset v44,CC BY 4.0,test,86,41,000000518080_jpg.rf.04393a45d8424902800a1a72f73dd27f.jpg,000000518080,61,Smartphone,mobile_phone,640,640,437,451,67.49,36.73,0.006052020751953125,True,0,a3f94808a46461764be45c8e0ef01f28,1,Flat-Panel-Monitor; Laptop,True,True,False,False,False,437,451,504.49,487.73,pending_review
UNUM00005,UNU-KEY E-Waste Dataset v44,CC BY 4.0,test,135,80,IMG_20200328_131720_jpg.rf.0ad012be39aa66620a8c8f250138de40.jpg,IMG_20200328_131720,61,Smartphone,mobile_phone,640,640,277,36,81.0,335.0,0.06624755859375,False,0,83d1040535c15713ca3acf372e4ab83f,1,,False,False,False,False,False,277,36,358.0,371.0,pending_review
UNUM00006,UNU-KEY E-Waste Dataset v44,CC BY 4.0,test,216,130,8c44955222df1f1c_jpg.rf.10ea7c5d1193f507844c129962f1e5f8.jpg,8c44955222df1f1c,61,Smartphone,mobile_phone,640,640,81,98,320.0,462.0,0.3609375,False,0,231bd7d8a05b94217de252e2244911c1,1,,False,False,False,False,False,81,98,401.0,560.0,pending_review
UNUM00007,UNU-KEY E-Waste Dataset v44,CC BY 4.0,test,224,135,000000505043_jpg.rf.120702e8e3fc8a97b7d3b11aefe99d7b.jpg,000000505043,61,Smartphone,mobile_phone,640,640,557,424,52.71,18.95,0.002438609619140625,True,0,d4495114b08e4c0a441c474c2ecd6017,1,Computer-Keyboard; Computer-Mouse; Flat-Panel-Monitor; Laptop,True,True,False,False,False,557,424,609.71,442.95,pending_review
UNUM00008,UNU-KEY E-Waste Dataset v44,CC BY 4.0,test,235,139,528_jpeg.rf.11dd7d54c31c7b3bb0f27ffdeb402ed0.jpg,528,61,Smartphone,mobile_phone,640,640,264,251,128.0,225.0,0.0703125,False,0,707da1dfff32595d6d050360a6f4c99f,1,,False,False,False,False,True,264,251,392.0,476.0,pending_review
UNUM00009,UNU-KEY E-Waste Dataset v44,CC BY 4.0,test,237,141,IMG_20200329_152625_jpg.rf.11ee0f5be3aa974ae445197efbb31373.jpg,IMG_20200329_152625,61,Smartphone,mobile_phone,640,640,138,225,369.0,201.0,0.18107666015625,False,0,bb84baffdd0f080437fcd1b0d0660595,2,,False,False,False,True,True,138,225,507.0,426.0,pending_review
UNUM00010,UNU-KEY E-Waste Dataset v44,CC BY 4.0,test,238,141,IMG_20200329_152625_jpg.rf.11ee0f5be3aa974ae445197efbb31373.jpg,IMG_20200329_152625,61,Smartphone,mobile_phone,640,640,159,78,295.0,145.0,0.10443115234375,False,0,bb84baffdd0f080437fcd1b0d0660595,2,,False,False,False,True,True,159,78,454.0,223.0,pending_review
UNUM00011,UNU-KEY E-Waste Dataset v44,CC BY 4.0,test,241,144,517_jpg.rf.1059780725d8d96bfa370a9f24c162b1.jpg,517,61,Smartphone,mobile_phone,640,640,143,81,356.0,382.0,0.33201171875,False,0,6ef7142d0425293c06ee00dcdfcc32da,1,,False,False,False,False,True,143,81,499.0,463.0,pending_review
UNUM00012,UNU-KEY E-Waste Dataset v44,CC BY 4.0,test,244,147,70_jpg.rf.127981507cf6ec84c69661c6677cb3cf.jpg,70,61,Smartphone,mobile_phone,640,640,113,30,322.7,396.962,0.3127432553710937,True,0,8ec92e8d6ccac86b5956406386456e71,1,,False,False,False,False,False,113,30,435.7,426.962,pending_review
UNUM00013,UNU-KEY E-Waste Dataset v44,CC BY 4.0,test,291,180,SDSAC-5716-A54-HP-Hero-Carousel-DT-1440x640-1-_jpeg.rf.176616c89c0439fead426114cdf842e4.jpg,SDSAC-5716-A54-HP-Hero-Carousel-DT-1440x640-1-,61,Smartphone,mobile_phone,640,640,469,213,99.795,206.149,0.050226170544433596,True,0,e10a74ccb70a6b3cfeb215406b7699e9,2,,False,False,False,True,False,469,213,568.795,419.149,pending_review
UNUM00014,UNU-KEY E-Waste Dataset v44,CC BY 4.0,test,292,180,SDSAC-5716-A54-HP-Hero-Carousel-DT-1440x640-1-_jpeg.rf.176616c89c0439fead426114cdf842e4.jpg,SDSAC-5716-A54-HP-Hero-Carousel-DT-1440x640-1-,61,Smartphone,mobile_phone,640,640,404,211,65.0,206.0,0.0326904296875,False,0,e10a74ccb70a6b3cfeb215406b7699e9,2,,False,False,False,True,False,404,211,469.0,417.0,pending_review
UNUM00015,UNU-KEY E-Waste Dataset v44,CC BY 4.0,test,304,187,IMG_20200329_152635_jpg.rf.191fcac68e663a7dd071aa38f0aee934.jpg,IMG_20200329_152635,61,Smartphone,mobile_phone,640,640,169,201,323.0,179.0,0.14115478515625,False,0,0242a03e88498d745ed4d324cbeefd84,2,,False,False,False,True,True,169,201,492.0,380.0,pending_review
UNUM00016,UNU-KEY E-Waste Dataset v44,CC BY 4.0,test,305,187,IMG_20200329_152635_jpg.rf.191fcac68e663a7dd071aa38f0aee934.jpg,IMG_20200329_152635,61,Smartphone,mobile_phone,640,640,185,390,303.0,178.0,0.1316748046875,False,0,0242a03e88498d745ed4d324cbeefd84,2,,False,False,False,True,True,185,390,488.0,568.0,pending_review
UNUM00017,UNU-KEY E-Waste Dataset v44,CC BY 4.0,test,341,211,500_jpeg.rf.1cff31ee7d91ad982a56ded113722fc1.jpg,500,61,Smartphone,mobile_phone,640,640,213,126,211.0,313.0,0.16123779296875,False,0,425a33cc7abbb027cf94702d8735bac8,1,,False,False,False,False,True,213,126,424.0,439.0,pending_review
UNUM00018,UNU-KEY E-Waste Dataset v44,CC BY 4.0,test,389,253,IMG_20200328_131510_jpg.rf.20287ab7a4686d27e3f4535eca645c14.jpg,IMG_20200328_131510,61,Smartphone,mobile_phone,640,640,172,210,436.0,195.0,0.207568359375,False,0,69a69e036a867bb6d6a454555f720d2b,1,,False,False,False,False,False,172,210,608.0,405.0,pending_review
UNUM00019,UNU-KEY E-Waste Dataset v44,CC BY 4.0,test,446,287,583_jpeg.rf.26175553fe174421233e4a47b6cc809f.jpg,583,61,Smartphone,mobile_phone,640,640,163,115,275.0,502.0,0.3370361328125,False,0,937d69121489e8bc4fb44e8427b7cd5d,1,,False,False,False,False,False,163,115,438.0,617.0,pending_review
UNUM00020,UNU-KEY E-Waste Dataset v44,CC BY 4.0,test,467,304,eb4f949fde4a9cd9_jpg.rf.28decba3bae33f272c2b080cb8090cc2.jpg,eb4f949fde4a9cd9,61,Smartphone,mobile_phone,640,640,11,87,627.0,439.0,0.67200439453125,False,0,6a83dbae15042d5bc4081776c28bbebf,1,,False,False,False,False,False,11,87,638.0,526.0,pending_review
UNUM00021,UNU-KEY E-Waste Dataset v44,CC BY 4.0,test,469,306,Copy-of-IMG_20200328_135507_jpg.rf.281440f58716857c582706175af923eb.jpg,Copy-of-IMG_20200328_135507,61,Smartphone,mobile_phone,640,640,42,229,598.0,224.0,0.32703125,False,0,bfa813edf394302bb6371b67f31681e9,1,,False,False,False,False,True,42,229,640.0,453.0,pending_review
UNUM00022,UNU-KEY E-Waste Dataset v44,CC BY 4.0,test,497,324,6ac44be6eda37413_jpg.rf.298defc7e13055579cd574755a539b4f.jpg,6ac44be6eda37413,61,Smartphone,mobile_phone,640,640,9,3,300.0,577.0,0.422607421875,False,0,346c3bfaa600d1f112e5eb17f2fb9cc5,2,,False,False,False,True,False,9,3,309.0,580.0,pending_review
UNUM00023,UNU-KEY E-Waste Dataset v44,CC BY 4.0,test,498,324,6ac44be6eda37413_jpg.rf.298defc7e13055579cd574755a539b4f.jpg,6ac44be6eda37413,61,Smartphone,mobile_phone,640,640,333,2,296.0,584.0,0.42203125,False,0,346c3bfaa600d1f112e5eb17f2fb9cc5,2,,False,False,False,True,False,333,2,629.0,586.0,pending_review
UNUM00024,UNU-KEY E-Waste Dataset v44,CC BY 4.0,test,507,329,086dc776cf482d37_jpg.rf.2b75018d1e667c2e3ade061f8329dc2c.jpg,086dc776cf482d37,61,Smartphone,mobile_phone,640,640,18,0,527.0,640.0,0.8234375,False,0,ee5ff60c881e8b3caa028002cc8da97c,1,,False,False,True,False,False,18,0,545.0,640.0,pending_review
UNUM00025,UNU-KEY E-Waste Dataset v44,CC BY 4.0,test,529,344,2_jpg.rf.2c9a9073bf6fff068df004517b3816f2.jpg,2,61,Smartphone,mobile_phone,640,640,252,39,292.121,389.091,0.27749426760498047,True,0,5f30d94d08ab45b1b33b9916e8c39ae8,2,,False,False,False,True,False,252,39,544.121,428.091,pending_review
UNUM00026,UNU-KEY E-Waste Dataset v44,CC BY 4.0,test,530,344,2_jpg.rf.2c9a9073bf6fff068df004517b3816f2.jpg,2,61,Smartphone,mobile_phone,640,640,76,104,292.121,397.576,0.2835456511132812,True,0,5f30d94d08ab45b1b33b9916e8c39ae8,2,,False,False,False,True,False,76,104,368.121,501.576,pending_review
UNUM00027,UNU-KEY E-Waste Dataset v44,CC BY 4.0,test,534,348,515_jpg.rf.2ca3af8512850ace590d890ea5b366dc.jpg,515,61,Smartphone,mobile_phone,640,640,114,27,406.0,500.0,0.49560546875,False,0,d3854d73791ee9ac319dab970681d171,1,,False,False,False,False,True,114,27,520.0,527.0,pending_review
UNUM00028,UNU-KEY E-Waste Dataset v44,CC BY 4.0,test,542,355,71_jpg.rf.2ef12493b33b4b5c1835613fdc843b6b.jpg,71,61,Smartphone,mobile_phone,640,640,40,243,547.044,197.429,0.2636776120019531,True,0,94f26cb4421ec48c486652620562fb69,1,,False,False,False,False,False,40,243,587.044,440.429,pending_review
UNUM00029,UNU-KEY E-Waste Dataset v44,CC BY 4.0,test,599,399,000000343849_jpg.rf.340b462231925326671435b7f6739d95.jpg,000000343849,61,Smartphone,mobile_phone,640,640,351,356,33.31,44.7,0.00363514892578125,True,0,1d96334a1f7d8f14c2eb799d60e9769e,1,Computer-Mouse; Laptop,True,True,False,False,False,351,356,384.31,400.7,pending_review
UNUM00030,UNU-KEY E-Waste Dataset v44,CC BY 4.0,test,629,421,51ee300dd4810f51_jpg.rf.370bafdc59b74c302621359509c20743.jpg,51ee300dd4810f51,61,Smartphone,mobile_phone,640,640,110,52,415.0,515.0,0.52178955078125,False,0,f16bb850cebbd1ef49c31d4af6c779ed,1,,False,False,False,False,False,110,52,525.0,567.0,pending_review
UNUM00031,UNU-KEY E-Waste Dataset v44,CC BY 4.0,test,772,521,Copy-of-IMG_20200328_135512_jpg.rf.41c62c1163603cf696d5619a95f96fe4.jpg,Copy-of-IMG_20200328_135512,61,Smartphone,mobile_phone,640,640,3,195,637.0,244.0,0.379462890625,False,0,e0952fd8d16b0e1fea65724cd247a22c,1,,False,False,False,False,True,3,195,640.0,439.0,pending_review
UNUM00032,UNU-KEY E-Waste Dataset v44,CC BY 4.0,test,773,522,000000423343_jpg.rf.442a4d0aea03791a23ca869db681ac9f.jpg,000000423343,2,Bar-Phone,mobile_phone,640,640,40,303,117.67,108.531,0.031178815356445316,True,0,1782b8875f013532b7f90e78d0ccdbfe,1,Laptop,True,False,False,False,False,40,303,157.67000000000002,411.531,pending_review
UNUM00033,UNU-KEY E-Waste Dataset v44,CC BY 4.0,test,811,556,583_jpeg.rf.497868f363e116b47f9590d4132a26d1.jpg,583,61,Smartphone,mobile_phone,640,640,163,115,275.0,502.0,0.3370361328125,False,0,937d69121489e8bc4fb44e8427b7cd5d,1,,False,False,False,False,False,163,115,438.0,617.0,pending_review
UNUM00034,UNU-KEY E-Waste Dataset v44,CC BY 4.0,test,840,582,0bccf77baa84e121_jpg.rf.4c6f17eb3c15e196c0fa06f78564902e.jpg,0bccf77baa84e121,61,Smartphone,mobile_phone,640,640,177,329,258.0,138.0,0.086923828125,False,0,8a89d0130c8c71cb2c360e0795fc87cc,1,,False,False,False,False,False,177,329,435.0,467.0,pending_review
UNUM00035,UNU-KEY E-Waste Dataset v44,CC BY 4.0,test,846,588,466_jpeg.rf.4c65c23901d559a7f2043d765d8add75.jpg,466,61,Smartphone,mobile_phone,640,640,177,155,240.0,483.0,0.2830078125,False,0,1c17ad131b10be6f81e7d463b6a4c290,1,,False,False,False,False,True,177,155,417.0,638.0,pending_review
UNUM00036,UNU-KEY E-Waste Dataset v44,CC BY 4.0,test,886,621,23ed6b92418d3de9_jpg.rf.5185ccb0925d0836b49d8095bd71dd5b.jpg,23ed6b92418d3de9,61,Smartphone,mobile_phone,640,640,139,328,376.0,168.0,0.15421875,False,0,1ff7de1e27debb0e4f344d4845f12656,1,Tablet,True,False,False,False,False,139,328,515.0,496.0,pending_review
UNUM00037,UNU-KEY E-Waste Dataset v44,CC BY 4.0,test,899,631,Copy-of-IMG_20200328_135435_jpg.rf.5126427603c516c99523712a84366328.jpg,Copy-of-IMG_20200328_135435,61,Smartphone,mobile_phone,640,640,247,74,224.0,449.0,0.245546875,False,0,04ccd49fe0ef82f677af5da47db3f70e,1,,False,False,False,False,True,247,74,471.0,523.0,pending_review
UNUM00038,UNU-KEY E-Waste Dataset v44,CC BY 4.0,test,914,643,485_jpg.rf.558c64da2a057a9b1dbb0e6087191502.jpg,485,61,Smartphone,mobile_phone,640,640,160,75,332.0,484.0,0.3923046875,False,0,285f099e9f8aa8a3018cc94d30d521a6,1,,False,False,False,False,True,160,75,492.0,559.0,pending_review
UNUM00039,UNU-KEY E-Waste Dataset v44,CC BY 4.0,test,919,647,Phone-Camera-Webcam-Gear-GettyImages-1241495650-1-_jpeg.rf.569981eb6a605b11e272ed86de594269.jpg,Phone-Camera-Webcam-Gear-GettyImages-1241495650-1-,61,Smartphone,mobile_phone,640,640,5,149,584.267,385.067,0.5492723166235352,True,0,dbaa146c991da0a60d71b3e881765725,1,,False,False,False,False,False,5,149,589.267,534.067,pending_review
UNUM00040,UNU-KEY E-Waste Dataset v44,CC BY 4.0,test,946,668,579_jpeg.rf.59b128d20bd98f7671f6a5d3a0b88edf.jpg,579,61,Smartphone,mobile_phone,640,640,42,170,598.0,283.0,0.4131689453125,False,0,d899794be9ad73dba98270d44a0ec7c7,1,,False,False,False,False,True,42,170,640.0,453.0,pending_review
UNUM00041,UNU-KEY E-Waste Dataset v44,CC BY 4.0,test,958,678,LG-G8X-review-India-pros-cons-faq-6_jpeg.rf.5a7e0d96a9848f84e95de33e1c2e68ba.jpg,LG-G8X-review-India-pros-cons-faq-6,61,Smartphone,mobile_phone,640,640,292,187,133.0,273.0,0.08864501953125,False,0,cd2aac5e9f9ff82cebe6bf5d4935238a,2,,False,False,False,True,False,292,187,425.0,460.0,pending_review
UNUM00042,UNU-KEY E-Waste Dataset v44,CC BY 4.0,test,959,678,LG-G8X-review-India-pros-cons-faq-6_jpeg.rf.5a7e0d96a9848f84e95de33e1c2e68ba.jpg,LG-G8X-review-India-pros-cons-faq-6,61,Smartphone,mobile_phone,640,640,429,182,145.0,288.0,0.101953125,False,0,cd2aac5e9f9ff82cebe6bf5d4935238a,2,,False,False,False,True,False,429,182,574.0,470.0,pending_review
UNUM00043,UNU-KEY E-Waste Dataset v44,CC BY 4.0,test,980,688,000000482974_jpg.rf.59f095137f980d221f106803553f4df8.jpg,000000482974,61,Smartphone,mobile_phone,640,640,439,274,22.52,38.18,0.002099154296875,True,0,70493253560d31fea743e62e166c9f41,1,Computer-Keyboard; Computer-Mouse; Laptop,True,True,False,False,False,439,274,461.52,312.18,pending_review
UNUM00044,UNU-KEY E-Waste Dataset v44,CC BY 4.0,test,1072,746,487_jpeg.rf.62c9e18289324fb14d300fd0f298c42f.jpg,487,61,Smartphone,mobile_phone,640,640,194,108,167.0,306.0,0.1247607421875,False,0,7534bd5c745604a3a659f85094e577b4,1,,False,False,False,False,True,194,108,361.0,414.0,pending_review
UNUM00045,UNU-KEY E-Waste Dataset v44,CC BY 4.0,test,1096,762,577_jpeg.rf.662a3254534550b07d3d9be55ac80892.jpg,577,61,Smartphone,mobile_phone,640,640,195,23,325.0,617.0,0.48956298828125,False,0,998647dbb299b1902972eac2ef2351ad,1,,False,False,False,False,True,195,23,520.0,640.0,pending_review
UNUM00046,UNU-KEY E-Waste Dataset v44,CC BY 4.0,test,1102,768,16_jpg.rf.67a131943e1885fa0eee081a0ffbdb15.jpg,16,61,Smartphone,mobile_phone,640,640,265,94,158.041,393.143,0.15169119351318358,True,0,d41eb5d0ce585c7fc6d108fe752fc4ba,1,,False,False,False,False,False,265,94,423.041,487.143,pending_review
UNUM00047,UNU-KEY E-Waste Dataset v44,CC BY 4.0,test,1103,769,483_jpg.rf.6552f36287a68e0fbccd65292498d9b7.jpg,483,61,Smartphone,mobile_phone,640,640,4,141,548.0,200.0,0.267578125,False,0,46cca439ec13508cdf86c23dd254b9cd,1,,False,False,False,False,True,4,141,552.0,341.0,pending_review
UNUM00048,UNU-KEY E-Waste Dataset v44,CC BY 4.0,test,1110,776,Copy-of-IMG_20200328_135312_jpg.rf.67b01c995a184d832da5254b5d0015fa.jpg,Copy-of-IMG_20200328_135312,61,Smartphone,mobile_phone,640,640,1,215,546.0,258.0,0.343916015625,False,0,3233c9e4c3fbfe8fbd9ea7528240bb1d,1,,False,False,False,False,True,1,215,547.0,473.0,pending_review
UNUM00049,UNU-KEY E-Waste Dataset v44,CC BY 4.0,test,1118,783,452_jpeg.rf.699fcdb42648585d1177208f23da21ee.jpg,452,61,Smartphone,mobile_phone,640,640,216,71,270.0,443.0,0.2920166015625,False,0,f0ffbb5e9bbf53120def009f10c09aa8,1,,False,False,False,False,True,216,71,486.0,514.0,pending_review
UNUM00050,UNU-KEY E-Waste Dataset v44,CC BY 4.0,test,1144,798,584_jpeg.rf.6b53595e43d0606a13bc057bd73b3bf9.jpg,584,61,Smartphone,mobile_phone,640,640,93,206,436.0,221.0,0.235244140625,False,0,ec96590e4df570d79b040e1726be3aed,1,,False,False,False,False,True,93,206,529.0,427.0,pending_review
UNUM00051,UNU-KEY E-Waste Dataset v44,CC BY 4.0,test,1145,799,552_jpg.rf.6add6b0be492f1ecd2773eb50c7201b6.jpg,552,61,Smartphone,mobile_phone,640,640,4,157,636.0,172.0,0.2670703125,False,0,022abcc27b817b9a25e8439dff2654bc,1,,False,False,False,False,True,4,157,640.0,329.0,pending_review
UNUM00052,UNU-KEY E-Waste Dataset v44,CC BY 4.0,test,1149,803,OIP-g2DZKejia6JT0KEUifurQgHaL3_jpg.rf.6bf1e562bda46d5062befbf7001c7946.jpg,OIP-g2DZKejia6JT0KEUifurQgHaL3,61,Smartphone,mobile_phone,640,640,206,67,225.794,475.514,0.26212941434570314,True,0,02890a3a16821a064ccab7f92bdef86a,1,,False,False,False,False,False,206,67,431.794,542.514,pending_review
UNUM00053,UNU-KEY E-Waste Dataset v44,CC BY 4.0,test,1156,807,32fa8abd1f683638_jpg.rf.6c527afe2657944015238c78994c0e00.jpg,32fa8abd1f683638,61,Smartphone,mobile_phone,640,640,245,81,223.0,416.0,0.226484375,False,0,eaeaf02159859952cb61ff7d9777aedc,1,,False,False,False,False,False,245,81,468.0,497.0,pending_review
UNUM00054,UNU-KEY E-Waste Dataset v44,CC BY 4.0,test,1159,809,000000048900_jpg.rf.6bf2ccc58348bfdb83cfcbedc1414814.jpg,000000048900,61,Smartphone,mobile_phone,640,640,418,563,79.03,77.27,0.014908808837890624,True,0,c39c59eac069a2acc47d9dc8b6f9297a,1,Computer-Keyboard; Flat-Panel-Monitor; Laptop,True,True,False,False,False,418,563,497.03,640.27,pending_review
UNUM00055,UNU-KEY E-Waste Dataset v44,CC BY 4.0,test,1167,813,504_jpeg.rf.6dadecb06a4dde3adfda3979f6add91d.jpg,504,61,Smartphone,mobile_phone,640,640,148,35,295.0,519.0,0.37379150390625,False,0,4ad8997a2f7419da78108f8aa88c2434,1,,False,False,False,False,True,148,35,443.0,554.0,pending_review
UNUM00056,UNU-KEY E-Waste Dataset v44,CC BY 4.0,test,1208,850,WhatsApp-Video-2023-09-09-at-10_00_52-PM_mp4-19_jpg.rf.720db2db8fcf51d722d2b8117a45d160.jpg,WhatsApp-Video-2023-09-09-at-10_00_52-PM_mp4-19,2,Bar-Phone,mobile_phone,640,640,255,303,150.0,284.0,0.10400390625,False,0,250e6c760e6d5ae1f688b53ba12b54c3,1,,False,False,False,False,False,255,303,405.0,587.0,pending_review
UNUM00057,UNU-KEY E-Waste Dataset v44,CC BY 4.0,test,1209,851,04oGNFFyHwyTgNIryLP66xs-6-v1633002096_jpeg.rf.70afe7e71d74bb9c97a4877cd484240f.jpg,04oGNFFyHwyTgNIryLP66xs-6-v1633002096,61,Smartphone,mobile_phone,640,640,156,183,145.667,286.667,0.1019480514868164,True,0,dac92a199cd86985f994825ee9f79d24,2,,False,False,False,True,False,156,183,301.66700000000003,469.667,pending_review
UNUM00058,UNU-KEY E-Waste Dataset v44,CC BY 4.0,test,1210,851,04oGNFFyHwyTgNIryLP66xs-6-v1633002096_jpeg.rf.70afe7e71d74bb9c97a4877cd484240f.jpg,04oGNFFyHwyTgNIryLP66xs-6-v1633002096,61,Smartphone,mobile_phone,640,640,319,160,163.333,319.667,0.12747111843505857,True,0,dac92a199cd86985f994825ee9f79d24,2,,False,False,False,True,False,319,160,482.33299999999997,479.667,pending_review
UNUM00059,UNU-KEY E-Waste Dataset v44,CC BY 4.0,test,1219,859,313_jpeg.rf.7168de3b371bd111533d7848a0ff8b37.jpg,313,61,Smartphone,mobile_phone,640,640,487,387,153.0,112.0,0.0418359375,False,0,4978954d2bc891dad79b2e3250926431,1,Laptop,True,False,False,False,True,487,387,640.0,499.0,pending_review
UNUM00060,UNU-KEY E-Waste Dataset v44,CC BY 4.0,test,1224,863,589_jpeg.rf.73629ef8acb6282d98f07b9e5cc45c2f.jpg,589,61,Smartphone,mobile_phone,640,640,123,173,489.0,272.0,0.3247265625,False,0,28982bf89b128e2eb23d0d5b1142bbaa,1,,False,False,False,False,True,123,173,612.0,445.0,pending_review
UNUM00061,UNU-KEY E-Waste Dataset v44,CC BY 4.0,test,1249,887,72_jpg.rf.75c0572d6839a5eb8575260bd61c3777.jpg,72,61,Smartphone,mobile_phone,640,640,60,95,521.664,455.593,0.58024039734375,True,0,c6af9da474c1ff5511875ad7a97a1d26,1,,False,False,False,False,False,60,95,581.664,550.5930000000001,pending_review
UNUM00062,UNU-KEY E-Waste Dataset v44,CC BY 4.0,test,1287,914,d7b25a3a2aa46b4f_jpg.rf.7b089cb00d7d254f6fef61b3b6caf8ea.jpg,d7b25a3a2aa46b4f,61,Smartphone,mobile_phone,640,640,204,154,233.0,329.0,0.18715087890625,False,0,3dde50289215c61e7958050b48ae601c,1,,False,False,False,False,False,204,154,437.0,483.0,pending_review
UNUM00063,UNU-KEY E-Waste Dataset v44,CC BY 4.0,test,1291,915,000000234236_jpg.rf.7b31483ea1a354b6209ee4882996ee51.jpg,000000234236,61,Smartphone,mobile_phone,640,640,423,312,47.29,73.41,0.008475485595703125,True,0,d65d317a8d1ba8820d1329a4d65cc65a,1,Computer-Mouse; Flat-Panel-Monitor; Laptop,True,True,False,False,False,423,312,470.29,385.40999999999997,pending_review
UNUM00064,UNU-KEY E-Waste Dataset v44,CC BY 4.0,test,1322,942,458_jpeg.rf.7cb4d0dea9cbe204e67d84aa022c411c.jpg,458,61,Smartphone,mobile_phone,640,640,121,208,238.0,432.0,0.251015625,False,0,cd48cb39e5eabc029dde4c5d6a54e312,1,,False,False,False,False,True,121,208,359.0,640.0,pending_review
UNUM00065,UNU-KEY E-Waste Dataset v44,CC BY 4.0,test,1478,1034,27effe68086c20ef_jpg.rf.886f8444a37bc2abaff65c98d0d98eaa.jpg,27effe68086c20ef,61,Smartphone,mobile_phone,640,640,119,9,328.0,630.0,0.5044921875,False,0,1a46fcaab64dc6dd51814fe6e673332c,1,,False,False,False,False,False,119,9,447.0,639.0,pending_review
UNUM00066,UNU-KEY E-Waste Dataset v44,CC BY 4.0,test,1479,1035,000000282998_jpg.rf.877c8b8f7846609e84ac50c8b31305f1.jpg,000000282998,61,Smartphone,mobile_phone,640,640,271,205,18.0,16.72,0.000734765625,True,0,099a8a378a4954235672820f3d245156,1,Laptop,True,True,False,False,False,271,205,289.0,221.72,pending_review
UNUM00067,UNU-KEY E-Waste Dataset v44,CC BY 4.0,test,1481,1036,WhatsApp-Video-2023-09-09-at-10_00_52-PM_mp4-48_jpg.rf.89b056f71618db6918b38219738e83a0.jpg,WhatsApp-Video-2023-09-09-at-10_00_52-PM_mp4-48,2,Bar-Phone,mobile_phone,640,640,306,185,153.0,350.0,0.1307373046875,False,0,3dc865be00208c6dac63fcb6b748abf7,1,,False,False,False,False,False,306,185,459.0,535.0,pending_review
UNUM00068,UNU-KEY E-Waste Dataset v44,CC BY 4.0,test,1482,1037,700ae7809d70d38e_jpg.rf.89289897821ebe3442142e2c86944abd.jpg,700ae7809d70d38e,61,Smartphone,mobile_phone,640,640,54,224,219.0,191.0,0.10212158203125,False,0,f92db650797ac57ea27736da9d9be14e,2,,False,False,False,True,False,54,224,273.0,415.0,pending_review
UNUM00069,UNU-KEY E-Waste Dataset v44,CC BY 4.0,test,1483,1037,700ae7809d70d38e_jpg.rf.89289897821ebe3442142e2c86944abd.jpg,700ae7809d70d38e,61,Smartphone,mobile_phone,640,640,369,240,212.0,179.0,0.092646484375,False,0,f92db650797ac57ea27736da9d9be14e,2,,False,False,False,True,False,369,240,581.0,419.0,pending_review
UNUM00070,UNU-KEY E-Waste Dataset v44,CC BY 4.0,test,1539,1074,2879b0e7bff64a986c42dc7934bfd569_png.rf.8cd2d2ced921f1a457ae7b1c973e4988.jpg,2879b0e7bff64a986c42dc7934bfd569,61,Smartphone,mobile_phone,640,640,282,322,357.926,211.852,0.18512533923828126,True,0,26b6f252b432442bd4142b326461f73c,2,,False,False,False,True,False,282,322,639.9259999999999,533.852,pending_review
UNUM00071,UNU-KEY E-Waste Dataset v44,CC BY 4.0,test,1540,1074,2879b0e7bff64a986c42dc7934bfd569_png.rf.8cd2d2ced921f1a457ae7b1c973e4988.jpg,2879b0e7bff64a986c42dc7934bfd569,61,Smartphone,mobile_phone,640,640,21,411,394.37,122.963,0.11839091384277343,True,0,26b6f252b432442bd4142b326461f73c,2,,False,False,False,True,False,21,411,415.37,533.963,pending_review
UNUM00072,UNU-KEY E-Waste Dataset v44,CC BY 4.0,test,1553,1086,e710ca5178b0d562_jpg.rf.8dad7b290fd77499a2e386e9b4a5cc8c.jpg,e710ca5178b0d562,61,Smartphone,mobile_phone,640,640,115,140,398.0,394.0,0.382841796875,False,0,f3f795c272d8b046969d97eb884cb4eb,1,,False,False,False,False,False,115,140,513.0,534.0,pending_review
UNUM00073,UNU-KEY E-Waste Dataset v44,CC BY 4.0,test,1590,1122,544_jpeg.rf.9215acee01d42a7c8d89e3b49bb2e395.jpg,544,61,Smartphone,mobile_phone,640,640,85,235,334.0,184.0,0.1500390625,False,0,3201df6f68bd02774144882d0db97feb,1,,False,False,False,False,True,85,235,419.0,419.0,pending_review
UNUM00074,UNU-KEY E-Waste Dataset v44,CC BY 4.0,test,1599,1130,8_jpg.rf.92b3fdb94b073a76edee32b6fc95b1ed.jpg,8,61,Smartphone,mobile_phone,640,640,28,107,328.92,327.805,0.26323637841796876,True,0,d55765d95e4c8236c70c328cc0bfa0ff,2,,False,False,False,True,False,28,107,356.92,434.805,pending_review
UNUM00075,UNU-KEY E-Waste Dataset v44,CC BY 4.0,test,1600,1130,8_jpg.rf.92b3fdb94b073a76edee32b6fc95b1ed.jpg,8,61,Smartphone,mobile_phone,640,640,239,168,318.885,357.909,0.2786421178344726,True,0,d55765d95e4c8236c70c328cc0bfa0ff,2,,False,False,False,True,False,239,168,557.885,525.909,pending_review
UNUM00076,UNU-KEY E-Waste Dataset v44,CC BY 4.0,test,1613,1143,4efce1948077f0398e87369a41a8f503_jpeg.rf.9635efb352c0ed85ebc6881258a815c7.jpg,4efce1948077f0398e87369a41a8f503,61,Smartphone,mobile_phone,640,640,257,37,257.778,548.741,0.34534511107910154,True,0,4bc431511edb3831049c1332017d7ef2,2,,False,False,False,True,False,257,37,514.778,585.741,pending_review
UNUM00077,UNU-KEY E-Waste Dataset v44,CC BY 4.0,test,1614,1143,4efce1948077f0398e87369a41a8f503_jpeg.rf.9635efb352c0ed85ebc6881258a815c7.jpg,4efce1948077f0398e87369a41a8f503,61,Smartphone,mobile_phone,640,640,129,37,151.704,551.111,0.20411558384765627,True,0,4bc431511edb3831049c1332017d7ef2,2,,False,False,False,True,False,129,37,280.704,588.111,pending_review
UNUM00078,UNU-KEY E-Waste Dataset v44,CC BY 4.0,test,1677,1182,WhatsApp-Video-2023-09-09-at-10_00_52-PM_mp4-40_jpg.rf.9b956600c9a6497463d6d99cd73896ea.jpg,WhatsApp-Video-2023-09-09-at-10_00_52-PM_mp4-40,2,Bar-Phone,mobile_phone,640,640,279,149,160.0,366.0,0.14296875,False,0,1c4adcf1e1441b8b754be10d9890f839,1,,False,False,False,False,False,279,149,439.0,515.0,pending_review
UNUM00079,UNU-KEY E-Waste Dataset v44,CC BY 4.0,test,1715,1195,013113smartphonescreens10_jpg.rf.9c7b9a953c86d51c973e9180de19a294.jpg,013113smartphonescreens10,61,Smartphone,mobile_phone,640,640,215,114,214.0,411.0,0.2147314453125,True,0,e146516002fce2b6ed1fa9798467df58,1,,False,False,False,False,False,215,114,429.0,525.0,pending_review
UNUM00080,UNU-KEY E-Waste Dataset v44,CC BY 4.0,test,1724,1199,000000153856_jpg.rf.9d0be4953466103f07510840c89f424f.jpg,000000153856,61,Smartphone,mobile_phone,640,640,153,270,28.02,65.24,0.004462951171875,True,0,1f01d9790fb0dc7c6e481fa0355a78c2,1,Computer-Keyboard; Computer-Mouse; Flat-Panel-Monitor; Laptop,True,True,False,False,False,153,270,181.02,335.24,pending_review
UNUM00081,UNU-KEY E-Waste Dataset v44,CC BY 4.0,test,1739,1209,000000256611_jpg.rf.9dfe0aa416a1f7921aa4c6efea5b2243.jpg,000000256611,2,Bar-Phone,mobile_phone,640,640,364,312,53.18,38.3,0.004972641601562499,True,0,03fca3cefe3a8f9a7d29eb1bc9c452c1,1,Computer-Keyboard; Computer-Mouse; Flat-Panel-Monitor; Laptop,True,True,False,False,False,364,312,417.18,350.3,pending_review
UNUM00082,UNU-KEY E-Waste Dataset v44,CC BY 4.0,test,1756,1215,586_jpeg.rf.9e7eefd4c2cd3d1df8815950d0ae7ab5.jpg,586,61,Smartphone,mobile_phone,640,640,62,159,573.0,280.0,0.39169921875,False,0,e1235c7a14b4029bbbceeb4d2de94eb7,1,,False,False,False,False,True,62,159,635.0,439.0,pending_review
UNUM00083,UNU-KEY E-Waste Dataset v44,CC BY 4.0,test,1796,1248,8-84998_smartphone-front-of-a-phone-hd-png-download_png.rf.a1bb251d0895e8bdb74b8ba9e1157d0d.jpg,8-84998_smartphone-front-of-a-phone-hd-png-download,61,Smartphone,mobile_phone,640,640,258,27,253.358,522.326,0.32308464528320313,True,0,f1376f1db5ffbf3cf7b81d2ecb452608,1,,False,False,False,False,False,258,27,511.358,549.326,pending_review
UNUM00084,UNU-KEY E-Waste Dataset v44,CC BY 4.0,test,1798,1250,460_jpeg.rf.a1f3e4dfe78132e44685b5adf18fccfc.jpg,460,61,Smartphone,mobile_phone,640,640,97,197,531.0,283.0,0.36687744140625,False,0,44ddda74ed587d7d9feef9f854e21ff3,1,,False,False,False,False,True,97,197,628.0,480.0,pending_review
UNUM00085,UNU-KEY E-Waste Dataset v44,CC BY 4.0,test,1832,1271,WhatsApp-Image-2023-09-09-at-9-45-55-PM_jpeg.rf.a53309130062328ebe8d644610b3dff2.jpg,WhatsApp-Image-2023-09-09-at-9-45-55-PM,2,Bar-Phone,mobile_phone,640,640,230,113,171.0,402.0,0.1678271484375,False,0,7ab09f83882288691f11b425cea083e3,1,,False,False,False,False,False,230,113,401.0,515.0,pending_review
UNUM00086,UNU-KEY E-Waste Dataset v44,CC BY 4.0,test,1849,1286,520_jpeg.rf.a62ca3cc3eea0b84b2271160452a5e87.jpg,520,61,Smartphone,mobile_phone,640,640,141,100,281.0,497.0,0.34095947265625,False,0,5956a0dae92e2778ad48242046198d90,1,,False,False,False,False,True,141,100,422.0,597.0,pending_review
UNUM00087,UNU-KEY E-Waste Dataset v44,CC BY 4.0,test,1859,1293,3e29f53744272bb1_jpg.rf.a7f68e8b17678d027a4a42d2bb8e15b7.jpg,3e29f53744272bb1,61,Smartphone,mobile_phone,640,640,5,116,272.0,348.0,0.23109375,False,0,16d1e420c7688a2183533976f58f607b,2,,False,False,False,True,False,5,116,277.0,464.0,pending_review
UNUM00088,UNU-KEY E-Waste Dataset v44,CC BY 4.0,test,1860,1293,3e29f53744272bb1_jpg.rf.a7f68e8b17678d027a4a42d2bb8e15b7.jpg,3e29f53744272bb1,61,Smartphone,mobile_phone,640,640,344,149,262.0,351.0,0.2245166015625,False,0,16d1e420c7688a2183533976f58f607b,2,,False,False,False,True,False,344,149,606.0,500.0,pending_review
UNUM00089,UNU-KEY E-Waste Dataset v44,CC BY 4.0,test,1866,1298,478_jpg.rf.aa224eefeecade3a1f62040c53f37f27.jpg,478,61,Smartphone,mobile_phone,640,640,6,148,603.0,163.0,0.23996337890625,False,0,c1bfc9f70682da489fadd1b49c2b4dc7,1,,False,False,False,False,True,6,148,609.0,311.0,pending_review
UNUM00090,UNU-KEY E-Waste Dataset v44,CC BY 4.0,test,1886,1311,Smartphones_back_jpg.rf.abaefebfa617f6e235d00658006f11a0.jpg,Smartphones_back,61,Smartphone,mobile_phone,640,640,482,195,134.4,262.0,0.08596875000000001,True,0,88b20aa258b48afcc8c370301f9a6bf8,1,,False,False,False,False,False,482,195,616.4,457.0,pending_review
UNUM00091,UNU-KEY E-Waste Dataset v44,CC BY 4.0,test,1892,1316,516_jpg.rf.abe85910c44e8dbdede7097252ec3dde.jpg,516,61,Smartphone,mobile_phone,640,640,2,195,620.0,139.0,0.210400390625,False,0,f6e36b6eccfddc0935013317db95695b,1,,False,False,False,False,True,2,195,622.0,334.0,pending_review
UNUM00092,UNU-KEY E-Waste Dataset v44,CC BY 4.0,test,1899,1323,478_jpg.rf.aced4fde58d8ebc9b708967d6716eea5.jpg,478,61,Smartphone,mobile_phone,640,640,1,161,599.0,135.0,0.19742431640625,False,0,c1bfc9f70682da489fadd1b49c2b4dc7,1,,False,False,False,False,True,1,161,600.0,296.0,pending_review
UNUM00093,UNU-KEY E-Waste Dataset v44,CC BY 4.0,test,1917,1340,f63d154f0fbb9ad3_jpg.rf.aca23f766609093fadb159b4a1e44bb7.jpg,f63d154f0fbb9ad3,61,Smartphone,mobile_phone,640,640,349,146,184.0,359.0,0.16126953125,False,0,1bde6b2ae5f08d0b12f465167371ccaf,1,,False,False,False,False,False,349,146,533.0,505.0,pending_review
UNUM00094,UNU-KEY E-Waste Dataset v44,CC BY 4.0,test,1997,1373,IMG_20200329_201018_jpg.rf.b14ed0f90db4e0b940379a61199392f0.jpg,IMG_20200329_201018,61,Smartphone,mobile_phone,640,640,36,125,587.0,326.0,0.4671923828125,False,0,a035adc5f0b6f88448199ef26970f5cf,1,,False,False,False,False,True,36,125,623.0,451.0,pending_review
UNUM00095,UNU-KEY E-Waste Dataset v44,CC BY 4.0,test,2012,1379,hand-holding-phone-in-camera-mode_jpeg.rf.b19686291223755208cad94ed8c9cec6.jpg,hand-holding-phone-in-camera-mode,61,Smartphone,mobile_phone,640,640,229,142,174.08,355.52,0.151096,True,0,80f0175b93538380b29b1436a5a6009e,1,,False,False,False,False,False,229,142,403.08000000000004,497.52,pending_review
UNUM00096,UNU-KEY E-Waste Dataset v44,CC BY 4.0,test,2048,1407,042a6c10ce6fc9bc_jpg.rf.b80a5a22d085eed9a4352a2c9cbf9233.jpg,042a6c10ce6fc9bc,61,Smartphone,mobile_phone,640,640,263,16,249.0,581.0,0.35319580078125,False,0,c8e52662951c3daa8141f74612b92c06,1,,False,False,False,False,False,263,16,512.0,597.0,pending_review
UNUM00097,UNU-KEY E-Waste Dataset v44,CC BY 4.0,test,2049,1408,Screenshot-2023-07-19-094907_jpg.rf.b600e0f40aa6b96eb5b98215bd8c3e46.jpg,Screenshot-2023-07-19-094907,61,Smartphone,mobile_phone,640,640,143,107,281.466,470.785,0.3235106709228516,True,0,7b41421e4fc4b9153ef23ecaa5977746,1,,False,False,False,False,False,143,107,424.466,577.7850000000001,pending_review
UNUM00098,UNU-KEY E-Waste Dataset v44,CC BY 4.0,test,2074,1424,IMG_20200329_152704_jpg.rf.b5ef6b05e65f8d4a577efa1425dfb32d.jpg,IMG_20200329_152704,61,Smartphone,mobile_phone,640,640,420,329,173.0,148.0,0.062509765625,False,0,04e05b714b67d6ae8c30bdeba1834ee2,2,Laptop,True,False,False,True,True,420,329,593.0,477.0,pending_review
UNUM00099,UNU-KEY E-Waste Dataset v44,CC BY 4.0,test,2075,1424,IMG_20200329_152704_jpg.rf.b5ef6b05e65f8d4a577efa1425dfb32d.jpg,IMG_20200329_152704,61,Smartphone,mobile_phone,640,640,435,186,124.0,111.0,0.033603515625,False,0,04e05b714b67d6ae8c30bdeba1834ee2,2,Laptop,True,False,False,True,True,435,186,559.0,297.0,pending_review
UNUM00100,UNU-KEY E-Waste Dataset v44,CC BY 4.0,test,2098,1441,518_jpg.rf.bbe4856e505eb25e82e49b8775edc477.jpg,518,61,Smartphone,mobile_phone,640,640,142,95,343.0,354.0,0.2964404296875,False,0,a52366293f3793d44ffe234d0c7d12a4,1,,False,False,False,False,True,142,95,485.0,449.0,pending_review
UNUM00101,UNU-KEY E-Waste Dataset v44,CC BY 4.0,test,2104,1447,500_jpeg.rf.bc169924c2c1907c9fea25cbbff1132a.jpg,500,61,Smartphone,mobile_phone,640,640,206,116,230.0,335.0,0.1881103515625,False,0,425a33cc7abbb027cf94702d8735bac8,1,,False,False,False,False,True,206,116,436.0,451.0,pending_review
UNUM00102,UNU-KEY E-Waste Dataset v44,CC BY 4.0,test,2139,1475,WhatsApp-Video-2023-09-09-at-10_00_52-PM_mp4-25_jpg.rf.bfdec6c2133a956ce4a125d09a644ce6.jpg,WhatsApp-Video-2023-09-09-at-10_00_52-PM_mp4-25,2,Bar-Phone,mobile_phone,640,640,198,177,143.0,303.0,0.10578369140625,False,0,fd1ef43bbcafe46e2c045ef27c549274,1,,False,False,False,False,False,198,177,341.0,480.0,pending_review
UNUM00103,UNU-KEY E-Waste Dataset v44,CC BY 4.0,test,2196,1508,601_jpeg.rf.c347480702bd2b4d8113dde40ee9bc10.jpg,601,61,Smartphone,mobile_phone,640,640,152,76,284.0,509.0,0.352919921875,False,0,1ca04955508a569190270b7fd29c5d8b,1,,False,False,False,False,True,152,76,436.0,585.0,pending_review
UNUM00104,UNU-KEY E-Waste Dataset v44,CC BY 4.0,test,2302,1577,598_jpeg.rf.cbc75967205bdc05856b37fac577cab3.jpg,598,61,Smartphone,mobile_phone,640,640,148,63,310.0,577.0,0.4366943359375,False,0,e8541ce6f0d6c0f81927716e4805bfff,1,,False,False,False,False,True,148,63,458.0,640.0,pending_review
UNUM00105,UNU-KEY E-Waste Dataset v44,CC BY 4.0,test,2345,1592,iyxVt5GCondH2bnH_jpeg.rf.ce173caf84d882cab166dc966329c94e.jpg,iyxVt5GCondH2bnH,61,Smartphone,mobile_phone,640,640,280,71,240.5,499.5,0.2932855224609375,True,0,544d4a54ef1265bfa45ea5f99b90b711,2,,False,False,False,True,False,280,71,520.5,570.5,pending_review
UNUM00106,UNU-KEY E-Waste Dataset v44,CC BY 4.0,test,2346,1592,iyxVt5GCondH2bnH_jpeg.rf.ce173caf84d882cab166dc966329c94e.jpg,iyxVt5GCondH2bnH,61,Smartphone,mobile_phone,640,640,122,76,173.0,485.0,0.20484619140625,True,0,544d4a54ef1265bfa45ea5f99b90b711,2,,False,False,False,True,False,122,76,295.0,561.0,pending_review
UNUM00107,UNU-KEY E-Waste Dataset v44,CC BY 4.0,test,2356,1600,468_jpeg.rf.ce3b66b33d9c99cfc929f89c7dd7d7f8.jpg,468,61,Smartphone,mobile_phone,640,640,180,12,294.0,578.0,0.414873046875,False,0,7f0637294ae1cb104dbda8d4c2ee3a49,1,,False,False,False,False,True,180,12,474.0,590.0,pending_review
UNUM00108,UNU-KEY E-Waste Dataset v44,CC BY 4.0,test,2416,1645,37fb5be904998286_jpg.rf.d34e5c60ca808d697bd09c1d90596595.jpg,37fb5be904998286,61,Smartphone,mobile_phone,640,640,182,21,305.0,619.0,0.46092529296875,False,0,982c401ba97f14a3882e6334bc25d315,1,,False,False,False,False,False,182,21,487.0,640.0,pending_review
UNUM00109,UNU-KEY E-Waste Dataset v44,CC BY 4.0,test,2442,1662,vpavic_220708_5335_0076_jpeg.rf.d80b781b197ffeb26d9fa2b6cc4eb384.jpg,vpavic_220708_5335_0076,61,Smartphone,mobile_phone,640,640,174,260,305.28,185.28,0.13809149999999998,True,0,e08a22d6e641269d9cf2fd33c76a6a29,1,,False,False,False,False,False,174,260,479.28,445.28,pending_review
UNUM00110,UNU-KEY E-Waste Dataset v44,CC BY 4.0,test,2509,1696,501_jpeg.rf.df204d7cf953853fa19e62a433b04d11.jpg,501,61,Smartphone,mobile_phone,640,640,461,333,113.0,125.0,0.03448486328125,False,0,41455812bcb9de8900b6859f02e2c433,1,Laptop,True,False,False,False,True,461,333,574.0,458.0,pending_review
UNUM00111,UNU-KEY E-Waste Dataset v44,CC BY 4.0,test,2536,1701,000000441614_jpg.rf.deb28baee548e24c143844174eecb775.jpg,000000441614,61,Smartphone,mobile_phone,640,640,202,235,51.65,11.28,0.0014223925781249999,True,0,f99127cdbbdd888359af71fc0e6c8961,1,Computer-Keyboard; Laptop,True,True,False,False,False,202,235,253.65,246.28,pending_review
UNUM00112,UNU-KEY E-Waste Dataset v44,CC BY 4.0,test,2561,1719,best-android-phone_jpeg.rf.e2f193d891bebd9cebb702ed5d50236b.jpg,best-android-phone,61,Smartphone,mobile_phone,640,640,238,140,165.333,364.8,0.147249703125,True,0,4ff232b7a5406e3d9ca4e53694ab18da,3,,False,False,False,True,False,238,140,403.33299999999997,504.8,pending_review
UNUM00113,UNU-KEY E-Waste Dataset v44,CC BY 4.0,test,2562,1719,best-android-phone_jpeg.rf.e2f193d891bebd9cebb702ed5d50236b.jpg,best-android-phone,61,Smartphone,mobile_phone,640,640,22,145,168.0,353.067,0.14481263671875,True,0,4ff232b7a5406e3d9ca4e53694ab18da,3,,False,False,False,True,False,22,145,190.0,498.067,pending_review
UNUM00114,UNU-KEY E-Waste Dataset v44,CC BY 4.0,test,2563,1719,best-android-phone_jpeg.rf.e2f193d891bebd9cebb702ed5d50236b.jpg,best-android-phone,61,Smartphone,mobile_phone,640,640,458,147,154.0,346.0,0.130087890625,False,0,4ff232b7a5406e3d9ca4e53694ab18da,3,,False,False,False,True,False,458,147,612.0,493.0,pending_review
UNUM00115,UNU-KEY E-Waste Dataset v44,CC BY 4.0,test,2583,1734,595_jpeg.rf.e280af8fd54c771c00eaf8143f91be06.jpg,595,61,Smartphone,mobile_phone,640,640,16,213,565.0,258.0,0.3558837890625,False,0,1f358f48a7c483b2675b0bb289f60b37,1,,False,False,False,False,True,16,213,581.0,471.0,pending_review
UNUM00116,UNU-KEY E-Waste Dataset v44,CC BY 4.0,test,2631,1764,89_jpg.rf.e6f76af973fd99c732d1128dc0f53ef2.jpg,89,61,Smartphone,mobile_phone,640,640,128,48,378.239,558.591,0.5158225128149414,True,0,aed90b4798298f988dc938b710d94d3c,1,,False,False,False,False,False,128,48,506.239,606.591,pending_review
UNUM00117,UNU-KEY E-Waste Dataset v44,CC BY 4.0,test,2644,1774,WhatsApp-Video-2023-09-09-at-10_00_52-PM_mp4-16_jpg.rf.e7ba15b20882e575e921a8a9071bf88f.jpg,WhatsApp-Video-2023-09-09-at-10_00_52-PM_mp4-16,2,Bar-Phone,mobile_phone,640,640,246,372,144.0,253.0,0.0889453125,False,0,90b2f7ae03346eb395e2457800270084,1,,False,False,False,False,False,246,372,390.0,625.0,pending_review
UNUM00118,UNU-KEY E-Waste Dataset v44,CC BY 4.0,test,2649,1779,594_jpeg.rf.e7081de7727765c4f0b1411c831969dc.jpg,594,61,Smartphone,mobile_phone,640,640,113,178,527.0,242.0,0.3113623046875,False,0,1aef703ba9c8c01d8854ed7996ef55af,1,,False,False,False,False,True,113,178,640.0,420.0,pending_review
UNUM00119,UNU-KEY E-Waste Dataset v44,CC BY 4.0,test,2702,1819,494_jpeg.rf.ee38a1b3833aaaf6accd5eea5ed51b5f.jpg,494,61,Smartphone,mobile_phone,640,640,166,219,284.0,167.0,0.115791015625,False,0,fb1fbb907c683b6fa028c85b1ee81da6,1,,False,False,False,False,True,166,219,450.0,386.0,pending_review
UNUM00120,UNU-KEY E-Waste Dataset v44,CC BY 4.0,test,2733,1844,34_jpg.rf.f13e7271eb48bb70368291a66eedfc39.jpg,34,61,Smartphone,mobile_phone,640,640,132,52,326.882,510.968,0.4077789105859375,True,0,a96da83093847bfd36f8ed6fa52efe5e,1,,False,False,False,False,False,132,52,458.882,562.9680000000001,pending_review
UNUM00121,UNU-KEY E-Waste Dataset v44,CC BY 4.0,test,2742,1852,599_jpeg.rf.f2ac3009ac484e4a46a5bbbe3b020ab9.jpg,599,61,Smartphone,mobile_phone,640,640,87,1,453.0,635.0,0.70228271484375,False,0,323d302f4120c013c578b1d39b5e2a9e,1,,False,False,False,False,True,87,1,540.0,636.0,pending_review
UNUM00122,UNU-KEY E-Waste Dataset v44,CC BY 4.0,test,2749,1858,482_jpg.rf.f2a64fe5c90e5bc9229d8a4252f30539.jpg,482,61,Smartphone,mobile_phone,640,640,162,35,312.0,371.0,0.28259765625,False,0,b00707d1114c626df438911e8dc18be4,1,,False,False,False,False,True,162,35,474.0,406.0,pending_review
UNUM00123,UNU-KEY E-Waste Dataset v44,CC BY 4.0,test,2750,1859,1098559cebaafd9e_jpg.rf.f33c80abe5de0fb97d15be79d78cc029.jpg,1098559cebaafd9e,61,Smartphone,mobile_phone,640,640,231,175,177.0,296.0,0.12791015625,False,0,6ac04e5b2627ade38ab37e36759d1ff2,1,,False,False,False,False,False,231,175,408.0,471.0,pending_review
UNUM00124,UNU-KEY E-Waste Dataset v44,CC BY 4.0,test,2752,1861,iPhone-8-Smartphone-Front-Display-PSD-Mockup_jpg.rf.f47931ac211721f68094ca9436a072c0.jpg,iPhone-8-Smartphone-Front-Display-PSD-Mockup,61,Smartphone,mobile_phone,640,640,204,100,226.805,443.355,0.24549592474365237,True,0,f0f02bc1611c900a96c6abe48c2cdc97,1,,False,False,False,False,False,204,100,430.805,543.355,pending_review
UNUM00125,UNU-KEY E-Waste Dataset v44,CC BY 4.0,test,2830,1914,547_jpeg.rf.fae9e96aad928ec4cf243aebca2acb65.jpg,547,61,Smartphone,mobile_phone,640,640,200,146,212.0,345.0,0.178564453125,False,0,1896fabb97efaedca79ff6e05f501f1a,1,,False,False,False,False,True,200,146,412.0,491.0,pending_review
UNUM00126,UNU-KEY E-Waste Dataset v44,CC BY 4.0,test,2831,1915,000000141263_jpg.rf.fb16f5c2c219e58331698ed4bc482de0.jpg,000000141263,61,Smartphone,mobile_phone,640,640,395,312,38.182,61.248,0.0057094021875000005,True,0,62f6d6b4752128ca4ee5c19c7144505a,1,Computer-Keyboard; Computer-Mouse; Laptop,True,True,False,False,False,395,312,433.182,373.248,pending_review
UNUM00127,UNU-KEY E-Waste Dataset v44,CC BY 4.0,test,2842,1922,Copy-of-IMG_20200328_140053_jpg.rf.fb6f9776c4800962de1043b1dabacfcd.jpg,Copy-of-IMG_20200328_140053,2,Bar-Phone,mobile_phone,640,640,187,104,238.0,453.0,0.2632177734375,False,0,07bd363989a1fa6081cb4653144d7792,1,,False,False,False,False,False,187,104,425.0,557.0,pending_review
UNUM00128,UNU-KEY E-Waste Dataset v44,CC BY 4.0,test,2848,1927,Copy-of-IMG_20200328_135306_jpg.rf.fc0d7b825f22f2cdc0f997f973cf3c32.jpg,Copy-of-IMG_20200328_135306,61,Smartphone,mobile_phone,640,640,23,131,570.0,290.0,0.403564453125,False,0,6bd4796e333d169cc0b205c403b4b60e,1,,False,False,False,False,True,23,131,593.0,421.0,pending_review
UNUM00129,UNU-KEY E-Waste Dataset v44,CC BY 4.0,train,15,15,96_jpg.rf.002cc529c4ad10ecdd9044c70508c7a7.jpg,96,61,Smartphone,mobile_phone,640,640,56,73,557.7,481.21,0.6552021899414063,True,0,3666c83b3db2ca7d7779bad16f21afa8,1,,False,False,False,False,False,56,73,613.7,554.21,pending_review
UNUM00130,UNU-KEY E-Waste Dataset v44,CC BY 4.0,train,48,42,saen-mobilephones-hero-4-m_jpeg.rf.00ade35bd29f678c01270abdfb4d9201.jpg,saen-mobilephones-hero-4-m,61,Smartphone,mobile_phone,640,640,171,372,305.185,168.889,0.12583591177978515,True,0,bd71f75175d6e574796b358e98df013d,1,,False,False,False,False,False,171,372,476.185,540.889,pending_review
UNUM00131,UNU-KEY E-Waste Dataset v44,CC BY 4.0,train,66,59,481_jpg.rf.014c1d0f9e1b3e0a04bb25c897dc9640.jpg,481,61,Smartphone,mobile_phone,640,640,160,7,331.0,467.0,0.37738525390625,False,0,873107a8c5ab088935472b6673d714c3,1,,False,False,False,False,False,160,7,491.0,474.0,pending_review
UNUM00132,UNU-KEY E-Waste Dataset v44,CC BY 4.0,train,67,60,IMG-20200328-WA0032_jpg.rf.0123869e870aa2fea9ee5f715b9c735c.jpg,IMG-20200328-WA0032,61,Smartphone,mobile_phone,640,640,165,4,315.0,600.0,0.46142578125,False,0,a5a0478d80f29d31a163c65634130db0,1,,False,False,False,False,True,165,4,480.0,604.0,pending_review
UNUM00133,UNU-KEY E-Waste Dataset v44,CC BY 4.0,train,80,72,502_jpeg.rf.018c97424a0e693b9961d7b4565745c1.jpg,502,61,Smartphone,mobile_phone,640,640,93,231,399.0,202.0,0.1967724609375,False,0,56e89aee175591576b7857b589b95b6d,1,,False,False,False,False,True,93,231,492.0,433.0,pending_review
UNUM00134,UNU-KEY E-Waste Dataset v44,CC BY 4.0,train,142,117,000000084648_jpg.rf.0222509c4098674e60966db0d2dbc29e.jpg,000000084648,61,Smartphone,mobile_phone,640,640,166,414,14.42,22.74,0.0008005634765625,True,0,177c26576b9a4adf83019068acde6302,1,Laptop,True,True,False,False,False,166,414,180.42,436.74,pending_review
UNUM00135,UNU-KEY E-Waste Dataset v44,CC BY 4.0,train,170,135,IMG_20200329_152800_jpg.rf.0272f8df7d9c7e393a7ad018f408cd67.jpg,IMG_20200329_152800,61,Smartphone,mobile_phone,640,640,52,285,177.0,220.0,0.095068359375,False,0,a333721d3228027c92864af92e86c948,2,Laptop,True,False,False,True,False,52,285,229.0,505.0,pending_review
UNUM00136,UNU-KEY E-Waste Dataset v44,CC BY 4.0,train,171,135,IMG_20200329_152800_jpg.rf.0272f8df7d9c7e393a7ad018f408cd67.jpg,IMG_20200329_152800,61,Smartphone,mobile_phone,640,640,38,104,199.0,124.0,0.060244140625,False,0,a333721d3228027c92864af92e86c948,2,Laptop,True,False,False,True,False,38,104,237.0,228.0,pending_review
UNUM00137,UNU-KEY E-Waste Dataset v44,CC BY 4.0,train,183,146,Copy-of-IMG_20200328_135222_jpg.rf.02b93110d407fbcd44ca01b5e24ed987.jpg,Copy-of-IMG_20200328_135222,61,Smartphone,mobile_phone,640,640,169,58,292.0,515.0,0.367138671875,False,0,176180a96cfced2a3f4e2ae93fefb5aa,1,,False,False,False,False,False,169,58,461.0,573.0,pending_review
UNUM00138,UNU-KEY E-Waste Dataset v44,CC BY 4.0,train,226,173,WhatsApp-Video-2023-09-09-at-10_00_52-PM_mp4-9_jpg.rf.02e6e22efaa8b7cf97cc79df52247df0.jpg,WhatsApp-Video-2023-09-09-at-10_00_52-PM_mp4-9,2,Bar-Phone,mobile_phone,640,640,253,252,113.0,262.0,0.0722802734375,False,0,ccc6579516ba3c8a9c1466be99fd8305,1,,False,False,False,False,False,253,252,366.0,514.0,pending_review
UNUM00139,UNU-KEY E-Waste Dataset v44,CC BY 4.0,train,329,254,WhatsApp-Image-2023-09-09-at-9-46-26-PM_jpeg.rf.0534f12c3d19712ef95040d37d5351ae.jpg,WhatsApp-Image-2023-09-09-at-9-46-26-PM,2,Bar-Phone,mobile_phone,640,640,253,72,75.0,398.0,0.0728759765625,False,0,e1626b4e6ac680bc6aaac03f26726ed2,1,,False,False,False,False,False,253,72,328.0,470.0,pending_review
UNUM00140,UNU-KEY E-Waste Dataset v44,CC BY 4.0,train,331,256,545_jpeg.rf.05266a2d1b4fb94bc216c483fdf82b1d.jpg,545,61,Smartphone,mobile_phone,640,640,96,164,217.0,408.0,0.21615234375,False,0,4226f0480ad5dc3968c93b6decd310f0,2,,False,False,False,True,False,96,164,313.0,572.0,pending_review
UNUM00141,UNU-KEY E-Waste Dataset v44,CC BY 4.0,train,332,256,545_jpeg.rf.05266a2d1b4fb94bc216c483fdf82b1d.jpg,545,61,Smartphone,mobile_phone,640,640,329,174,203.0,372.0,0.184365234375,False,0,4226f0480ad5dc3968c93b6decd310f0,2,,False,False,False,True,False,329,174,532.0,546.0,pending_review
UNUM00142,UNU-KEY E-Waste Dataset v44,CC BY 4.0,train,394,302,IMG_20200329_152622_jpg.rf.0628d6dec13947cd8a3f0be67fffffee.jpg,IMG_20200329_152622,61,Smartphone,mobile_phone,640,640,139,143,173.0,362.0,0.1528955078125,False,0,e372b3135a98b4bc829c20558514f3a8,2,,False,False,False,True,True,139,143,312.0,505.0,pending_review
UNUM00143,UNU-KEY E-Waste Dataset v44,CC BY 4.0,train,395,302,IMG_20200329_152622_jpg.rf.0628d6dec13947cd8a3f0be67fffffee.jpg,IMG_20200329_152622,61,Smartphone,mobile_phone,640,640,342,91,241.0,456.0,0.26830078125,False,0,e372b3135a98b4bc829c20558514f3a8,2,,False,False,False,True,True,342,91,583.0,547.0,pending_review
UNUM00144,UNU-KEY E-Waste Dataset v44,CC BY 4.0,train,478,357,583_jpeg_jpg.rf.06fa0f5a8a9d89c9cf5e49337581b291.jpg,583_jpeg,61,Smartphone,mobile_phone,640,640,115,127,369.0,484.0,0.436025390625,False,0,bb68cb853a4b94786d20a012e81e4ce7,1,,False,False,False,False,False,115,127,484.0,611.0,pending_review
UNUM00145,UNU-KEY E-Waste Dataset v44,CC BY 4.0,train,502,377,WhatsApp-Video-2023-09-09-at-10_00_52-PM_mp4-12_jpg.rf.078736f410e0d85bd5118fdd97e4c405.jpg,WhatsApp-Video-2023-09-09-at-10_00_52-PM_mp4-12,2,Bar-Phone,mobile_phone,640,640,251,289,121.0,267.0,0.07887451171875,False,0,092a38f0b72e95957b0f94108838c70e,1,,False,False,False,False,False,251,289,372.0,556.0,pending_review
UNUM00146,UNU-KEY E-Waste Dataset v44,CC BY 4.0,train,553,415,58_jpg.rf.0827ef0fea63e6e5c9d62089e630e276.jpg,58,61,Smartphone,mobile_phone,640,640,181,170,253.884,320.0,0.19834687499999998,True,0,91ecc03af7115d5bffa52322e46131b1,1,,False,False,False,False,False,181,170,434.884,490.0,pending_review
UNUM00147,UNU-KEY E-Waste Dataset v44,CC BY 4.0,train,557,418,504_jpeg.rf.082131b25cb34ad5089a8735f2332399.jpg,504,61,Smartphone,mobile_phone,640,640,160,60,270.0,477.0,0.3144287109375,False,0,4ad8997a2f7419da78108f8aa88c2434,1,,False,False,False,False,True,160,60,430.0,537.0,pending_review
UNUM00148,UNU-KEY E-Waste Dataset v44,CC BY 4.0,train,567,426,Copy-of-IMG_20200328_215107_jpg.rf.082adc51ae47a2e12241e65149360390.jpg,Copy-of-IMG_20200328_215107,61,Smartphone,mobile_phone,640,640,79,69,334.0,508.0,0.41423828125,False,0,21d5829fc6d80bfa1966ab6f5413851b,1,,False,False,False,False,False,79,69,413.0,577.0,pending_review
UNUM00149,UNU-KEY E-Waste Dataset v44,CC BY 4.0,train,595,449,Copy-of-IMG_20200328_140124_jpg.rf.08905867f012476495f906f66bccbae6.jpg,Copy-of-IMG_20200328_140124,2,Bar-Phone,mobile_phone,640,640,2,175,633.0,206.0,0.3183544921875,False,0,c32f32393cd9fee2019387c44f24186b,1,,False,False,False,False,False,2,175,635.0,381.0,pending_review
UNUM00150,UNU-KEY E-Waste Dataset v44,CC BY 4.0,train,611,462,543_jpeg.rf.08eb3dea1b9e285a13b47252961c687e.jpg,543,61,Smartphone,mobile_phone,640,640,135,71,282.0,516.0,0.35525390625,False,0,78f483107a4563120c2e81a136fdb6f3,1,,False,False,False,False,False,135,71,417.0,587.0,pending_review
UNUM00151,UNU-KEY E-Waste Dataset v44,CC BY 4.0,train,642,485,479_jpg.rf.092c24901946e453c66ccb7a9ddb3066.jpg,479,61,Smartphone,mobile_phone,640,640,2,172,632.0,169.0,0.26076171875,False,0,ad7d3af3ad1d682ac240da6edb876491,1,,False,False,False,False,True,2,172,634.0,341.0,pending_review
UNUM00152,UNU-KEY E-Waste Dataset v44,CC BY 4.0,train,666,500,000000248709_jpg.rf.93c40d979b7a26b2584dd809e6568fc1.jpg,000000248709,61,Smartphone,mobile_phone,640,640,232,369,34.13,63.12,0.005259486328125,True,0,d21a102604c02977c6d64926b5465dd3,1,Laptop,True,True,False,False,False,232,369,266.13,432.12,pending_review
UNUM00153,UNU-KEY E-Waste Dataset v44,CC BY 4.0,train,691,525,586_jpeg.rf.94175ee2ab237f8c9002d6bc41105616.jpg,586,61,Smartphone,mobile_phone,640,640,62,159,573.0,280.0,0.39169921875,False,0,e1235c7a14b4029bbbceeb4d2de94eb7,1,,False,False,False,False,True,62,159,635.0,439.0,pending_review
UNUM00154,UNU-KEY E-Waste Dataset v44,CC BY 4.0,train,722,550,000000488401_jpg.rf.94b83f2e7f09c06a6bbfb1c93d483870.jpg,000000488401,61,Smartphone,mobile_phone,640,640,355,303,52.25,18.79,0.002396917724609375,True,0,44257cacfa93ad228716f8990c119456,2,Computer-Keyboard; Computer-Mouse; Flat-Panel-Monitor; Laptop,True,True,False,True,False,355,303,407.25,321.79,pending_review
UNUM00155,UNU-KEY E-Waste Dataset v44,CC BY 4.0,train,723,550,000000488401_jpg.rf.94b83f2e7f09c06a6bbfb1c93d483870.jpg,000000488401,61,Smartphone,mobile_phone,640,640,283,320,47.22,26.23,0.00302387841796875,True,0,44257cacfa93ad228716f8990c119456,2,Computer-Keyboard; Computer-Mouse; Flat-Panel-Monitor; Laptop,True,True,False,True,False,283,320,330.22,346.23,pending_review
UNUM00156,UNU-KEY E-Waste Dataset v44,CC BY 4.0,train,753,569,515_jpg.rf.95035f4c4181dd6ff914613e03ee9e9b.jpg,515,61,Smartphone,mobile_phone,640,640,124,48,391.0,457.0,0.43624755859375,False,0,d3854d73791ee9ac319dab970681d171,1,,False,False,False,False,True,124,48,515.0,505.0,pending_review
UNUM00157,UNU-KEY E-Waste Dataset v44,CC BY 4.0,train,808,618,Gionee-A1-64GB-Black-SDL352791824-1-ff379_jpeg.rf.95de24a20328f9d76537e76cf136f33d.jpg,Gionee-A1-64GB-Black-SDL352791824-1-ff379,61,Smartphone,mobile_phone,640,640,164,11,310.673,623.276,0.4727417596386719,True,0,35e6ce2052e1f18edc10470e52b2dd4e,1,,False,False,False,False,False,164,11,474.673,634.276,pending_review
UNUM00158,UNU-KEY E-Waste Dataset v44,CC BY 4.0,train,885,658,ee026f695cfab56c_jpg.rf.969efab85dbf56fb46a5a9419d068dd9.jpg,ee026f695cfab56c,61,Smartphone,mobile_phone,640,640,161,28,310.0,596.0,0.45107421875,False,0,bac6b71912f5bc814b7ab565081f1b91,1,,False,False,False,False,False,161,28,471.0,624.0,pending_review
UNUM00159,UNU-KEY E-Waste Dataset v44,CC BY 4.0,train,894,664,523_jpeg.rf.96596b4cc8e6aab77455f5efd92c98de.jpg,523,61,Smartphone,mobile_phone,640,640,149,18,331.0,622.0,0.5026416015625,False,0,b3db42f677af2f81d1a1ec98f92e287d,1,,False,False,False,False,False,149,18,480.0,640.0,pending_review
UNUM00160,UNU-KEY E-Waste Dataset v44,CC BY 4.0,train,928,678,WhatsApp-Video-2023-09-09-at-10_00_52-PM_mp4-32_jpg.rf.96fd4bdb24dbd4566579c0418d568faf.jpg,WhatsApp-Video-2023-09-09-at-10_00_52-PM_mp4-32,2,Bar-Phone,mobile_phone,640,640,217,197,120.0,310.0,0.0908203125,False,0,2e12efe39c43bac18fa619e97879c327,1,,False,False,False,False,False,217,197,337.0,507.0,pending_review
UNUM00161,UNU-KEY E-Waste Dataset v44,CC BY 4.0,train,946,695,7abf85275f2c1d75_jpg.rf.9750fa85ce9b74edaad974707f328d3e.jpg,7abf85275f2c1d75,61,Smartphone,mobile_phone,640,640,93,465,236.0,175.0,0.100830078125,False,0,a85431b91044acce9a7b5a560822b49e,1,,False,False,False,False,False,93,465,329.0,640.0,pending_review
UNUM00162,UNU-KEY E-Waste Dataset v44,CC BY 4.0,train,957,703,de6bf0632ba318a2_jpg.rf.976095c3cd3ff9010a9262af2c113ca9.jpg,de6bf0632ba318a2,61,Smartphone,mobile_phone,640,640,169,29,343.0,576.0,0.48234375,False,0,2effac76bebd2228c5672745717db049,1,,False,False,False,False,False,169,29,512.0,605.0,pending_review
UNUM00163,UNU-KEY E-Waste Dataset v44,CC BY 4.0,train,988,727,18_jpg.rf.98243f1a75e1105fdab247fd136a14d6.jpg,18,61,Smartphone,mobile_phone,640,640,199,39,282.51,566.36,0.39063077050781253,True,0,94aa599859c1ceb96497df36ff1e58b1,1,,False,False,False,False,False,199,39,481.51,605.36,pending_review
UNUM00164,UNU-KEY E-Waste Dataset v44,CC BY 4.0,train,1013,751,banner2-1-_jpeg.rf.98564622f57234c2329c97e9ee97f039.jpg,banner2-1-,61,Smartphone,mobile_phone,640,640,269,324,272.932,272.34,0.18147046113281248,True,0,5b537653f050b194ddb6220e212137e0,2,,False,False,False,True,False,269,324,541.932,596.3399999999999,pending_review
UNUM00165,UNU-KEY E-Waste Dataset v44,CC BY 4.0,train,1014,751,banner2-1-_jpeg.rf.98564622f57234c2329c97e9ee97f039.jpg,banner2-1-,61,Smartphone,mobile_phone,640,640,98,440,360.555,200.111,0.17614995509033204,True,0,5b537653f050b194ddb6220e212137e0,2,,False,False,False,True,False,98,440,458.555,640.111,pending_review
UNUM00166,UNU-KEY E-Waste Dataset v44,CC BY 4.0,train,1016,753,65660b64efe6da8e_jpg.rf.9878e33e73c00a6341b8c9570aadd500.jpg,65660b64efe6da8e,61,Smartphone,mobile_phone,640,640,90,19,486.0,594.0,0.704794921875,False,0,6582c07ccf41542fe4032d23f51248ce,1,,False,False,False,False,False,90,19,576.0,613.0,pending_review
UNUM00167,UNU-KEY E-Waste Dataset v44,CC BY 4.0,train,1058,786,000000423488_jpg.rf.98fb4e1d72eeff5d9c955adde011d8fd.jpg,000000423488,61,Smartphone,mobile_phone,640,640,196,347,31.53,14.01,0.001078455322265625,True,0,73a5d3ae77464a6daf87e864e041f701,1,Computer-Mouse; Laptop,True,True,False,False,False,196,347,227.53,361.01,pending_review
UNUM00168,UNU-KEY E-Waste Dataset v44,CC BY 4.0,train,1095,813,510_jpeg.rf.9969016accafed8b587c1151786c89e5.jpg,510,61,Smartphone,mobile_phone,640,640,194,32,249.0,453.0,0.27538330078125,False,0,3414943d1db1000cd08a73973187064a,1,,False,False,False,False,False,194,32,443.0,485.0,pending_review
UNUM00169,UNU-KEY E-Waste Dataset v44,CC BY 4.0,train,1106,821,54127dd9ff692155_jpg.rf.999f3a7c228aa329d5cda3eb6dab88f7.jpg,54127dd9ff692155,61,Smartphone,mobile_phone,640,640,70,160,168.0,340.0,0.139453125,False,0,8e659b0c47141c8b52f470b621372899,2,,False,False,False,True,False,70,160,238.0,500.0,pending_review
UNUM00170,UNU-KEY E-Waste Dataset v44,CC BY 4.0,train,1107,821,54127dd9ff692155_jpg.rf.999f3a7c228aa329d5cda3eb6dab88f7.jpg,54127dd9ff692155,61,Smartphone,mobile_phone,640,640,402,157,171.0,339.0,0.14152587890625,False,0,8e659b0c47141c8b52f470b621372899,2,,False,False,False,True,False,402,157,573.0,496.0,pending_review
UNUM00171,UNU-KEY E-Waste Dataset v44,CC BY 4.0,train,1120,830,556_jpg.rf.99cf0f023cbbb1888ebb0b1a55fe86da.jpg,556,61,Smartphone,mobile_phone,640,640,6,159,620.0,161.0,0.243701171875,False,0,2311708b200e09a9f77aaeaf6f6f916e,1,,False,False,False,False,False,6,159,626.0,320.0,pending_review
UNUM00172,UNU-KEY E-Waste Dataset v44,CC BY 4.0,train,1135,837,Mobilephone-Oppo_jpg.rf.99ccea3254bf675dedf9009d1772d4b4.jpg,Mobilephone-Oppo,61,Smartphone,mobile_phone,640,640,81,4,488.0,627.0,0.74701171875,False,0,d5c05b76690aab02e3dfe24d1af1d624,1,,False,False,False,False,False,81,4,569.0,631.0,pending_review
UNUM00173,UNU-KEY E-Waste Dataset v44,CC BY 4.0,train,1161,855,OIP-Az-QqR4k7JLzFd4rmvydYgHaHa_jpg.rf.9a04689795d9eb2d648d73148f80705b.jpg,OIP-Az-QqR4k7JLzFd4rmvydYgHaHa,61,Smartphone,mobile_phone,640,640,48,60,247.047,499.067,0.3010083133520508,True,0,b1d9ffa8d2588a362f0d110325c2cd65,1,,False,False,False,False,False,48,60,295.047,559.067,pending_review
UNUM00174,UNU-KEY E-Waste Dataset v44,CC BY 4.0,train,1184,869,26_jpg.rf.9a311483bae449d13a4d6d1deeb9a1e5.jpg,26,61,Smartphone,mobile_phone,640,640,96,85,502.079,482.722,0.5917103980419922,True,0,0bce28d0a0de604b4f048145b1b59e39,1,,False,False,False,False,False,96,85,598.079,567.722,pending_review
UNUM00175,UNU-KEY E-Waste Dataset v44,CC BY 4.0,train,1221,895,3ece9f0ebee01915_jpg.rf.9a868e278ccd563efead44022248de6d.jpg,3ece9f0ebee01915,61,Smartphone,mobile_phone,640,640,89,192,453.0,195.0,0.21566162109375,False,0,c42585b326201ce59fcbc0edddebd897,1,,False,False,False,False,False,89,192,542.0,387.0,pending_review
UNUM00176,UNU-KEY E-Waste Dataset v44,CC BY 4.0,train,1270,931,3d6f274f7c644866_jpg.rf.9ba2a8d22088433e57ab87d2e4aac912.jpg,3d6f274f7c644866,61,Smartphone,mobile_phone,640,640,279,544,38.0,59.0,0.0054736328125,False,0,dd5f98d11e565694a9dd805948d221dd,1,Flat-Panel-Monitor; Tablet,True,True,False,False,False,279,544,317.0,603.0,pending_review
UNUM00177,UNU-KEY E-Waste Dataset v44,CC BY 4.0,train,1332,976,459_jpeg.rf.9c9e2a6bd63126c1c4883491f61ef7bf.jpg,459,61,Smartphone,mobile_phone,640,640,123,3,343.0,630.0,0.5275634765625,False,0,a4b2aad2da22e3e5b77bc888661b5be6,1,,False,False,False,False,True,123,3,466.0,633.0,pending_review
UNUM00178,UNU-KEY E-Waste Dataset v44,CC BY 4.0,train,1363,1004,53_jpg.rf.9d03ebda95479acf1ce24a0596cc090f.jpg,53,61,Smartphone,mobile_phone,640,640,259,175,322.707,256.65,0.20220398327636716,True,0,1f6ada5a2de21cdf8cfca142e5296c33,2,,False,False,False,True,False,259,175,581.707,431.65,pending_review
UNUM00179,UNU-KEY E-Waste Dataset v44,CC BY 4.0,train,1364,1004,53_jpg.rf.9d03ebda95479acf1ce24a0596cc090f.jpg,53,61,Smartphone,mobile_phone,640,640,16,235,229.577,181.929,0.10196951668212889,True,0,1f6ada5a2de21cdf8cfca142e5296c33,2,,False,False,False,True,False,16,235,245.577,416.929,pending_review
UNUM00180,UNU-KEY E-Waste Dataset v44,CC BY 4.0,train,1418,1036,485_jpg.rf.9dc425b2ccf3f90364d4c2983ba3526d.jpg,485,61,Smartphone,mobile_phone,640,640,58,85,577.0,464.0,0.6536328125,False,0,8fb3ad7977db4b953f34a425c748eb95,1,,False,False,False,False,True,58,85,635.0,549.0,pending_review
UNUM00181,UNU-KEY E-Waste Dataset v44,CC BY 4.0,train,1449,1041,000000356948_jpg.rf.9dcd2675c53b5cb5e8d5755e1973eaad.jpg,000000356948,61,Smartphone,mobile_phone,640,640,487,481,76.02,51.88,0.009628705078124999,True,0,86b134567b7fbe6dc8241e133b989e79,1,Computer-Keyboard; Laptop,True,True,False,False,False,487,481,563.02,532.88,pending_review
UNUM00182,UNU-KEY E-Waste Dataset v44,CC BY 4.0,train,1484,1057,101_jpg.rf.9e0ae4ffbf1197f481f9d509f2f273b1.jpg,101,61,Smartphone,mobile_phone,640,640,83,205,418.867,224.644,0.22972646081054687,True,0,f9cc2e12b3f20e5ae86ce17513d19bd0,1,,False,False,False,False,False,83,205,501.867,429.644,pending_review
UNUM00183,UNU-KEY E-Waste Dataset v44,CC BY 4.0,train,1595,1135,68551bbcbc01d13a68ebf83f40a22f98_jpeg.rf.9fa508b87c9f730432340087a2b72094.jpg,68551bbcbc01d13a68ebf83f40a22f98,61,Smartphone,mobile_phone,640,640,177,10,288.533,620.8,0.43730782812499996,True,0,ffd5468a79addfe04347ab56635ec772,1,,False,False,False,False,False,177,10,465.533,630.8,pending_review
UNUM00184,UNU-KEY E-Waste Dataset v44,CC BY 4.0,train,1616,1154,12dc1d884d4cce18_jpg.rf.9ff81adf98f7a7a00cf9e6e24010c190.jpg,12dc1d884d4cce18,61,Smartphone,mobile_phone,640,640,84,16,526.0,614.0,0.788486328125,False,0,975f957dd3e8874d7676bcc503e43a85,1,,False,False,False,False,False,84,16,610.0,630.0,pending_review
UNUM00185,UNU-KEY E-Waste Dataset v44,CC BY 4.0,train,1626,1162,585_jpeg.rf.a0190849810cde8bdbcd0a467efdd02f.jpg,585,61,Smartphone,mobile_phone,640,640,140,199,500.0,238.0,0.29052734375,False,0,b8d32bbf219735252179def250e856e9,1,,False,False,False,False,False,140,199,640.0,437.0,pending_review
UNUM00186,UNU-KEY E-Waste Dataset v44,CC BY 4.0,train,1644,1178,461_jpeg.rf.a09753510e8cce688de92db1f66e89c3.jpg,461,61,Smartphone,mobile_phone,640,640,172,34,300.0,595.0,0.435791015625,False,0,affe6c8b313cf7caf25882ba2a1fd1f7,1,,False,False,False,False,False,172,34,472.0,629.0,pending_review
UNUM00187,UNU-KEY E-Waste Dataset v44,CC BY 4.0,train,1649,1182,17_jpg.rf.a0b3911de0849b613295c667aef2e51a.jpg,17,61,Smartphone,mobile_phone,640,640,65,116,264.463,399.339,0.25783786610595705,True,0,ffcd57d8fad6b861858c895a2317e38c,2,,False,False,False,True,False,65,116,329.463,515.3389999999999,pending_review
UNUM00188,UNU-KEY E-Waste Dataset v44,CC BY 4.0,train,1650,1182,17_jpg.rf.a0b3911de0849b613295c667aef2e51a.jpg,17,61,Smartphone,mobile_phone,640,640,301,115,280.331,424.463,0.29050326477783206,True,0,ffcd57d8fad6b861858c895a2317e38c,2,,False,False,False,True,False,301,115,581.331,539.463,pending_review
UNUM00189,UNU-KEY E-Waste Dataset v44,CC BY 4.0,train,1681,1204,495_jpeg.rf.a0dd12d4e8e96cb55d631a9eaf72703e.jpg,495,61,Smartphone,mobile_phone,640,640,237,138,168.0,294.0,0.1205859375,False,0,b38ce58a742ed1bd623e2faa9e19dffb,1,,False,False,False,False,True,237,138,405.0,432.0,pending_review
UNUM00190,UNU-KEY E-Waste Dataset v44,CC BY 4.0,train,1695,1218,realistic-white-smartphone-front-back_52683-29903_jpg.rf.a0ef915879babfff54853e7b57c000c9.jpg,realistic-white-smartphone-front-back_52683-29903,61,Smartphone,mobile_phone,640,640,125,143,177.891,358.85,0.15585006188964845,True,0,e8090118ee92b76d0ee26574b9c370d3,1,,False,False,False,False,False,125,143,302.89099999999996,501.85,pending_review
UNUM00191,UNU-KEY E-Waste Dataset v44,CC BY 4.0,train,1781,1277,IMG_20200329_152840-1-_jpg.rf.a1da0b0c4084996be47eeb70c2eebd78.jpg,IMG_20200329_152840-1-,61,Smartphone,mobile_phone,640,640,154,169,112.0,171.0,0.0467578125,False,0,5a9d33e699bfa1d3176357d628344288,2,Laptop,True,False,False,True,False,154,169,266.0,340.0,pending_review
UNUM00192,UNU-KEY E-Waste Dataset v44,CC BY 4.0,train,1782,1277,IMG_20200329_152840-1-_jpg.rf.a1da0b0c4084996be47eeb70c2eebd78.jpg,IMG_20200329_152840-1-,61,Smartphone,mobile_phone,640,640,118,8,183.0,124.0,0.055400390625,False,0,5a9d33e699bfa1d3176357d628344288,2,Laptop,True,False,False,True,False,118,8,301.0,132.0,pending_review
UNUM00193,UNU-KEY E-Waste Dataset v44,CC BY 4.0,train,1820,1301,518_jpg.rf.a258da0f0b354bd86124f5c93009b552.jpg,518,61,Smartphone,mobile_phone,640,640,142,86,351.0,377.0,0.32306396484375,False,0,a52366293f3793d44ffe234d0c7d12a4,1,,False,False,False,False,True,142,86,493.0,463.0,pending_review
UNUM00194,UNU-KEY E-Waste Dataset v44,CC BY 4.0,train,1836,1314,3529_jpeg.rf.a2b038162d8449e5bf37675e17f7e468.jpg,3529,61,Smartphone,mobile_phone,640,640,199,136,243.2,346.667,0.20583353124999998,True,0,38a96148f7dc9979a5d84f341753e269,1,,False,False,False,False,False,199,136,442.2,482.667,pending_review
UNUM00195,UNU-KEY E-Waste Dataset v44,CC BY 4.0,train,1860,1335,580_jpeg.rf.a28234ff3c62bdc7a238606a0fcfb57d.jpg,580,61,Smartphone,mobile_phone,640,640,66,160,566.0,293.0,0.4048779296875,False,0,c56045c52608a6f077f79498720d9b39,1,,False,False,False,False,False,66,160,632.0,453.0,pending_review
UNUM00196,UNU-KEY E-Waste Dataset v44,CC BY 4.0,train,1872,1343,94_jpg.rf.a2feff507fa91a26fad145281ecb6df1.jpg,94,61,Smartphone,mobile_phone,640,640,203,34,251.155,503.586,0.30878452595214845,True,0,274cf62adc08c0e380f8d7cd320b2c52,1,,False,False,False,False,False,203,34,454.155,537.586,pending_review
UNUM00197,UNU-KEY E-Waste Dataset v44,CC BY 4.0,train,1928,1382,475_jpg.rf.a3ada16fb44c8cda4fc9c6b6efd998e4.jpg,475,61,Smartphone,mobile_phone,640,640,2,141,617.0,209.0,0.31482666015625,False,0,57b69cb621c131903b1c5bccd8d1ec29,1,,False,False,False,False,False,2,141,619.0,350.0,pending_review
UNUM00198,UNU-KEY E-Waste Dataset v44,CC BY 4.0,train,1931,1385,481_jpg.rf.a3af6788f056733a8a507fa2be832035.jpg,481,61,Smartphone,mobile_phone,640,640,160,7,331.0,467.0,0.37738525390625,False,0,873107a8c5ab088935472b6673d714c3,1,,False,False,False,False,False,160,7,491.0,474.0,pending_review
UNUM00199,UNU-KEY E-Waste Dataset v44,CC BY 4.0,train,1936,1390,p60-art_png.rf.a3c7e39b105f28c3e0a19052192e179a.jpg,p60-art,61,Smartphone,mobile_phone,640,640,306,171,143.012,295.901,0.10331394973632813,True,0,547103d137965e117c4666870ade8100,2,,False,False,False,True,False,306,171,449.012,466.901,pending_review
UNUM00200,UNU-KEY E-Waste Dataset v44,CC BY 4.0,train,1937,1390,p60-art_png.rf.a3c7e39b105f28c3e0a19052192e179a.jpg,p60-art,61,Smartphone,mobile_phone,640,640,198,171,102.0,300.0,0.07470703125,False,0,547103d137965e117c4666870ade8100,2,,False,False,False,True,False,198,171,300.0,471.0,pending_review
UNUM00201,UNU-KEY E-Waste Dataset v44,CC BY 4.0,train,1951,1404,597_jpeg.rf.a4292472422f410cf8619a209334edd6.jpg,597,61,Smartphone,mobile_phone,640,640,81,260,479.0,321.0,0.37538818359375,False,0,35bb981295339738e29f5b66b0109fa5,1,,False,False,False,False,False,81,260,560.0,581.0,pending_review
UNUM00202,UNU-KEY E-Waste Dataset v44,CC BY 4.0,train,1952,1405,IMG_20200329_152619_jpg.rf.a42d23ad5c9a0b0f9559283d0b7ee6fb.jpg,IMG_20200329_152619,61,Smartphone,mobile_phone,640,640,62,175,222.0,344.0,0.1864453125,False,0,ca43495288c549a26720939265e71366,2,,False,False,False,True,False,62,175,284.0,519.0,pending_review
UNUM00203,UNU-KEY E-Waste Dataset v44,CC BY 4.0,train,1953,1405,IMG_20200329_152619_jpg.rf.a42d23ad5c9a0b0f9559283d0b7ee6fb.jpg,IMG_20200329_152619,61,Smartphone,mobile_phone,640,640,328,148,211.0,366.0,0.1885400390625,False,0,ca43495288c549a26720939265e71366,2,,False,False,False,True,False,328,148,539.0,514.0,pending_review
UNUM00204,UNU-KEY E-Waste Dataset v44,CC BY 4.0,train,1967,1415,cc4388845d228f8b_jpg.rf.a453f689f4c70557e1cced3b7e7115dd.jpg,cc4388845d228f8b,61,Smartphone,mobile_phone,640,640,186,263,185.0,242.0,0.1093017578125,False,0,0cef035ad8f01ca4a78370f7f6bc4446,1,,False,False,False,False,False,186,263,371.0,505.0,pending_review
UNUM00205,UNU-KEY E-Waste Dataset v44,CC BY 4.0,train,1988,1432,IMG_20200329_152619_jpg.rf.a4ab80362db78734097009da034b85c6.jpg,IMG_20200329_152619,61,Smartphone,mobile_phone,640,640,62,175,222.0,344.0,0.1864453125,False,0,ca43495288c549a26720939265e71366,2,,False,False,False,True,False,62,175,284.0,519.0,pending_review
UNUM00206,UNU-KEY E-Waste Dataset v44,CC BY 4.0,train,1989,1432,IMG_20200329_152619_jpg.rf.a4ab80362db78734097009da034b85c6.jpg,IMG_20200329_152619,61,Smartphone,mobile_phone,640,640,328,148,211.0,366.0,0.1885400390625,False,0,ca43495288c549a26720939265e71366,2,,False,False,False,True,False,328,148,539.0,514.0,pending_review
UNUM00207,UNU-KEY E-Waste Dataset v44,CC BY 4.0,train,2003,1439,WhatsApp-Video-2023-09-09-at-10_00_52-PM_mp4-42_jpg.rf.a4c40f7c054ae115017bd02a464d4629.jpg,WhatsApp-Video-2023-09-09-at-10_00_52-PM_mp4-42,2,Bar-Phone,mobile_phone,640,640,268,215,150.0,335.0,0.1226806640625,False,0,cb6b9cb170e5c5cec1e9d42b062a7a43,1,,False,False,False,False,False,268,215,418.0,550.0,pending_review
UNUM00208,UNU-KEY E-Waste Dataset v44,CC BY 4.0,train,2040,1469,82_jpg.rf.a50e134f599d26ee0a2689c933b007b3.jpg,82,61,Smartphone,mobile_phone,640,640,155,186,318.164,327.954,0.25474403431640624,True,0,4f5f41f0f8604e4239104b499356cfef,1,,False,False,False,False,False,155,186,473.164,513.954,pending_review
UNUM00209,UNU-KEY E-Waste Dataset v44,CC BY 4.0,train,2054,1481,1b78346f65ea59cc_jpg.rf.a58cb3de335530280d1f219b6bc2f7d0.jpg,1b78346f65ea59cc,61,Smartphone,mobile_phone,640,640,175,173,278.0,407.0,0.2762353515625,False,0,16b7f04d204542da4b791b531b0206c5,1,,False,False,False,False,False,175,173,453.0,580.0,pending_review
UNUM00210,UNU-KEY E-Waste Dataset v44,CC BY 4.0,train,2094,1509,493e0fb025bb309a_jpg.rf.a62fddc6aef424825d73521a3b728d02.jpg,493e0fb025bb309a,61,Smartphone,mobile_phone,640,640,143,143,464.0,285.0,0.3228515625,False,0,04235176be8c1bbdcd5bd7d7a2b06e66,1,,False,False,False,False,False,143,143,607.0,428.0,pending_review
UNUM00211,UNU-KEY E-Waste Dataset v44,CC BY 4.0,train,2111,1526,474_jpg.rf.a647a425bcd36cf1076f8db03e8a7150.jpg,474,61,Smartphone,mobile_phone,640,640,144,17,356.0,515.0,0.447607421875,False,0,b743e3e0945f1f2adc4655c007ff0987,1,,False,False,False,False,False,144,17,500.0,532.0,pending_review
UNUM00212,UNU-KEY E-Waste Dataset v44,CC BY 4.0,train,2113,1528,531_jpeg.rf.a64f7818c29a377a22f3744673471256.jpg,531,61,Smartphone,mobile_phone,640,640,46,217,557.0,307.0,0.41747802734375,False,0,1d4e415ca9393d6306e3ab377a3cffd7,1,,False,False,False,False,False,46,217,603.0,524.0,pending_review
UNUM00213,UNU-KEY E-Waste Dataset v44,CC BY 4.0,train,2122,1534,1fd3cc9973ca6d8d_jpg.rf.a6918943ad3e7070144dc10682cd947c.jpg,1fd3cc9973ca6d8d,61,Smartphone,mobile_phone,640,640,150,58,326.0,569.0,0.4528662109375,False,0,1f6b09e7e0f93d1ec5ea3f81216e985f,1,,False,False,False,False,False,150,58,476.0,627.0,pending_review
UNUM00214,UNU-KEY E-Waste Dataset v44,CC BY 4.0,train,2123,1535,8395baf7e9317f0a_jpg.rf.a68f0046653184cb86a3243d833510f8.jpg,8395baf7e9317f0a,61,Smartphone,mobile_phone,640,640,166,12,305.0,623.0,0.46390380859375,False,0,b6b605b6e0fa31f571789092ff7ae71e,1,,False,False,False,False,False,166,12,471.0,635.0,pending_review
UNUM00215,UNU-KEY E-Waste Dataset v44,CC BY 4.0,train,2133,1544,mobile-phones-buying-guide_jpeg.rf.a6b31d20e1489ea5d1c1e35288ca8f9c.jpg,mobile-phones-buying-guide,61,Smartphone,mobile_phone,640,640,153,187,130.56,261.12,0.083232,True,0,c8b96dbe48d7f5db323dcb59cc1db9ea,2,,False,False,False,True,False,153,187,283.56,448.12,pending_review
UNUM00216,UNU-KEY E-Waste Dataset v44,CC BY 4.0,train,2134,1544,mobile-phones-buying-guide_jpeg.rf.a6b31d20e1489ea5d1c1e35288ca8f9c.jpg,mobile-phones-buying-guide,61,Smartphone,mobile_phone,640,640,354,145,168.96,276.48,0.11404800000000001,True,0,c8b96dbe48d7f5db323dcb59cc1db9ea,2,,False,False,False,True,False,354,145,522.96,421.48,pending_review
UNUM00217,UNU-KEY E-Waste Dataset v44,CC BY 4.0,train,2150,1556,457_jpeg.rf.a6ec29a4f148ae191b4ea46768bd79b0.jpg,457,61,Smartphone,mobile_phone,640,640,151,83,356.0,509.0,0.442392578125,False,0,de96ab23138fca1f332a216deb20fd96,1,,False,False,False,False,False,151,83,507.0,592.0,pending_review
UNUM00218,UNU-KEY E-Waste Dataset v44,CC BY 4.0,train,2152,1558,455_jpeg.rf.a6df416af8524effd86fae8044643264.jpg,455,61,Smartphone,mobile_phone,640,640,179,208,291.0,432.0,0.3069140625,False,0,054321662c48b28d0c3d4ea6f8c19d10,1,,False,False,False,False,False,179,208,470.0,640.0,pending_review
UNUM00219,UNU-KEY E-Waste Dataset v44,CC BY 4.0,train,2167,1569,538_jpeg.rf.a72339f89d11e6330e6cd9612597e0ae.jpg,538,61,Smartphone,mobile_phone,640,640,214,165,213.0,388.0,0.201767578125,False,0,26f3020d7261479db38af5f97aeeb1d5,1,,False,False,False,False,False,214,165,427.0,553.0,pending_review
UNUM00220,UNU-KEY E-Waste Dataset v44,CC BY 4.0,train,2175,1577,79_jpg.rf.a74823bcd3b277d86adcf9b28a1f6c00.jpg,79,61,Smartphone,mobile_phone,640,640,183,93,364.746,455.593,0.40570245209472655,True,0,c9e544fae2b11a365560e393de720209,1,,False,False,False,False,False,183,93,547.746,548.5930000000001,pending_review
UNUM00221,UNU-KEY E-Waste Dataset v44,CC BY 4.0,train,2245,1614,Copy-of-IMG_20200328_215102_jpg.rf.a7d326b593107f3aa75be10e8bbbaff4.jpg,Copy-of-IMG_20200328_215102,61,Smartphone,mobile_phone,640,640,65,251,488.0,226.0,0.2692578125,False,0,1048b0dac4d60a924403a039058b68ce,1,,False,False,False,False,True,65,251,553.0,477.0,pending_review
UNUM00222,UNU-KEY E-Waste Dataset v44,CC BY 4.0,train,2269,1638,41bced1f90f61288_jpg.rf.a837b52b10ec2d6a4857c50992bbe2ba.jpg,41bced1f90f61288,61,Smartphone,mobile_phone,640,640,30,260,225.0,190.0,0.1043701171875,False,0,24e7cc158209f94bbbf685c336844483,1,,False,False,False,False,False,30,260,255.0,450.0,pending_review
UNUM00223,UNU-KEY E-Waste Dataset v44,CC BY 4.0,train,2280,1644,546_jpeg.rf.a817a27df05a402d2415da672417ef97.jpg,546,61,Smartphone,mobile_phone,640,640,211,121,216.0,389.0,0.20513671875,False,0,8886272b956bed5d8c18620f42390535,1,,False,False,False,False,False,211,121,427.0,510.0,pending_review
UNUM00224,UNU-KEY E-Waste Dataset v44,CC BY 4.0,train,2293,1653,eEFKyvbkipQbGQ7y3hvK6b_jpeg.rf.a8b44af92531f1a7b6a225405f3581ed.jpg,eEFKyvbkipQbGQ7y3hvK6b,61,Smartphone,mobile_phone,640,640,171,160,271.68,325.76,0.2160705,True,0,a5cc9b1c4af65ea71d82fa7e59036312,1,,False,False,False,False,False,171,160,442.68,485.76,pending_review
UNUM00225,UNU-KEY E-Waste Dataset v44,CC BY 4.0,train,2301,1659,597_jpeg.rf.a8a10bcee640f15a8ebbc25f0bb2d808.jpg,597,61,Smartphone,mobile_phone,640,640,81,260,479.0,321.0,0.37538818359375,False,0,35bb981295339738e29f5b66b0109fa5,1,,False,False,False,False,False,81,260,560.0,581.0,pending_review
UNUM00226,UNU-KEY E-Waste Dataset v44,CC BY 4.0,train,2305,1663,000000437564_jpg.rf.a86842077dd7372b6cb4942094ed9783.jpg,000000437564,2,Bar-Phone,mobile_phone,640,640,331,346,140.378,89.203,0.030571627768554682,True,0,f0aabdce70d4a0f5933eba0d52bae00a,1,Computer-Mouse; Laptop,True,False,False,False,False,331,346,471.378,435.203,pending_review
UNUM00227,UNU-KEY E-Waste Dataset v44,CC BY 4.0,train,2308,1664,android-phone-1666984344674_jpeg.rf.a8828244bc0713e0f1b60e5277c16796.jpg,android-phone-1666984344674,61,Smartphone,mobile_phone,640,640,500,193,85.0,256.0,0.053125,True,0,55b777ac9bac2af352f1007f1b9eceb7,5,,False,False,False,True,False,500,193,585.0,449.0,pending_review
UNUM00228,UNU-KEY E-Waste Dataset v44,CC BY 4.0,train,2309,1664,android-phone-1666984344674_jpeg.rf.a8828244bc0713e0f1b60e5277c16796.jpg,android-phone-1666984344674,61,Smartphone,mobile_phone,640,640,401,194,85.5,255.5,0.0533331298828125,True,0,55b777ac9bac2af352f1007f1b9eceb7,5,,False,False,False,True,False,401,194,486.5,449.5,pending_review
UNUM00229,UNU-KEY E-Waste Dataset v44,CC BY 4.0,train,2310,1664,android-phone-1666984344674_jpeg.rf.a8828244bc0713e0f1b60e5277c16796.jpg,android-phone-1666984344674,61,Smartphone,mobile_phone,640,640,265,167,114.0,308.5,0.08586181640625,True,0,55b777ac9bac2af352f1007f1b9eceb7,5,,False,False,False,True,False,265,167,379.0,475.5,pending_review
UNUM00230,UNU-KEY E-Waste Dataset v44,CC BY 4.0,train,2311,1664,android-phone-1666984344674_jpeg.rf.a8828244bc0713e0f1b60e5277c16796.jpg,android-phone-1666984344674,61,Smartphone,mobile_phone,640,640,81,190,99.0,290.5,0.070213623046875,True,0,55b777ac9bac2af352f1007f1b9eceb7,5,,False,False,False,True,False,81,190,180.0,480.5,pending_review
UNUM00231,UNU-KEY E-Waste Dataset v44,CC BY 4.0,train,2312,1664,android-phone-1666984344674_jpeg.rf.a8828244bc0713e0f1b60e5277c16796.jpg,android-phone-1666984344674,61,Smartphone,mobile_phone,640,640,142,162,97.0,288.0,0.068203125,True,0,55b777ac9bac2af352f1007f1b9eceb7,5,,False,False,False,True,False,142,162,239.0,450.0,pending_review
UNUM00232,UNU-KEY E-Waste Dataset v44,CC BY 4.0,train,2357,1699,512_jpeg.rf.a9286612287476fa8883e18a8affa44f.jpg,512,2,Bar-Phone,mobile_phone,640,640,228,102,169.0,341.0,0.14069580078125,False,0,eece022da532373406a9b4f66ce4b9ad,1,,False,False,False,False,False,228,102,397.0,443.0,pending_review
UNUM00233,UNU-KEY E-Waste Dataset v44,CC BY 4.0,train,2377,1713,Copy-of-IMG_20200328_135240_jpg.rf.a972deebe667a9dccedb5aea1912acb2.jpg,Copy-of-IMG_20200328_135240,61,Smartphone,mobile_phone,640,640,1,276,584.0,231.0,0.32935546875,False,0,21d49c44dd97cb78fc0647a16b3d6482,1,,False,False,False,False,True,1,276,585.0,507.0,pending_review
UNUM00234,UNU-KEY E-Waste Dataset v44,CC BY 4.0,train,2389,1724,563_jpg.rf.a9b98deebbb39ded27e5d09cbd049b4b.jpg,563,61,Smartphone,mobile_phone,640,640,22,174,592.0,173.0,0.2500390625,False,0,f9042bfcae2fa9adb59b4e32b3e1ae32,1,,False,False,False,False,False,22,174,614.0,347.0,pending_review
UNUM00235,UNU-KEY E-Waste Dataset v44,CC BY 4.0,train,2404,1734,000000312868_jpg.rf.a9d7abb8c4386dab32bed24e5a64b592.jpg,000000312868,61,Smartphone,mobile_phone,640,640,329,403,61.93,43.38,0.00655889501953125,True,0,68d0b8c1952864c2f80efcb376eabd4b,1,Computer-Keyboard; Computer-Mouse; Flat-Panel-Monitor; Laptop,True,True,False,False,False,329,403,390.93,446.38,pending_review
UNUM00236,UNU-KEY E-Waste Dataset v44,CC BY 4.0,train,2411,1735,000000024149_jpg.rf.a9ecb022e98958061591620719c18f90.jpg,000000024149,61,Smartphone,mobile_phone,640,640,484,415,156.39,51.81,0.019781655029296873,True,0,ab08853d6dc9f70bda754dc22f26d795,1,Laptop,True,True,False,False,False,484,415,640.39,466.81,pending_review
UNUM00237,UNU-KEY E-Waste Dataset v44,CC BY 4.0,train,2419,1739,Copy-of-IMG_20200328_135512_jpg.rf.aa104e07092d95e12a933f56652011ab.jpg,Copy-of-IMG_20200328_135512,61,Smartphone,mobile_phone,640,640,3,195,637.0,244.0,0.379462890625,False,0,e0952fd8d16b0e1fea65724cd247a22c,1,,False,False,False,False,True,3,195,640.0,439.0,pending_review
UNUM00238,UNU-KEY E-Waste Dataset v44,CC BY 4.0,train,2439,1758,469_jpeg.rf.aa3d154015943ae2de7ea35854dc0274.jpg,469,61,Smartphone,mobile_phone,640,640,180,55,281.0,565.0,0.38760986328125,False,0,46be94e9d897f57710280106ef4005b0,1,,False,False,False,False,False,180,55,461.0,620.0,pending_review
UNUM00239,UNU-KEY E-Waste Dataset v44,CC BY 4.0,train,2465,1780,IMG_20200329_152844_jpg.rf.aaa88ec1809f6eb9201ed5bb7f2b73c5.jpg,IMG_20200329_152844,61,Smartphone,mobile_phone,640,640,128,228,111.0,162.0,0.0439013671875,False,0,bc3ca458236023e8ec9a8b5acb56e203,2,Laptop,True,False,False,True,True,128,228,239.0,390.0,pending_review
UNUM00240,UNU-KEY E-Waste Dataset v44,CC BY 4.0,train,2466,1780,IMG_20200329_152844_jpg.rf.aaa88ec1809f6eb9201ed5bb7f2b73c5.jpg,IMG_20200329_152844,61,Smartphone,mobile_phone,640,640,80,59,200.0,123.0,0.06005859375,False,0,bc3ca458236023e8ec9a8b5acb56e203,2,Laptop,True,False,False,True,True,80,59,280.0,182.0,pending_review
UNUM00241,UNU-KEY E-Waste Dataset v44,CC BY 4.0,train,2478,1788,462_jpeg.rf.aac4db323852bfdfdbae2180ad9f7edc.jpg,462,61,Smartphone,mobile_phone,640,640,192,186,207.0,429.0,0.21680419921875,False,0,a9c78ee06c792db5d49acea7131c675a,1,,False,False,False,False,False,192,186,399.0,615.0,pending_review
UNUM00242,UNU-KEY E-Waste Dataset v44,CC BY 4.0,train,2496,1802,WhatsApp-Video-2023-09-09-at-10_00_52-PM_mp4-29_jpg.rf.ab33d061fce1bc070ad96a54bd5358aa.jpg,WhatsApp-Video-2023-09-09-at-10_00_52-PM_mp4-29,2,Bar-Phone,mobile_phone,640,640,170,178,147.0,361.0,0.12955810546875,False,0,5ecdade9cca4bbfec9e521cb455f0e15,1,,False,False,False,False,False,170,178,317.0,539.0,pending_review
UNUM00243,UNU-KEY E-Waste Dataset v44,CC BY 4.0,train,2521,1823,558_jpg.rf.ab760336e72d52261943cfe52727186a.jpg,558,61,Smartphone,mobile_phone,640,640,153,97,328.0,415.0,0.33232421875,False,0,dcb786cc4a37b19d582cad3cbada01da,1,,False,False,False,False,False,153,97,481.0,512.0,pending_review
UNUM00244,UNU-KEY E-Waste Dataset v44,CC BY 4.0,train,2523,1825,Copy-of-IMG_20200328_140104_jpg.rf.ab987191b2a8ac54e74086db524a18e9.jpg,Copy-of-IMG_20200328_140104,2,Bar-Phone,mobile_phone,640,640,144,116,459.0,223.0,0.24989501953125,False,0,afddb9d5feea45811dba41b8453f6192,2,,False,False,False,True,False,144,116,603.0,339.0,pending_review
UNUM00245,UNU-KEY E-Waste Dataset v44,CC BY 4.0,train,2524,1825,Copy-of-IMG_20200328_140104_jpg.rf.ab987191b2a8ac54e74086db524a18e9.jpg,Copy-of-IMG_20200328_140104,2,Bar-Phone,mobile_phone,640,640,66,343,574.0,212.0,0.29708984375,False,0,afddb9d5feea45811dba41b8453f6192,2,,False,False,False,True,False,66,343,640.0,555.0,pending_review
UNUM00246,UNU-KEY E-Waste Dataset v44,CC BY 4.0,train,2533,1834,Apple-Flagship-400-off-Promo-Shop-Banner-image-1280_png.rf.ab9e962928bdd8bcf18d1330feeb8f41.jpg,Apple-Flagship-400-off-Promo-Shop-Banner-image-1280,61,Smartphone,mobile_phone,640,640,192,219,252.632,312.589,0.19279781310546876,True,0,ff906189303765578826d50d7f06bb8c,1,,False,False,False,False,False,192,219,444.632,531.5889999999999,pending_review
UNUM00247,UNU-KEY E-Waste Dataset v44,CC BY 4.0,train,2619,1887,note66_jpeg.rf.acadd549b913b9f5ba497436b5bb2f0d.jpg,note66,61,Smartphone,mobile_phone,640,640,301,161,124.16,328.96,0.09971599999999999,True,0,0df8054bab4a9ecc286ae6ca4d954cd9,2,,False,False,False,True,False,301,161,425.15999999999997,489.96,pending_review
UNUM00248,UNU-KEY E-Waste Dataset v44,CC BY 4.0,train,2620,1887,note66_jpeg.rf.acadd549b913b9f5ba497436b5bb2f0d.jpg,note66,61,Smartphone,mobile_phone,640,640,215,159,112.0,332.16,0.09082500000000002,True,0,0df8054bab4a9ecc286ae6ca4d954cd9,2,,False,False,False,True,False,215,159,327.0,491.16,pending_review
UNUM00249,UNU-KEY E-Waste Dataset v44,CC BY 4.0,train,2631,1895,000000431922_jpg.rf.ad0c9c10db3eb3e621400b2c59442f32.jpg,000000431922,2,Bar-Phone,mobile_phone,640,640,454,232,60.966,72.115,0.010733796606445311,True,0,9ac796d5cadcbdb629582e71866bf3db,1,Computer-Keyboard; Laptop,True,True,False,False,False,454,232,514.966,304.115,pending_review
UNUM00250,UNU-KEY E-Waste Dataset v44,CC BY 4.0,train,2660,1917,OnePlus_8_Pro_jpg.rf.ad6ca8648dd2c1e02fe17c6f14eb8f3f.jpg,OnePlus_8_Pro,61,Smartphone,mobile_phone,640,640,139,124,397.813,390.625,0.37938404083251953,True,0,652239d597cde361217df91e15e1f785,1,,False,False,False,False,False,139,124,536.813,514.625,pending_review
UNUM00251,UNU-KEY E-Waste Dataset v44,CC BY 4.0,train,2680,1932,537_jpeg.rf.adf0e566262f91a546c4aeed15ed3f7f.jpg,537,61,Smartphone,mobile_phone,640,640,153,96,262.0,469.0,0.2999951171875,False,0,91d152c723b2e4356f60374bf7d4c744,1,,False,False,False,False,True,153,96,415.0,565.0,pending_review
UNUM00252,UNU-KEY E-Waste Dataset v44,CC BY 4.0,train,2685,1936,Image_97_png.rf.adc21fb8f634b3c26011babf12a51ef7.jpg,Image_97,61,Smartphone,mobile_phone,640,640,488,252,137.0,221.0,0.07391845703125,False,0,5f3549a9bcd703d2642367d9aade614c,1,Projector,True,False,False,False,False,488,252,625.0,473.0,pending_review
UNUM00253,UNU-KEY E-Waste Dataset v44,CC BY 4.0,train,2763,2001,535_jpeg.rf.af38b9aead6668de82d3d094fb7e9c14.jpg,535,61,Smartphone,mobile_phone,640,640,188,122,255.0,485.0,0.30194091796875,False,0,d3c3dc5cd32c2e680075dc98480baeec,1,,False,False,False,False,False,188,122,443.0,607.0,pending_review
UNUM00254,UNU-KEY E-Waste Dataset v44,CC BY 4.0,train,2770,2008,Samsung-Galaxy-S23-review-4-scaled_jpeg.rf.af2d9abb690ba7e1777f988d9f1c9f07.jpg,Samsung-Galaxy-S23-review-4-scaled,61,Smartphone,mobile_phone,640,640,237,158,202.5,309.25,0.15288848876953126,True,0,d9f1bc71ce5a32b71b30d8abb74a8b98,1,,False,False,False,False,False,237,158,439.5,467.25,pending_review
UNUM00255,UNU-KEY E-Waste Dataset v44,CC BY 4.0,train,2795,2031,490_jpeg.rf.afaabe0372af7f0332ffaf50d3d924dc.jpg,490,61,Smartphone,mobile_phone,640,640,231,138,169.0,287.0,0.11841552734375,False,0,0e389fe00eb86edd2f910d9fdf228338,1,,False,False,False,False,False,231,138,400.0,425.0,pending_review
UNUM00256,UNU-KEY E-Waste Dataset v44,CC BY 4.0,train,2836,2066,_image-aHR0cHM6Ly9tLm1lZGlhLWFtYXpvbi5jb20vaW1hZ2VzL0kvNzE3amZXSW42dEwuX0FDX1NMMTUwMF8uanBn_jpeg.rf.b075f4b99d21df8e1298dd46defab756.jpg,_image-aHR0cHM6Ly9tLm1lZGlhLWFtYXpvbi5jb20vaW1hZ2VzL0kvNzE3amZXSW42dEwuX0FDX1NMMTUwMF8uanBn,61,Smartphone,mobile_phone,640,640,294,2,306.874,635.021,0.47576033777832033,True,0,480f9562be67f98938dd18ffb9adf3e0,2,,False,False,False,True,False,294,2,600.874,637.021,pending_review
UNUM00257,UNU-KEY E-Waste Dataset v44,CC BY 4.0,train,2837,2066,_image-aHR0cHM6Ly9tLm1lZGlhLWFtYXpvbi5jb20vaW1hZ2VzL0kvNzE3amZXSW42dEwuX0FDX1NMMTUwMF8uanBn_jpeg.rf.b075f4b99d21df8e1298dd46defab756.jpg,_image-aHR0cHM6Ly9tLm1lZGlhLWFtYXpvbi5jb20vaW1hZ2VzL0kvNzE3amZXSW42dEwuX0FDX1NMMTUwMF8uanBn,61,Smartphone,mobile_phone,640,640,44,1,248.0,639.0,0.38689453125,False,0,480f9562be67f98938dd18ffb9adf3e0,2,,False,False,False,True,False,44,1,292.0,640.0,pending_review
UNUM00258,UNU-KEY E-Waste Dataset v44,CC BY 4.0,train,2908,2085,000000179476_jpg.rf.b0dff825451c1876be342ab1972fa6f5.jpg,000000179476,61,Smartphone,mobile_phone,640,640,484,426,27.12,44.42,0.0029410898437500005,True,0,5ad6c2ab0f37d0dd965dc490cfdd3dd8,1,Laptop,True,True,False,False,False,484,426,511.12,470.42,pending_review
UNUM00259,UNU-KEY E-Waste Dataset v44,CC BY 4.0,train,2912,2088,530_jpeg.rf.b0b765ab12d38c36d4877beb6a67b17f.jpg,530,61,Smartphone,mobile_phone,640,640,226,196,172.0,304.0,0.12765625,False,0,5e7677e86edc80daf98c21de9420818c,1,,False,False,False,False,False,226,196,398.0,500.0,pending_review
UNUM00260,UNU-KEY E-Waste Dataset v44,CC BY 4.0,train,2933,2106,Copy-of-IMG_20200328_135306_jpg.rf.b1327f64ac5bf9eea49126dabd306121.jpg,Copy-of-IMG_20200328_135306,61,Smartphone,mobile_phone,640,640,23,131,570.0,290.0,0.403564453125,False,0,6bd4796e333d169cc0b205c403b4b60e,1,,False,False,False,False,True,23,131,593.0,421.0,pending_review
UNUM00261,UNU-KEY E-Waste Dataset v44,CC BY 4.0,train,2944,2114,9c143cb7614dd68e_jpg.rf.b1855b3dfb6d1e188368b2c079979897.jpg,9c143cb7614dd68e,61,Smartphone,mobile_phone,640,640,158,158,299.0,354.0,0.2584130859375,False,0,2fba2e1acf4118c52085d839924e68a2,1,,False,False,False,False,False,158,158,457.0,512.0,pending_review
UNUM00262,UNU-KEY E-Waste Dataset v44,CC BY 4.0,train,3059,2163,12_jpg.rf.b257997e730d35c72cb12d671cf383be.jpg,12,61,Smartphone,mobile_phone,640,640,5,173,600.569,313.428,0.4595584485644531,True,0,66c2b4d4c690b9964e747498953c118e,1,,False,False,False,False,False,5,173,605.569,486.428,pending_review
UNUM00263,UNU-KEY E-Waste Dataset v44,CC BY 4.0,train,3084,2186,461_jpeg.rf.b2997c57200ed5beb34a5d93b603f2c7.jpg,461,61,Smartphone,mobile_phone,640,640,194,55,266.0,554.0,0.359775390625,False,0,affe6c8b313cf7caf25882ba2a1fd1f7,1,,False,False,False,False,False,194,55,460.0,609.0,pending_review
UNUM00264,UNU-KEY E-Waste Dataset v44,CC BY 4.0,train,3155,2226,499_jpeg.rf.b39676ae0bfa7d2980296dd5ac2d0f3b.jpg,499,61,Smartphone,mobile_phone,640,640,212,133,193.0,314.0,0.1479541015625,False,0,df4a13879a8f9ae21d40ca2b7ce69e79,1,,False,False,False,False,True,212,133,405.0,447.0,pending_review
UNUM00265,UNU-KEY E-Waste Dataset v44,CC BY 4.0,train,3161,2232,realistic-silver-smartphone-isolated-on-transparent-background-front-and-back-view_1392-36_jpg.rf.b39cceb47601bb76d90e18b68e2c84d2.jpg,realistic-silver-smartphone-isolated-on-transparent-background-front-and-back-view_1392-36,61,Smartphone,mobile_phone,640,640,47,59,247.412,499.936,0.3019779434375,True,0,999f4467afcc6d21207947e3b3fd11de,1,,False,False,False,False,False,47,59,294.41200000000003,558.9359999999999,pending_review
UNUM00266,UNU-KEY E-Waste Dataset v44,CC BY 4.0,train,3185,2250,000000334568_jpg.rf.b3ea86cb781ed495eb296832f9efd1e9.jpg,000000334568,61,Smartphone,mobile_phone,640,640,40,346,170.24,58.86,0.0244636875,True,0,2563b041a4ad4652e605b57836e9a734,1,Computer-Keyboard; Laptop,True,False,False,False,False,40,346,210.24,404.86,pending_review
UNUM00267,UNU-KEY E-Waste Dataset v44,CC BY 4.0,train,3206,2269,saen-mobilephones-hero-3-m_jpeg.rf.b47f5b1492b7aaffd82b0142582cce1d.jpg,saen-mobilephones-hero-3-m,61,Smartphone,mobile_phone,640,640,222,304,202.667,299.852,0.14836451485351562,True,0,729cfb8ec29a9d623ad6d6dbc154883f,1,,False,False,False,False,False,222,304,424.66700000000003,603.852,pending_review
UNUM00268,UNU-KEY E-Waste Dataset v44,CC BY 4.0,train,3295,2335,6e6e4f971b283b7ccb11c30c0a71dcd1_jpeg.rf.b599fbbf633460283e4b0890b7666e17.jpg,6e6e4f971b283b7ccb11c30c0a71dcd1,61,Smartphone,mobile_phone,640,640,206,9,290.667,610.133,0.43297248220458984,True,0,1567e5ddb5723a5fc81b102250de1560,1,,False,False,False,False,False,206,9,496.667,619.133,pending_review
UNUM00269,UNU-KEY E-Waste Dataset v44,CC BY 4.0,train,3335,2365,WhatsApp-Video-2023-09-09-at-10_00_52-PM_mp4-24_jpg.rf.b5ef2da617d382013a597f9a23266610.jpg,WhatsApp-Video-2023-09-09-at-10_00_52-PM_mp4-24,2,Bar-Phone,mobile_phone,640,640,256,169,134.0,280.0,0.0916015625,False,0,a899c1481f5de9a987ab96bf51ac85d1,1,,False,False,False,False,False,256,169,390.0,449.0,pending_review
UNUM00270,UNU-KEY E-Waste Dataset v44,CC BY 4.0,train,3369,2388,71uFysYoWfL_jpeg.rf.b643c3b9c26704323e9defa9929cad9d.jpg,71uFysYoWfL,61,Smartphone,mobile_phone,640,640,394,12,246.46,614.559,0.3697856717285156,True,0,812f30d5254962e7f0bcd09a8f69f782,2,,False,False,False,True,False,394,12,640.46,626.559,pending_review
UNUM00271,UNU-KEY E-Waste Dataset v44,CC BY 4.0,train,3370,2388,71uFysYoWfL_jpeg.rf.b643c3b9c26704323e9defa9929cad9d.jpg,71uFysYoWfL,61,Smartphone,mobile_phone,640,640,237,13,164.174,610.186,0.2445719637792969,True,0,812f30d5254962e7f0bcd09a8f69f782,2,,False,False,False,True,False,237,13,401.174,623.186,pending_review
UNUM00272,UNU-KEY E-Waste Dataset v44,CC BY 4.0,train,3430,2423,0efa32e69da0622a_jpg.rf.b6c232346dbebd3b3fe3a58ca715d39e.jpg,0efa32e69da0622a,61,Smartphone,mobile_phone,640,640,128,27,367.0,589.0,0.52774169921875,False,0,322efe3aa41ce138334247570c1f8d6c,1,,False,False,False,False,False,128,27,495.0,616.0,pending_review
UNUM00273,UNU-KEY E-Waste Dataset v44,CC BY 4.0,train,3474,2446,000000139503_jpg.rf.b74ddc7f169056d90ef912609c233a7b.jpg,000000139503,2,Bar-Phone,mobile_phone,640,640,499,387,70.1,29.82,0.0051034716796875,True,0,9dc9f7bf8da32e20d47bacdcb99d00e6,1,CRT-Monitor; Computer-Keyboard; Laptop,True,True,False,False,False,499,387,569.1,416.82,pending_review
UNUM00274,UNU-KEY E-Waste Dataset v44,CC BY 4.0,train,3516,2466,a4aa320c65d1c7e4_jpg.rf.b793802770c5381f3731e9315a86a81d.jpg,a4aa320c65d1c7e4,61,Smartphone,mobile_phone,640,640,202,108,382.0,409.0,0.3814404296875,False,0,18daca5bd745940a151c4165e6ea898f,1,,False,False,False,False,False,202,108,584.0,517.0,pending_review
UNUM00275,UNU-KEY E-Waste Dataset v44,CC BY 4.0,train,3579,2513,Best-mid-range-phone-5_jpeg.rf.b86fe46fcc99468ab88c764b2f3ac8db.jpg,Best-mid-range-phone-5,61,Smartphone,mobile_phone,640,640,493,174,139.2,295.68,0.10048499999999999,True,0,c9668233de69d64b3131da3485a47cf8,3,,False,False,False,True,False,493,174,632.2,469.68,pending_review
UNUM00276,UNU-KEY E-Waste Dataset v44,CC BY 4.0,train,3580,2513,Best-mid-range-phone-5_jpeg.rf.b86fe46fcc99468ab88c764b2f3ac8db.jpg,Best-mid-range-phone-5,61,Smartphone,mobile_phone,640,640,237,144,187.2,351.36,0.16058250000000002,True,0,c9668233de69d64b3131da3485a47cf8,3,,False,False,False,True,False,237,144,424.2,495.36,pending_review
UNUM00277,UNU-KEY E-Waste Dataset v44,CC BY 4.0,train,3581,2513,Best-mid-range-phone-5_jpeg.rf.b86fe46fcc99468ab88c764b2f3ac8db.jpg,Best-mid-range-phone-5,61,Smartphone,mobile_phone,640,640,16,149,160.32,340.8,0.13339125,True,0,c9668233de69d64b3131da3485a47cf8,3,,False,False,False,True,False,16,149,176.32,489.8,pending_review
UNUM00278,UNU-KEY E-Waste Dataset v44,CC BY 4.0,train,3632,2549,oneplus-11-never-settle-1-_jpeg.rf.b8ed2ee21347239d9d643cb4b22118b9.jpg,oneplus-11-never-settle-1-,61,Smartphone,mobile_phone,640,640,225,112,189.333,413.867,0.19130537282958987,True,0,80265fa96c687a9d6d06a4c3081a77ef,1,,False,False,False,False,False,225,112,414.33299999999997,525.867,pending_review
UNUM00279,UNU-KEY E-Waste Dataset v44,CC BY 4.0,train,3699,2599,49_jpg.rf.ba0dcc08dc1c91a0f27c882434b0f467.jpg,49,61,Smartphone,mobile_phone,640,640,76,191,502.932,249.885,0.3068241279785156,True,0,9a6f9c696a51ebeaddc769e3082bbcbe,1,,False,False,False,False,False,76,191,578.932,440.885,pending_review
UNUM00280,UNU-KEY E-Waste Dataset v44,CC BY 4.0,train,3721,2616,514_jpg.rf.ba45aa8372165fb8c486ca81156465dc.jpg,514,61,Smartphone,mobile_phone,640,640,104,64,396.0,573.0,0.553974609375,False,0,a2adf4a2af8c2751e1bfb5503342a741,1,,False,False,False,False,True,104,64,500.0,637.0,pending_review
UNUM00281,UNU-KEY E-Waste Dataset v44,CC BY 4.0,train,3750,2635,37e895dc207fc060_jpg.rf.ba6cfa4ad05f86e11a6756bbb8587945.jpg,37e895dc207fc060,61,Smartphone,mobile_phone,640,640,279,364,141.0,276.0,0.095009765625,False,0,657a709b25587f5c7a93ab254a895ae1,1,Computer-Keyboard; Computer-Mouse; Headphone; Smart-Watch,True,False,False,False,False,279,364,420.0,640.0,pending_review
UNUM00282,UNU-KEY E-Waste Dataset v44,CC BY 4.0,train,3795,2663,581_jpeg.rf.bb15b35918c93291eec635bed6ab7f52.jpg,581,61,Smartphone,mobile_phone,640,640,161,304,479.0,256.0,0.299375,False,0,dde384ef06c20bc5dad80329bdb7ed67,2,,False,False,False,True,False,161,304,640.0,560.0,pending_review
UNUM00283,UNU-KEY E-Waste Dataset v44,CC BY 4.0,train,3796,2663,581_jpeg.rf.bb15b35918c93291eec635bed6ab7f52.jpg,581,61,Smartphone,mobile_phone,640,640,129,115,359.0,178.0,0.1560107421875,False,0,dde384ef06c20bc5dad80329bdb7ed67,2,,False,False,False,True,False,129,115,488.0,293.0,pending_review
UNUM00284,UNU-KEY E-Waste Dataset v44,CC BY 4.0,train,3931,2762,IMG_20200328_131615_jpg.rf.bcfb812e18edcef4b663a788480f14b9.jpg,IMG_20200328_131615,61,Smartphone,mobile_phone,640,640,230,244,283.0,143.0,0.09880126953125,False,0,a76adb9cf44f2c9add5ee19c0cf25fb0,1,,False,False,False,False,False,230,244,513.0,387.0,pending_review
UNUM00285,UNU-KEY E-Waste Dataset v44,CC BY 4.0,train,3943,2772,OIP-7UXY14mqyK5h1B-yX-04zgHaE7_jpg.rf.bcf721f60e9ab72494392e1bf57764df.jpg,OIP-7UXY14mqyK5h1B-yX-04zgHaE7,61,Smartphone,mobile_phone,640,640,486,195,128.27,259.241,0.08118369890136719,True,0,060dcbfaa9f26ccdee0a6cffdfa53bb5,1,,False,False,False,False,False,486,195,614.27,454.241,pending_review
UNUM00286,UNU-KEY E-Waste Dataset v44,CC BY 4.0,train,3968,2789,iphone-4-iphone-x-screen-protector-smartphone-ios-png-favpng-JNDQmgtLWhs8NP6c49bcBuiu0_jpg.rf.bd763d498d57e8f0c1990e8d0e3054f9.jpg,iphone-4-iphone-x-screen-protector-smartphone-ios-png-favpng-JNDQmgtLWhs8NP6c49bcBuiu0,61,Smartphone,mobile_phone,640,640,179,39,284.878,564.293,0.39246743470214845,True,0,1e2361639856c01f82a8b626f7e2fd94,1,,False,False,False,False,False,179,39,463.878,603.293,pending_review
UNUM00287,UNU-KEY E-Waste Dataset v44,CC BY 4.0,train,3970,2791,OIP-fhN571H1Nw_hSPu43CUWUQAAAA_jpg.rf.bd90a0364b109e47c7b1425faa307a96.jpg,OIP-fhN571H1Nw_hSPu43CUWUQAAAA,61,Smartphone,mobile_phone,640,640,3,19,297.465,599.437,0.435330876965332,True,0,71234273054693bdb48b81af3535df1c,1,,False,False,False,False,False,3,19,300.465,618.437,pending_review
UNUM00288,UNU-KEY E-Waste Dataset v44,CC BY 4.0,train,3985,2801,OIP-D1FQt3_PlvUKAatXguGweQHaG7_jpg.rf.bd59fd4afcf16827d294940e904a8a4e.jpg,OIP-D1FQt3_PlvUKAatXguGweQHaG7,61,Smartphone,mobile_phone,640,640,32,46,261.333,529.778,0.3380089699072266,True,0,860e0b8216b732596c7bffaa438cc9bc,1,,False,False,False,False,False,32,46,293.333,575.778,pending_review
UNUM00289,UNU-KEY E-Waste Dataset v44,CC BY 4.0,train,3998,2812,EntfjGhh66sJLPRueZqdad-1200-80_jpeg.rf.bdcf6ec02e6f46698b2e363f4b8be877.jpg,EntfjGhh66sJLPRueZqdad-1200-80,61,Smartphone,mobile_phone,640,640,117,153,375.467,346.667,0.3177783654516601,True,0,0b91c56614137dee267a2947f4828522,1,,False,False,False,False,False,117,153,492.467,499.667,pending_review
UNUM00290,UNU-KEY E-Waste Dataset v44,CC BY 4.0,train,4010,2819,489_jpeg.rf.bde16a53a5a68f73daa68100098c2d01.jpg,489,61,Smartphone,mobile_phone,640,640,211,110,224.0,369.0,0.201796875,False,0,e53c182135640f9ccd3ab24c4101dada,1,,False,False,False,False,False,211,110,435.0,479.0,pending_review
UNUM00291,UNU-KEY E-Waste Dataset v44,CC BY 4.0,train,4025,2832,493_jpeg.rf.be28c370cecad30f791ffd28c1fc94a7.jpg,493,61,Smartphone,mobile_phone,640,640,149,194,303.0,158.0,0.1168798828125,False,0,c8610ec4b4dcf83cf45bdad83ca7d9db,1,,False,False,False,False,False,149,194,452.0,352.0,pending_review
UNUM00292,UNU-KEY E-Waste Dataset v44,CC BY 4.0,train,4029,2836,1440x671_ip14_megadeals-1-_jpeg.rf.be47685391433fd31601ae257129ad6d.jpg,1440x671_ip14_megadeals-1-,61,Smartphone,mobile_phone,640,640,468,344,61.778,124.889,0.018836407817382814,True,0,080eecdae23f340ef82ee66cba4bc040,2,,False,True,False,True,False,468,344,529.778,468.889,pending_review
UNUM00293,UNU-KEY E-Waste Dataset v44,CC BY 4.0,train,4030,2836,1440x671_ip14_megadeals-1-_jpeg.rf.be47685391433fd31601ae257129ad6d.jpg,1440x671_ip14_megadeals-1-,61,Smartphone,mobile_phone,640,640,401,313,83.605,156.0,0.031841748046875,True,0,080eecdae23f340ef82ee66cba4bc040,2,,False,False,False,True,False,401,313,484.605,469.0,pending_review
UNUM00294,UNU-KEY E-Waste Dataset v44,CC BY 4.0,train,4083,2874,451_jpeg.rf.bed070dc78c87c63b0768712e8938546.jpg,451,61,Smartphone,mobile_phone,640,640,197,70,279.0,448.0,0.30515625,False,0,14854af8aed13b1fff6309c45dac7978,1,,False,False,False,False,False,197,70,476.0,518.0,pending_review
UNUM00295,UNU-KEY E-Waste Dataset v44,CC BY 4.0,train,4098,2881,IMG_20200329_152752_jpg.rf.bf197c8e6a1c63b3400652389f2a7c81.jpg,IMG_20200329_152752,61,Smartphone,mobile_phone,640,640,115,113,187.0,144.0,0.0657421875,False,0,5c207aebd08d2ab6265fc7479ec4a406,2,Laptop,True,False,False,True,False,115,113,302.0,257.0,pending_review
UNUM00296,UNU-KEY E-Waste Dataset v44,CC BY 4.0,train,4099,2881,IMG_20200329_152752_jpg.rf.bf197c8e6a1c63b3400652389f2a7c81.jpg,IMG_20200329_152752,61,Smartphone,mobile_phone,640,640,356,85,152.0,179.0,0.06642578125,False,0,5c207aebd08d2ab6265fc7479ec4a406,2,Laptop,True,False,False,True,False,356,85,508.0,264.0,pending_review
UNUM00297,UNU-KEY E-Waste Dataset v44,CC BY 4.0,train,4127,2901,IMG-20200328-WA0044_jpg.rf.bf451fd500563ab8d6bfab3b37f94fe2.jpg,IMG-20200328-WA0044,61,Smartphone,mobile_phone,640,640,160,95,280.0,450.0,0.3076171875,False,0,0f22f2e3c6b355121a0b6970efb96bc5,1,,False,False,False,False,False,160,95,440.0,545.0,pending_review
UNUM00298,UNU-KEY E-Waste Dataset v44,CC BY 4.0,train,4135,2908,WhatsApp-Video-2023-09-09-at-10_00_52-PM_mp4-6_jpg.rf.bf9659db82daa4ce2a637a5ccc857082.jpg,WhatsApp-Video-2023-09-09-at-10_00_52-PM_mp4-6,2,Bar-Phone,mobile_phone,640,640,240,212,120.0,234.0,0.0685546875,False,0,797054e839e09bf8c276a74fe41077f8,1,,False,False,False,False,False,240,212,360.0,446.0,pending_review
UNUM00299,UNU-KEY E-Waste Dataset v44,CC BY 4.0,train,4165,2934,493_jpeg.rf.bfde2ff2e7201dd5e6125da7c3cdfc83.jpg,493,61,Smartphone,mobile_phone,640,640,150,197,281.0,151.0,0.10359130859375,False,0,c8610ec4b4dcf83cf45bdad83ca7d9db,1,,False,False,False,False,False,150,197,431.0,348.0,pending_review
UNUM00300,UNU-KEY E-Waste Dataset v44,CC BY 4.0,train,4201,2964,461_jpeg.rf.360d7a0c2868ca9fd1d1de604c14d2ee.jpg,461,61,Smartphone,mobile_phone,640,640,172,34,300.0,595.0,0.435791015625,False,0,affe6c8b313cf7caf25882ba2a1fd1f7,1,,False,False,False,False,False,172,34,472.0,629.0,pending_review
UNUM00301,UNU-KEY E-Waste Dataset v44,CC BY 4.0,train,4233,2993,000000169872_jpg.rf.37077fc330f922865f3792766d89ec1a.jpg,000000169872,61,Smartphone,mobile_phone,640,640,172,419,27.546,14.912,0.0010028465625,True,0,b61777596b334bc1a371392d0a5a9fb4,1,Computer-Keyboard; Computer-Mouse; Laptop,True,True,False,False,False,172,419,199.546,433.912,pending_review
UNUM00302,UNU-KEY E-Waste Dataset v44,CC BY 4.0,train,4243,2997,505_jpeg.rf.3706309fefa100a184ecff9ac6be2da1.jpg,505,61,Smartphone,mobile_phone,640,640,205,157,233.0,431.0,0.24517333984375,False,0,e4575e89ad1df49db44dd05899c7407b,1,,False,False,False,False,False,205,157,438.0,588.0,pending_review
UNUM00303,UNU-KEY E-Waste Dataset v44,CC BY 4.0,train,4258,3007,582_jpeg.rf.37653068c2f7d0ad9424b4befe7cf8f9.jpg,582,61,Smartphone,mobile_phone,640,640,194,213,193.0,392.0,0.18470703125,False,0,8eb727f0343da9af47175fb73da1016f,1,,False,False,False,False,False,194,213,387.0,605.0,pending_review
UNUM00304,UNU-KEY E-Waste Dataset v44,CC BY 4.0,train,4353,3070,000000359931_jpg.rf.389531e27f8b1d064e8a4e85a046de40.jpg,000000359931,2,Bar-Phone,mobile_phone,640,640,145,374,65.66,22.22,0.0035619267578125,True,0,84208183ed912e18bcdae3a518de7f04,1,Computer-Keyboard; Flat-Panel-Monitor; Laptop,True,True,False,False,False,145,374,210.66,396.22,pending_review
UNUM00305,UNU-KEY E-Waste Dataset v44,CC BY 4.0,train,4354,3071,516_jpg.rf.38c01b31bc0855647f0017c072d1f7ff.jpg,516,61,Smartphone,mobile_phone,640,640,1,186,624.0,150.0,0.228515625,False,0,f6e36b6eccfddc0935013317db95695b,1,,False,False,False,False,True,1,186,625.0,336.0,pending_review
UNUM00306,UNU-KEY E-Waste Dataset v44,CC BY 4.0,train,4370,3085,54_jpg.rf.391b864ce2c56aadb110efe1f1f8de68.jpg,54,61,Smartphone,mobile_phone,640,640,180,204,426.036,267.929,0.2786801744238281,True,0,a391eb68f025b370fa15a4bd48a3beed,2,,False,False,False,True,False,180,204,606.0360000000001,471.929,pending_review
UNUM00307,UNU-KEY E-Waste Dataset v44,CC BY 4.0,train,4371,3085,54_jpg.rf.391b864ce2c56aadb110efe1f1f8de68.jpg,54,61,Smartphone,mobile_phone,640,640,87,158,319.053,231.006,0.17993934892089844,True,0,a391eb68f025b370fa15a4bd48a3beed,2,,False,False,False,True,False,87,158,406.053,389.006,pending_review
UNUM00308,UNU-KEY E-Waste Dataset v44,CC BY 4.0,train,4418,3120,Copy-of-IMG_20200328_135503_jpg.rf.399de241320d4166db721a2388259a22.jpg,Copy-of-IMG_20200328_135503,61,Smartphone,mobile_phone,640,640,1,151,639.0,268.0,0.418095703125,False,0,2a0c03226b1f31c221c1324c4f8e726b,1,,False,False,False,False,True,1,151,640.0,419.0,pending_review
UNUM00309,UNU-KEY E-Waste Dataset v44,CC BY 4.0,train,4432,3134,samsung-galaxy-s22-and-s22-plus-and-s22-ultra-compared-005-1-_jpeg.rf.39f543fd96fcfd255997d32f39fe0c9a.jpg,samsung-galaxy-s22-and-s22-plus-and-s22-ultra-compared-005-1-,61,Smartphone,mobile_phone,640,640,196,99,221.867,448.533,0.24295574001708986,True,0,b5758dab059708b892bb3d980309b604,3,,False,False,False,True,False,196,99,417.86699999999996,547.533,pending_review
UNUM00310,UNU-KEY E-Waste Dataset v44,CC BY 4.0,train,4433,3134,samsung-galaxy-s22-and-s22-plus-and-s22-ultra-compared-005-1-_jpeg.rf.39f543fd96fcfd255997d32f39fe0c9a.jpg,samsung-galaxy-s22-and-s22-plus-and-s22-ultra-compared-005-1-,61,Smartphone,mobile_phone,640,640,451,82,188.8,466.133,0.2148581796875,True,0,b5758dab059708b892bb3d980309b604,3,,False,False,False,True,False,451,82,639.8,548.133,pending_review
UNUM00311,UNU-KEY E-Waste Dataset v44,CC BY 4.0,train,4434,3134,samsung-galaxy-s22-and-s22-plus-and-s22-ultra-compared-005-1-_jpeg.rf.39f543fd96fcfd255997d32f39fe0c9a.jpg,samsung-galaxy-s22-and-s22-plus-and-s22-ultra-compared-005-1-,61,Smartphone,mobile_phone,640,640,0,125,167.467,421.333,0.17226409548583987,True,0,b5758dab059708b892bb3d980309b604,3,,False,False,False,True,False,0,125,167.467,546.3330000000001,pending_review
UNUM00312,UNU-KEY E-Waste Dataset v44,CC BY 4.0,train,4436,3136,598_jpeg_jpg.rf.3a171285ff92c45b5d1a6920851b6a6c.jpg,598_jpeg,61,Smartphone,mobile_phone,640,640,107,67,394.0,566.0,0.544443359375,False,0,4df8157cfd2ff54bc39a4f8fc782a32c,1,,False,False,False,False,False,107,67,501.0,633.0,pending_review
UNUM00313,UNU-KEY E-Waste Dataset v44,CC BY 4.0,train,4507,3185,front-view-white-smartphone-modern-touchscreen-67202103_jpg.rf.3b21fc8d97766db8c44e4d5ed989399e.jpg,front-view-white-smartphone-modern-touchscreen-67202103,61,Smartphone,mobile_phone,640,640,185,60,271.644,538.311,0.3570042804785157,True,0,71c20bd4a390e170940b465db6058e4f,1,,False,False,False,False,False,185,60,456.644,598.311,pending_review
UNUM00314,UNU-KEY E-Waste Dataset v44,CC BY 4.0,train,4508,3186,e6b61fb6a84a7162_jpg.rf.3b210650624978a721fbd92daa3b643a.jpg,e6b61fb6a84a7162,61,Smartphone,mobile_phone,640,640,154,5,325.0,606.0,0.4808349609375,False,0,0b2d276e7e66c454b5ea49bd093800da,1,,False,False,False,False,False,154,5,479.0,611.0,pending_review
UNUM00315,UNU-KEY E-Waste Dataset v44,CC BY 4.0,train,4560,3230,491_jpeg.rf.3bd47e22dad391c45e6417740c34fdac.jpg,491,61,Smartphone,mobile_phone,640,640,223,122,208.0,389.0,0.1975390625,False,0,9e58657b7083d12b423e909f8b1bcd15,1,,False,False,False,False,False,223,122,431.0,511.0,pending_review
UNUM00316,UNU-KEY E-Waste Dataset v44,CC BY 4.0,train,4567,3237,466_jpeg.rf.3bf47cc08d6ff81d6671bcb3f4115d65.jpg,466,61,Smartphone,mobile_phone,640,640,152,141,272.0,499.0,0.3313671875,False,0,1c17ad131b10be6f81e7d463b6a4c290,1,,False,False,False,False,True,152,141,424.0,640.0,pending_review
UNUM00317,UNU-KEY E-Waste Dataset v44,CC BY 4.0,train,4571,3239,IMG_20200328_131600_jpg.rf.3bdb3334cbc685877c2dde0b20f6d51f.jpg,IMG_20200328_131600,61,Smartphone,mobile_phone,640,640,86,234,366.0,195.0,0.1742431640625,False,0,3c18f4d444b6b705645c9cd91e3a162e,1,,False,False,False,False,False,86,234,452.0,429.0,pending_review
UNUM00318,UNU-KEY E-Waste Dataset v44,CC BY 4.0,train,4582,3243,000000544451_jpg.rf.3c0dd35f446e04abd88cf1f7c9577873.jpg,000000544451,2,Bar-Phone,mobile_phone,640,640,173,371,43.354,32.038,0.0033910533496093746,True,0,1a05e2499e02f820612c7e6939160c05,1,Computer-Keyboard; Computer-Mouse; Flat-Panel-Monitor; Laptop,True,True,False,False,False,173,371,216.35399999999998,403.038,pending_review
UNUM00319,UNU-KEY E-Waste Dataset v44,CC BY 4.0,train,4650,3292,591_jpeg.rf.3c7043ed557f641ee3db8ddc13c23506.jpg,591,61,Smartphone,mobile_phone,640,640,130,202,463.0,268.0,0.302939453125,False,0,72c82bfc93ffaf026ffe1176018ca091,1,,False,False,False,False,False,130,202,593.0,470.0,pending_review
UNUM00320,UNU-KEY E-Waste Dataset v44,CC BY 4.0,train,4731,3338,Best-camera-phones-in-Pakistan_jpeg.rf.3df10269376fcd00d41e39fa36c7bbab.jpg,Best-camera-phones-in-Pakistan,61,Smartphone,mobile_phone,640,640,298,230,107.0,226.0,0.0590380859375,False,0,59dd467b66266fe9b4f36fbcbf85b3f7,6,,False,False,False,True,False,298,230,405.0,456.0,pending_review
UNUM00321,UNU-KEY E-Waste Dataset v44,CC BY 4.0,train,4732,3338,Best-camera-phones-in-Pakistan_jpeg.rf.3df10269376fcd00d41e39fa36c7bbab.jpg,Best-camera-phones-in-Pakistan,61,Smartphone,mobile_phone,640,640,225,227,70.0,231.0,0.0394775390625,False,0,59dd467b66266fe9b4f36fbcbf85b3f7,6,,False,False,False,True,False,225,227,295.0,458.0,pending_review
UNUM00322,UNU-KEY E-Waste Dataset v44,CC BY 4.0,train,4733,3338,Best-camera-phones-in-Pakistan_jpeg.rf.3df10269376fcd00d41e39fa36c7bbab.jpg,Best-camera-phones-in-Pakistan,61,Smartphone,mobile_phone,640,640,162,200,97.222,212.222,0.05037267403320312,True,0,59dd467b66266fe9b4f36fbcbf85b3f7,6,,False,False,False,True,False,162,200,259.222,412.222,pending_review
UNUM00323,UNU-KEY E-Waste Dataset v44,CC BY 4.0,train,4734,3338,Best-camera-phones-in-Pakistan_jpeg.rf.3df10269376fcd00d41e39fa36c7bbab.jpg,Best-camera-phones-in-Pakistan,61,Smartphone,mobile_phone,640,640,89,201,72.0,211.0,0.03708984375,False,0,59dd467b66266fe9b4f36fbcbf85b3f7,6,,False,False,False,True,False,89,201,161.0,412.0,pending_review
UNUM00324,UNU-KEY E-Waste Dataset v44,CC BY 4.0,train,4735,3338,Best-camera-phones-in-Pakistan_jpeg.rf.3df10269376fcd00d41e39fa36c7bbab.jpg,Best-camera-phones-in-Pakistan,61,Smartphone,mobile_phone,640,640,463,198,81.0,211.0,0.04172607421875,False,0,59dd467b66266fe9b4f36fbcbf85b3f7,6,,False,False,False,True,False,463,198,544.0,409.0,pending_review
UNUM00325,UNU-KEY E-Waste Dataset v44,CC BY 4.0,train,4736,3338,Best-camera-phones-in-Pakistan_jpeg.rf.3df10269376fcd00d41e39fa36c7bbab.jpg,Best-camera-phones-in-Pakistan,61,Smartphone,mobile_phone,640,640,548,216,72.0,171.0,0.03005859375,False,0,59dd467b66266fe9b4f36fbcbf85b3f7,6,,False,False,False,True,False,548,216,620.0,387.0,pending_review
UNUM00326,UNU-KEY E-Waste Dataset v44,CC BY 4.0,train,4753,3347,s-l1600_jpg.rf.3e49f49a28da5727b2daa14b280c3392.jpg,s-l1600,61,Smartphone,mobile_phone,640,640,186,189,437.323,419.421,0.4478087157788086,True,0,99aa1859f76a461ef061825a66b736f4,1,,False,False,False,False,False,186,189,623.323,608.421,pending_review
UNUM00327,UNU-KEY E-Waste Dataset v44,CC BY 4.0,train,4947,3454,315a4c77b8fdd4b3_jpg.rf.40d2da51a2b6ddf774cc1b96f7065a05.jpg,315a4c77b8fdd4b3,61,Smartphone,mobile_phone,640,640,10,108,614.0,425.0,0.6370849609375,False,0,b7c9e0b155c6f58a99fc7fab36185da0,1,,False,False,False,False,False,10,108,624.0,533.0,pending_review
UNUM00328,UNU-KEY E-Waste Dataset v44,CC BY 4.0,train,4956,3463,562_jpg.rf.4117aff8bcff751fc0672c1e1c0e4022.jpg,562,61,Smartphone,mobile_phone,640,640,146,104,345.0,450.0,0.3790283203125,False,0,6377e45d22c1c140f3f18dcc1663840c,1,,False,False,False,False,True,146,104,491.0,554.0,pending_review
UNUM00329,UNU-KEY E-Waste Dataset v44,CC BY 4.0,train,5067,3531,551_jpg.rf.422b582bd2b9a3b8c015ef98eadc249c.jpg,551,61,Smartphone,mobile_phone,640,640,7,164,560.0,161.0,0.2201171875,False,0,1d3c6983a3e01387e0a1107d4646741d,1,,False,False,False,False,False,7,164,567.0,325.0,pending_review
UNUM00330,UNU-KEY E-Waste Dataset v44,CC BY 4.0,train,5081,3537,4be360fae3622bee_jpg.rf.4256e0fb7eea750edb62ba565f760fcd.jpg,4be360fae3622bee,61,Smartphone,mobile_phone,640,640,237,78,245.0,480.0,0.287109375,False,0,27eb8a4ec64b2992625938e843e62864,1,,False,False,False,False,False,237,78,482.0,558.0,pending_review
UNUM00331,UNU-KEY E-Waste Dataset v44,CC BY 4.0,train,5088,3544,477_jpg.rf.42953ad2608c606960964fe822bac043.jpg,477,61,Smartphone,mobile_phone,640,640,153,75,347.0,411.0,0.34818603515625,False,0,ca33c823346233f3f0349e74bd4fb7fd,1,,False,False,False,False,False,153,75,500.0,486.0,pending_review
UNUM00332,UNU-KEY E-Waste Dataset v44,CC BY 4.0,train,5140,3586,168850c40ad1897e_jpg.rf.434325ce993b7539e5141e4b6055ebc4.jpg,168850c40ad1897e,61,Smartphone,mobile_phone,640,640,9,101,187.0,387.0,0.17668212890625,False,0,910c70d6b2f1c213e677ce9cbe1a661d,3,,False,False,False,True,False,9,101,196.0,488.0,pending_review
UNUM00333,UNU-KEY E-Waste Dataset v44,CC BY 4.0,train,5141,3586,168850c40ad1897e_jpg.rf.434325ce993b7539e5141e4b6055ebc4.jpg,168850c40ad1897e,61,Smartphone,mobile_phone,640,640,331,104,133.0,376.0,0.12208984375,False,0,910c70d6b2f1c213e677ce9cbe1a661d,3,,False,False,False,True,False,331,104,464.0,480.0,pending_review
UNUM00334,UNU-KEY E-Waste Dataset v44,CC BY 4.0,train,5142,3586,168850c40ad1897e_jpg.rf.434325ce993b7539e5141e4b6055ebc4.jpg,168850c40ad1897e,61,Smartphone,mobile_phone,640,640,460,93,180.0,397.0,0.174462890625,False,0,910c70d6b2f1c213e677ce9cbe1a661d,3,,False,False,False,True,False,460,93,640.0,490.0,pending_review
UNUM00335,UNU-KEY E-Waste Dataset v44,CC BY 4.0,train,5201,3596,578_jpeg.rf.434d5380d3aa19efbc5bee93fb6f7d69.jpg,578,61,Smartphone,mobile_phone,640,640,216,47,275.0,564.0,0.378662109375,False,0,d97104ec857bcb478cf77c712cfad89e,1,,False,False,False,False,False,216,47,491.0,611.0,pending_review
UNUM00336,UNU-KEY E-Waste Dataset v44,CC BY 4.0,train,5202,3597,475_jpg.rf.435b9014ce911d1c1975a8b7d4eafd52.jpg,475,61,Smartphone,mobile_phone,640,640,2,141,617.0,209.0,0.31482666015625,False,0,57b69cb621c131903b1c5bccd8d1ec29,1,,False,False,False,False,False,2,141,619.0,350.0,pending_review
UNUM00337,UNU-KEY E-Waste Dataset v44,CC BY 4.0,train,5222,3614,000000388412_jpg.rf.43a5b9afdb49b6baa9d7dbb3f4e26c7d.jpg,000000388412,2,Bar-Phone,mobile_phone,640,640,114,335,45.88,37.04,0.0041489140625,True,0,f9ec5260d532e4cbcf815a5c99880617,1,Computer-Keyboard; Computer-Mouse; Flat-Panel-Monitor; Laptop,True,True,False,False,False,114,335,159.88,372.04,pending_review
UNUM00338,UNU-KEY E-Waste Dataset v44,CC BY 4.0,train,5231,3617,IMG_20200329_152746_jpg.rf.43b0b20906d9b561fd30f2197b4667a2.jpg,IMG_20200329_152746,61,Smartphone,mobile_phone,640,640,238,48,158.0,80.0,0.030859375,False,0,02a004fe1271fd38070f15ee5ca45426,2,Laptop,True,False,False,True,False,238,48,396.0,128.0,pending_review
UNUM00339,UNU-KEY E-Waste Dataset v44,CC BY 4.0,train,5232,3617,IMG_20200329_152746_jpg.rf.43b0b20906d9b561fd30f2197b4667a2.jpg,IMG_20200329_152746,61,Smartphone,mobile_phone,640,640,268,441,201.0,129.0,0.06330322265625,False,0,02a004fe1271fd38070f15ee5ca45426,2,Laptop,True,False,False,True,False,268,441,469.0,570.0,pending_review
UNUM00340,UNU-KEY E-Waste Dataset v44,CC BY 4.0,train,5245,3628,WhatsApp-Video-2023-09-09-at-10_00_52-PM_mp4-37_jpg.rf.43f5d8b0a2be36ddb90b46fa85ff5ce8.jpg,WhatsApp-Video-2023-09-09-at-10_00_52-PM_mp4-37,2,Bar-Phone,mobile_phone,640,640,239,174,180.0,381.0,0.167431640625,False,0,73a96993b008e32037211d869cc410b0,1,,False,False,False,False,False,239,174,419.0,555.0,pending_review
UNUM00341,UNU-KEY E-Waste Dataset v44,CC BY 4.0,train,5268,3646,481_jpg.rf.442f0609d46d5c11fc63eabd42d70e85.jpg,481,61,Smartphone,mobile_phone,640,640,165,21,323.0,428.0,0.337509765625,False,0,873107a8c5ab088935472b6673d714c3,1,,False,False,False,False,False,165,21,488.0,449.0,pending_review
UNUM00342,UNU-KEY E-Waste Dataset v44,CC BY 4.0,train,5306,3678,WhatsApp-Video-2023-09-09-at-10_00_52-PM_mp4-51_jpg.rf.44d0adb7ada3db08cd2a685a6955a207.jpg,WhatsApp-Video-2023-09-09-at-10_00_52-PM_mp4-51,2,Bar-Phone,mobile_phone,640,640,270,196,162.0,372.0,0.14712890625,False,0,7d7ca58f31ebe66fe3e476eb0eaf30eb,1,,False,False,False,False,False,270,196,432.0,568.0,pending_review
UNUM00343,UNU-KEY E-Waste Dataset v44,CC BY 4.0,train,5343,3704,000000051021_jpg.rf.457983f1538991e216b545da9c07cf92.jpg,000000051021,61,Smartphone,mobile_phone,640,640,108,237,27.33,39.71,0.002649595458984375,True,0,155d3e6365b646f86eba2f3dc9634d3b,1,Computer-Keyboard; Computer-Mouse; Flat-Panel-Monitor; Laptop,True,True,False,False,False,108,237,135.32999999999998,276.71,pending_review
UNUM00344,UNU-KEY E-Waste Dataset v44,CC BY 4.0,train,5367,3719,WhatsApp-Video-2023-09-09-at-10_00_52-PM_mp4-33_jpg.rf.45c039b560effcab243290c833d02398.jpg,WhatsApp-Video-2023-09-09-at-10_00_52-PM_mp4-33,2,Bar-Phone,mobile_phone,640,640,223,199,127.0,317.0,0.09828857421875,False,0,dda2c78ec5d120ab4a650f30c8895509,1,,False,False,False,False,False,223,199,350.0,516.0,pending_review
UNUM00345,UNU-KEY E-Waste Dataset v44,CC BY 4.0,train,5408,3743,498_jpeg.rf.4628fdd82aeac0b2d09a486f73073c45.jpg,498,61,Smartphone,mobile_phone,640,640,221,100,220.0,393.0,0.211083984375,False,0,7e3e84c4bccb168db9f6ee0fac14a427,1,,False,False,False,False,True,221,100,441.0,493.0,pending_review
UNUM00346,UNU-KEY E-Waste Dataset v44,CC BY 4.0,train,5419,3753,500_jpeg.rf.4682de07f265950726b0d4caedc9d4a3.jpg,500,61,Smartphone,mobile_phone,640,640,206,116,230.0,335.0,0.1881103515625,False,0,425a33cc7abbb027cf94702d8735bac8,1,,False,False,False,False,True,206,116,436.0,451.0,pending_review
UNUM00347,UNU-KEY E-Waste Dataset v44,CC BY 4.0,train,5441,3766,576_jpeg.rf.46a99173e9a6eb091e00593bd53a9779.jpg,576,61,Smartphone,mobile_phone,640,640,172,172,263.0,468.0,0.300498046875,False,0,f468b91f38a18365a7d69d1406d78f9a,1,,False,False,False,False,False,172,172,435.0,640.0,pending_review
UNUM00348,UNU-KEY E-Waste Dataset v44,CC BY 4.0,train,5444,3769,575_jpeg.rf.467df591c11c4da0eaebeb1355971302.jpg,575,61,Smartphone,mobile_phone,640,640,221,99,280.0,533.0,0.36435546875,False,0,bbfbf2bd49f6bd5f166bc9119ee00b2e,1,,False,False,False,False,False,221,99,501.0,632.0,pending_review
UNUM00349,UNU-KEY E-Waste Dataset v44,CC BY 4.0,train,5452,3775,566_jpg.rf.46dca229ac0ee69b435f396fc14b3b33.jpg,566,61,Smartphone,mobile_phone,640,640,146,62,336.0,452.0,0.37078125,False,0,e596c80404d99b1df4a7a370b819f458,1,,False,False,False,False,False,146,62,482.0,514.0,pending_review
UNUM00350,UNU-KEY E-Waste Dataset v44,CC BY 4.0,train,5455,3778,462_jpeg.rf.46ef02146c52c97e65783cfa9af21253.jpg,462,61,Smartphone,mobile_phone,640,640,183,168,241.0,449.0,0.26418212890625,False,0,a9c78ee06c792db5d49acea7131c675a,1,,False,False,False,False,False,183,168,424.0,617.0,pending_review
UNUM00351,UNU-KEY E-Waste Dataset v44,CC BY 4.0,train,5486,3806,2fe430563929baff_jpg.rf.474893fbb14b5e788d9fbe5f6d9b581f.jpg,2fe430563929baff,61,Smartphone,mobile_phone,640,640,269,236,140.0,247.0,0.084423828125,False,0,72a9cae7549e7c90990e509ff6a506f3,1,,False,False,False,False,False,269,236,409.0,483.0,pending_review
UNUM00352,UNU-KEY E-Waste Dataset v44,CC BY 4.0,train,5507,3820,Copy-of-IMG_20200328_135302_jpg.rf.47a4b1b4cb94014e3203ebcfe1819bd4.jpg,Copy-of-IMG_20200328_135302,61,Smartphone,mobile_phone,640,640,22,119,574.0,312.0,0.4372265625,False,0,6bafa31e01d8c1792db8cd65f0b2b1d2,1,,False,False,False,False,True,22,119,596.0,431.0,pending_review
UNUM00353,UNU-KEY E-Waste Dataset v44,CC BY 4.0,train,5519,3828,000000287578_jpg.rf.47cc7b05e7bc62b6c4253fd64b8e9ce1.jpg,000000287578,2,Bar-Phone,mobile_phone,640,640,24,427,55.526,56.422,0.007648652275390625,True,0,bd6a52d9fc66df4d9738788831f2c997,1,Computer-Keyboard; Computer-Mouse; Flat-Panel-Monitor; Laptop,True,True,False,False,False,24,427,79.52600000000001,483.422,pending_review
UNUM00354,UNU-KEY E-Waste Dataset v44,CC BY 4.0,train,5531,3836,530_jpeg.rf.47e6db812790efa547afa3a16467a31d.jpg,530,61,Smartphone,mobile_phone,640,640,226,196,172.0,304.0,0.12765625,False,0,5e7677e86edc80daf98c21de9420818c,1,,False,False,False,False,False,226,196,398.0,500.0,pending_review
UNUM00355,UNU-KEY E-Waste Dataset v44,CC BY 4.0,train,5536,3839,000000024721_jpg.rf.481897e0b3d70f1577a0d438eac2cf16.jpg,000000024721,61,Smartphone,mobile_phone,640,640,245,444,33.89,70.7,0.005849665527343751,True,0,3bc44921ec2ab97514457ec43db00eeb,1,Computer-Keyboard; Computer-Mouse; Flat-Panel-Monitor; Laptop,True,True,False,False,False,245,444,278.89,514.7,pending_review
UNUM00356,UNU-KEY E-Waste Dataset v44,CC BY 4.0,train,5594,3845,Honor-70-Lite_featured-image-packshot-review-1-_jpeg.rf.483a4b34e85633c6bf994429b71e46da.jpg,Honor-70-Lite_featured-image-packshot-review-1-,61,Smartphone,mobile_phone,640,640,292,138,168.868,360.718,0.14871515435546875,True,0,bafd39ee1a21e1c6aff43488abe5276c,2,,False,False,False,True,False,292,138,460.868,498.718,pending_review
UNUM00357,UNU-KEY E-Waste Dataset v44,CC BY 4.0,train,5595,3845,Honor-70-Lite_featured-image-packshot-review-1-_jpeg.rf.483a4b34e85633c6bf994429b71e46da.jpg,Honor-70-Lite_featured-image-packshot-review-1-,61,Smartphone,mobile_phone,640,640,175,138,129.399,359.219,0.11348285981689454,True,0,bafd39ee1a21e1c6aff43488abe5276c,2,,False,False,False,True,False,175,138,304.399,497.219,pending_review
UNUM00358,UNU-KEY E-Waste Dataset v44,CC BY 4.0,train,5598,3848,77_jpg.rf.4808975c5556b04e3280db105180385e.jpg,77,61,Smartphone,mobile_phone,640,640,106,65,441.827,513.299,0.5536849542797851,True,0,319a124bd83a51b54d3d11346b72ddba,1,,False,False,False,False,False,106,65,547.827,578.299,pending_review
UNUM00359,UNU-KEY E-Waste Dataset v44,CC BY 4.0,train,5616,3865,000000391000_jpg.rf.485b87ce8d8a62aa3caa1df4ce271504.jpg,000000391000,61,Smartphone,mobile_phone,640,640,90,148,48.128,77.645,0.009123287499999999,True,0,4fb47df657926f9185d82fae1560c67e,1,Computer-Mouse; Laptop,True,True,False,False,False,90,148,138.128,225.64499999999998,pending_review
UNUM00360,UNU-KEY E-Waste Dataset v44,CC BY 4.0,train,5636,3875,000000154202_jpg.rf.4899d211497de3cc8e09d065ff1aaaf2.jpg,000000154202,61,Smartphone,mobile_phone,640,640,427,329,37.68,58.17,0.005351185546875001,True,0,d2babac4d2d36280e46bde2acea0e87e,1,Computer-Mouse; Laptop,True,True,False,False,False,427,329,464.68,387.17,pending_review
UNUM00361,UNU-KEY E-Waste Dataset v44,CC BY 4.0,train,5643,3878,2672aa0b9f56133c_jpg.rf.487a2cd77b35f20fd1f0147cb75c82ff.jpg,2672aa0b9f56133c,61,Smartphone,mobile_phone,640,640,225,170,312.0,374.0,0.2848828125,False,0,b150d950de6a8140fbdc3388cd12571c,1,,False,False,False,False,False,225,170,537.0,544.0,pending_review
UNUM00362,UNU-KEY E-Waste Dataset v44,CC BY 4.0,train,5670,3896,600_jpeg.rf.48ce51acc146209ab6eda61a4429d892.jpg,600,61,Smartphone,mobile_phone,640,640,169,141,195.0,382.0,0.1818603515625,False,0,cd468591853997a852706c741c1d918a,1,,False,False,False,False,False,169,141,364.0,523.0,pending_review
UNUM00363,UNU-KEY E-Waste Dataset v44,CC BY 4.0,train,5680,3902,9c83c464f79da2ee_jpg.rf.490cfadf7d67faec7701cfa06565af75.jpg,9c83c464f79da2ee,61,Smartphone,mobile_phone,640,640,256,170,213.0,364.0,0.189287109375,False,0,109ad8e2fb110e4227874dc0f748c511,1,,False,False,False,False,False,256,170,469.0,534.0,pending_review
UNUM00364,UNU-KEY E-Waste Dataset v44,CC BY 4.0,train,5723,3930,000000162848_jpg.rf.498e1b5d463ce94c60da8a58abaf5742.jpg,000000162848,2,Bar-Phone,mobile_phone,640,640,189,173,30.733,71.706,0.005380225825195313,True,0,3e79ccad4cd90eecefe7567836a41151,1,Laptop,True,True,False,False,False,189,173,219.733,244.70600000000002,pending_review
UNUM00365,UNU-KEY E-Waste Dataset v44,CC BY 4.0,train,5726,3931,000000270096_jpg.rf.49bcd0993d968fdcabc7079f52222058.jpg,000000270096,61,Smartphone,mobile_phone,640,640,304,295,36.08,36.69,0.0032318730468749997,True,0,c6a413323ad7b03c25a3cc62d48c2647,2,Computer-Keyboard; Computer-Mouse; Flat-Panel-Monitor; Laptop,True,True,False,True,False,304,295,340.08,331.69,pending_review
UNUM00366,UNU-KEY E-Waste Dataset v44,CC BY 4.0,train,5729,3931,000000270096_jpg.rf.49bcd0993d968fdcabc7079f52222058.jpg,000000270096,61,Smartphone,mobile_phone,640,640,384,228,32.44,56.57,0.0044802998046875,True,0,c6a413323ad7b03c25a3cc62d48c2647,2,Computer-Keyboard; Computer-Mouse; Flat-Panel-Monitor; Laptop,True,True,False,True,False,384,228,416.44,284.57,pending_review
UNUM00367,UNU-KEY E-Waste Dataset v44,CC BY 4.0,train,5737,3936,nokia-X20-nordic_blue-front_back-int_png.rf.49925da4e5095e055d1d00efe8dc30d6.jpg,nokia-X20-nordic_blue-front_back-int,61,Smartphone,mobile_phone,640,640,53,0,299.04,640.0,0.46725,True,0,0fc5e44ff38a2a691c63375b32aba33c,2,,False,False,False,True,False,53,0,352.04,640.0,pending_review
UNUM00368,UNU-KEY E-Waste Dataset v44,CC BY 4.0,train,5738,3936,nokia-X20-nordic_blue-front_back-int_png.rf.49925da4e5095e055d1d00efe8dc30d6.jpg,nokia-X20-nordic_blue-front_back-int,61,Smartphone,mobile_phone,640,640,349,1,236.0,636.0,0.3664453125,False,0,0fc5e44ff38a2a691c63375b32aba33c,2,,False,False,False,True,False,349,1,585.0,637.0,pending_review
UNUM00369,UNU-KEY E-Waste Dataset v44,CC BY 4.0,train,5777,3959,78_jpg.rf.49e79d01d246010ec4ca58b5582b868a.jpg,78,61,Smartphone,mobile_phone,640,640,134,109,479.072,422.128,0.49372486625,True,0,1bfd432cc81281b17e3e03daaeed1b42,1,,False,False,False,False,False,134,109,613.072,531.1279999999999,pending_review
UNUM00370,UNU-KEY E-Waste Dataset v44,CC BY 4.0,train,5778,3960,577_jpeg_jpg.rf.4a0b4eb2edf0ee90794597862190656e.jpg,577_jpeg,61,Smartphone,mobile_phone,640,640,166,31,414.0,609.0,0.6155419921875,False,0,5621da284b31feee23b148adb1dee0ef,1,,False,False,False,False,False,166,31,580.0,640.0,pending_review
UNUM00371,UNU-KEY E-Waste Dataset v44,CC BY 4.0,train,5791,3972,Android_20phones_jpeg.rf.4a3c41535a988d48ca0d73ad2bb10d2c.jpg,Android_20phones,61,Smartphone,mobile_phone,640,640,97,104,114.133,234.667,0.06538879079833984,True,0,3ae21830692d9a6371ac9ed28d3585e0,6,,False,False,False,True,False,97,104,211.13299999999998,338.66700000000003,pending_review
UNUM00372,UNU-KEY E-Waste Dataset v44,CC BY 4.0,train,5792,3972,Android_20phones_jpeg.rf.4a3c41535a988d48ca0d73ad2bb10d2c.jpg,Android_20phones,61,Smartphone,mobile_phone,640,640,14,102,83.0,234.0,0.0474169921875,False,0,3ae21830692d9a6371ac9ed28d3585e0,6,,False,False,False,True,False,14,102,97.0,336.0,pending_review
UNUM00373,UNU-KEY E-Waste Dataset v44,CC BY 4.0,train,5793,3972,Android_20phones_jpeg.rf.4a3c41535a988d48ca0d73ad2bb10d2c.jpg,Android_20phones,61,Smartphone,mobile_phone,640,640,230,197,70.0,242.0,0.041357421875,False,0,3ae21830692d9a6371ac9ed28d3585e0,6,,False,False,False,True,False,230,197,300.0,439.0,pending_review
UNUM00374,UNU-KEY E-Waste Dataset v44,CC BY 4.0,train,5794,3972,Android_20phones_jpeg.rf.4a3c41535a988d48ca0d73ad2bb10d2c.jpg,Android_20phones,61,Smartphone,mobile_phone,640,640,306,198,110.0,247.0,0.0663330078125,False,0,3ae21830692d9a6371ac9ed28d3585e0,6,,False,False,False,True,False,306,198,416.0,445.0,pending_review
UNUM00375,UNU-KEY E-Waste Dataset v44,CC BY 4.0,train,5795,3972,Android_20phones_jpeg.rf.4a3c41535a988d48ca0d73ad2bb10d2c.jpg,Android_20phones,61,Smartphone,mobile_phone,640,640,432,285,80.0,242.0,0.047265625,False,0,3ae21830692d9a6371ac9ed28d3585e0,6,,False,False,False,True,False,432,285,512.0,527.0,pending_review
UNUM00376,UNU-KEY E-Waste Dataset v44,CC BY 4.0,train,5796,3972,Android_20phones_jpeg.rf.4a3c41535a988d48ca0d73ad2bb10d2c.jpg,Android_20phones,61,Smartphone,mobile_phone,640,640,515,287,111.0,243.0,0.06585205078125,False,0,3ae21830692d9a6371ac9ed28d3585e0,6,,False,False,False,True,False,515,287,626.0,530.0,pending_review
UNUM00377,UNU-KEY E-Waste Dataset v44,CC BY 4.0,train,5863,3992,538_jpeg.rf.4a555a52f0cc13c3b7d70f0d15572082.jpg,538,61,Smartphone,mobile_phone,640,640,214,165,213.0,388.0,0.201767578125,False,0,26f3020d7261479db38af5f97aeeb1d5,1,,False,False,False,False,False,214,165,427.0,553.0,pending_review
UNUM00378,UNU-KEY E-Waste Dataset v44,CC BY 4.0,train,5866,3994,579_jpeg_jpg.rf.4aa9197b7a94cca8540ae42f31a9cbf8.jpg,579_jpeg,61,Smartphone,mobile_phone,640,640,52,138,588.0,350.0,0.50244140625,False,0,47812be287c1338879925e1a36182399,1,,False,False,False,False,False,52,138,640.0,488.0,pending_review
UNUM00379,UNU-KEY E-Waste Dataset v44,CC BY 4.0,train,5880,4005,Copy-of-IMG_20200328_222123_jpg.rf.4aeeb18cb184870d0b6114926ca950cd.jpg,Copy-of-IMG_20200328_222123,61,Smartphone,mobile_phone,640,640,26,81,537.0,415.0,0.54407958984375,False,0,89bbd491525ac3425984d0cd837a9a4a,1,,False,False,False,False,True,26,81,563.0,496.0,pending_review
UNUM00380,UNU-KEY E-Waste Dataset v44,CC BY 4.0,train,5999,4091,585_jpeg.rf.4c3ce4e50100a9c48b9c7234bd6fc4be.jpg,585,61,Smartphone,mobile_phone,640,640,140,199,500.0,238.0,0.29052734375,False,0,b8d32bbf219735252179def250e856e9,1,,False,False,False,False,False,140,199,640.0,437.0,pending_review
UNUM00381,UNU-KEY E-Waste Dataset v44,CC BY 4.0,train,6009,4096,directly-front-view-of-white-mobile-smart-phone-with-flat-design-application-E10TEN_jpg.rf.4c652a8ff06dad4944047230a67f7bad.jpg,directly-front-view-of-white-mobile-smart-phone-with-flat-design-application-E10TEN,61,Smartphone,mobile_phone,640,640,205,65,227.914,478.388,0.26618975251953125,True,0,3ef9dc876085caecbafb41b0c351b303,1,,False,False,False,False,False,205,65,432.914,543.3879999999999,pending_review
UNUM00382,UNU-KEY E-Waste Dataset v44,CC BY 4.0,train,6013,4100,592_jpeg.rf.4c7603b0e42c33e5c082bda9dc5fafe4.jpg,592,61,Smartphone,mobile_phone,640,640,8,147,565.0,292.0,0.402783203125,False,0,8ccfe8a2c7ed59c415bdba99253bb4a8,1,,False,False,False,False,False,8,147,573.0,439.0,pending_review
UNUM00383,UNU-KEY E-Waste Dataset v44,CC BY 4.0,train,6021,4108,IMG_20200329_201011_jpg.rf.4cb0752f9cef90f21443d10e47af86e1.jpg,IMG_20200329_201011,61,Smartphone,mobile_phone,640,640,151,90,367.0,464.0,0.4157421875,False,0,8fc14384a91ff6d1e22b17091af0673e,1,,False,False,False,False,False,151,90,518.0,554.0,pending_review
UNUM00384,UNU-KEY E-Waste Dataset v44,CC BY 4.0,train,6049,4133,91_jpg.rf.4d2a7b2b5b2c4d0f57ad8602019b5a3a.jpg,91,61,Smartphone,mobile_phone,640,640,0,108,603.108,394.586,0.5810009113476562,True,0,68cd9441a49717443cf819d7fe276703,1,,False,False,False,False,False,0,108,603.108,502.586,pending_review
UNUM00385,UNU-KEY E-Waste Dataset v44,CC BY 4.0,train,6075,4159,WhatsApp-Video-2023-09-09-at-10_00_52-PM_mp4-14_jpg.rf.4d93b0a6c614008c0452c01625d299a3.jpg,WhatsApp-Video-2023-09-09-at-10_00_52-PM_mp4-14,2,Bar-Phone,mobile_phone,640,640,258,324,129.0,273.0,0.08597900390625,False,0,408f6e978e216f5ec31b116c0c52a9fd,1,,False,False,False,False,False,258,324,387.0,597.0,pending_review
UNUM00386,UNU-KEY E-Waste Dataset v44,CC BY 4.0,train,6078,4162,OIF-L6i1QuTFj0xFKkd0cyZtmg_jpg.rf.4dbec36cebcfaf3518df80146cf93ce3.jpg,OIF-L6i1QuTFj0xFKkd0cyZtmg,61,Smartphone,mobile_phone,640,640,170,0,298.667,640.0,0.4666671874999999,True,0,3ffd7de38bb8ecc4b01949d943dbee36,1,,False,False,False,False,False,170,0,468.667,640.0,pending_review
UNUM00387,UNU-KEY E-Waste Dataset v44,CC BY 4.0,train,6115,4188,560_jpg.rf.4debc3721dd6b674efae893a1c21a85c.jpg,560,61,Smartphone,mobile_phone,640,640,1,152,639.0,188.0,0.293291015625,False,0,3c364210c64e5e5a7a2ae5e919e94202,1,,False,False,False,False,False,1,152,640.0,340.0,pending_review
UNUM00388,UNU-KEY E-Waste Dataset v44,CC BY 4.0,train,6122,4192,531_jpeg.rf.4e2456ccb3811580708292873647c7e6.jpg,531,61,Smartphone,mobile_phone,640,640,46,217,557.0,307.0,0.41747802734375,False,0,1d4e415ca9393d6306e3ab377a3cffd7,1,,False,False,False,False,False,46,217,603.0,524.0,pending_review
UNUM00389,UNU-KEY E-Waste Dataset v44,CC BY 4.0,train,6124,4194,WhatsApp-Video-2023-09-09-at-10_00_52-PM_mp4-21_jpg.rf.4e21baf0df9681a14fb586b2d5ab768d.jpg,WhatsApp-Video-2023-09-09-at-10_00_52-PM_mp4-21,2,Bar-Phone,mobile_phone,640,640,265,219,130.0,290.0,0.092041015625,False,0,932df84b3b860203da0bea308691a68d,1,,False,False,False,False,False,265,219,395.0,509.0,pending_review
UNUM00390,UNU-KEY E-Waste Dataset v44,CC BY 4.0,train,6141,4206,Copy-of-IMG_20200328_140117_jpg.rf.4e5e0731014ea633ef6f399bbb418237.jpg,Copy-of-IMG_20200328_140117,61,Smartphone,mobile_phone,640,640,79,80,316.0,152.0,0.117265625,False,0,c4bd198763add7a2552a14242ca9f1cc,2,,False,False,False,True,False,79,80,395.0,232.0,pending_review
UNUM00391,UNU-KEY E-Waste Dataset v44,CC BY 4.0,train,6142,4206,Copy-of-IMG_20200328_140117_jpg.rf.4e5e0731014ea633ef6f399bbb418237.jpg,Copy-of-IMG_20200328_140117,61,Smartphone,mobile_phone,640,640,39,254,383.0,179.0,0.16737548828125,False,0,c4bd198763add7a2552a14242ca9f1cc,2,,False,False,False,True,False,39,254,422.0,433.0,pending_review
UNUM00392,UNU-KEY E-Waste Dataset v44,CC BY 4.0,train,6144,4208,508_jpeg.rf.4e711deb7d28d72684b694600d60c5c0.jpg,508,61,Smartphone,mobile_phone,640,640,126,112,283.0,523.0,0.36135009765625,False,0,58ddca9a814d41b06afb98fcb74828fc,1,,False,False,False,False,True,126,112,409.0,635.0,pending_review
UNUM00393,UNU-KEY E-Waste Dataset v44,CC BY 4.0,train,6150,4214,469_jpeg.rf.4eadd68c55be50d2e0579747551d1247.jpg,469,61,Smartphone,mobile_phone,640,640,191,64,254.0,541.0,0.3354833984375,False,0,46be94e9d897f57710280106ef4005b0,1,,False,False,False,False,False,191,64,445.0,605.0,pending_review
UNUM00394,UNU-KEY E-Waste Dataset v44,CC BY 4.0,train,6151,4215,OIP-LS44xg3yTaoPN53So8B6pwHaFj_jpg.rf.4e4c54cdb970ba0803a3caae7bab322b.jpg,OIP-LS44xg3yTaoPN53So8B6pwHaFj,61,Smartphone,mobile_phone,640,640,133,89,465.31,460.546,0.5231852032714843,True,0,646adb153fb8825b348fd1e6c47c0fb4,1,,False,False,False,False,False,133,89,598.31,549.546,pending_review
UNUM00395,UNU-KEY E-Waste Dataset v44,CC BY 4.0,train,6201,4254,213aaf56171dde56_jpg.rf.4f90f3b16d343aedd60612d5642c04c0.jpg,213aaf56171dde56,61,Smartphone,mobile_phone,640,640,90,238,261.0,332.0,0.211552734375,False,0,5c8ebd730fec4c368081b956a22e2210,1,,False,False,False,False,False,90,238,351.0,570.0,pending_review
UNUM00396,UNU-KEY E-Waste Dataset v44,CC BY 4.0,train,6212,4262,Copy-of-IMG_20200328_135237_jpg.rf.4f9a49e0b4592c0f85f0e983da83ca7f.jpg,Copy-of-IMG_20200328_135237,61,Smartphone,mobile_phone,640,640,33,203,607.0,310.0,0.4593994140625,False,0,c1bdf0f2e9b3bf2caffaca5c22e14ed7,1,,False,False,False,False,False,33,203,640.0,513.0,pending_review
UNUM00397,UNU-KEY E-Waste Dataset v44,CC BY 4.0,train,6217,4266,IMG_20200329_152741_jpg.rf.4fa2682d08945183638bf37f7f65ebcd.jpg,IMG_20200329_152741,61,Smartphone,mobile_phone,640,640,243,500,171.0,100.0,0.041748046875,False,0,a6994b56177c4c17784fc784318614cf,2,Laptop,True,False,False,True,False,243,500,414.0,600.0,pending_review
UNUM00398,UNU-KEY E-Waste Dataset v44,CC BY 4.0,train,6218,4266,IMG_20200329_152741_jpg.rf.4fa2682d08945183638bf37f7f65ebcd.jpg,IMG_20200329_152741,61,Smartphone,mobile_phone,640,640,233,21,194.0,117.0,0.0554150390625,False,0,a6994b56177c4c17784fc784318614cf,2,Laptop,True,False,False,True,False,233,21,427.0,138.0,pending_review
UNUM00399,UNU-KEY E-Waste Dataset v44,CC BY 4.0,train,6238,4284,570_jpg.rf.4fd598140df07dc712dda58cd8bc5557.jpg,570,61,Smartphone,mobile_phone,640,640,141,69,359.0,337.0,0.29536865234375,False,0,be8e0777900c69d6a85b44166baeaa93,1,,False,False,False,False,False,141,69,500.0,406.0,pending_review
UNUM00400,UNU-KEY E-Waste Dataset v44,CC BY 4.0,train,6307,4324,554_jpg.rf.50a51fb58ef88e41c4849245e5b70ac1.jpg,554,61,Smartphone,mobile_phone,640,640,141,17,359.0,522.0,0.4575146484375,False,0,97f257642795281bb9b6761006a94d45,1,,False,False,False,False,False,141,17,500.0,539.0,pending_review
UNUM00401,UNU-KEY E-Waste Dataset v44,CC BY 4.0,train,6316,4330,rbDTgHsB_jpeg.rf.5083b5dddc1ed560600378ef614d7828.jpg,rbDTgHsB,61,Smartphone,mobile_phone,640,640,279,13,282.0,621.0,0.4275439453125,False,0,433db7fc00f9bb3344e2495717e60da7,2,,False,False,False,True,False,279,13,561.0,634.0,pending_review
UNUM00402,UNU-KEY E-Waste Dataset v44,CC BY 4.0,train,6317,4330,rbDTgHsB_jpeg.rf.5083b5dddc1ed560600378ef614d7828.jpg,rbDTgHsB,61,Smartphone,mobile_phone,640,640,78,0,193.0,636.0,0.299677734375,False,0,433db7fc00f9bb3344e2495717e60da7,2,,False,False,False,True,False,78,0,271.0,636.0,pending_review
UNUM00403,UNU-KEY E-Waste Dataset v44,CC BY 4.0,train,6322,4334,04a504fe281c930e_jpg.rf.50bc46085fe5f4e0c91af7089623e8d1.jpg,04a504fe281c930e,61,Smartphone,mobile_phone,640,640,236,21,310.0,595.0,0.4503173828125,False,0,de5312fd291db28227e331e4eb4fd87c,1,,False,False,False,False,False,236,21,546.0,616.0,pending_review
UNUM00404,UNU-KEY E-Waste Dataset v44,CC BY 4.0,train,6338,4349,a9d2027376e1dc59_jpg.rf.50e687f9b79c06bb354f44b46a6ac66e.jpg,a9d2027376e1dc59,61,Smartphone,mobile_phone,640,640,160,17,322.0,607.0,0.4771826171875,False,0,cfeeca652171e8e98658143e76232aa7,1,,False,False,False,False,False,160,17,482.0,624.0,pending_review
UNUM00405,UNU-KEY E-Waste Dataset v44,CC BY 4.0,train,6342,4353,494_jpeg.rf.5126bcc8e9d3d9822173bcde3769f840.jpg,494,61,Smartphone,mobile_phone,640,640,166,219,284.0,167.0,0.115791015625,False,0,fb1fbb907c683b6fa028c85b1ee81da6,1,,False,False,False,False,True,166,219,450.0,386.0,pending_review
UNUM00406,UNU-KEY E-Waste Dataset v44,CC BY 4.0,train,6348,4359,000000186585_jpg.rf.514e3290dc129e0c2a6ca6e44d8d2b98.jpg,000000186585,2,Bar-Phone,mobile_phone,640,640,287,347,95.57,143.89,0.033573162353515616,True,0,6a6cb6fddd097f9761a75ccb05cfff2e,1,Laptop,True,False,False,False,False,287,347,382.57,490.89,pending_review
UNUM00407,UNU-KEY E-Waste Dataset v44,CC BY 4.0,train,6358,4367,IMG-20200328-WA0034_jpg.rf.5155f98d94421b610eb96f9d7976c702.jpg,IMG-20200328-WA0034,61,Smartphone,mobile_phone,640,640,161,9,319.0,622.0,0.4844189453125,False,0,e3813fd29bfd031a1e8a35c68a8162ee,1,,False,False,False,False,False,161,9,480.0,631.0,pending_review
UNUM00408,UNU-KEY E-Waste Dataset v44,CC BY 4.0,train,6364,4372,522_jpeg.rf.51a1e82629d202e458a6d948a28d70f9.jpg,522,61,Smartphone,mobile_phone,640,640,159,68,310.0,537.0,0.4064208984375,False,0,930491a5ff32cd02cebd8b3460ae4ec6,1,,False,False,False,False,False,159,68,469.0,605.0,pending_review
UNUM00409,UNU-KEY E-Waste Dataset v44,CC BY 4.0,train,6370,4378,24_jpg.rf.51a29ef0d757091cb7bdb5c2a534f6e2.jpg,24,61,Smartphone,mobile_phone,640,640,68,136,497.318,384.62,0.46698840126953123,True,0,763d9981b11a61761b8f1509053620ef,1,,False,False,False,False,False,68,136,565.318,520.62,pending_review
UNUM00410,UNU-KEY E-Waste Dataset v44,CC BY 4.0,train,6403,4399,301_jpeg.rf.520e45ea44764979d7b9810b8f7cd4c9.jpg,301,61,Smartphone,mobile_phone,640,640,311,140,231.0,421.0,0.23742919921875,False,0,68720b46d0f2fd6480aced321ec19c6e,1,Computer-Mouse,True,False,False,False,False,311,140,542.0,561.0,pending_review
UNUM00411,UNU-KEY E-Waste Dataset v44,CC BY 4.0,train,6418,4411,IMG-20200328-WA0031_jpg.rf.51912409b4e1f1056f1e391bd5547bd6.jpg,IMG-20200328-WA0031,61,Smartphone,mobile_phone,640,640,174,62,275.0,536.0,0.35986328125,False,0,d0bc139cfc1f729d154fb2b135fe71b2,1,,False,False,False,False,True,174,62,449.0,598.0,pending_review
UNUM00412,UNU-KEY E-Waste Dataset v44,CC BY 4.0,train,6461,4440,Copy-of-IMG_20200328_134825_jpg.rf.52ed2b41d0324913591a1625e59a1522.jpg,Copy-of-IMG_20200328_134825,61,Smartphone,mobile_phone,640,640,27,190,445.0,213.0,0.23140869140625,False,0,b139dcf3aac56489b3f9c1457c69638e,1,,False,False,False,False,False,27,190,472.0,403.0,pending_review
UNUM00413,UNU-KEY E-Waste Dataset v44,CC BY 4.0,train,6496,4464,512_jpeg.rf.534a8049b9c6a7aa2fad0f1a814300c9.jpg,512,2,Bar-Phone,mobile_phone,640,640,228,102,169.0,341.0,0.14069580078125,False,0,eece022da532373406a9b4f66ce4b9ad,1,,False,False,False,False,False,228,102,397.0,443.0,pending_review
UNUM00414,UNU-KEY E-Waste Dataset v44,CC BY 4.0,train,6551,4503,48_jpg.rf.5424afcefa1f0ee61c0f93331fe2dc6e.jpg,48,61,Smartphone,mobile_phone,640,640,189,128,253.333,426.667,0.2638887478295898,True,0,2ac46e9a7b4aacaf58dacca55eba7631,1,,False,False,False,False,False,189,128,442.33299999999997,554.6669999999999,pending_review
UNUM00415,UNU-KEY E-Waste Dataset v44,CC BY 4.0,train,6576,4524,a8f3ebe84534574a_jpg.rf.54dcd4b5bcce4ebd254c8e6d9d04da29.jpg,a8f3ebe84534574a,61,Smartphone,mobile_phone,640,640,16,148,597.0,323.0,0.47077880859375,False,0,721c1ad1ee12810536dbe65feaba0cb9,1,,False,False,False,False,False,16,148,613.0,471.0,pending_review
UNUM00416,UNU-KEY E-Waste Dataset v44,CC BY 4.0,train,6614,4543,486_jpg.rf.553ce83024d68499f508c8cdc130e3a0.jpg,486,61,Smartphone,mobile_phone,640,640,165,35,357.0,550.0,0.4793701171875,False,0,e31c2e3b6b4d0ab302cc24b30b58f841,1,,False,False,False,False,True,165,35,522.0,585.0,pending_review
UNUM00417,UNU-KEY E-Waste Dataset v44,CC BY 4.0,train,6617,4546,524_jpeg.rf.5547b664226d475e0c3cede85d33324f.jpg,524,2,Bar-Phone,mobile_phone,640,640,172,166,328.0,284.0,0.227421875,False,0,47622fc0238e9ef4b4612c18bb519db6,1,,False,False,False,False,False,172,166,500.0,450.0,pending_review
UNUM00418,UNU-KEY E-Waste Dataset v44,CC BY 4.0,train,6635,4561,000000391251_jpg.rf.553e678872d6ba29dbc5888bd7a6a960.jpg,000000391251,61,Smartphone,mobile_phone,640,640,90,378,83.08,129.56,0.026278917968750003,True,0,8afa6a6fc4a5e1f8845688eaa693994d,1,Computer-Keyboard; Laptop,True,False,False,False,False,90,378,173.07999999999998,507.56,pending_review
UNUM00419,UNU-KEY E-Waste Dataset v44,CC BY 4.0,train,6656,4575,496_jpeg.rf.55e497ca91f7a2830b94e5e7358084a5.jpg,496,61,Smartphone,mobile_phone,640,640,235,136,211.0,361.0,0.18596435546875,False,0,3afc74105c058752af458f5d3a531afe,1,,False,False,False,False,False,235,136,446.0,497.0,pending_review
UNUM00420,UNU-KEY E-Waste Dataset v44,CC BY 4.0,train,6674,4589,555_jpg.rf.561c421f5f61e77164b4566857c62fd8.jpg,555,61,Smartphone,mobile_phone,640,640,5,149,635.0,170.0,0.2635498046875,False,0,23911f6033fd2092cf1a390d90f8502c,1,,False,False,False,False,True,5,149,640.0,319.0,pending_review
UNUM00421,UNU-KEY E-Waste Dataset v44,CC BY 4.0,train,6724,4627,511_jpeg.rf.56b03734538f57d4fca471e1e8c2a8b2.jpg,511,61,Smartphone,mobile_phone,640,640,188,81,250.0,438.0,0.267333984375,False,0,05072cce1440115acc4bef1906ba00e6,1,,False,False,False,False,True,188,81,438.0,519.0,pending_review
UNUM00422,UNU-KEY E-Waste Dataset v44,CC BY 4.0,train,6730,4631,IMG_20200329_152741_jpg.rf.56fdcbcea09a5d8e6b8ff69b1480d96b.jpg,IMG_20200329_152741,61,Smartphone,mobile_phone,640,640,243,500,171.0,100.0,0.041748046875,False,0,a6994b56177c4c17784fc784318614cf,2,Laptop,True,False,False,True,False,243,500,414.0,600.0,pending_review
UNUM00423,UNU-KEY E-Waste Dataset v44,CC BY 4.0,train,6731,4631,IMG_20200329_152741_jpg.rf.56fdcbcea09a5d8e6b8ff69b1480d96b.jpg,IMG_20200329_152741,61,Smartphone,mobile_phone,640,640,233,21,194.0,117.0,0.0554150390625,False,0,a6994b56177c4c17784fc784318614cf,2,Laptop,True,False,False,True,False,233,21,427.0,138.0,pending_review
UNUM00424,UNU-KEY E-Waste Dataset v44,CC BY 4.0,train,6750,4645,Copy-of-IMG_20200328_134906_jpg.rf.57296a60c1ac89fdea3eba559e5ab121.jpg,Copy-of-IMG_20200328_134906,2,Bar-Phone,mobile_phone,640,640,142,226,460.0,200.0,0.224609375,False,0,f0e34c1a96a5f0e0367a07bf7faa2008,1,,False,False,False,False,False,142,226,602.0,426.0,pending_review
UNUM00425,UNU-KEY E-Waste Dataset v44,CC BY 4.0,train,6778,4663,120309-phones-news-buyer-s-guide-best-smartphones-image68-ohh4bmpwbk-1-_jpeg.rf.577a8162e405522c801247664fec5c41.jpg,120309-phones-news-buyer-s-guide-best-smartphones-image68-ohh4bmpwbk-1-,61,Smartphone,mobile_phone,640,640,236,133,176.8,365.2,0.15763515625,True,0,e86fb2122150930787bbcdef6ee042f4,1,,False,False,False,False,False,236,133,412.8,498.2,pending_review
UNUM00426,UNU-KEY E-Waste Dataset v44,CC BY 4.0,train,6792,4670,451_jpeg.rf.57ab7dc5c5be78281a7f0d7f301a92b2.jpg,451,61,Smartphone,mobile_phone,640,640,197,70,279.0,448.0,0.30515625,False,0,14854af8aed13b1fff6309c45dac7978,1,,False,False,False,False,False,197,70,476.0,518.0,pending_review
UNUM00427,UNU-KEY E-Waste Dataset v44,CC BY 4.0,train,6799,4672,000000366724_jpg.rf.5777795838cf153b43687d098cca346d.jpg,000000366724,61,Smartphone,mobile_phone,640,640,203,266,22.16,36.8,0.0019909374999999997,True,0,0828a2786737e5408ca8654157987451,1,Computer-Keyboard; Computer-Mouse; Flat-Panel-Monitor; Laptop,True,True,False,False,False,203,266,225.16,302.8,pending_review
UNUM00428,UNU-KEY E-Waste Dataset v44,CC BY 4.0,train,6805,4677,0454b62df6ff723d_jpg.rf.57af0c006d33e0ed4d6e920840aa2cca.jpg,0454b62df6ff723d,61,Smartphone,mobile_phone,640,640,72,121,480.0,374.0,0.43828125,False,0,0e94582cf759bdb49f4e1a7555e6076b,1,,False,False,False,False,False,72,121,552.0,495.0,pending_review
UNUM00429,UNU-KEY E-Waste Dataset v44,CC BY 4.0,train,6890,4746,IMG-20200328-WA0030-1-_jpg.rf.59294b328c21685ae56c390cb5c5e2f7.jpg,IMG-20200328-WA0030-1-,61,Smartphone,mobile_phone,640,640,195,29,285.0,497.0,0.34581298828125,False,0,042bd2a337473965c2e81dcc943e7557,1,,False,False,False,False,False,195,29,480.0,526.0,pending_review
UNUM00430,UNU-KEY E-Waste Dataset v44,CC BY 4.0,train,6930,4768,494_jpeg.rf.59a59713ff9b51eb6d5b014714b903df.jpg,494,61,Smartphone,mobile_phone,640,640,168,221,265.0,152.0,0.09833984375,False,0,fb1fbb907c683b6fa028c85b1ee81da6,1,,False,False,False,False,True,168,221,433.0,373.0,pending_review
UNUM00431,UNU-KEY E-Waste Dataset v44,CC BY 4.0,train,6956,4784,image9-2_jpeg.rf.597de6d996af74bf4fa0966f37f62f60.jpg,image9-2,61,Smartphone,mobile_phone,640,640,163,9,311.111,627.556,0.47665911795898436,True,0,9e5b2276f0625c7e634efd2a65e7d204,1,,False,False,False,False,False,163,9,474.111,636.556,pending_review
UNUM00432,UNU-KEY E-Waste Dataset v44,CC BY 4.0,train,6966,4791,1_jpg.rf.59ab55938f75352964573e2ccd10fe62.jpg,1,61,Smartphone,mobile_phone,640,640,143,137,315.914,355.987,0.2745636648388672,True,0,c8388ca976f9194cbe1ebee44ea00480,1,,False,False,False,False,False,143,137,458.914,492.987,pending_review
UNUM00433,UNU-KEY E-Waste Dataset v44,CC BY 4.0,train,6969,4794,pexels-photo-1786433-jpeg_cs-srgb-dl-pexels-hammad-khalid-1786433_jpeg.rf.59cbf5052ab586bc33c202ae153d0e52.jpg,pexels-photo-1786433-jpeg_cs-srgb-dl-pexels-hammad-khalid-1786433,61,Smartphone,mobile_phone,640,640,200,73,214.882,420.61,0.22065800297851562,True,0,3f8ec38681f41197913cc08e31e55217,1,,False,False,False,False,False,200,73,414.882,493.61,pending_review
UNUM00434,UNU-KEY E-Waste Dataset v44,CC BY 4.0,train,6999,4814,000000548375_jpg.rf.59e7d3c0d91862532dc70a54fecba2bb.jpg,000000548375,2,Bar-Phone,mobile_phone,640,640,112,477,76.14,40.03,0.00744112353515625,True,0,cb9c6bd1424a23f11baa29608094c8b4,1,Computer-Keyboard; Computer-Mouse; Flat-Panel-Monitor; Laptop,True,True,False,False,False,112,477,188.14,517.03,pending_review
UNUM00435,UNU-KEY E-Waste Dataset v44,CC BY 4.0,train,7038,4834,9_jpg.rf.5ae67fef48adeb7963020dada18a95de.jpg,9,61,Smartphone,mobile_phone,640,640,67,75,449.962,476.935,0.5239321935302734,True,0,1cb0c199fcd7fd3cc18d4516be0b7d2a,1,,False,False,False,False,False,67,75,516.962,551.935,pending_review
UNUM00436,UNU-KEY E-Waste Dataset v44,CC BY 4.0,train,7160,4892,867db1420f65f68f_jpg.rf.5bd9c3af18c0b9c35f1c36faf2a994cc.jpg,867db1420f65f68f,61,Smartphone,mobile_phone,640,640,217,107,299.0,394.0,0.2876123046875,False,0,aaef144621d2d7add875a059c8da0c38,1,,False,False,False,False,False,217,107,516.0,501.0,pending_review
UNUM00437,UNU-KEY E-Waste Dataset v44,CC BY 4.0,train,7350,4965,589_jpeg.rf.5cf526003eed1d131052322bfcb129d6.jpg,589,61,Smartphone,mobile_phone,640,640,123,173,489.0,272.0,0.3247265625,False,0,28982bf89b128e2eb23d0d5b1142bbaa,1,,False,False,False,False,True,123,173,612.0,445.0,pending_review
UNUM00438,UNU-KEY E-Waste Dataset v44,CC BY 4.0,train,7353,4968,WhatsApp-Video-2023-09-09-at-10_00_52-PM_mp4-8_jpg.rf.5d0a96d3617e844fe416ced9ed7a9ea6.jpg,WhatsApp-Video-2023-09-09-at-10_00_52-PM_mp4-8,2,Bar-Phone,mobile_phone,640,640,251,248,114.0,251.0,0.0698583984375,False,0,b51f21db46dccc1c58074ba30879acbc,1,,False,False,False,False,False,251,248,365.0,499.0,pending_review
UNUM00439,UNU-KEY E-Waste Dataset v44,CC BY 4.0,train,7357,4972,WhatsApp-Video-2023-09-09-at-10_00_52-PM_mp4-44_jpg.rf.5d024155c42b9a44292b367f10feb810.jpg,WhatsApp-Video-2023-09-09-at-10_00_52-PM_mp4-44,2,Bar-Phone,mobile_phone,640,640,329,202,139.0,351.0,0.11911376953125,False,0,a9df0a76d2b6d9dd92888226cd243859,1,,False,False,False,False,False,329,202,468.0,553.0,pending_review
UNUM00440,UNU-KEY E-Waste Dataset v44,CC BY 4.0,train,7369,4981,whichiphone-2048px-2581_jpeg.rf.5d32e3de9fea4999af0f0cfd0327c8b6.jpg,whichiphone-2048px-2581,61,Smartphone,mobile_phone,640,640,242,186,141.875,277.5,0.09611892700195312,True,0,0adc74aaec0817f223810ce97b50d4af,1,,False,False,False,False,False,242,186,383.875,463.5,pending_review
UNUM00441,UNU-KEY E-Waste Dataset v44,CC BY 4.0,train,7375,4986,Google-Pixel-7-7-Pro-Review-Gear_jpeg.rf.5d42712755b111da80c17eabf409c2ab.jpg,Google-Pixel-7-7-Pro-Review-Gear,61,Smartphone,mobile_phone,640,640,297,182,135.733,279.733,0.09269775217041015,True,0,09a8fdb0fe5cee0dfc48d1a2909668cb,2,,False,False,False,True,False,297,182,432.733,461.733,pending_review
UNUM00442,UNU-KEY E-Waste Dataset v44,CC BY 4.0,train,7376,4986,Google-Pixel-7-7-Pro-Review-Gear_jpeg.rf.5d42712755b111da80c17eabf409c2ab.jpg,Google-Pixel-7-7-Pro-Review-Gear,61,Smartphone,mobile_phone,640,640,206,180,120.267,281.333,0.08260516579833985,True,0,09a8fdb0fe5cee0dfc48d1a2909668cb,2,,False,False,False,True,False,206,180,326.267,461.333,pending_review
UNUM00443,UNU-KEY E-Waste Dataset v44,CC BY 4.0,train,7387,4995,561_jpg.rf.5d8a025a8021f414a153a53ac0579092.jpg,561,61,Smartphone,mobile_phone,640,640,141,12,359.0,486.0,0.4259619140625,False,0,36f09ff8a1645ef301fe1531c42fba1b,1,,False,False,False,False,True,141,12,500.0,498.0,pending_review
UNUM00444,UNU-KEY E-Waste Dataset v44,CC BY 4.0,train,7389,4997,IMG_20200329_152642_jpg.rf.5dca892735fcdb3c9f9795e202e75594.jpg,IMG_20200329_152642,61,Smartphone,mobile_phone,640,640,119,245,367.0,159.0,0.14246337890625,False,0,f5ced0f9c4de536276329b92967df0d5,2,,False,False,False,True,False,119,245,486.0,404.0,pending_review
UNUM00445,UNU-KEY E-Waste Dataset v44,CC BY 4.0,train,7390,4997,IMG_20200329_152642_jpg.rf.5dca892735fcdb3c9f9795e202e75594.jpg,IMG_20200329_152642,61,Smartphone,mobile_phone,640,640,171,408,286.0,115.0,0.0802978515625,False,0,f5ced0f9c4de536276329b92967df0d5,2,,False,False,False,True,False,171,408,457.0,523.0,pending_review
UNUM00446,UNU-KEY E-Waste Dataset v44,CC BY 4.0,train,7400,5006,533_jpeg.rf.5de1cb5330a7b703a1d8fd6e3840b92e.jpg,533,61,Smartphone,mobile_phone,640,640,178,157,232.0,445.0,0.25205078125,False,0,97907e5a61a4118144cef554562798d8,1,,False,False,False,False,False,178,157,410.0,602.0,pending_review
UNUM00447,UNU-KEY E-Waste Dataset v44,CC BY 4.0,train,7424,5026,596_jpeg.rf.5e6087999e81717e35aea83011f99ac4.jpg,596,61,Smartphone,mobile_phone,640,640,200,102,272.0,381.0,0.2530078125,False,0,e9a219cdf9ee8622cbebc59121b39256,1,,False,False,False,False,True,200,102,472.0,483.0,pending_review
UNUM00448,UNU-KEY E-Waste Dataset v44,CC BY 4.0,train,7427,5029,483_jpg.rf.5e7590dbf5a7bd4f65d299943b29423c.jpg,483,61,Smartphone,mobile_phone,640,640,4,141,548.0,200.0,0.267578125,False,0,46cca439ec13508cdf86c23dd254b9cd,1,,False,False,False,False,True,4,141,552.0,341.0,pending_review
UNUM00449,UNU-KEY E-Waste Dataset v44,CC BY 4.0,train,7440,5041,Copy-of-IMG_20200328_134852_jpg.rf.5e5d10bfff365e67561056c89a6f40dc.jpg,Copy-of-IMG_20200328_134852,2,Bar-Phone,mobile_phone,640,640,159,187,357.0,453.0,0.39482666015625,False,0,ab2eaeefd0e16704db374930675c910f,1,,False,False,False,False,False,159,187,516.0,640.0,pending_review
UNUM00450,UNU-KEY E-Waste Dataset v44,CC BY 4.0,train,7477,5071,000000478778_jpg.rf.5f29029aa8fc0a666ce802ccc76df6e6.jpg,000000478778,2,Bar-Phone,mobile_phone,640,640,478,525,25.2,21.06,0.00129568359375,True,0,6033f88f5f01d59566019d3740ba2b30,1,Computer-Keyboard; Computer-Mouse; Flat-Panel-Monitor; Laptop,True,True,False,False,False,478,525,503.2,546.06,pending_review
UNUM00451,UNU-KEY E-Waste Dataset v44,CC BY 4.0,train,7508,5094,000000390179_jpg.rf.5faad62711e96c9968437d2bd4c88a70.jpg,000000390179,61,Smartphone,mobile_phone,640,640,380,430,101.42,65.62,0.0162479990234375,True,0,477b817648a77b812fb4b8ad82be640f,1,Laptop,True,True,False,False,False,380,430,481.42,495.62,pending_review
UNUM00452,UNU-KEY E-Waste Dataset v44,CC BY 4.0,train,7634,5187,IMG_20200329_201018_jpg.rf.614feb5c2a62e4436654decfbff10dc9.jpg,IMG_20200329_201018,61,Smartphone,mobile_phone,640,640,36,125,587.0,326.0,0.4671923828125,False,0,a035adc5f0b6f88448199ef26970f5cf,1,,False,False,False,False,True,36,125,623.0,451.0,pending_review
UNUM00453,UNU-KEY E-Waste Dataset v44,CC BY 4.0,train,7639,5192,600_jpeg.rf.615aa0239cfff31db472caee302a439a.jpg,600,61,Smartphone,mobile_phone,640,640,169,141,195.0,382.0,0.1818603515625,False,0,cd468591853997a852706c741c1d918a,1,,False,False,False,False,False,169,141,364.0,523.0,pending_review
UNUM00454,UNU-KEY E-Waste Dataset v44,CC BY 4.0,train,7642,5195,IMG-20200328-WA0049_jpg.rf.61574600331ca97dabf94aa9bd99a009.jpg,IMG-20200328-WA0049,61,Smartphone,mobile_phone,640,640,167,50,270.0,501.0,0.3302490234375,False,0,756c156317a6bae8bfd87789693e1b87,1,,False,False,False,False,False,167,50,437.0,551.0,pending_review
UNUM00455,UNU-KEY E-Waste Dataset v44,CC BY 4.0,train,7681,5226,557_jpg.rf.61ea19dcac650804ea818687e05cc8c1.jpg,557,61,Smartphone,mobile_phone,640,640,146,55,354.0,433.0,0.3742236328125,False,0,3d55c968e5135f1836c1f1d97b1ab205,1,,False,False,False,False,False,146,55,500.0,488.0,pending_review
UNUM00456,UNU-KEY E-Waste Dataset v44,CC BY 4.0,train,7733,5258,a4164e4b534c87b6_jpg.rf.62b8afa83f5bb33dfb20e2b3cfd7b484.jpg,a4164e4b534c87b6,61,Smartphone,mobile_phone,640,640,0,80,640.0,474.0,0.740625,False,0,69fdde6b8709d56aa427bf77186020a7,1,,False,False,False,False,False,0,80,640.0,554.0,pending_review
UNUM00457,UNU-KEY E-Waste Dataset v44,CC BY 4.0,train,7744,5265,510_jpeg.rf.62dc9f425b270edc3e036e6dc38ecfe4.jpg,510,61,Smartphone,mobile_phone,640,640,205,45,235.0,438.0,0.2512939453125,False,0,3414943d1db1000cd08a73973187064a,1,,False,False,False,False,False,205,45,440.0,483.0,pending_review
UNUM00458,UNU-KEY E-Waste Dataset v44,CC BY 4.0,train,7809,5312,613sQWGuGcL_jpeg.rf.63f1c90315d6bc8473d09fbeb6424e57.jpg,613sQWGuGcL,61,Smartphone,mobile_phone,640,640,288,53,224.994,580.77,0.3190179818847656,True,0,9b848e68279313c439347cc45102b82c,2,,False,False,False,True,False,288,53,512.994,633.77,pending_review
UNUM00459,UNU-KEY E-Waste Dataset v44,CC BY 4.0,train,7810,5312,613sQWGuGcL_jpeg.rf.63f1c90315d6bc8473d09fbeb6424e57.jpg,613sQWGuGcL,61,Smartphone,mobile_phone,640,640,116,16,228.174,585.938,0.32640580374023437,True,0,9b848e68279313c439347cc45102b82c,2,,False,False,False,True,False,116,16,344.174,601.938,pending_review
UNUM00460,UNU-KEY E-Waste Dataset v44,CC BY 4.0,train,7843,5339,tclse_jpeg.rf.64815f546d06fc7a693ce27994884d83.jpg,tclse,61,Smartphone,mobile_phone,640,640,115,93,201.6,508.8,0.250425,True,0,08f7da1fae4c019a5a648731c9cb03f8,2,,False,False,False,True,False,115,93,316.6,601.8,pending_review
UNUM00461,UNU-KEY E-Waste Dataset v44,CC BY 4.0,train,7844,5339,tclse_jpeg.rf.64815f546d06fc7a693ce27994884d83.jpg,tclse,61,Smartphone,mobile_phone,640,640,323,91,200.32,512.64,0.25071299999999996,True,0,08f7da1fae4c019a5a648731c9cb03f8,2,,False,False,False,True,False,323,91,523.3199999999999,603.64,pending_review
UNUM00462,UNU-KEY E-Waste Dataset v44,CC BY 4.0,train,7852,5347,484_jpg.rf.64ca2ca36d8a1ff615bb31e289bc9a32.jpg,484,61,Smartphone,mobile_phone,640,640,2,148,558.0,234.0,0.318779296875,False,0,d694cdbf43f1620cc82c195b802c142c,1,,False,False,False,False,True,2,148,560.0,382.0,pending_review
UNUM00463,UNU-KEY E-Waste Dataset v44,CC BY 4.0,train,7882,5369,image13_jpeg.rf.652ed309c215e15d4bd3d012c2891189.jpg,image13,61,Smartphone,mobile_phone,640,640,185,58,272.165,539.381,0.35839997525634765,True,0,050f578ebcf0535ad49cb591b3cfe004,1,,False,False,False,False,False,185,58,457.165,597.381,pending_review
UNUM00464,UNU-KEY E-Waste Dataset v44,CC BY 4.0,train,7997,5461,458_jpeg.rf.ef3d227858c2a69c493fafb7b81ca0b0.jpg,458,61,Smartphone,mobile_phone,640,640,127,218,218.0,422.0,0.224599609375,False,0,cd48cb39e5eabc029dde4c5d6a54e312,1,,False,False,False,False,True,127,218,345.0,640.0,pending_review
UNUM00465,UNU-KEY E-Waste Dataset v44,CC BY 4.0,train,8014,5475,28_jpg.rf.ef965a15fac996f2f9480fc5b459dbb1.jpg,28,61,Smartphone,mobile_phone,640,640,97,31,469.168,588.008,0.6735218196875,True,0,523cbc20ccbd891520d92d3586c009ab,1,,False,False,False,False,False,97,31,566.168,619.008,pending_review
UNUM00466,UNU-KEY E-Waste Dataset v44,CC BY 4.0,train,8024,5485,WhatsApp-Video-2023-09-09-at-10_00_52-PM_mp4-22_jpg.rf.efb435c9ac4272e6c304f20610fc6a81.jpg,WhatsApp-Video-2023-09-09-at-10_00_52-PM_mp4-22,2,Bar-Phone,mobile_phone,640,640,276,181,130.0,289.0,0.0917236328125,False,0,e95c232aec4233f53a328b5e0e8bea3c,1,,False,False,False,False,False,276,181,406.0,470.0,pending_review
UNUM00467,UNU-KEY E-Waste Dataset v44,CC BY 4.0,train,8086,5538,514_jpg.rf.f099a30a66331921df57d08e25c76cb8.jpg,514,61,Smartphone,mobile_phone,640,640,122,76,368.0,551.0,0.4950390625,False,0,a2adf4a2af8c2751e1bfb5503342a741,1,,False,False,False,False,True,122,76,490.0,627.0,pending_review
UNUM00468,UNU-KEY E-Waste Dataset v44,CC BY 4.0,train,8092,5544,517_jpg.rf.f0cac674011fa4a5fd43a9c453b01510.jpg,517,61,Smartphone,mobile_phone,640,640,143,81,356.0,382.0,0.33201171875,False,0,6ef7142d0425293c06ee00dcdfcc32da,1,,False,False,False,False,True,143,81,499.0,463.0,pending_review
UNUM00469,UNU-KEY E-Waste Dataset v44,CC BY 4.0,train,8105,5554,579_jpeg.rf.f10132acc407efcb7e843be987d361b4.jpg,579,61,Smartphone,mobile_phone,640,640,42,170,598.0,283.0,0.4131689453125,False,0,d899794be9ad73dba98270d44a0ec7c7,1,,False,False,False,False,True,42,170,640.0,453.0,pending_review
UNUM00470,UNU-KEY E-Waste Dataset v44,CC BY 4.0,train,8132,5571,IMG-20200328-WA0049_jpg.rf.f113d1a9431d19c85603c3ac1faae5ce.jpg,IMG-20200328-WA0049,61,Smartphone,mobile_phone,640,640,167,50,270.0,501.0,0.3302490234375,False,0,756c156317a6bae8bfd87789693e1b87,1,,False,False,False,False,False,167,50,437.0,551.0,pending_review
UNUM00471,UNU-KEY E-Waste Dataset v44,CC BY 4.0,train,8135,5574,Copy-of-IMG_20200328_215110_jpg.rf.f16ce7ed24c3b2b55813a04675184096.jpg,Copy-of-IMG_20200328_215110,61,Smartphone,mobile_phone,640,640,3,216,637.0,282.0,0.4385595703125,False,0,4f0d0fdd29b44fb4008b033e7743dcc7,1,,False,False,False,False,False,3,216,640.0,498.0,pending_review
UNUM00472,UNU-KEY E-Waste Dataset v44,CC BY 4.0,train,8152,5590,488_jpeg.rf.f18575a2145e90b88331cafc06d8bdc6.jpg,488,61,Smartphone,mobile_phone,640,640,178,93,244.0,414.0,0.24662109375,False,0,8560054dff7364ce61689500f86e6f49,1,,False,False,False,False,False,178,93,422.0,507.0,pending_review
UNUM00473,UNU-KEY E-Waste Dataset v44,CC BY 4.0,train,8190,5619,93_jpg.rf.f26e59b713c9e9d3cd2da62bac0efe25.jpg,93,61,Smartphone,mobile_phone,640,640,197,31,303.64,591.575,0.4385396313476563,True,0,f9aa2defcba3e0684bbd22fb4b785cfd,1,,False,False,False,False,False,197,31,500.64,622.575,pending_review
UNUM00474,UNU-KEY E-Waste Dataset v44,CC BY 4.0,train,8206,5623,000000097492_jpg.rf.f2a7ac38d38adb6f5312bbe991bca742.jpg,000000097492,61,Smartphone,mobile_phone,640,640,298,387,16.09,24.34,0.00095612939453125,True,0,ad79486cc6864807225bb13eb0d2e929,3,Computer-Keyboard; Computer-Mouse; Flat-Panel-Monitor; Laptop,True,True,False,True,False,298,387,314.09,411.34,pending_review
UNUM00475,UNU-KEY E-Waste Dataset v44,CC BY 4.0,train,8207,5623,000000097492_jpg.rf.f2a7ac38d38adb6f5312bbe991bca742.jpg,000000097492,61,Smartphone,mobile_phone,640,640,237,401,16.43,22.7,0.0009105493164062499,True,0,ad79486cc6864807225bb13eb0d2e929,3,Computer-Keyboard; Computer-Mouse; Flat-Panel-Monitor; Laptop,True,True,False,True,False,237,401,253.43,423.7,pending_review
UNUM00476,UNU-KEY E-Waste Dataset v44,CC BY 4.0,train,8208,5623,000000097492_jpg.rf.f2a7ac38d38adb6f5312bbe991bca742.jpg,000000097492,61,Smartphone,mobile_phone,640,640,166,442,18.88,19.66,0.0009062031249999999,True,0,ad79486cc6864807225bb13eb0d2e929,3,Computer-Keyboard; Computer-Mouse; Flat-Panel-Monitor; Laptop,True,True,False,True,False,166,442,184.88,461.66,pending_review
UNUM00477,UNU-KEY E-Waste Dataset v44,CC BY 4.0,train,8224,5637,000000304950_jpg.rf.f2c3d2daeb5cab368ad6045e51c324b0.jpg,000000304950,61,Smartphone,mobile_phone,640,640,389,392,46.98,76.96,0.008827101562499998,True,0,9be5ced351b469f180dacf953e3c94bd,1,Computer-Keyboard; Computer-Mouse; Laptop,True,True,False,False,False,389,392,435.98,468.96,pending_review
UNUM00478,UNU-KEY E-Waste Dataset v44,CC BY 4.0,train,8244,5652,d8d9255daf10f1be_jpg.rf.f2e6820bed49f1fa22744f7df1a6e7c3.jpg,d8d9255daf10f1be,61,Smartphone,mobile_phone,640,640,169,5,320.0,631.0,0.49296875,False,0,625cee117a7874b602c1d1e57e715c95,1,,False,False,False,False,False,169,5,489.0,636.0,pending_review
UNUM00479,UNU-KEY E-Waste Dataset v44,CC BY 4.0,train,8319,5707,582_jpeg.rf.f3fe385a1c6c6314947704326e8c8347.jpg,582,61,Smartphone,mobile_phone,640,640,194,213,193.0,392.0,0.18470703125,False,0,8eb727f0343da9af47175fb73da1016f,1,,False,False,False,False,False,194,213,387.0,605.0,pending_review
UNUM00480,UNU-KEY E-Waste Dataset v44,CC BY 4.0,train,8449,5750,472_jpeg.rf.f4dcff9bd1ede581147c242063cd7a07.jpg,472,61,Smartphone,mobile_phone,640,640,225,102,223.0,416.0,0.226484375,False,0,cf0cf1ec2e40feff3af3d74b2d097629,1,,False,False,False,False,True,225,102,448.0,518.0,pending_review
UNUM00481,UNU-KEY E-Waste Dataset v44,CC BY 4.0,train,8482,5771,WhatsApp-Image-2023-09-09-at-9-46-03-PM_jpeg.rf.f5374be8cd40dcf014ea188ba52109b7.jpg,WhatsApp-Image-2023-09-09-at-9-46-03-PM,2,Bar-Phone,mobile_phone,640,640,231,132,166.0,395.0,0.1600830078125,False,0,a12201e163e9e8d604be3320bfff47c2,1,,False,False,False,False,False,231,132,397.0,527.0,pending_review
UNUM00482,UNU-KEY E-Waste Dataset v44,CC BY 4.0,train,8584,5823,IMG_20200329_201109_jpg.rf.f618bdb528dfe4b7f3c6ecbacd04f64e.jpg,IMG_20200329_201109,61,Smartphone,mobile_phone,640,640,229,177,190.0,366.0,0.169775390625,False,0,54dbbe1828a2feaed98d80d4c105263b,1,,False,False,False,False,False,229,177,419.0,543.0,pending_review
UNUM00483,UNU-KEY E-Waste Dataset v44,CC BY 4.0,train,8646,5870,IMG_20200329_152804_jpg.rf.f703003aa3556ac29549ade8c3d91b76.jpg,IMG_20200329_152804,61,Smartphone,mobile_phone,640,640,112,336,144.0,162.0,0.056953125,False,0,f6bc20710e2e4462714dfa3cf56b65e3,2,Laptop,True,False,False,True,True,112,336,256.0,498.0,pending_review
UNUM00484,UNU-KEY E-Waste Dataset v44,CC BY 4.0,train,8647,5870,IMG_20200329_152804_jpg.rf.f703003aa3556ac29549ade8c3d91b76.jpg,IMG_20200329_152804,61,Smartphone,mobile_phone,640,640,61,99,223.0,190.0,0.1034423828125,False,0,f6bc20710e2e4462714dfa3cf56b65e3,2,Laptop,True,False,False,True,True,61,99,284.0,289.0,pending_review
UNUM00485,UNU-KEY E-Waste Dataset v44,CC BY 4.0,train,8653,5875,nfc-settings-android-phone-2_jpeg.rf.f6faebfd936a3b5a13f6c7930d8f5255.jpg,nfc-settings-android-phone-2,61,Smartphone,mobile_phone,640,640,189,122,286.72,411.52,0.288064,True,0,2d4d2bfbe215bec76b262cf6e59c572d,1,,False,False,False,False,False,189,122,475.72,533.52,pending_review
UNUM00486,UNU-KEY E-Waste Dataset v44,CC BY 4.0,train,8702,5913,568_jpg.rf.f79d99287a770886bf77250ef16583c8.jpg,568,61,Smartphone,mobile_phone,640,640,2,178,637.0,210.0,0.3265869140625,False,0,a952203d791339ecb479a001d19e4d8e,1,,False,False,False,False,True,2,178,639.0,388.0,pending_review
UNUM00487,UNU-KEY E-Waste Dataset v44,CC BY 4.0,train,8732,5938,2021_Tonga-Smooth_Basic-Pack_Opal-Silver_PDP-Hero_png.rf.f85fa0a45583ee69bb513d0e3bfcca6c.jpg,2021_Tonga-Smooth_Basic-Pack_Opal-Silver_PDP-Hero,61,Smartphone,mobile_phone,640,640,262,140,263.68,442.24,0.284692,True,0,904bfd5f45c016d93f8728380f142b83,2,,False,False,False,True,False,262,140,525.6800000000001,582.24,pending_review
UNUM00488,UNU-KEY E-Waste Dataset v44,CC BY 4.0,train,8733,5938,2021_Tonga-Smooth_Basic-Pack_Opal-Silver_PDP-Hero_png.rf.f85fa0a45583ee69bb513d0e3bfcca6c.jpg,2021_Tonga-Smooth_Basic-Pack_Opal-Silver_PDP-Hero,61,Smartphone,mobile_phone,640,640,116,62,215.04,437.76,0.22982399999999997,True,0,904bfd5f45c016d93f8728380f142b83,2,,False,False,False,True,False,116,62,331.03999999999996,499.76,pending_review
UNUM00489,UNU-KEY E-Waste Dataset v44,CC BY 4.0,train,8771,5958,Copy-of-IMG_20200328_135224_jpg.rf.f8a1f344abaa276575bcdf7aa6e6d743.jpg,Copy-of-IMG_20200328_135224,61,Smartphone,mobile_phone,640,640,252,142,229.0,391.0,0.21860107421875,False,0,dde6e1795d10a1e12790f3d1571592b7,1,,False,False,False,False,False,252,142,481.0,533.0,pending_review
UNUM00490,UNU-KEY E-Waste Dataset v44,CC BY 4.0,train,8789,5966,68_jpg.rf.f8a7978b836322f14fe466abe7ab55d1.jpg,68,61,Smartphone,mobile_phone,640,640,53,165,544.092,331.988,0.4409961301171875,True,0,dab9d92bbc11cf27efed3fd641422a5f,1,,False,False,False,False,False,53,165,597.092,496.988,pending_review
UNUM00491,UNU-KEY E-Waste Dataset v44,CC BY 4.0,train,8792,5969,WhatsApp-Video-2023-09-09-at-10_00_52-PM_mp4-23_jpg.rf.f8a3d2a91bddbea4e8b4bab03656bedd.jpg,WhatsApp-Video-2023-09-09-at-10_00_52-PM_mp4-23,2,Bar-Phone,mobile_phone,640,640,252,163,130.0,282.0,0.089501953125,False,0,2da460a58e9e46371c9ad99320001986,1,,False,False,False,False,False,252,163,382.0,445.0,pending_review
UNUM00492,UNU-KEY E-Waste Dataset v44,CC BY 4.0,train,8795,5972,budget_20phones_20copy_jpeg.rf.f8cf3aa70587d97ec4b53e22cee7271e.jpg,budget_20phones_20copy,61,Smartphone,mobile_phone,640,640,313,169,149.333,320.533,0.11686072873291016,True,0,11a75528e2fe36d3b7d1e9a030bb6d94,3,,False,False,False,True,False,313,169,462.33299999999997,489.533,pending_review
UNUM00493,UNU-KEY E-Waste Dataset v44,CC BY 4.0,train,8796,5972,budget_20phones_20copy_jpeg.rf.f8cf3aa70587d97ec4b53e22cee7271e.jpg,budget_20phones_20copy,61,Smartphone,mobile_phone,640,640,36,45,151.467,322.667,0.11931983029541016,True,0,11a75528e2fe36d3b7d1e9a030bb6d94,3,,False,False,False,True,False,36,45,187.467,367.667,pending_review
UNUM00494,UNU-KEY E-Waste Dataset v44,CC BY 4.0,train,8797,5972,budget_20phones_20copy_jpeg.rf.f8cf3aa70587d97ec4b53e22cee7271e.jpg,budget_20phones_20copy,61,Smartphone,mobile_phone,640,640,548,283,91.733,319.467,0.07154703689208984,True,0,11a75528e2fe36d3b7d1e9a030bb6d94,3,,False,False,False,True,False,548,283,639.733,602.467,pending_review
UNUM00495,UNU-KEY E-Waste Dataset v44,CC BY 4.0,train,8809,5983,IMG_20200328_131519_jpg.rf.f94565fcab2d4651d684209d30b30bc5.jpg,IMG_20200328_131519,61,Smartphone,mobile_phone,640,640,225,220,351.0,197.0,0.16881591796875,False,0,1c373d57e7d164296e99ce7c964fed94,1,,False,False,False,False,False,225,220,576.0,417.0,pending_review
UNUM00496,UNU-KEY E-Waste Dataset v44,CC BY 4.0,train,8822,5993,WhatsApp-Video-2023-09-09-at-10_00_52-PM_mp4-4_jpg.rf.f968c7dcd0c699a83c8b33575789c8cd.jpg,WhatsApp-Video-2023-09-09-at-10_00_52-PM_mp4-4,2,Bar-Phone,mobile_phone,640,640,250,237,113.0,219.0,0.06041748046875,False,0,c0b86ba88b83d8fa5c7b7e694b76e6b6,1,,False,False,False,False,False,250,237,363.0,456.0,pending_review
UNUM00497,UNU-KEY E-Waste Dataset v44,CC BY 4.0,train,8843,6011,221c7784655cd34c_jpg.rf.f98bbeb3bdd629f5e8e45fb2190a83b6.jpg,221c7784655cd34c,2,Bar-Phone,mobile_phone,640,640,483,196,95.0,274.0,0.0635498046875,False,0,83a39356f23978a80c66e582b0a8fbf9,4,,False,False,False,True,False,483,196,578.0,470.0,pending_review
UNUM00498,UNU-KEY E-Waste Dataset v44,CC BY 4.0,train,8844,6011,221c7784655cd34c_jpg.rf.f98bbeb3bdd629f5e8e45fb2190a83b6.jpg,221c7784655cd34c,61,Smartphone,mobile_phone,640,640,373,205,107.0,287.0,0.07497314453125,False,0,83a39356f23978a80c66e582b0a8fbf9,4,,False,False,False,True,False,373,205,480.0,492.0,pending_review
UNUM00499,UNU-KEY E-Waste Dataset v44,CC BY 4.0,train,8845,6011,221c7784655cd34c_jpg.rf.f98bbeb3bdd629f5e8e45fb2190a83b6.jpg,221c7784655cd34c,61,Smartphone,mobile_phone,640,640,282,244,83.0,254.0,0.0514697265625,False,0,83a39356f23978a80c66e582b0a8fbf9,4,,False,False,False,True,False,282,244,365.0,498.0,pending_review
UNUM00500,UNU-KEY E-Waste Dataset v44,CC BY 4.0,train,8846,6011,221c7784655cd34c_jpg.rf.f98bbeb3bdd629f5e8e45fb2190a83b6.jpg,221c7784655cd34c,61,Smartphone,mobile_phone,640,640,209,250,76.0,241.0,0.044716796875,False,0,83a39356f23978a80c66e582b0a8fbf9,4,,False,False,False,True,False,209,250,285.0,491.0,pending_review
UNUM00501,UNU-KEY E-Waste Dataset v44,CC BY 4.0,train,8851,6016,602_jpeg.rf.f9a5bbcff34e9f118d14b474beb1a65c.jpg,602,61,Smartphone,mobile_phone,640,640,48,165,512.0,277.0,0.34625,False,0,4a78ebb6f25a839a4eed042198b235b2,1,,False,False,False,False,True,48,165,560.0,442.0,pending_review
UNUM00502,UNU-KEY E-Waste Dataset v44,CC BY 4.0,train,8856,6021,a01d6c3f3c3ddc92e4f1817f7f4af09b_jpeg.rf.f98ab991e9385c52f752aca567b135e7.jpg,a01d6c3f3c3ddc92e4f1817f7f4af09b,61,Smartphone,mobile_phone,640,640,424,200,90.5,223.75,0.04943695068359375,True,0,3959aa11bd41f122c910312b6866a752,2,,False,False,False,True,False,424,200,514.5,423.75,pending_review
UNUM00503,UNU-KEY E-Waste Dataset v44,CC BY 4.0,train,8857,6021,a01d6c3f3c3ddc92e4f1817f7f4af09b_jpeg.rf.f98ab991e9385c52f752aca567b135e7.jpg,a01d6c3f3c3ddc92e4f1817f7f4af09b,61,Smartphone,mobile_phone,640,640,356,210,77.5,250.5,0.0473968505859375,True,0,3959aa11bd41f122c910312b6866a752,2,,False,False,False,True,False,356,210,433.5,460.5,pending_review
UNUM00504,UNU-KEY E-Waste Dataset v44,CC BY 4.0,train,8867,6030,OIP-U8ykm49TrQKn64QqB9JLbgHaHa_jpg.rf.f9e38d234a25c9574b44ddfc14284bdb.jpg,OIP-U8ykm49TrQKn64QqB9JLbgHaHa,61,Smartphone,mobile_phone,640,640,53,78,250.363,489.119,0.298968018059082,True,0,a9f10ea7e4fd9e084677d40f66dc3d7c,1,,False,False,False,False,False,53,78,303.363,567.119,pending_review
UNUM00505,UNU-KEY E-Waste Dataset v44,CC BY 4.0,train,8876,6037,oneplus-10-pro-cnet-review-12_jpeg.rf.fa22222969eb4277b957da465f9ff05d.jpg,oneplus-10-pro-cnet-review-12,61,Smartphone,mobile_phone,640,640,478,199,148.8,305.067,0.11082512109375,True,0,57874fee18622e487034b1d804534c93,4,,False,False,False,True,False,478,199,626.8,504.067,pending_review
UNUM00506,UNU-KEY E-Waste Dataset v44,CC BY 4.0,train,8877,6037,oneplus-10-pro-cnet-review-12_jpeg.rf.fa22222969eb4277b957da465f9ff05d.jpg,oneplus-10-pro-cnet-review-12,61,Smartphone,mobile_phone,640,640,330,203,138.667,301.333,0.10201402126708986,True,0,57874fee18622e487034b1d804534c93,4,,False,False,False,True,False,330,203,468.66700000000003,504.333,pending_review
UNUM00507,UNU-KEY E-Waste Dataset v44,CC BY 4.0,train,8878,6037,oneplus-10-pro-cnet-review-12_jpeg.rf.fa22222969eb4277b957da465f9ff05d.jpg,oneplus-10-pro-cnet-review-12,61,Smartphone,mobile_phone,640,640,187,231,132.267,269.867,0.08714477170166016,True,0,57874fee18622e487034b1d804534c93,4,,False,False,False,True,False,187,231,319.267,500.867,pending_review
UNUM00508,UNU-KEY E-Waste Dataset v44,CC BY 4.0,train,8879,6037,oneplus-10-pro-cnet-review-12_jpeg.rf.fa22222969eb4277b957da465f9ff05d.jpg,oneplus-10-pro-cnet-review-12,61,Smartphone,mobile_phone,640,640,37,196,138.133,304.0,0.1025205859375,True,0,57874fee18622e487034b1d804534c93,4,,False,False,False,True,False,37,196,175.133,500.0,pending_review
UNUM00509,UNU-KEY E-Waste Dataset v44,CC BY 4.0,train,8966,6062,376dfa2482e163c5_jpg.rf.fa6e667e07e89b6e30b234aee8595779.jpg,376dfa2482e163c5,61,Smartphone,mobile_phone,640,640,10,150,365.0,185.0,0.16485595703125,False,0,1464056ca447502ab912f85a31efc572,1,,False,False,False,False,False,10,150,375.0,335.0,pending_review
UNUM00510,UNU-KEY E-Waste Dataset v44,CC BY 4.0,train,8983,6074,WhatsApp-Video-2023-09-09-at-10_00_52-PM_mp4-49_jpg.rf.fa94b9be969f8439bcb4ecf8646f46b6.jpg,WhatsApp-Video-2023-09-09-at-10_00_52-PM_mp4-49,2,Bar-Phone,mobile_phone,640,640,302,177,170.0,372.0,0.15439453125,False,0,9e44fac756059818394c61d96304b906,1,,False,False,False,False,False,302,177,472.0,549.0,pending_review
UNUM00511,UNU-KEY E-Waste Dataset v44,CC BY 4.0,train,9010,6092,best_smartphone_apr_2022_hero-1-1-_jpeg.rf.fb147f3fa463230172d9cf0ede1d643c.jpg,best_smartphone_apr_2022_hero-1-1-,61,Smartphone,mobile_phone,640,640,202,144,219.6,348.4,0.186788671875,True,0,562d9541c8766d9227b9b7d73b18dcad,3,,False,False,False,True,False,202,144,421.6,492.4,pending_review
UNUM00512,UNU-KEY E-Waste Dataset v44,CC BY 4.0,train,9011,6092,best_smartphone_apr_2022_hero-1-1-_jpeg.rf.fb147f3fa463230172d9cf0ede1d643c.jpg,best_smartphone_apr_2022_hero-1-1-,61,Smartphone,mobile_phone,640,640,11,166,169.6,316.4,0.13100937499999998,True,0,562d9541c8766d9227b9b7d73b18dcad,3,,False,False,False,True,False,11,166,180.6,482.4,pending_review
UNUM00513,UNU-KEY E-Waste Dataset v44,CC BY 4.0,train,9012,6092,best_smartphone_apr_2022_hero-1-1-_jpeg.rf.fb147f3fa463230172d9cf0ede1d643c.jpg,best_smartphone_apr_2022_hero-1-1-,61,Smartphone,mobile_phone,640,640,462,163,136.8,316.8,0.10580625000000002,True,0,562d9541c8766d9227b9b7d73b18dcad,3,,False,False,False,True,False,462,163,598.8,479.8,pending_review
UNUM00514,UNU-KEY E-Waste Dataset v44,CC BY 4.0,train,9023,6096,478_jpg.rf.fb215389e297771889e808a95bb5299a.jpg,478,61,Smartphone,mobile_phone,640,640,6,148,603.0,163.0,0.23996337890625,False,0,c1bfc9f70682da489fadd1b49c2b4dc7,1,,False,False,False,False,True,6,148,609.0,311.0,pending_review
UNUM00515,UNU-KEY E-Waste Dataset v44,CC BY 4.0,train,9028,6098,668f8eb14b6f14951d48e71a34ba5712_jpeg.rf.fb17c3892061b762165ae68853c4d0ad.jpg,668f8eb14b6f14951d48e71a34ba5712,61,Smartphone,mobile_phone,640,640,286,331,128.593,176.0,0.0552548046875,True,0,4d5df2d514faee5717a82224a1a59560,2,,False,False,False,True,False,286,331,414.59299999999996,507.0,pending_review
UNUM00516,UNU-KEY E-Waste Dataset v44,CC BY 4.0,train,9029,6098,668f8eb14b6f14951d48e71a34ba5712_jpeg.rf.fb17c3892061b762165ae68853c4d0ad.jpg,668f8eb14b6f14951d48e71a34ba5712,61,Smartphone,mobile_phone,640,640,222,347,122.963,169.778,0.05096780325683593,True,0,4d5df2d514faee5717a82224a1a59560,2,,False,False,False,True,False,222,347,344.96299999999997,516.778,pending_review
UNUM00517,UNU-KEY E-Waste Dataset v44,CC BY 4.0,train,9042,6109,36e6d23204d9fd26_jpg.rf.fb2f4d004012fc556351733fdcbcc980.jpg,36e6d23204d9fd26,61,Smartphone,mobile_phone,640,640,103,93,383.0,466.0,0.4357373046875,False,0,bd7a6102ee9ba49c634ee17390f61938,1,,False,False,False,False,False,103,93,486.0,559.0,pending_review
UNUM00518,UNU-KEY E-Waste Dataset v44,CC BY 4.0,train,9062,6123,505_jpeg.rf.fb91b5deb786d67606c2b6b429fb6089.jpg,505,61,Smartphone,mobile_phone,640,640,218,175,221.0,394.0,0.2125830078125,False,0,e4575e89ad1df49db44dd05899c7407b,1,,False,False,False,False,False,218,175,439.0,569.0,pending_review
UNUM00519,UNU-KEY E-Waste Dataset v44,CC BY 4.0,train,9074,6130,486_jpg.rf.fb97e71f7f920afac2ee11aed253d9dc.jpg,486,61,Smartphone,mobile_phone,640,640,165,35,357.0,550.0,0.4793701171875,False,0,e31c2e3b6b4d0ab302cc24b30b58f841,1,,False,False,False,False,True,165,35,522.0,585.0,pending_review
UNUM00520,UNU-KEY E-Waste Dataset v44,CC BY 4.0,train,9099,6148,banner1-1-_jpeg.rf.fbf654df1dfce0f29b34a01b07d5ffd2.jpg,banner1-1-,61,Smartphone,mobile_phone,640,640,280,354,90.667,256.593,0.05679813850341797,True,0,925b5b4e3e34b1472df27fd1d4194e28,3,,False,False,False,True,False,280,354,370.66700000000003,610.5930000000001,pending_review
UNUM00521,UNU-KEY E-Waste Dataset v44,CC BY 4.0,train,9100,6148,banner1-1-_jpeg.rf.fbf654df1dfce0f29b34a01b07d5ffd2.jpg,banner1-1-,61,Smartphone,mobile_phone,640,640,185,379,75.852,219.259,0.04060359782226563,True,0,925b5b4e3e34b1472df27fd1d4194e28,3,,False,False,False,True,False,185,379,260.852,598.259,pending_review
UNUM00522,UNU-KEY E-Waste Dataset v44,CC BY 4.0,train,9101,6148,banner1-1-_jpeg.rf.fbf654df1dfce0f29b34a01b07d5ffd2.jpg,banner1-1-,61,Smartphone,mobile_phone,640,640,382,379,74.667,216.296,0.03942913435546875,True,0,925b5b4e3e34b1472df27fd1d4194e28,3,,False,False,False,True,False,382,379,456.66700000000003,595.296,pending_review
UNUM00523,UNU-KEY E-Waste Dataset v44,CC BY 4.0,train,9111,6157,482_jpg.rf.fc091c9c6f65a54570d31f723bf4def4.jpg,482,61,Smartphone,mobile_phone,640,640,177,41,284.0,354.0,0.24544921875,False,0,b00707d1114c626df438911e8dc18be4,1,,False,False,False,False,True,177,41,461.0,395.0,pending_review
UNUM00524,UNU-KEY E-Waste Dataset v44,CC BY 4.0,train,9147,6190,000000400045_jpg.rf.fcda362b39824034538a5e5f7f1340c7.jpg,000000400045,61,Smartphone,mobile_phone,640,640,134,426,53.14,39.44,0.005116800781249999,True,0,869c5a9721023038c485715e292a443b,1,Computer-Keyboard; Laptop; Oven,True,True,False,False,False,134,426,187.14,465.44,pending_review
UNUM00525,UNU-KEY E-Waste Dataset v44,CC BY 4.0,train,9165,6200,516_jpg.rf.fd0ed28d6ba28bb5aaf72f2bafc881e0.jpg,516,61,Smartphone,mobile_phone,640,640,1,186,624.0,150.0,0.228515625,False,0,f6e36b6eccfddc0935013317db95695b,1,,False,False,False,False,True,1,186,625.0,336.0,pending_review
UNUM00526,UNU-KEY E-Waste Dataset v44,CC BY 4.0,train,9170,6205,bb89cdc462cad055_jpg.rf.fd10e7f9d128de06f0102c0d6079e3c6.jpg,bb89cdc462cad055,61,Smartphone,mobile_phone,640,640,123,0,407.0,640.0,0.6359375,False,0,438544864295a56191ea7ba2848a90f8,1,,False,False,False,False,False,123,0,530.0,640.0,pending_review
UNUM00527,UNU-KEY E-Waste Dataset v44,CC BY 4.0,train,9175,6210,Copy-of-IMG_20200328_135230_jpg.rf.fd1a43ec7f098e5bc2db6c5f9cd33477.jpg,Copy-of-IMG_20200328_135230,61,Smartphone,mobile_phone,640,640,161,110,274.0,469.0,0.3137353515625,False,0,c0315064811d755bfb782024b8e47500,1,,False,False,False,False,False,161,110,435.0,579.0,pending_review
UNUM00528,UNU-KEY E-Waste Dataset v44,CC BY 4.0,train,9183,6218,466_jpeg.rf.fd42075ebd515235944589444d222209.jpg,466,61,Smartphone,mobile_phone,640,640,152,141,272.0,499.0,0.3313671875,False,0,1c17ad131b10be6f81e7d463b6a4c290,1,,False,False,False,False,True,152,141,424.0,640.0,pending_review
UNUM00529,UNU-KEY E-Waste Dataset v44,CC BY 4.0,train,9191,6226,IMG-20200328-WA0047_jpg.rf.fd19abfb40ab4fce8a4ce6be0cace32c.jpg,IMG-20200328-WA0047,61,Smartphone,mobile_phone,640,640,183,89,235.0,454.0,0.2604736328125,False,0,ec2f010990df4de9da35300a6a1fe1b2,1,,False,False,False,False,False,183,89,418.0,543.0,pending_review
UNUM00530,UNU-KEY E-Waste Dataset v44,CC BY 4.0,train,9207,6233,25_jpg.rf.fdac86bc480db3eaffa6d228acff3b0e.jpg,25,61,Smartphone,mobile_phone,640,640,108,45,377.436,573.097,0.5280943342089843,True,0,21c700ccbdaa8e76c9795c918c98aa4c,1,,False,False,False,False,False,108,45,485.436,618.097,pending_review
UNUM00531,UNU-KEY E-Waste Dataset v44,CC BY 4.0,train,9208,6234,27d7d2c93503d6bb_jpg.rf.fda4b6cfc2086a0343069e9a13eb731e.jpg,27d7d2c93503d6bb,61,Smartphone,mobile_phone,640,640,63,5,524.0,589.0,0.753505859375,False,0,05ae0fb0df350578db6b5b5fd7c152b1,1,,False,False,False,False,False,63,5,587.0,594.0,pending_review
UNUM00532,UNU-KEY E-Waste Dataset v44,CC BY 4.0,train,9259,6279,474_jpg.rf.fe6dae77520af79672cf7fc25597659d.jpg,474,61,Smartphone,mobile_phone,640,640,144,17,356.0,515.0,0.447607421875,False,0,b743e3e0945f1f2adc4655c007ff0987,1,,False,False,False,False,False,144,17,500.0,532.0,pending_review
UNUM00533,UNU-KEY E-Waste Dataset v44,CC BY 4.0,train,9265,6285,a4a00f50feb5768f_jpg.rf.feaab054a89b190da0a6ab235327eac5.jpg,a4a00f50feb5768f,61,Smartphone,mobile_phone,640,640,242,156,175.0,363.0,0.15509033203125,False,0,834f149ee3bb3ed23a07f251a8b56450,1,,False,False,False,False,False,242,156,417.0,519.0,pending_review
UNUM00534,UNU-KEY E-Waste Dataset v44,CC BY 4.0,train,9273,6292,WhatsApp-Video-2023-09-09-at-10_00_52-PM_mp4-1_jpg.rf.fed4b28b4327cc1006287182f7fc099c.jpg,WhatsApp-Video-2023-09-09-at-10_00_52-PM_mp4-1,2,Bar-Phone,mobile_phone,640,640,272,222,126.0,250.0,0.076904296875,False,0,abd031e2ba793b890ab347f15a4b164d,1,,False,False,False,False,False,272,222,398.0,472.0,pending_review
UNUM00535,UNU-KEY E-Waste Dataset v44,CC BY 4.0,train,9274,6293,WhatsApp-Video-2023-09-09-at-10_00_52-PM_mp4-50_jpg.rf.fec588f8c7df4c0b79ecce9f2db64e1a.jpg,WhatsApp-Video-2023-09-09-at-10_00_52-PM_mp4-50,2,Bar-Phone,mobile_phone,640,640,275,187,165.0,360.0,0.14501953125,False,0,06bdad6c05051d29db8f43c9ab60683f,1,,False,False,False,False,False,275,187,440.0,547.0,pending_review
UNUM00536,UNU-KEY E-Waste Dataset v44,CC BY 4.0,train,9312,6316,hero-image-fill-size_1200x1200-v1657736399-1-_jpeg.rf.ff33a65ad4eeb368aafd2197248f4627.jpg,hero-image-fill-size_1200x1200-v1657736399-1-,61,Smartphone,mobile_phone,640,640,30,14,552.0,606.933,0.81793705078125,True,0,c6670fbbbab970d1f678f6cbd9f717c3,1,,False,False,True,False,False,30,14,582.0,620.933,pending_review
UNUM00537,UNU-KEY E-Waste Dataset v44,CC BY 4.0,train,9345,6322,WhatsApp-Video-2023-09-09-at-10_00_52-PM_mp4-39_jpg.rf.ff6e5c67b743f2438b10a364e1cf6616.jpg,WhatsApp-Video-2023-09-09-at-10_00_52-PM_mp4-39,2,Bar-Phone,mobile_phone,640,640,263,151,174.0,382.0,0.162275390625,False,0,19a89e87de6570a0f02b9fc0a31a5b72,1,,False,False,False,False,False,263,151,437.0,533.0,pending_review
UNUM00538,UNU-KEY E-Waste Dataset v44,CC BY 4.0,train,9381,6349,509_jpeg.rf.ff800019e646dace7a12068b446d06d8.jpg,509,61,Smartphone,mobile_phone,640,640,264,159,200.0,362.0,0.1767578125,False,0,cd60e908b848639bbc6c13d79edb5f7f,1,,False,False,False,False,True,264,159,464.0,521.0,pending_review
UNUM00539,UNU-KEY E-Waste Dataset v44,CC BY 4.0,train,9430,6374,1fb15f9efe2542df_jpg.rf.093cfbd21e7b5798efe083f4e01b1c8f.jpg,1fb15f9efe2542df,61,Smartphone,mobile_phone,640,640,1,81,635.0,471.0,0.73018798828125,False,0,a505f50b79e1f894a8fde83ebc7eadcd,1,,False,False,False,False,False,1,81,636.0,552.0,pending_review
UNUM00540,UNU-KEY E-Waste Dataset v44,CC BY 4.0,train,9437,6378,000000238171_jpg.rf.099c634c8679a11edd5d76958455e319.jpg,000000238171,2,Bar-Phone,mobile_phone,640,640,189,363,58.73,20.84,0.0029881181640625,True,0,d45dfda07667258bf0b2af783f4c1734,1,Computer-Keyboard; Computer-Mouse; Laptop,True,True,False,False,False,189,363,247.73,383.84,pending_review
UNUM00541,UNU-KEY E-Waste Dataset v44,CC BY 4.0,train,9449,6388,534_jpeg.rf.0958865201428fbea5f08f93e118b205.jpg,534,61,Smartphone,mobile_phone,640,640,180,142,241.0,454.0,0.2671240234375,False,0,767789f7ac36c0ace12040dd5aae5c7c,1,,False,False,False,False,False,180,142,421.0,596.0,pending_review
UNUM00542,UNU-KEY E-Waste Dataset v44,CC BY 4.0,train,9453,6392,545_jpeg.rf.09a7135cb1cd233289e1a478b2bb22dc.jpg,545,61,Smartphone,mobile_phone,640,640,96,164,217.0,408.0,0.21615234375,False,0,4226f0480ad5dc3968c93b6decd310f0,2,,False,False,False,True,False,96,164,313.0,572.0,pending_review
UNUM00543,UNU-KEY E-Waste Dataset v44,CC BY 4.0,train,9454,6392,545_jpeg.rf.09a7135cb1cd233289e1a478b2bb22dc.jpg,545,61,Smartphone,mobile_phone,640,640,329,174,203.0,372.0,0.184365234375,False,0,4226f0480ad5dc3968c93b6decd310f0,2,,False,False,False,True,False,329,174,532.0,546.0,pending_review
UNUM00544,UNU-KEY E-Waste Dataset v44,CC BY 4.0,train,9464,6399,WhatsApp-Video-2023-09-09-at-10_00_52-PM_mp4-36_jpg.rf.09c965ba9725f6aa074e64c54e49cef4.jpg,WhatsApp-Video-2023-09-09-at-10_00_52-PM_mp4-36,2,Bar-Phone,mobile_phone,640,640,207,171,178.0,364.0,0.15818359375,False,0,3972a3defbece64e848fd3f9289289ed,1,,False,False,False,False,False,207,171,385.0,535.0,pending_review
UNUM00545,UNU-KEY E-Waste Dataset v44,CC BY 4.0,train,9489,6420,IMG_20200329_201015_jpg.rf.0a10adbf20fbc55fbec5d9f7a4f0e962.jpg,IMG_20200329_201015,61,Smartphone,mobile_phone,640,640,206,124,265.0,466.0,0.3014892578125,False,0,28217c3602db871c9543c66f1e67bd12,1,,False,False,False,False,False,206,124,471.0,590.0,pending_review
UNUM00546,UNU-KEY E-Waste Dataset v44,CC BY 4.0,train,9495,6425,Copy-of-IMG_20200328_140109_jpg.rf.0a30c6a0345b496ff087bc687f4133c8.jpg,Copy-of-IMG_20200328_140109,61,Smartphone,mobile_phone,640,640,226,131,358.0,182.0,0.159072265625,False,0,6bd8e1bc777d64efe7a02bf0831fe1c0,2,,False,False,False,True,False,226,131,584.0,313.0,pending_review
UNUM00547,UNU-KEY E-Waste Dataset v44,CC BY 4.0,train,9496,6425,Copy-of-IMG_20200328_140109_jpg.rf.0a30c6a0345b496ff087bc687f4133c8.jpg,Copy-of-IMG_20200328_140109,61,Smartphone,mobile_phone,640,640,216,337,338.0,196.0,0.16173828125,False,0,6bd8e1bc777d64efe7a02bf0831fe1c0,2,,False,False,False,True,False,216,337,554.0,533.0,pending_review
UNUM00548,UNU-KEY E-Waste Dataset v44,CC BY 4.0,train,9640,6496,000000190722_jpg.rf.0b80020937aabcf945c1655d5692480d.jpg,000000190722,2,Bar-Phone,mobile_phone,640,640,13,474,44.01,50.64,0.0054410800781250004,True,0,25bfb07fde20a6a534bda9948300a838,1,Computer-Keyboard; Computer-Mouse; Flat-Panel-Monitor; Laptop,True,True,False,False,False,13,474,57.01,524.64,pending_review
UNUM00549,UNU-KEY E-Waste Dataset v44,CC BY 4.0,train,9671,6519,IMG-20200328-WA0039_jpg.rf.0bd3c2ec34adcd726f82ad9fa82ac854.jpg,IMG-20200328-WA0039,61,Smartphone,mobile_phone,640,640,161,46,318.0,532.0,0.41302734375,False,0,594c693614f6b02d85d370043c0f5178,1,,False,False,False,False,False,161,46,479.0,578.0,pending_review
UNUM00550,UNU-KEY E-Waste Dataset v44,CC BY 4.0,train,9691,6533,4a74503fcfa31c6f_jpg.rf.0c19cbbb5546cf06734414fbb9677a42.jpg,4a74503fcfa31c6f,61,Smartphone,mobile_phone,640,640,274,199,82.0,196.0,0.03923828125,False,0,b2db6c679a12c00e098fda1c3828e11a,1,,False,False,False,False,False,274,199,356.0,395.0,pending_review
UNUM00551,UNU-KEY E-Waste Dataset v44,CC BY 4.0,train,9744,6571,WhatsApp-Video-2023-09-09-at-10_00_52-PM_mp4-7_jpg.rf.0cc076354938ce3d98801ccd7f907745.jpg,WhatsApp-Video-2023-09-09-at-10_00_52-PM_mp4-7,2,Bar-Phone,mobile_phone,640,640,255,232,120.0,250.0,0.0732421875,False,0,6011f97161c40b26efb13a8255c94faa,1,,False,False,False,False,False,255,232,375.0,482.0,pending_review
UNUM00552,UNU-KEY E-Waste Dataset v44,CC BY 4.0,train,9755,6579,467_jpeg.rf.0cb0c9e794b3c4ed0afe526536d77c4a.jpg,467,61,Smartphone,mobile_phone,640,640,201,87,235.0,431.0,0.24727783203125,False,0,1b86a68a2290f60f663e4743a3c3ea74,1,,False,False,False,False,True,201,87,436.0,518.0,pending_review
UNUM00553,UNU-KEY E-Waste Dataset v44,CC BY 4.0,train,9780,6601,IMG_20200328_131600_jpg.rf.0d3430b4b13672513cbfe63d42346fec.jpg,IMG_20200328_131600,61,Smartphone,mobile_phone,640,640,86,234,366.0,195.0,0.1742431640625,False,0,3c18f4d444b6b705645c9cd91e3a162e,1,,False,False,False,False,False,86,234,452.0,429.0,pending_review
UNUM00554,UNU-KEY E-Waste Dataset v44,CC BY 4.0,train,9781,6602,iphone-14-pro-lockscreen-2_jpeg.rf.0d2ff75e4029a06cd62e10cf613a0930.jpg,iphone-14-pro-lockscreen-2,61,Smartphone,mobile_phone,640,640,225,115,185.067,391.467,0.17687408029541016,True,0,dac34762a0c9a80409b86456717c0559,1,,False,False,False,False,False,225,115,410.067,506.467,pending_review
UNUM00555,UNU-KEY E-Waste Dataset v44,CC BY 4.0,train,9807,6622,listpage-SunsetOrange-1256_628-pc-1-_jpeg.rf.0d7d649304312455d527109a262bc63e.jpg,listpage-SunsetOrange-1256_628-pc-1-,61,Smartphone,mobile_phone,640,640,95,191,400.0,174.777,0.17068066406249996,True,0,a66dc31569f1dfa55f65f389b844bb67,1,,False,False,False,False,False,95,191,495.0,365.777,pending_review
UNUM00556,UNU-KEY E-Waste Dataset v44,CC BY 4.0,train,9819,6632,smartphone-vector-smart-phones-white-front-back-view-mobile-phone-61092002_jpg.rf.0da1e4972bf3e4f731c9ad45530cd3b4.jpg,smartphone-vector-smart-phones-white-front-back-view-mobile-phone-61092002,61,Smartphone,mobile_phone,640,640,259,80,236.0,482.4,0.2779453125,True,0,bb5d87d59bca4011d31de336977ca0db,1,,False,False,False,False,False,259,80,495.0,562.4,pending_review
UNUM00557,UNU-KEY E-Waste Dataset v44,CC BY 4.0,train,9880,6658,WhatsApp-Video-2023-09-09-at-10_00_52-PM_mp4-41_jpg.rf.0df0544fbafd8e938727d8bcfae64f3a.jpg,WhatsApp-Video-2023-09-09-at-10_00_52-PM_mp4-41,2,Bar-Phone,mobile_phone,640,640,295,178,151.0,331.0,0.12202392578125,False,0,c2634d9e6b3a3fdd4315da5e0003b78f,1,,False,False,False,False,False,295,178,446.0,509.0,pending_review
UNUM00558,UNU-KEY E-Waste Dataset v44,CC BY 4.0,train,9915,6677,94913227ad2d2549_jpg.rf.0e336a20a8278afbd47ae07b2eaa6d7c.jpg,94913227ad2d2549,61,Smartphone,mobile_phone,640,640,135,26,374.0,597.0,0.5451123046875,False,0,14595eccab3b3c49ed0713ae8929e3d1,1,,False,False,False,False,False,135,26,509.0,623.0,pending_review
UNUM00559,UNU-KEY E-Waste Dataset v44,CC BY 4.0,train,9957,6712,WhatsApp-Video-2023-09-09-at-10_00_52-PM_mp4-17_jpg.rf.0f34e496b7617e141916d09f3ed032c3.jpg,WhatsApp-Video-2023-09-09-at-10_00_52-PM_mp4-17,2,Bar-Phone,mobile_phone,640,640,246,374,142.0,258.0,0.089443359375,False,0,bc6028b2856d9939d174aea843a7f30a,1,,False,False,False,False,False,246,374,388.0,632.0,pending_review
UNUM00560,UNU-KEY E-Waste Dataset v44,CC BY 4.0,train,9976,6728,Copy-of-IMG_20200328_222043_jpg.rf.0f4bbe27b591cd8bfabb30c582489a85.jpg,Copy-of-IMG_20200328_222043,61,Smartphone,mobile_phone,640,640,171,235,360.0,188.0,0.165234375,False,0,4f9d45101493d4fde4fba2510f4362a6,1,,False,False,False,False,False,171,235,531.0,423.0,pending_review
UNUM00561,UNU-KEY E-Waste Dataset v44,CC BY 4.0,train,9983,6734,000000555298_jpg.rf.0f5aba87394f66456383f034a488d2c2.jpg,000000555298,61,Smartphone,mobile_phone,640,640,234,305,61.95,24.37,0.003685843505859375,True,0,8bf0132837f47ab64be33e5eab6ebb3f,1,Computer-Keyboard; Flat-Panel-Monitor; Laptop,True,True,False,False,False,234,305,295.95,329.37,pending_review
UNUM00562,UNU-KEY E-Waste Dataset v44,CC BY 4.0,train,9991,6739,460_jpeg.rf.0f5acc9123b44c3ecfcd2e56e9cfee15.jpg,460,61,Smartphone,mobile_phone,640,640,99,200,515.0,270.0,0.3394775390625,False,0,44ddda74ed587d7d9feef9f854e21ff3,1,,False,False,False,False,True,99,200,614.0,470.0,pending_review
UNUM00563,UNU-KEY E-Waste Dataset v44,CC BY 4.0,train,10026,6759,520_jpeg.rf.0fd0668a9004a7cad11c3985461b1aa3.jpg,520,61,Smartphone,mobile_phone,640,640,155,114,242.0,478.0,0.282412109375,False,0,5956a0dae92e2778ad48242046198d90,1,,False,False,False,False,True,155,114,397.0,592.0,pending_review
UNUM00564,UNU-KEY E-Waste Dataset v44,CC BY 4.0,train,10037,6770,IMG-20200328-WA0030-1-_jpg.rf.101a0717086b2cb2341b080cc24de384.jpg,IMG-20200328-WA0030-1-,61,Smartphone,mobile_phone,640,640,195,29,285.0,497.0,0.34581298828125,False,0,042bd2a337473965c2e81dcc943e7557,1,,False,False,False,False,False,195,29,480.0,526.0,pending_review
UNUM00565,UNU-KEY E-Waste Dataset v44,CC BY 4.0,train,10038,6771,550_jpg.rf.107fba58370b68d165420975c85b9355.jpg,550,61,Smartphone,mobile_phone,640,640,158,99,323.0,408.0,0.32173828125,False,0,f909dee6f473d1149d4434a69263b8ee,1,,False,False,False,False,False,158,99,481.0,507.0,pending_review
UNUM00566,UNU-KEY E-Waste Dataset v44,CC BY 4.0,train,10111,6822,IMG_20200329_152625_jpg.rf.10a23abfd49da7d502ccf7dcee2460a9.jpg,IMG_20200329_152625,61,Smartphone,mobile_phone,640,640,138,225,369.0,201.0,0.18107666015625,False,0,bb84baffdd0f080437fcd1b0d0660595,2,,False,False,False,True,True,138,225,507.0,426.0,pending_review
UNUM00567,UNU-KEY E-Waste Dataset v44,CC BY 4.0,train,10112,6822,IMG_20200329_152625_jpg.rf.10a23abfd49da7d502ccf7dcee2460a9.jpg,IMG_20200329_152625,61,Smartphone,mobile_phone,640,640,159,78,295.0,145.0,0.10443115234375,False,0,bb84baffdd0f080437fcd1b0d0660595,2,,False,False,False,True,True,159,78,454.0,223.0,pending_review
UNUM00568,UNU-KEY E-Waste Dataset v44,CC BY 4.0,train,10135,6844,IMG-20200328-WA0034_jpg.rf.117ae463e223c5e53b9a081bb94836de.jpg,IMG-20200328-WA0034,61,Smartphone,mobile_phone,640,640,161,9,319.0,622.0,0.4844189453125,False,0,e3813fd29bfd031a1e8a35c68a8162ee,1,,False,False,False,False,False,161,9,480.0,631.0,pending_review
UNUM00569,UNU-KEY E-Waste Dataset v44,CC BY 4.0,train,10159,6857,IMG-20200328-WA0040_jpg.rf.12390f9f2ccc47f93749ee9caeefdd32.jpg,IMG-20200328-WA0040,61,Smartphone,mobile_phone,640,640,186,47,290.0,498.0,0.352587890625,False,0,41aa519954d799b5cb8d522297b49676,1,,False,False,False,False,False,186,47,476.0,545.0,pending_review
UNUM00570,UNU-KEY E-Waste Dataset v44,CC BY 4.0,train,10167,6864,76_jpg.rf.1278ef3a7883a4dab065bd13b45fd35d.jpg,76,61,Smartphone,mobile_phone,640,640,6,174,615.865,284.629,0.42796152120361336,True,0,bd10fa1a2a236f372e62f3575c57694f,1,,False,False,False,False,False,6,174,621.865,458.629,pending_review
UNUM00571,UNU-KEY E-Waste Dataset v44,CC BY 4.0,train,10181,6875,467_jpeg.rf.128e5e2de4bb483e124fc99b689e4e03.jpg,467,61,Smartphone,mobile_phone,640,640,201,87,235.0,431.0,0.24727783203125,False,0,1b86a68a2290f60f663e4743a3c3ea74,1,,False,False,False,False,True,201,87,436.0,518.0,pending_review
UNUM00572,UNU-KEY E-Waste Dataset v44,CC BY 4.0,train,10201,6878,61_jpg.rf.12a7686cb3d727916791dd94a5ca964a.jpg,61,61,Smartphone,mobile_phone,640,640,148,169,396.737,274.584,0.2659610166210938,True,0,4705b32a9d96eddc8555019d5a55e92f,1,,False,False,False,False,False,148,169,544.7370000000001,443.584,pending_review
UNUM00573,UNU-KEY E-Waste Dataset v44,CC BY 4.0,train,10226,6901,WhatsApp-Video-2023-09-09-at-10_00_52-PM_mp4-18_jpg.rf.1311898357ccb93dad88f79743c3a932.jpg,WhatsApp-Video-2023-09-09-at-10_00_52-PM_mp4-18,2,Bar-Phone,mobile_phone,640,640,242,360,147.0,265.0,0.09510498046875,False,0,b700c8d03c2b5d91e1e6c5bf1a79e05b,1,,False,False,False,False,False,242,360,389.0,625.0,pending_review
UNUM00574,UNU-KEY E-Waste Dataset v44,CC BY 4.0,train,10376,7012,477_jpg.rf.14c4bbcde020e484a4f080659860ee20.jpg,477,61,Smartphone,mobile_phone,640,640,142,67,354.0,447.0,0.3863232421875,False,0,ca33c823346233f3f0349e74bd4fb7fd,1,,False,False,False,False,False,142,67,496.0,514.0,pending_review
UNUM00575,UNU-KEY E-Waste Dataset v44,CC BY 4.0,train,10423,7047,000000508105_jpg.rf.153f1b12d63e9b4efd396a832ce678f5.jpg,000000508105,61,Smartphone,mobile_phone,640,640,297,303,42.34,27.34,0.0028261123046875005,True,0,5566eb34a8cbc101a2079377566a8546,1,Laptop,True,True,False,False,False,297,303,339.34000000000003,330.34,pending_review
UNUM00576,UNU-KEY E-Waste Dataset v44,CC BY 4.0,train,10465,7081,472_jpeg.rf.15cefee4d1df765a11b9b9fd6a9211c4.jpg,472,61,Smartphone,mobile_phone,640,640,206,79,255.0,443.0,0.27579345703125,False,0,cf0cf1ec2e40feff3af3d74b2d097629,1,,False,False,False,False,True,206,79,461.0,522.0,pending_review
UNUM00577,UNU-KEY E-Waste Dataset v44,CC BY 4.0,train,10467,7083,559_jpg.rf.15eb09e91b99e58c52803de6113d86ac.jpg,559,61,Smartphone,mobile_phone,640,640,28,164,607.0,160.0,0.237109375,False,0,8fffafa60751c3055642c1565466d3e4,1,,False,False,False,False,False,28,164,635.0,324.0,pending_review
UNUM00578,UNU-KEY E-Waste Dataset v44,CC BY 4.0,train,10475,7091,Copy-of-IMG_20200328_222043_jpg.rf.1643e399f359b508cf805f0089d71f9f.jpg,Copy-of-IMG_20200328_222043,61,Smartphone,mobile_phone,640,640,171,235,360.0,188.0,0.165234375,False,0,4f9d45101493d4fde4fba2510f4362a6,1,,False,False,False,False,False,171,235,531.0,423.0,pending_review
UNUM00579,UNU-KEY E-Waste Dataset v44,CC BY 4.0,train,10481,7097,7d0c957995a61b12_jpg.rf.1633d3f4177c7873bf2159eac0417ad9.jpg,7d0c957995a61b12,61,Smartphone,mobile_phone,640,640,246,44,392.0,592.0,0.5665625,False,0,c4f224a0ff347e05dc7953f61e6d2b3c,1,,False,False,False,False,False,246,44,638.0,636.0,pending_review
UNUM00580,UNU-KEY E-Waste Dataset v44,CC BY 4.0,train,10550,7158,image8-2_jpeg.rf.178c9333b9c2b82c1d2fa51cd3780369.jpg,image8-2,61,Smartphone,mobile_phone,640,640,221,132,179.556,359.111,0.15742318045898437,True,0,98a9739788da61eef232522867884402,1,,False,False,False,False,False,221,132,400.55600000000004,491.111,pending_review
UNUM00581,UNU-KEY E-Waste Dataset v44,CC BY 4.0,train,10553,7160,552_jpg.rf.179a7976e1739eafb4ea1fcb1057aa9d.jpg,552,61,Smartphone,mobile_phone,640,640,4,157,636.0,172.0,0.2670703125,False,0,022abcc27b817b9a25e8439dff2654bc,1,,False,False,False,False,True,4,157,640.0,329.0,pending_review
UNUM00582,UNU-KEY E-Waste Dataset v44,CC BY 4.0,train,10571,7176,476_jpg.rf.17d0aa20bf6ee8ea7806d2872f6bfc4e.jpg,476,61,Smartphone,mobile_phone,640,640,3,152,637.0,210.0,0.3265869140625,False,0,8c835bbbb480b55116e251c6437adba4,1,,False,False,False,False,False,3,152,640.0,362.0,pending_review
UNUM00583,UNU-KEY E-Waste Dataset v44,CC BY 4.0,train,10593,7192,8bb6736b8011e1d9_jpg.rf.1759002d5ce1edef192ecce08ba32d85.jpg,8bb6736b8011e1d9,61,Smartphone,mobile_phone,640,640,261,166,125.0,217.0,0.06622314453125,False,0,9b2200a8438d3c511da821afefa600d9,1,,False,False,False,False,False,261,166,386.0,383.0,pending_review
UNUM00584,UNU-KEY E-Waste Dataset v44,CC BY 4.0,train,10648,7237,15_jpg.rf.18ea569b8f0eb934ab2c897a863a1867.jpg,15,61,Smartphone,mobile_phone,640,640,52,52,578.065,520.717,0.7348834780395508,True,0,5cb332cbb4a5d6cf5d5976524911d020,1,,False,False,False,False,False,52,52,630.065,572.717,pending_review
UNUM00585,UNU-KEY E-Waste Dataset v44,CC BY 4.0,train,10651,7240,000000566491_jpg.rf.1910c0b4f0936c25152724f2df39a84e.jpg,000000566491,61,Smartphone,mobile_phone,640,640,333,403,76.05,34.27,0.006362874755859376,True,0,2ce68bc623057e61adb85dbcd39c5631,1,Laptop,True,True,False,False,False,333,403,409.05,437.27,pending_review
UNUM00586,UNU-KEY E-Waste Dataset v44,CC BY 4.0,train,10655,7243,4_zu_3_Teaser_News_jpeg.rf.190f2d3e77c7a68307befdc4747a8daa.jpg,4_zu_3_Teaser_News,61,Smartphone,mobile_phone,640,640,294,90,214.8,462.0,0.24227929687500002,True,0,66b09b04c1f412776d3dc88c9e94e8d3,2,,False,False,False,True,False,294,90,508.8,552.0,pending_review
UNUM00587,UNU-KEY E-Waste Dataset v44,CC BY 4.0,train,10656,7243,4_zu_3_Teaser_News_jpeg.rf.190f2d3e77c7a68307befdc4747a8daa.jpg,4_zu_3_Teaser_News,61,Smartphone,mobile_phone,640,640,122,90,190.4,460.8,0.21420000000000003,True,0,66b09b04c1f412776d3dc88c9e94e8d3,2,,False,False,False,True,False,122,90,312.4,550.8,pending_review
UNUM00588,UNU-KEY E-Waste Dataset v44,CC BY 4.0,train,10675,7262,66_jpg.rf.194da046ecee7ce80ed30b30ef57192d.jpg,66,61,Smartphone,mobile_phone,640,640,204,103,360.563,383.099,0.33723467953369135,True,0,957479dbee9bf378819cd20a1b9932f7,1,,False,False,False,False,False,204,103,564.563,486.099,pending_review
UNUM00589,UNU-KEY E-Waste Dataset v44,CC BY 4.0,train,10685,7271,35_jpg.rf.19979b235a9a23d723765a9e97775041.jpg,35,61,Smartphone,mobile_phone,640,640,154,21,323.636,598.788,0.47311853800781256,True,0,4b4f79501f5a84c2416882920115b5e9,1,,False,False,False,False,False,154,21,477.636,619.788,pending_review
UNUM00590,UNU-KEY E-Waste Dataset v44,CC BY 4.0,train,10720,7298,front_png.rf.1a42f9f066668e4a8b1a8df1436fbeef.jpg,front,61,Smartphone,mobile_phone,640,640,274,21,249.067,509.867,0.31003672873291016,True,0,746207c4ac2208a8d9133d4c7015a09c,2,,False,False,False,True,False,274,21,523.067,530.867,pending_review
UNUM00591,UNU-KEY E-Waste Dataset v44,CC BY 4.0,train,10721,7298,front_png.rf.1a42f9f066668e4a8b1a8df1436fbeef.jpg,front,61,Smartphone,mobile_phone,640,640,115,22,165.0,510.0,0.2054443359375,False,0,746207c4ac2208a8d9133d4c7015a09c,2,,False,False,False,True,False,115,22,280.0,532.0,pending_review
UNUM00592,UNU-KEY E-Waste Dataset v44,CC BY 4.0,train,10722,7299,493_jpeg.rf.1a1a412c4c005a1a5bf66f32f73db9f8.jpg,493,61,Smartphone,mobile_phone,640,640,149,194,303.0,158.0,0.1168798828125,False,0,c8610ec4b4dcf83cf45bdad83ca7d9db,1,,False,False,False,False,False,149,194,452.0,352.0,pending_review
UNUM00593,UNU-KEY E-Waste Dataset v44,CC BY 4.0,train,10798,7354,000000355727_jpg.rf.1b006d204a090b1bf3a974db661af7aa.jpg,000000355727,61,Smartphone,mobile_phone,640,640,189,472,159.14,88.05,0.034209660644531244,True,0,c01503bbeb061442f793f0b1833e127d,1,Computer-Mouse; Laptop,True,False,False,False,False,189,472,348.14,560.05,pending_review
UNUM00594,UNU-KEY E-Waste Dataset v44,CC BY 4.0,train,10812,7364,476_jpg.rf.1b4c1e2612a8428fdb49092dc5f12af0.jpg,476,61,Smartphone,mobile_phone,640,640,3,152,637.0,210.0,0.3265869140625,False,0,8c835bbbb480b55116e251c6437adba4,1,,False,False,False,False,False,3,152,640.0,362.0,pending_review
UNUM00595,UNU-KEY E-Waste Dataset v44,CC BY 4.0,train,10824,7370,549_jpeg.rf.1b746ad0a2862523863676ecfd539e6a.jpg,549,61,Smartphone,mobile_phone,640,640,170,84,260.0,387.0,0.245654296875,False,0,26971a29444d1e3599126edfe1dff5fc,1,,False,False,False,False,False,170,84,430.0,471.0,pending_review
UNUM00596,UNU-KEY E-Waste Dataset v44,CC BY 4.0,train,10838,7380,IMG_20200329_152857_jpg.rf.1bae43e0b2148a850fd0cef80d7e67ee.jpg,IMG_20200329_152857,61,Smartphone,mobile_phone,640,640,7,320,137.0,148.0,0.049501953125,False,0,586c6c8349d095faeed5ea65438789e7,2,Laptop,True,False,False,True,True,7,320,144.0,468.0,pending_review
UNUM00597,UNU-KEY E-Waste Dataset v44,CC BY 4.0,train,10839,7380,IMG_20200329_152857_jpg.rf.1bae43e0b2148a850fd0cef80d7e67ee.jpg,IMG_20200329_152857,61,Smartphone,mobile_phone,640,640,184,338,177.0,97.0,0.04191650390625,False,0,586c6c8349d095faeed5ea65438789e7,2,Laptop,True,False,False,True,True,184,338,361.0,435.0,pending_review
UNUM00598,UNU-KEY E-Waste Dataset v44,CC BY 4.0,train,10845,7382,Copy-of-IMG_20200328_135224_jpg.rf.1ba94849ff4be03fabddebd13529c238.jpg,Copy-of-IMG_20200328_135224,61,Smartphone,mobile_phone,640,640,252,142,229.0,391.0,0.21860107421875,False,0,dde6e1795d10a1e12790f3d1571592b7,1,,False,False,False,False,False,252,142,481.0,533.0,pending_review
UNUM00599,UNU-KEY E-Waste Dataset v44,CC BY 4.0,train,10908,7434,000000561403_jpg.rf.1d02f7755f6987f12fb7632c7269c9b6.jpg,000000561403,61,Smartphone,mobile_phone,640,640,310,368,28.24,22.2,0.0015305859375,True,0,0866a3ac63bd21cd3127ad7a07f010e9,1,Computer-Keyboard; Flat-Panel-Monitor; Laptop,True,True,False,False,False,310,368,338.24,390.2,pending_review
UNUM00600,UNU-KEY E-Waste Dataset v44,CC BY 4.0,train,10920,7438,7247106ba8280837_jpg.rf.1cf1638ba005594a9ce24a7ea7e7098d.jpg,7247106ba8280837,61,Smartphone,mobile_phone,640,640,245,229,73.0,122.0,0.0217431640625,False,0,625ac25ba3a03d743917a98ebc935121,1,Speaker,True,False,False,False,False,245,229,318.0,351.0,pending_review
UNUM00601,UNU-KEY E-Waste Dataset v44,CC BY 4.0,train,10956,7468,IMG_20200329_152800_jpg.rf.1d6feac3c244fc0eeceb53c8dc0fca8d.jpg,IMG_20200329_152800,61,Smartphone,mobile_phone,640,640,52,285,177.0,220.0,0.095068359375,False,0,a333721d3228027c92864af92e86c948,2,Laptop,True,False,False,True,False,52,285,229.0,505.0,pending_review
UNUM00602,UNU-KEY E-Waste Dataset v44,CC BY 4.0,train,10957,7468,IMG_20200329_152800_jpg.rf.1d6feac3c244fc0eeceb53c8dc0fca8d.jpg,IMG_20200329_152800,61,Smartphone,mobile_phone,640,640,38,104,199.0,124.0,0.060244140625,False,0,a333721d3228027c92864af92e86c948,2,Laptop,True,False,False,True,False,38,104,237.0,228.0,pending_review
UNUM00603,UNU-KEY E-Waste Dataset v44,CC BY 4.0,train,10962,7471,73_jpg.rf.1dbc1ba2f85d553bf18d9f6802efae31.jpg,73,61,Smartphone,mobile_phone,640,640,115,52,357.386,495.525,0.43235766027832034,True,0,9207cd73ab269aec112b8ca07ac6a217,1,,False,False,False,False,False,115,52,472.386,547.525,pending_review
UNUM00604,UNU-KEY E-Waste Dataset v44,CC BY 4.0,train,10983,7482,000000365512_jpg.rf.1dedcaa20068290a92432a697ec4670f.jpg,000000365512,2,Bar-Phone,mobile_phone,640,640,602,409,38.08,60.71,0.0056441328125,True,0,ebb292f06d1e665efaab9f562a0e9963,1,Computer-Keyboard; Computer-Mouse; Laptop,True,True,False,False,False,602,409,640.08,469.71,pending_review
UNUM00605,UNU-KEY E-Waste Dataset v44,CC BY 4.0,train,10989,7487,301_jpeg.rf.1e12e4e7636349d6c73315a16c3fa1a6.jpg,301,61,Smartphone,mobile_phone,640,640,311,140,231.0,421.0,0.23742919921875,False,0,68720b46d0f2fd6480aced321ec19c6e,1,Computer-Mouse,True,False,False,False,False,311,140,542.0,561.0,pending_review
UNUM00606,UNU-KEY E-Waste Dataset v44,CC BY 4.0,train,11015,7508,454_jpeg.rf.1e918a5c40ef9f2129288a82c6c26482.jpg,454,61,Smartphone,mobile_phone,640,640,191,84,256.0,462.0,0.28875,False,0,5cf4db694bd0c3bc51293867a8aa744f,1,,False,False,False,False,True,191,84,447.0,546.0,pending_review
UNUM00607,UNU-KEY E-Waste Dataset v44,CC BY 4.0,train,11054,7538,Copy-of-IMG_20200328_135507_jpg.rf.1f1a64bda2a91a3c61f02be98a00a47f.jpg,Copy-of-IMG_20200328_135507,61,Smartphone,mobile_phone,640,640,42,229,598.0,224.0,0.32703125,False,0,bfa813edf394302bb6371b67f31681e9,1,,False,False,False,False,True,42,229,640.0,453.0,pending_review
UNUM00608,UNU-KEY E-Waste Dataset v44,CC BY 4.0,train,11065,7547,484_jpg.rf.1efd106fb05566412b80855b21f2a76f.jpg,484,61,Smartphone,mobile_phone,640,640,0,152,542.0,225.0,0.2977294921875,False,0,d694cdbf43f1620cc82c195b802c142c,1,,False,False,False,False,True,0,152,542.0,377.0,pending_review
UNUM00609,UNU-KEY E-Waste Dataset v44,CC BY 4.0,train,11101,7576,22_jpg.rf.1f9cdcef7648d0832dceda85f823b6f6.jpg,22,61,Smartphone,mobile_phone,640,640,189,43,173.014,358.278,0.15133571750976565,True,0,e44e512bddee6a58791e106847592f22,1,,False,False,False,False,False,189,43,362.014,401.278,pending_review
UNUM00610,UNU-KEY E-Waste Dataset v44,CC BY 4.0,train,11103,7578,IMG-20200328-WA0033_jpg.rf.1fded47a3c900d99cf04bac531399e62.jpg,IMG-20200328-WA0033,61,Smartphone,mobile_phone,640,640,165,13,315.0,594.0,0.4568115234375,False,0,ba88e28be83c05651eb53814f4e9255b,1,,False,False,False,False,True,165,13,480.0,607.0,pending_review
UNUM00611,UNU-KEY E-Waste Dataset v44,CC BY 4.0,train,11127,7590,587_jpeg.rf.2017b00cbabfa2226c5cd320cc64d591.jpg,587,61,Smartphone,mobile_phone,640,640,114,164,505.0,277.0,0.34151611328125,False,0,27afdc3bd46e05718b3bf342576389d6,1,,False,False,False,False,False,114,164,619.0,441.0,pending_review
UNUM00612,UNU-KEY E-Waste Dataset v44,CC BY 4.0,train,11129,7591,000000356645_jpg.rf.201a4a197732bcb8e314e4ea15100405.jpg,000000356645,61,Smartphone,mobile_phone,640,640,521,324,41.08,69.51,0.0069713642578125,True,0,8805ec38dea862239b00e069cb40844f,1,Computer-Mouse; Flat-Panel-Monitor; Laptop,True,True,False,False,False,521,324,562.08,393.51,pending_review
UNUM00613,UNU-KEY E-Waste Dataset v44,CC BY 4.0,train,11148,7604,90_jpg.rf.2043f4cc1d2bc9dc67fe881e95340ac8.jpg,90,61,Smartphone,mobile_phone,640,640,94,119,387.276,423.547,0.40046286125976566,True,0,e8ef9cda210f9e6c0514b63aa627fc56,1,,False,False,False,False,False,94,119,481.276,542.547,pending_review
UNUM00614,UNU-KEY E-Waste Dataset v44,CC BY 4.0,train,11161,7615,000000281376_jpg.rf.20510ba7d3075cde8918126ea22c5acb.jpg,000000281376,61,Smartphone,mobile_phone,640,640,221,315,33.39,20.8,0.0016955859375,True,0,33a7978e5a1a23451e3ae39a153fde1a,2,Computer-Keyboard; Computer-Mouse; Flat-Panel-Monitor; Laptop,True,True,False,True,False,221,315,254.39,335.8,pending_review
UNUM00615,UNU-KEY E-Waste Dataset v44,CC BY 4.0,train,11162,7615,000000281376_jpg.rf.20510ba7d3075cde8918126ea22c5acb.jpg,000000281376,61,Smartphone,mobile_phone,640,640,167,310,35.91,24.12,0.0021146220703124998,True,0,33a7978e5a1a23451e3ae39a153fde1a,2,Computer-Keyboard; Computer-Mouse; Flat-Panel-Monitor; Laptop,True,True,False,True,False,167,310,202.91,334.12,pending_review
UNUM00616,UNU-KEY E-Waste Dataset v44,CC BY 4.0,train,11215,7644,000000255006_jpg.rf.212f37b65bbe7c5e87209ddb9bc3823b.jpg,000000255006,61,Smartphone,mobile_phone,640,640,162,351,29.44,53.82,0.0038683125000000002,True,0,c14c809b6355144994730abcb7454416,1,Computer-Keyboard; Computer-Mouse; Flat-Panel-Monitor; Laptop,True,True,False,False,False,162,351,191.44,404.82,pending_review
UNUM00617,UNU-KEY E-Waste Dataset v44,CC BY 4.0,train,11221,7646,384b4f660eab27c3_jpg.rf.2129e28d5fe213aeeef9f012b56aae00.jpg,384b4f660eab27c3,61,Smartphone,mobile_phone,640,640,423,400,209.0,240.0,0.1224609375,False,0,b06f9e3c5c14873fc19f6b834d8d04b0,1,Headphone,True,False,False,False,False,423,400,632.0,640.0,pending_review
UNUM00618,UNU-KEY E-Waste Dataset v44,CC BY 4.0,train,11251,7670,85_jpg.rf.2164933e9231f9b3fb2cf8ebe431a81d.jpg,85,61,Smartphone,mobile_phone,640,640,100,78,334.172,380.42,0.3103655083984375,True,0,b586995ce9720d5ee15879264b72d73c,1,,False,False,False,False,False,100,78,434.172,458.42,pending_review
UNUM00619,UNU-KEY E-Waste Dataset v44,CC BY 4.0,train,11275,7686,IMG_20200329_152836_jpg.rf.217c022d37834b71437ab0f31abad65f.jpg,IMG_20200329_152836,61,Smartphone,mobile_phone,640,640,195,434,135.0,97.0,0.03197021484375,False,0,6f5df7664640aa9d33a73a1b6e499bb5,2,Laptop,True,False,False,True,False,195,434,330.0,531.0,pending_review
UNUM00620,UNU-KEY E-Waste Dataset v44,CC BY 4.0,train,11276,7686,IMG_20200329_152836_jpg.rf.217c022d37834b71437ab0f31abad65f.jpg,IMG_20200329_152836,61,Smartphone,mobile_phone,640,640,80,404,76.0,148.0,0.0274609375,False,0,6f5df7664640aa9d33a73a1b6e499bb5,2,Laptop,True,False,False,True,False,80,404,156.0,552.0,pending_review
UNUM00621,UNU-KEY E-Waste Dataset v44,CC BY 4.0,train,11278,7688,Smartphones-PCD-FT03-B2B-M_jpeg.rf.21bd5c1538e25cca6f9131e71989149c.jpg,Smartphones-PCD-FT03-B2B-M,61,Smartphone,mobile_phone,640,640,191,310,259.402,262.591,0.16630036763183592,True,0,56ae778998bba676baf227332f612991,3,,False,False,False,True,False,191,310,450.402,572.591,pending_review
UNUM00622,UNU-KEY E-Waste Dataset v44,CC BY 4.0,train,11279,7688,Smartphones-PCD-FT03-B2B-M_jpeg.rf.21bd5c1538e25cca6f9131e71989149c.jpg,Smartphones-PCD-FT03-B2B-M,61,Smartphone,mobile_phone,640,640,376,164,136.08,219.003,0.0727586138671875,True,0,56ae778998bba676baf227332f612991,3,,False,False,False,True,False,376,164,512.08,383.003,pending_review
UNUM00623,UNU-KEY E-Waste Dataset v44,CC BY 4.0,train,11280,7688,Smartphones-PCD-FT03-B2B-M_jpeg.rf.21bd5c1538e25cca6f9131e71989149c.jpg,Smartphones-PCD-FT03-B2B-M,61,Smartphone,mobile_phone,640,640,342,359,170.1,251.96,0.104634755859375,True,0,56ae778998bba676baf227332f612991,3,,False,False,False,True,False,342,359,512.1,610.96,pending_review
UNUM00624,UNU-KEY E-Waste Dataset v44,CC BY 4.0,train,11281,7689,491_jpeg.rf.218d8bac2fe3fd816b0c788a8b5cbdd7.jpg,491,61,Smartphone,mobile_phone,640,640,239,144,171.0,350.0,0.1461181640625,False,0,9e58657b7083d12b423e909f8b1bcd15,1,,False,False,False,False,False,239,144,410.0,494.0,pending_review
UNUM00625,UNU-KEY E-Waste Dataset v44,CC BY 4.0,train,11282,7690,WhatsApp-Video-2023-09-09-at-10_00_52-PM_mp4-13_jpg.rf.21a8a66ed26e8342310162a32107182a.jpg,WhatsApp-Video-2023-09-09-at-10_00_52-PM_mp4-13,2,Bar-Phone,mobile_phone,640,640,248,294,127.0,273.0,0.08464599609375,False,0,1e6807a0e10c0f3dad41f4e3f96653cd,1,,False,False,False,False,False,248,294,375.0,567.0,pending_review
UNUM00626,UNU-KEY E-Waste Dataset v44,CC BY 4.0,train,11283,7691,464_jpeg.rf.21b5175b5ba0629f9e855bc8819d6acd.jpg,464,61,Smartphone,mobile_phone,640,640,169,234,201.0,385.0,0.18892822265625,False,0,1bb3a4ab941a840846e5b5a401778668,1,,False,False,False,False,True,169,234,370.0,619.0,pending_review
UNUM00627,UNU-KEY E-Waste Dataset v44,CC BY 4.0,train,11302,7709,2da1a08cca90718b_jpg.rf.220a7927c7a20738b6509e08f14d4267.jpg,2da1a08cca90718b,61,Smartphone,mobile_phone,640,640,80,5,302.0,610.0,0.449755859375,False,0,fa5b10ad970297d3b5e0c2b6acaa6b57,1,,False,False,False,False,False,80,5,382.0,615.0,pending_review
UNUM00628,UNU-KEY E-Waste Dataset v44,CC BY 4.0,train,11360,7755,purepng-com-iphone-xiphone-xapplescreen-21530617565atiut_png.rf.22b40a419220314b846dc5e31f4f7ad6.jpg,purepng-com-iphone-xiphone-xapplescreen-21530617565atiut,61,Smartphone,mobile_phone,640,640,189,67,253.072,508.385,0.3141064666015625,True,0,706933549ef1aae9f07f5e80f71a14f3,1,,False,False,False,False,False,189,67,442.072,575.385,pending_review
UNUM00629,UNU-KEY E-Waste Dataset v44,CC BY 4.0,train,11364,7759,b1a926b760107e8d_jpg.rf.22cce8af7418e7e0a34bb9c38a59b813.jpg,b1a926b760107e8d,61,Smartphone,mobile_phone,640,640,163,125,278.0,409.0,0.2775927734375,False,0,ced5d39696182b13c3eb989539381dc5,1,,False,False,False,False,False,163,125,441.0,534.0,pending_review
UNUM00630,UNU-KEY E-Waste Dataset v44,CC BY 4.0,train,11420,7796,553_jpg.rf.233e2117b2ae9c9b9fb3b72865e21972.jpg,553,61,Smartphone,mobile_phone,640,640,141,50,359.0,507.0,0.44436767578125,False,0,c223aced21f49eda379425d5f908fc65,1,,False,False,False,False,True,141,50,500.0,557.0,pending_review
UNUM00631,UNU-KEY E-Waste Dataset v44,CC BY 4.0,train,11421,7797,samsung-galaxy-s23-ultra-hero_jpeg.rf.239b0821c3d372aff6f5ec6384c79d22.jpg,samsung-galaxy-s23-ultra-hero,61,Smartphone,mobile_phone,640,640,250,169,145.067,304.533,0.10785568532958985,True,0,5695c341f535fd7a6750e63adabc4bf6,1,,False,False,False,False,False,250,169,395.067,473.533,pending_review
UNUM00632,UNU-KEY E-Waste Dataset v44,CC BY 4.0,train,11427,7800,6459a664e8b71d84cb6ef4be0b908258_jpeg.rf.239401d548e96345911cff97b4249187.jpg,6459a664e8b71d84cb6ef4be0b908258,61,Smartphone,mobile_phone,640,640,129,40,175.407,560.593,0.2400682039819336,True,0,063491a2d0be8d5053756125b44b7a2f,2,,False,False,False,True,False,129,40,304.40700000000004,600.593,pending_review
UNUM00633,UNU-KEY E-Waste Dataset v44,CC BY 4.0,train,11428,7800,6459a664e8b71d84cb6ef4be0b908258_jpeg.rf.239401d548e96345911cff97b4249187.jpg,6459a664e8b71d84cb6ef4be0b908258,61,Smartphone,mobile_phone,640,640,335,40,178.37,562.37,0.24489730688476563,True,0,063491a2d0be8d5053756125b44b7a2f,2,,False,False,False,True,False,335,40,513.37,602.37,pending_review
UNUM00634,UNU-KEY E-Waste Dataset v44,CC BY 4.0,train,11456,7822,000000517670_jpg.rf.23f4b7cda0def2082e47911728ec69ae.jpg,000000517670,61,Smartphone,mobile_phone,640,640,61,472,115.42,60.41,0.017022759277343747,True,0,b54095854c752092793b98a954be23c2,1,Computer-Keyboard; Computer-Mouse; Laptop,True,True,False,False,False,61,472,176.42000000000002,532.41,pending_review
UNUM00635,UNU-KEY E-Waste Dataset v44,CC BY 4.0,train,11602,7895,10-2-smartphone-transparent_png.rf.25719b5fa7218fc07156ddd4d0440081.jpg,10-2-smartphone-transparent,61,Smartphone,mobile_phone,640,640,184,54,272.846,533.819,0.35559174529785154,True,0,aa95e5cf510c6544cd4a041184da338e,1,,False,False,False,False,False,184,54,456.846,587.819,pending_review
UNUM00636,UNU-KEY E-Waste Dataset v44,CC BY 4.0,train,11626,7916,Vision-3-3_jpeg.rf.262438437f6650b9c93f5bee79cf8e35.jpg,Vision-3-3,61,Smartphone,mobile_phone,640,640,287,78,221.0,491.0,0.26491943359375,False,0,9b403fdd3760ea9c17b1084f3c08cdcc,2,,False,False,False,True,False,287,78,508.0,569.0,pending_review
UNUM00637,UNU-KEY E-Waste Dataset v44,CC BY 4.0,train,11627,7916,Vision-3-3_jpeg.rf.262438437f6650b9c93f5bee79cf8e35.jpg,Vision-3-3,61,Smartphone,mobile_phone,640,640,147,67,136.0,510.0,0.1693359375,False,0,9b403fdd3760ea9c17b1084f3c08cdcc,2,,False,False,False,True,False,147,67,283.0,577.0,pending_review
UNUM00638,UNU-KEY E-Waste Dataset v44,CC BY 4.0,train,11634,7923,560_jpg.rf.25fd12794483e9ca2653ecc1d934387b.jpg,560,61,Smartphone,mobile_phone,640,640,1,152,639.0,188.0,0.293291015625,False,0,3c364210c64e5e5a7a2ae5e919e94202,1,,False,False,False,False,False,1,152,640.0,340.0,pending_review
UNUM00639,UNU-KEY E-Waste Dataset v44,CC BY 4.0,train,11712,7948,40_jpg.rf.265889eb37b08b61b7959898fe4d7e0e.jpg,40,61,Smartphone,mobile_phone,640,640,50,196,442.483,218.483,0.2360229816625977,True,0,a14e7f57888c97fd819b9632e53bb5ac,1,,False,False,False,False,False,50,196,492.483,414.483,pending_review
UNUM00640,UNU-KEY E-Waste Dataset v44,CC BY 4.0,train,11740,7975,559_jpg.rf.26da0e3737982fd6fece650d1e25179a.jpg,559,61,Smartphone,mobile_phone,640,640,28,164,607.0,160.0,0.237109375,False,0,8fffafa60751c3055642c1565466d3e4,1,,False,False,False,False,False,28,164,635.0,324.0,pending_review
UNUM00641,UNU-KEY E-Waste Dataset v44,CC BY 4.0,train,11745,7980,be5beee146b4d2e4_jpg.rf.26ffc371cd29531fe30b2d91b65a629d.jpg,be5beee146b4d2e4,61,Smartphone,mobile_phone,640,640,281,147,186.0,357.0,0.1621142578125,False,0,57d787f45c9ea3f12c7ac0676f5f0906,1,,False,False,False,False,False,281,147,467.0,504.0,pending_review
UNUM00642,UNU-KEY E-Waste Dataset v44,CC BY 4.0,train,11769,7994,51_jpg.rf.2728e94ee660f15140c6e1ac601bbf36.jpg,51,61,Smartphone,mobile_phone,640,640,15,202,526.472,180.897,0.2325127084570312,True,0,e8628420391620e5f67cba41af08ac6e,1,,False,False,False,False,False,15,202,541.472,382.897,pending_review
UNUM00643,UNU-KEY E-Waste Dataset v44,CC BY 4.0,train,11796,8015,519_jpeg.rf.2753f8b93afd1b493da54343b397d1db.jpg,519,61,Smartphone,mobile_phone,640,640,185,77,304.0,545.0,0.4044921875,False,0,5acdf4e93ff3963e5858894f4167b913,1,,False,False,False,False,True,185,77,489.0,622.0,pending_review
UNUM00644,UNU-KEY E-Waste Dataset v44,CC BY 4.0,train,11805,8024,546_jpeg.rf.279405c06b835e8ccc1b5c1d15e92e2c.jpg,546,61,Smartphone,mobile_phone,640,640,211,121,216.0,389.0,0.20513671875,False,0,8886272b956bed5d8c18620f42390535,1,,False,False,False,False,False,211,121,427.0,510.0,pending_review
UNUM00645,UNU-KEY E-Waste Dataset v44,CC BY 4.0,train,11860,8031,488_jpeg.rf.28013ee313f53022bdce7e13688ab951.jpg,488,61,Smartphone,mobile_phone,640,640,178,93,244.0,414.0,0.24662109375,False,0,8560054dff7364ce61689500f86e6f49,1,,False,False,False,False,False,178,93,422.0,507.0,pending_review
UNUM00646,UNU-KEY E-Waste Dataset v44,CC BY 4.0,train,11890,8053,IMG_20200328_131506_jpg.rf.286c9f72f6b89534f910f4e56e64f8b5.jpg,IMG_20200328_131506,61,Smartphone,mobile_phone,640,640,175,100,261.0,410.0,0.2612548828125,False,0,cb471a140983da396bf56a0e86131330,1,,False,False,False,False,True,175,100,436.0,510.0,pending_review
UNUM00647,UNU-KEY E-Waste Dataset v44,CC BY 4.0,train,11992,8101,551_jpg.rf.290c8b5dc4dc7c4de917f0a435aba7fc.jpg,551,61,Smartphone,mobile_phone,640,640,7,164,560.0,161.0,0.2201171875,False,0,1d3c6983a3e01387e0a1107d4646741d,1,,False,False,False,False,False,7,164,567.0,325.0,pending_review
UNUM00648,UNU-KEY E-Waste Dataset v44,CC BY 4.0,train,12039,8112,4171-1-_jpeg.rf.2978afd78bdc9bcc20c3c17cb7b2feb2.jpg,4171-1-,61,Smartphone,mobile_phone,640,640,124,150,240.533,327.467,0.1923013181420898,True,0,c4a3e0d926127ac11b777707b7600420,2,,False,False,False,True,False,124,150,364.533,477.467,pending_review
UNUM00649,UNU-KEY E-Waste Dataset v44,CC BY 4.0,train,12040,8112,4171-1-_jpeg.rf.2978afd78bdc9bcc20c3c17cb7b2feb2.jpg,4171-1-,61,Smartphone,mobile_phone,640,640,268,96,240.533,321.067,0.18854299001708985,True,0,c4a3e0d926127ac11b777707b7600420,2,,False,False,False,True,False,268,96,508.533,417.067,pending_review
UNUM00650,UNU-KEY E-Waste Dataset v44,CC BY 4.0,train,12042,8114,63703eda1367452c_jpg.rf.295346fff524f46671c1a9109c3ef427.jpg,63703eda1367452c,61,Smartphone,mobile_phone,640,640,43,153,597.0,327.0,0.47660888671875,False,0,b4292eb34946af0e96c486287104c24d,1,,False,False,False,False,False,43,153,640.0,480.0,pending_review
UNUM00651,UNU-KEY E-Waste Dataset v44,CC BY 4.0,train,12045,8117,3586fe3c0c92e4ea_jpg.rf.295276dc4e03fbbf6d7c17da81aff81b.jpg,3586fe3c0c92e4ea,61,Smartphone,mobile_phone,640,640,316,31,272.0,609.0,0.4044140625,False,0,94c6ba08a39c450e8c1b0540ab350725,2,,False,False,False,True,False,316,31,588.0,640.0,pending_review
UNUM00652,UNU-KEY E-Waste Dataset v44,CC BY 4.0,train,12046,8117,3586fe3c0c92e4ea_jpg.rf.295276dc4e03fbbf6d7c17da81aff81b.jpg,3586fe3c0c92e4ea,61,Smartphone,mobile_phone,640,640,60,35,233.0,525.0,0.29864501953125,False,0,94c6ba08a39c450e8c1b0540ab350725,2,,False,False,False,True,False,60,35,293.0,560.0,pending_review
UNUM00653,UNU-KEY E-Waste Dataset v44,CC BY 4.0,train,12067,8135,d6a46aa6c6ef9bd7_jpg.rf.29978df294eb71e30497095c26c30f2b.jpg,d6a46aa6c6ef9bd7,61,Smartphone,mobile_phone,640,640,217,147,193.0,282.0,0.1328759765625,False,0,68a063aa9d1c5b027a5879b2a6f5164e,1,,False,False,False,False,False,217,147,410.0,429.0,pending_review
UNUM00654,UNU-KEY E-Waste Dataset v44,CC BY 4.0,train,12098,8156,a8ef46764847830d_jpg.rf.2a68d04fa7609adb52b5d6c2ca949253.jpg,a8ef46764847830d,61,Smartphone,mobile_phone,640,640,290,124,246.0,337.0,0.2023974609375,False,0,036ad1e901b5ec66a43aa13b37af8e60,1,,False,False,False,False,False,290,124,536.0,461.0,pending_review
UNUM00655,UNU-KEY E-Waste Dataset v44,CC BY 4.0,train,12109,8164,Copy-of-IMG_20200328_135435_jpg.rf.2a70b883b2a1379d36ee86e491b2e4d0.jpg,Copy-of-IMG_20200328_135435,61,Smartphone,mobile_phone,640,640,247,74,224.0,449.0,0.245546875,False,0,04ccd49fe0ef82f677af5da47db3f70e,1,,False,False,False,False,True,247,74,471.0,523.0,pending_review
UNUM00656,UNU-KEY E-Waste Dataset v44,CC BY 4.0,train,12114,8166,IMG_20200329_152625_jpg.rf.2a739218c1796bd8a3c93c800540ce86.jpg,IMG_20200329_152625,61,Smartphone,mobile_phone,640,640,114,88,374.0,121.0,0.1104833984375,False,0,2c148ebb761439c607575450dbdbee70,1,,False,False,False,False,True,114,88,488.0,209.0,pending_review
UNUM00657,UNU-KEY E-Waste Dataset v44,CC BY 4.0,train,12138,8180,000000552136_jpg.rf.2ab3a9603ff9e494304c72e2451d0d20.jpg,000000552136,61,Smartphone,mobile_phone,640,640,47,455,35.891,16.704,0.00146367984375,True,0,af69b1366802c3c0883ef97e7168d172,1,Laptop,True,True,False,False,False,47,455,82.89099999999999,471.704,pending_review
UNUM00658,UNU-KEY E-Waste Dataset v44,CC BY 4.0,train,12173,8209,226422_K_Radtke_budget_phone_buying_guide_jpeg.rf.2b19fb3b24fb3477ae8559d72f283dc4.jpg,226422_K_Radtke_budget_phone_buying_guide,61,Smartphone,mobile_phone,640,640,338,147,187.294,274.196,0.12537906646484376,True,0,40317d4d07057c3dbe58524466eecf05,6,,False,False,False,True,False,338,147,525.294,421.196,pending_review
UNUM00659,UNU-KEY E-Waste Dataset v44,CC BY 4.0,train,12174,8209,226422_K_Radtke_budget_phone_buying_guide_jpeg.rf.2b19fb3b24fb3477ae8559d72f283dc4.jpg,226422_K_Radtke_budget_phone_buying_guide,61,Smartphone,mobile_phone,640,640,0,244,142.745,277.333,0.09665014425048829,True,0,40317d4d07057c3dbe58524466eecf05,6,,False,False,False,True,False,0,244,142.745,521.3330000000001,pending_review
UNUM00660,UNU-KEY E-Waste Dataset v44,CC BY 4.0,train,12175,8209,226422_K_Radtke_budget_phone_buying_guide_jpeg.rf.2b19fb3b24fb3477ae8559d72f283dc4.jpg,226422_K_Radtke_budget_phone_buying_guide,61,Smartphone,mobile_phone,640,640,154,197,176.941,267.294,0.11546696204589843,True,0,40317d4d07057c3dbe58524466eecf05,6,,False,False,False,True,False,154,197,330.94100000000003,464.294,pending_review
UNUM00661,UNU-KEY E-Waste Dataset v44,CC BY 4.0,train,12176,8209,226422_K_Radtke_budget_phone_buying_guide_jpeg.rf.2b19fb3b24fb3477ae8559d72f283dc4.jpg,226422_K_Radtke_budget_phone_buying_guide,61,Smartphone,mobile_phone,640,640,483,421,155.922,112.314,0.042754451923828124,True,0,40317d4d07057c3dbe58524466eecf05,6,,False,False,False,True,False,483,421,638.922,533.314,pending_review
UNUM00662,UNU-KEY E-Waste Dataset v44,CC BY 4.0,train,12177,8209,226422_K_Radtke_budget_phone_buying_guide_jpeg.rf.2b19fb3b24fb3477ae8559d72f283dc4.jpg,226422_K_Radtke_budget_phone_buying_guide,61,Smartphone,mobile_phone,640,640,16,107,144.314,90.98,0.03205490166015625,True,0,40317d4d07057c3dbe58524466eecf05,6,,False,False,False,True,False,16,107,160.314,197.98000000000002,pending_review
UNUM00663,UNU-KEY E-Waste Dataset v44,CC BY 4.0,train,12178,8209,226422_K_Radtke_budget_phone_buying_guide_jpeg.rf.2b19fb3b24fb3477ae8559d72f283dc4.jpg,226422_K_Radtke_budget_phone_buying_guide,61,Smartphone,mobile_phone,640,640,303,470,125.176,63.686,0.0194627898828125,True,0,40317d4d07057c3dbe58524466eecf05,6,,False,True,False,True,False,303,470,428.176,533.686,pending_review
UNUM00664,UNU-KEY E-Waste Dataset v44,CC BY 4.0,train,12182,8213,463_jpeg.rf.2b7e0cecc633db1abc54464509fb10bc.jpg,463,61,Smartphone,mobile_phone,640,640,33,250,607.0,301.0,0.44606201171875,False,0,f8bd203630c93eba36e87593b2d63072,2,,False,False,False,True,False,33,250,640.0,551.0,pending_review
UNUM00665,UNU-KEY E-Waste Dataset v44,CC BY 4.0,train,12183,8213,463_jpeg.rf.2b7e0cecc633db1abc54464509fb10bc.jpg,463,2,Bar-Phone,mobile_phone,640,640,144,92,373.0,159.0,0.14479248046875,False,0,f8bd203630c93eba36e87593b2d63072,2,,False,False,False,True,False,144,92,517.0,251.0,pending_review
UNUM00666,UNU-KEY E-Waste Dataset v44,CC BY 4.0,train,12210,8233,IMG_20200329_152730_jpg.rf.2b8f175ea880d55ad2342a7893d53ddf.jpg,IMG_20200329_152730,61,Smartphone,mobile_phone,640,640,110,358,111.0,181.0,0.04905029296875,False,0,3678c9dc12488834d2bc6f52f752ea0c,2,Laptop,True,False,False,True,False,110,358,221.0,539.0,pending_review
UNUM00667,UNU-KEY E-Waste Dataset v44,CC BY 4.0,train,12211,8233,IMG_20200329_152730_jpg.rf.2b8f175ea880d55ad2342a7893d53ddf.jpg,IMG_20200329_152730,61,Smartphone,mobile_phone,640,640,435,354,114.0,189.0,0.0526025390625,False,0,3678c9dc12488834d2bc6f52f752ea0c,2,Laptop,True,False,False,True,False,435,354,549.0,543.0,pending_review
UNUM00668,UNU-KEY E-Waste Dataset v44,CC BY 4.0,train,12215,8236,570_jpg.rf.2bafedb50f3730bf39edaab452dbb472.jpg,570,61,Smartphone,mobile_phone,640,640,141,69,359.0,337.0,0.29536865234375,False,0,be8e0777900c69d6a85b44166baeaa93,1,,False,False,False,False,False,141,69,500.0,406.0,pending_review
UNUM00669,UNU-KEY E-Waste Dataset v44,CC BY 4.0,train,12228,8245,95_jpg.rf.2be2a86bb21b26bdfe000f27dc084654.jpg,95,61,Smartphone,mobile_phone,640,640,5,92,536.082,359.588,0.47062659720703126,True,0,9d263bdf46ada1bde1826f88db8c7d72,1,,False,False,False,False,False,5,92,541.082,451.588,pending_review
UNUM00670,UNU-KEY E-Waste Dataset v44,CC BY 4.0,train,12310,8298,bc5d9dc7f1db584b_jpg.rf.2d1e13e169973bebe025520145a955f0.jpg,bc5d9dc7f1db584b,61,Smartphone,mobile_phone,640,640,174,58,323.0,518.0,0.4084814453125,False,0,ff8866a794312965638bb8d7393f414f,1,,False,False,False,False,False,174,58,497.0,576.0,pending_review
UNUM00671,UNU-KEY E-Waste Dataset v44,CC BY 4.0,train,12312,8300,000000335233_jpg.rf.2d2a6f0e0471812c588966686de41d91.jpg,000000335233,2,Bar-Phone,mobile_phone,640,640,352,362,65.46,27.07,0.00432617724609375,True,0,d6568f6f3f1c558decde5e9292cac7d4,1,Laptop,True,True,False,False,False,352,362,417.46,389.07,pending_review
UNUM00672,UNU-KEY E-Waste Dataset v44,CC BY 4.0,train,12354,8329,Copy-of-IMG_20200328_215107_jpg.rf.2dda7dc260e654868b5192473e7a1cc7.jpg,Copy-of-IMG_20200328_215107,61,Smartphone,mobile_phone,640,640,128,67,256.0,512.0,0.32,False,0,36b12ec43e13f5a606398275f8026350,1,,False,False,False,False,False,128,67,384.0,579.0,pending_review
UNUM00673,UNU-KEY E-Waste Dataset v44,CC BY 4.0,train,12384,8352,OIP-kth_Zo1_NLAakbL6htXuAQHaFj_jpg.rf.2e29ab632c750f928087c655f82db6a6.jpg,OIP-kth_Zo1_NLAakbL6htXuAQHaFj,61,Smartphone,mobile_phone,640,640,140,78,249.33,484.367,0.2948418557373047,True,0,366ba8b42e0305b336c1d7450efd625c,1,,False,False,False,False,False,140,78,389.33000000000004,562.367,pending_review
UNUM00674,UNU-KEY E-Waste Dataset v44,CC BY 4.0,train,12392,8356,IMG_20200329_152858_jpg.rf.2e3fed3ebf4357231d3ab3dbbb7ad0c7.jpg,IMG_20200329_152858,61,Smartphone,mobile_phone,640,640,1,313,134.0,157.0,0.0513623046875,False,0,146872accc287acf82c7761527849a55,2,Laptop,True,False,False,True,True,1,313,135.0,470.0,pending_review
UNUM00675,UNU-KEY E-Waste Dataset v44,CC BY 4.0,train,12393,8356,IMG_20200329_152858_jpg.rf.2e3fed3ebf4357231d3ab3dbbb7ad0c7.jpg,IMG_20200329_152858,61,Smartphone,mobile_phone,640,640,174,340,184.0,95.0,0.04267578125,False,0,146872accc287acf82c7761527849a55,2,Laptop,True,False,False,True,True,174,340,358.0,435.0,pending_review
UNUM00676,UNU-KEY E-Waste Dataset v44,CC BY 4.0,train,12405,8364,603_jpeg.rf.2e4f79925ab69ca0dcde4d2503e4f19c.jpg,603,61,Smartphone,mobile_phone,640,640,167,133,258.0,393.0,0.2475439453125,False,0,48f432e8d6d5c02da09b6621e1f86104,1,,False,False,False,False,True,167,133,425.0,526.0,pending_review
UNUM00677,UNU-KEY E-Waste Dataset v44,CC BY 4.0,train,12447,8389,485_jpg.rf.2eddece9814248e2b130ee578208907d.jpg,485,61,Smartphone,mobile_phone,640,640,160,75,332.0,484.0,0.3923046875,False,0,285f099e9f8aa8a3018cc94d30d521a6,1,,False,False,False,False,True,160,75,492.0,559.0,pending_review
UNUM00678,UNU-KEY E-Waste Dataset v44,CC BY 4.0,train,12469,8405,456_jpeg.rf.2eff48aea4e9f9c1f3e36d710b56b140.jpg,456,61,Smartphone,mobile_phone,640,640,130,49,335.0,547.0,0.44737548828125,False,0,570768035d97463b4857c2cac45c7801,1,,False,False,False,False,True,130,49,465.0,596.0,pending_review
UNUM00679,UNU-KEY E-Waste Dataset v44,CC BY 4.0,train,12579,8462,IMG-20200328-WA0039_jpg.rf.301db176b0fc8aa0ed22f5b6f452fe35.jpg,IMG-20200328-WA0039,61,Smartphone,mobile_phone,640,640,161,46,318.0,532.0,0.41302734375,False,0,594c693614f6b02d85d370043c0f5178,1,,False,False,False,False,False,161,46,479.0,578.0,pending_review
UNUM00680,UNU-KEY E-Waste Dataset v44,CC BY 4.0,train,12605,8487,IMG_20200329_152638_jpg.rf.307e92b3b7a64a4aec08ae6e4301d03f.jpg,IMG_20200329_152638,61,Smartphone,mobile_phone,640,640,184,136,298.0,153.0,0.1113134765625,False,0,90e39ad67f4a0ecf309a3416912c3fb1,2,,False,False,False,True,False,184,136,482.0,289.0,pending_review
UNUM00681,UNU-KEY E-Waste Dataset v44,CC BY 4.0,train,12606,8487,IMG_20200329_152638_jpg.rf.307e92b3b7a64a4aec08ae6e4301d03f.jpg,IMG_20200329_152638,61,Smartphone,mobile_phone,640,640,188,303,330.0,183.0,0.1474365234375,False,0,90e39ad67f4a0ecf309a3416912c3fb1,2,,False,False,False,True,False,188,303,518.0,486.0,pending_review
UNUM00682,UNU-KEY E-Waste Dataset v44,CC BY 4.0,train,12608,8489,578_jpeg.rf.3098a60b749945c97277731236a15d22.jpg,578,61,Smartphone,mobile_phone,640,640,216,47,275.0,564.0,0.378662109375,False,0,d97104ec857bcb478cf77c712cfad89e,1,,False,False,False,False,False,216,47,491.0,611.0,pending_review
UNUM00683,UNU-KEY E-Waste Dataset v44,CC BY 4.0,train,12626,8506,552_jpg.rf.30fd4cdb63bb5d05ecc63340a2bcf7f6.jpg,552,61,Smartphone,mobile_phone,640,640,5,49,635.0,266.0,0.4123779296875,False,0,e0c28b7f6fa50712e572a71851f9be3a,1,,False,False,False,False,True,5,49,640.0,315.0,pending_review
UNUM00684,UNU-KEY E-Waste Dataset v44,CC BY 4.0,train,12692,8524,Mobilephone-Samsung_jpg.rf.313a1124e19b61e85e2444f86f0c674f.jpg,Mobilephone-Samsung,61,Smartphone,mobile_phone,640,640,245,139,159.0,354.0,0.1374169921875,False,0,f3bd317c9abd1fd06cbe24cf912f5f69,1,,False,False,False,False,False,245,139,404.0,493.0,pending_review
UNUM00685,UNU-KEY E-Waste Dataset v44,CC BY 4.0,train,12736,8550,google-pixel-6a-1-_jpeg.rf.31c7ca5e68ebab116f4c9141b30babce.jpg,google-pixel-6a-1-,61,Smartphone,mobile_phone,640,640,188,110,264.0,418.133,0.26949978515625,True,0,5ba71b3833554528e9ea1dea0c3e9789,1,,False,False,False,False,False,188,110,452.0,528.133,pending_review
UNUM00686,UNU-KEY E-Waste Dataset v44,CC BY 4.0,train,12749,8562,566_jpg.rf.3205b014a0e86b361b4cb11a82a65ddc.jpg,566,61,Smartphone,mobile_phone,640,640,146,62,336.0,452.0,0.37078125,False,0,e596c80404d99b1df4a7a370b819f458,1,,False,False,False,False,False,146,62,482.0,514.0,pending_review
UNUM00687,UNU-KEY E-Waste Dataset v44,CC BY 4.0,train,12750,8563,6278cd96647c442d_jpg.rf.31f12c1d24aeeb5b4004d649cb9c2f8a.jpg,6278cd96647c442d,61,Smartphone,mobile_phone,640,640,182,104,291.0,482.0,0.3424365234375,False,0,62b8e175358eee9a27871fdf3eca42d7,1,,False,False,False,False,False,182,104,473.0,586.0,pending_review
UNUM00688,UNU-KEY E-Waste Dataset v44,CC BY 4.0,train,12752,8565,bce74fc0-043f-11ed-bdd7-b448194b928f-cf_jpeg.rf.31c1f2a03a209dc6e0fd6444f6c9116d.jpg,bce74fc0-043f-11ed-bdd7-b448194b928f-cf,61,Smartphone,mobile_phone,640,640,216,116,196.335,404.69,0.19398147253417972,True,0,51310996616e597bffd4c9eec6b44280,1,,False,False,False,False,False,216,116,412.33500000000004,520.69,pending_review
UNUM00689,UNU-KEY E-Waste Dataset v44,CC BY 4.0,train,12765,8575,43_jpg.rf.323733b81ff1b4d8e926ccc1cf5f22df.jpg,43,61,Smartphone,mobile_phone,640,640,154,0,297.192,605.443,0.43928910169921875,True,0,5f9b8d17d27d7f0464f3e0c02f1a2b70,1,,False,False,False,False,False,154,0,451.192,605.443,pending_review
UNUM00690,UNU-KEY E-Waste Dataset v44,CC BY 4.0,train,12770,8580,572_jpg.rf.3257d9b96a973140893b93ade92968ca.jpg,572,61,Smartphone,mobile_phone,640,640,1,171,602.0,146.0,0.214580078125,False,0,6145897b98040c29c186923cf78a1df0,1,,False,False,False,False,False,1,171,603.0,317.0,pending_review
UNUM00691,UNU-KEY E-Waste Dataset v44,CC BY 4.0,train,12800,8602,594_jpeg.rf.3264953ba152aed916e1a6ba063dca37.jpg,594,61,Smartphone,mobile_phone,640,640,113,178,527.0,242.0,0.3113623046875,False,0,1aef703ba9c8c01d8854ed7996ef55af,1,,False,False,False,False,True,113,178,640.0,420.0,pending_review
UNUM00692,UNU-KEY E-Waste Dataset v44,CC BY 4.0,train,12836,8632,601_jpeg.rf.331ab1a719c15cae32c05de96b5fa406.jpg,601,61,Smartphone,mobile_phone,640,640,152,76,284.0,509.0,0.352919921875,False,0,1ca04955508a569190270b7fd29c5d8b,1,,False,False,False,False,True,152,76,436.0,585.0,pending_review
UNUM00693,UNU-KEY E-Waste Dataset v44,CC BY 4.0,train,12846,8639,WhatsApp-Video-2023-09-09-at-10_00_52-PM_mp4-47_jpg.rf.3352e3755afaab27982ee1a83987a991.jpg,WhatsApp-Video-2023-09-09-at-10_00_52-PM_mp4-47,2,Bar-Phone,mobile_phone,640,640,323,188,141.0,346.0,0.1191064453125,False,0,688757fc26462519d8b1978dc82118b4,1,,False,False,False,False,False,323,188,464.0,534.0,pending_review
UNUM00694,UNU-KEY E-Waste Dataset v44,CC BY 4.0,train,12854,8646,Copy-of-IMG_20200328_215118_jpg.rf.33219a25cdf7ecd5372111d366022747.jpg,Copy-of-IMG_20200328_215118,61,Smartphone,mobile_phone,640,640,205,122,184.0,365.0,0.16396484375,False,0,d3db063517781ad104c2c5a992af0700,1,,False,False,False,False,False,205,122,389.0,487.0,pending_review
UNUM00695,UNU-KEY E-Waste Dataset v44,CC BY 4.0,train,12857,8649,457_jpeg.rf.33669dfee217fd31654ca7e74ad03232.jpg,457,61,Smartphone,mobile_phone,640,640,144,74,375.0,524.0,0.479736328125,False,0,de96ab23138fca1f332a216deb20fd96,1,,False,False,False,False,False,144,74,519.0,598.0,pending_review
UNUM00696,UNU-KEY E-Waste Dataset v44,CC BY 4.0,train,12976,8713,IMG_20200329_152654_jpg.rf.3442b93f4aae9434f08af5a7f0fc4578.jpg,IMG_20200329_152654,61,Smartphone,mobile_phone,640,640,140,411,170.0,155.0,0.0643310546875,False,0,480e238f9f6d8a370915397b817dcc79,2,Laptop,True,False,False,True,True,140,411,310.0,566.0,pending_review
UNUM00697,UNU-KEY E-Waste Dataset v44,CC BY 4.0,train,12977,8713,IMG_20200329_152654_jpg.rf.3442b93f4aae9434f08af5a7f0fc4578.jpg,IMG_20200329_152654,61,Smartphone,mobile_phone,640,640,354,411,162.0,143.0,0.0565576171875,False,0,480e238f9f6d8a370915397b817dcc79,2,Laptop,True,False,False,True,True,354,411,516.0,554.0,pending_review
UNUM00698,UNU-KEY E-Waste Dataset v44,CC BY 4.0,train,13011,8740,000000279375_jpg.rf.34dc3b6671489179fcb012a072bcadd9.jpg,000000279375,2,Bar-Phone,mobile_phone,640,640,173,335,20.61,15.3,0.0007698559570312501,True,0,c0b2791013c864255b2d7c39c90aa630,1,Laptop; Oven,True,True,False,False,False,173,335,193.61,350.3,pending_review
UNUM00699,UNU-KEY E-Waste Dataset v44,CC BY 4.0,train,13019,8744,5891ff7dc2bd7f9d_jpg.rf.34da89c703f57f273cd197df4abd280f.jpg,5891ff7dc2bd7f9d,61,Smartphone,mobile_phone,640,640,21,174,619.0,386.0,0.5833349609375,False,0,d4487722f159ebf1ad4e85c2cf629a41,1,,False,False,False,False,False,21,174,640.0,560.0,pending_review
UNUM00700,UNU-KEY E-Waste Dataset v44,CC BY 4.0,train,13021,8746,540_jpeg.rf.34c5ab1922c71a0350decc37f1853e98.jpg,540,61,Smartphone,mobile_phone,640,640,203,72,245.0,414.0,0.2476318359375,False,0,93716ef46b546899b3d12fc8e91af649,1,,False,False,False,False,True,203,72,448.0,486.0,pending_review
UNUM00701,UNU-KEY E-Waste Dataset v44,CC BY 4.0,train,13030,8755,469_jpeg.rf.34e39cbc7164c506e5e44d5824a314b0.jpg,469,61,Smartphone,mobile_phone,640,640,180,55,281.0,565.0,0.38760986328125,False,0,46be94e9d897f57710280106ef4005b0,1,,False,False,False,False,False,180,55,461.0,620.0,pending_review
UNUM00702,UNU-KEY E-Waste Dataset v44,CC BY 4.0,train,13118,8822,573_jpg.rf.c051f2977f52c868cd0aa2af7213bd69.jpg,573,61,Smartphone,mobile_phone,640,640,141,39,359.0,399.0,0.34970947265625,False,0,0a37b7fcdc5e46ccfc0ab4f94ac96381,1,,False,False,False,False,True,141,39,500.0,438.0,pending_review
UNUM00703,UNU-KEY E-Waste Dataset v44,CC BY 4.0,train,13175,8867,16da2a10b68f1363_jpg.rf.c0e2ae2eaa356ba312da23b7270d448f.jpg,16da2a10b68f1363,61,Smartphone,mobile_phone,640,640,41,223,124.0,222.0,0.06720703125,False,0,30f4ac40776e17b0127345c6b8f11717,2,,False,False,False,True,False,41,223,165.0,445.0,pending_review
UNUM00704,UNU-KEY E-Waste Dataset v44,CC BY 4.0,train,13176,8867,16da2a10b68f1363_jpg.rf.c0e2ae2eaa356ba312da23b7270d448f.jpg,16da2a10b68f1363,61,Smartphone,mobile_phone,640,640,326,228,280.0,222.0,0.1517578125,False,0,30f4ac40776e17b0127345c6b8f11717,2,,False,False,False,True,False,326,228,606.0,450.0,pending_review
UNUM00705,UNU-KEY E-Waste Dataset v44,CC BY 4.0,train,13190,8877,565_jpg.rf.c11fe48608d2fcde9b0de2b258d2541e.jpg,565,61,Smartphone,mobile_phone,640,640,151,128,310.0,413.0,0.3125732421875,False,0,9a0fec917f51ee98e47ab43b63fcb312,1,,False,False,False,False,True,151,128,461.0,541.0,pending_review
UNUM00706,UNU-KEY E-Waste Dataset v44,CC BY 4.0,train,13218,8902,3A9mxVYYB2VWgtAZCV6ZL3_jpeg.rf.c191198d528620920712901f2bb3a197.jpg,3A9mxVYYB2VWgtAZCV6ZL3,61,Smartphone,mobile_phone,640,640,156,167,159.68,323.2,0.1259975,True,0,969e012b3178ec9ad2ec4aca391a61fb,2,,False,False,False,True,False,156,167,315.68,490.2,pending_review
UNUM00707,UNU-KEY E-Waste Dataset v44,CC BY 4.0,train,13219,8902,3A9mxVYYB2VWgtAZCV6ZL3_jpeg.rf.c191198d528620920712901f2bb3a197.jpg,3A9mxVYYB2VWgtAZCV6ZL3,61,Smartphone,mobile_phone,640,640,326,160,160.32,331.84,0.12988424999999998,True,0,969e012b3178ec9ad2ec4aca391a61fb,2,,False,False,False,True,False,326,160,486.32,491.84,pending_review
UNUM00708,UNU-KEY E-Waste Dataset v44,CC BY 4.0,train,13231,8911,000000219591_jpg.rf.c1b7586eee34918279971296703ba9bf.jpg,000000219591,61,Smartphone,mobile_phone,640,640,414,258,17.472,58.534,0.0024968409375,True,0,e8a9971b2d5b16dfac62d6d1b3b24332,1,Laptop,True,True,False,False,False,414,258,431.472,316.534,pending_review
UNUM00709,UNU-KEY E-Waste Dataset v44,CC BY 4.0,train,13291,8952,androidphones-2048px-pixel7-front-1-_jpeg.rf.c229ca73bc8012ea10abbc2a6005cb99.jpg,androidphones-2048px-pixel7-front-1-,61,Smartphone,mobile_phone,640,640,177,138,286.25,367.188,0.25661026611328125,True,0,441519922bc4622a413981ad65eff7bd,1,,False,False,False,False,False,177,138,463.25,505.188,pending_review
UNUM00710,UNU-KEY E-Waste Dataset v44,CC BY 4.0,train,13338,8967,pexels-photo-1092644-jpeg_cs-srgb-dl-pexels-lisa-fotios-1092644_jpeg.rf.c2956e00a122fdae7d1b6737d825ab5e.jpg,pexels-photo-1092644-jpeg_cs-srgb-dl-pexels-lisa-fotios-1092644,61,Smartphone,mobile_phone,640,640,119,138,209.92,394.453,0.20215716249999996,True,0,c0f13f6688d616fcca3a5f29b624532b,1,,False,False,False,False,False,119,138,328.91999999999996,532.453,pending_review
UNUM00711,UNU-KEY E-Waste Dataset v44,CC BY 4.0,train,13347,8975,KAPSYS-MiniVision2-back_png.rf.c252d11e9b8585762386d6b00dab5f5d.jpg,KAPSYS-MiniVision2-back,61,Smartphone,mobile_phone,640,640,192,34,256.438,544.501,0.34089537948730464,True,0,09161272ca641db5de7109a337fd1e28,1,,False,False,False,False,False,192,34,448.438,578.501,pending_review
UNUM00712,UNU-KEY E-Waste Dataset v44,CC BY 4.0,train,13350,8978,10_jpg.rf.c2d82975d6a0e8171e7bc1cd6d956d2e.jpg,10,61,Smartphone,mobile_phone,640,640,99,25,373.17,590.978,0.5384161627441406,True,0,04cc503af2c0b050be84d163967d0532,1,,False,False,False,False,False,99,25,472.17,615.978,pending_review
UNUM00713,UNU-KEY E-Waste Dataset v44,CC BY 4.0,train,13391,9011,IMG-20200328-WA0048-1-_jpg.rf.c35beee9c24104263553347bbdc4e7e3.jpg,IMG-20200328-WA0048-1-,61,Smartphone,mobile_phone,640,640,166,15,270.0,565.0,0.3724365234375,False,0,362f23461aa86ed65c96d17618e6fb18,1,,False,False,False,False,False,166,15,436.0,580.0,pending_review
UNUM00714,UNU-KEY E-Waste Dataset v44,CC BY 4.0,train,13473,9075,7_jpg.rf.c4987684061ddf8be4d221d54a722f37.jpg,7,61,Smartphone,mobile_phone,640,640,210,69,254.035,529.123,0.3281634797485352,True,0,fedf9bca7b7d5709ba4385402dcd30aa,1,,False,False,False,False,False,210,69,464.03499999999997,598.123,pending_review
UNUM00715,UNU-KEY E-Waste Dataset v44,CC BY 4.0,train,13493,9092,IMG_20200329_152840-1-_jpg.rf.c4f63497350d0c8458e644d41453f3dd.jpg,IMG_20200329_152840-1-,61,Smartphone,mobile_phone,640,640,154,169,112.0,171.0,0.0467578125,False,0,5a9d33e699bfa1d3176357d628344288,2,Laptop,True,False,False,True,False,154,169,266.0,340.0,pending_review
UNUM00716,UNU-KEY E-Waste Dataset v44,CC BY 4.0,train,13494,9092,IMG_20200329_152840-1-_jpg.rf.c4f63497350d0c8458e644d41453f3dd.jpg,IMG_20200329_152840-1-,61,Smartphone,mobile_phone,640,640,118,8,183.0,124.0,0.055400390625,False,0,5a9d33e699bfa1d3176357d628344288,2,Laptop,True,False,False,True,False,118,8,301.0,132.0,pending_review
UNUM00717,UNU-KEY E-Waste Dataset v44,CC BY 4.0,train,13502,9098,WhatsApp-Video-2023-09-09-at-10_00_52-PM_mp4-2_jpg.rf.c52c8dac2e48d82d31154593fb4cf861.jpg,WhatsApp-Video-2023-09-09-at-10_00_52-PM_mp4-2,2,Bar-Phone,mobile_phone,640,640,247,228,123.0,246.0,0.0738720703125,False,0,c804262b713db3072361f7c8fdac8cc3,1,,False,False,False,False,False,247,228,370.0,474.0,pending_review
UNUM00718,UNU-KEY E-Waste Dataset v44,CC BY 4.0,train,13519,9112,000000105804_jpg.rf.c5446a9e17437b10c15430f70693656a.jpg,000000105804,2,Bar-Phone,mobile_phone,640,640,486,377,48.94,28.13,0.00336104052734375,True,0,d65d0b3f30f942fd5a3be3f3b005a1bb,1,Computer-Keyboard; Computer-Mouse; Flat-Panel-Monitor; Laptop,True,True,False,False,False,486,377,534.94,405.13,pending_review
UNUM00719,UNU-KEY E-Waste Dataset v44,CC BY 4.0,train,13588,9152,489_jpeg.rf.c5e33e63e0fac39af82d956a0ab2cf34.jpg,489,61,Smartphone,mobile_phone,640,640,232,124,181.0,337.0,0.14891845703125,False,0,e53c182135640f9ccd3ab24c4101dada,1,,False,False,False,False,False,232,124,413.0,461.0,pending_review
UNUM00720,UNU-KEY E-Waste Dataset v44,CC BY 4.0,train,13619,9172,544_jpeg.rf.c660463f05ab23f43a1181d891429dba.jpg,544,61,Smartphone,mobile_phone,640,640,85,235,334.0,184.0,0.1500390625,False,0,3201df6f68bd02774144882d0db97feb,1,,False,False,False,False,True,85,235,419.0,419.0,pending_review
UNUM00721,UNU-KEY E-Waste Dataset v44,CC BY 4.0,train,13638,9189,IMG-20200328-WA0048-1-_jpg.rf.c6ab11dc9be0b4b2b2b8c5d0f6fe5c18.jpg,IMG-20200328-WA0048-1-,61,Smartphone,mobile_phone,640,640,166,15,270.0,565.0,0.3724365234375,False,0,362f23461aa86ed65c96d17618e6fb18,1,,False,False,False,False,False,166,15,436.0,580.0,pending_review
UNUM00722,UNU-KEY E-Waste Dataset v44,CC BY 4.0,train,13727,9238,455_jpeg.rf.c77bf59fe83e52134faa10c39b12aede.jpg,455,61,Smartphone,mobile_phone,640,640,179,208,291.0,432.0,0.3069140625,False,0,054321662c48b28d0c3d4ea6f8c19d10,1,,False,False,False,False,False,179,208,470.0,640.0,pending_review
UNUM00723,UNU-KEY E-Waste Dataset v44,CC BY 4.0,train,13754,9262,IMG-20200328-WA0047_jpg.rf.c7dcf6217870be4f23a069db0a2168ad.jpg,IMG-20200328-WA0047,61,Smartphone,mobile_phone,640,640,183,89,235.0,454.0,0.2604736328125,False,0,ec2f010990df4de9da35300a6a1fe1b2,1,,False,False,False,False,False,183,89,418.0,543.0,pending_review
UNUM00724,UNU-KEY E-Waste Dataset v44,CC BY 4.0,train,13807,9306,IMG_20200329_152708_jpg.rf.c8e5f2d49440b8721bbb0a943496104f.jpg,IMG_20200329_152708,61,Smartphone,mobile_phone,640,640,409,337,135.0,149.0,0.04910888671875,False,0,bf17835762b6849024e149a373ee5788,2,Laptop,True,False,False,True,False,409,337,544.0,486.0,pending_review
UNUM00725,UNU-KEY E-Waste Dataset v44,CC BY 4.0,train,13808,9306,IMG_20200329_152708_jpg.rf.c8e5f2d49440b8721bbb0a943496104f.jpg,IMG_20200329_152708,61,Smartphone,mobile_phone,640,640,420,141,127.0,155.0,0.04805908203125,False,0,bf17835762b6849024e149a373ee5788,2,Laptop,True,False,False,True,False,420,141,547.0,296.0,pending_review
UNUM00726,UNU-KEY E-Waste Dataset v44,CC BY 4.0,train,13856,9342,36ba21aee9c97417_jpg.rf.c9a313b403e96d3461a7f0c0e3c7672c.jpg,36ba21aee9c97417,61,Smartphone,mobile_phone,640,640,134,50,414.0,556.0,0.56197265625,False,0,01f58ee74b5c5a06f9281d35fab4a1e9,1,,False,False,False,False,False,134,50,548.0,606.0,pending_review
UNUM00727,UNU-KEY E-Waste Dataset v44,CC BY 4.0,train,13924,9387,1675655586420_png.rf.ca65263bcd5615251b87f0545e7e5457.jpg,1675655586420,61,Smartphone,mobile_phone,640,640,295,23,271.407,588.444,0.3899116716503906,True,0,c4dc2100109a94d8a2e7dc57070d7ebc,2,,False,False,False,True,False,295,23,566.4069999999999,611.444,pending_review
UNUM00728,UNU-KEY E-Waste Dataset v44,CC BY 4.0,train,13925,9387,1675655586420_png.rf.ca65263bcd5615251b87f0545e7e5457.jpg,1675655586420,61,Smartphone,mobile_phone,640,640,81,24,212.0,593.0,0.306923828125,False,0,c4dc2100109a94d8a2e7dc57070d7ebc,2,,False,False,False,True,False,81,24,293.0,617.0,pending_review
UNUM00729,UNU-KEY E-Waste Dataset v44,CC BY 4.0,train,13976,9431,WhatsApp-Video-2023-09-09-at-10_00_52-PM_mp4-5_jpg.rf.cb2ca09446721abbe55a3e11eb702dfd.jpg,WhatsApp-Video-2023-09-09-at-10_00_52-PM_mp4-5,2,Bar-Phone,mobile_phone,640,640,256,231,115.0,215.0,0.06036376953125,False,0,11e16dd7bc097eba2e26b4b72cc478bd,1,,False,False,False,False,False,256,231,371.0,446.0,pending_review
UNUM00730,UNU-KEY E-Waste Dataset v44,CC BY 4.0,train,13977,9432,000000216437_jpg.rf.cafa5d9e48e09bf5864a65757aa6404a.jpg,000000216437,2,Bar-Phone,mobile_phone,640,640,112,493,92.902,84.966,0.01927126790039062,True,0,0ae030892595fb51637ccf8217bb152a,1,Computer-Keyboard; Computer-Mouse; Flat-Panel-Monitor; Laptop,True,True,False,False,False,112,493,204.902,577.966,pending_review
UNUM00731,UNU-KEY E-Waste Dataset v44,CC BY 4.0,train,13988,9435,SrtL7TwcCqYXBAln_jpeg.rf.cb13cfa1a5eb6fcd41f1e30da6e0b848.jpg,SrtL7TwcCqYXBAln,61,Smartphone,mobile_phone,640,640,289,71,230.5,501.0,0.281934814453125,True,0,2ed7c8207adcf8a93df2e88626a8ca2f,2,,False,False,False,True,False,289,71,519.5,572.0,pending_review
UNUM00732,UNU-KEY E-Waste Dataset v44,CC BY 4.0,train,13989,9435,SrtL7TwcCqYXBAln_jpeg.rf.cb13cfa1a5eb6fcd41f1e30da6e0b848.jpg,SrtL7TwcCqYXBAln,61,Smartphone,mobile_phone,640,640,120,69,185.5,504.0,0.228251953125,True,0,2ed7c8207adcf8a93df2e88626a8ca2f,2,,False,False,False,True,False,120,69,305.5,573.0,pending_review
UNUM00733,UNU-KEY E-Waste Dataset v44,CC BY 4.0,train,14010,9454,image6_jpeg.rf.cb47180a27d4038aa6a2edcb78030cf3.jpg,image6,61,Smartphone,mobile_phone,640,640,151,63,320.0,477.064,0.37270625,True,0,cde573d1941cbe03a6ac408dd0f5c57c,1,,False,False,False,False,False,151,63,471.0,540.0640000000001,pending_review
UNUM00734,UNU-KEY E-Waste Dataset v44,CC BY 4.0,train,14061,9495,2e1ca9584e70543c4e509414cb46740e_jpeg.rf.cc3fad69344d78da9e23bd93dd901b74.jpg,2e1ca9584e70543c4e509414cb46740e,61,Smartphone,mobile_phone,640,640,313,275,270.333,173.667,0.11461894802490236,True,0,9164dcb2adddc86ad63e56d9ff8a6ebc,1,,False,False,False,False,False,313,275,583.3330000000001,448.66700000000003,pending_review
UNUM00735,UNU-KEY E-Waste Dataset v44,CC BY 4.0,train,14085,9516,Copy-of-IMG_20200328_222105_jpg.rf.cc70d83739a9417481bebd6eeb4451fe.jpg,Copy-of-IMG_20200328_222105,61,Smartphone,mobile_phone,640,640,0,147,634.0,231.0,0.3575537109375,False,0,a89ced3beddeba6bc72db836544dc407,1,,False,False,False,False,True,0,147,634.0,378.0,pending_review
UNUM00736,UNU-KEY E-Waste Dataset v44,CC BY 4.0,train,14117,9541,IMG_20200329_152704_jpg.rf.cd90ef30b595860e6fb8e253ff31e9aa.jpg,IMG_20200329_152704,61,Smartphone,mobile_phone,640,640,420,329,173.0,148.0,0.062509765625,False,0,04e05b714b67d6ae8c30bdeba1834ee2,2,Laptop,True,False,False,True,True,420,329,593.0,477.0,pending_review
UNUM00737,UNU-KEY E-Waste Dataset v44,CC BY 4.0,train,14118,9541,IMG_20200329_152704_jpg.rf.cd90ef30b595860e6fb8e253ff31e9aa.jpg,IMG_20200329_152704,61,Smartphone,mobile_phone,640,640,435,186,124.0,111.0,0.033603515625,False,0,04e05b714b67d6ae8c30bdeba1834ee2,2,Laptop,True,False,False,True,True,435,186,559.0,297.0,pending_review
UNUM00738,UNU-KEY E-Waste Dataset v44,CC BY 4.0,train,14152,9568,155432a9774d37ee_jpg.rf.ce4e4a28ccb6494de41564258f7daf01.jpg,155432a9774d37ee,61,Smartphone,mobile_phone,640,640,149,80,401.0,480.0,0.469921875,False,0,55696376ca1fa274d6b27bf7c7376d6d,1,,False,False,False,False,False,149,80,550.0,560.0,pending_review
UNUM00739,UNU-KEY E-Waste Dataset v44,CC BY 4.0,train,14173,9584,456_jpeg.rf.ce3248e9b96c64c53e6d95f4b45b350a.jpg,456,61,Smartphone,mobile_phone,640,640,117,34,354.0,576.0,0.4978125,False,0,570768035d97463b4857c2cac45c7801,1,,False,False,False,False,True,117,34,471.0,610.0,pending_review
UNUM00740,UNU-KEY E-Waste Dataset v44,CC BY 4.0,train,14227,9622,38_jpg.rf.cf10b711668db6cdb6def1589e9df40c.jpg,38,61,Smartphone,mobile_phone,640,640,173,110,260.233,449.494,0.28557903345214847,True,0,71ee922285882d97c5e42028a7b1047f,1,,False,False,False,False,False,173,110,433.233,559.494,pending_review
UNUM00741,UNU-KEY E-Waste Dataset v44,CC BY 4.0,train,14249,9638,69_jpg.rf.cf29bed89035d7404a328d2bad865023.jpg,69,61,Smartphone,mobile_phone,640,640,67,195,529.687,309.972,0.40084994815429686,True,0,5c465075b3517376e4513efbce782139,1,,False,False,False,False,False,67,195,596.687,504.972,pending_review
UNUM00742,UNU-KEY E-Waste Dataset v44,CC BY 4.0,train,14254,9641,IMG_20200329_152746_jpg.rf.cf5ca817532a23ca6b0d0e2228e61e54.jpg,IMG_20200329_152746,61,Smartphone,mobile_phone,640,640,238,48,158.0,80.0,0.030859375,False,0,02a004fe1271fd38070f15ee5ca45426,2,Laptop,True,False,False,True,False,238,48,396.0,128.0,pending_review
UNUM00743,UNU-KEY E-Waste Dataset v44,CC BY 4.0,train,14255,9641,IMG_20200329_152746_jpg.rf.cf5ca817532a23ca6b0d0e2228e61e54.jpg,IMG_20200329_152746,61,Smartphone,mobile_phone,640,640,268,441,201.0,129.0,0.06330322265625,False,0,02a004fe1271fd38070f15ee5ca45426,2,Laptop,True,False,False,True,False,268,441,469.0,570.0,pending_review
UNUM00744,UNU-KEY E-Waste Dataset v44,CC BY 4.0,train,14288,9664,476_jpg.rf.cf7b6c0ecd810f82afc152cfd08d41d6.jpg,476,61,Smartphone,mobile_phone,640,640,2,160,638.0,198.0,0.308408203125,False,0,8c835bbbb480b55116e251c6437adba4,1,,False,False,False,False,False,2,160,640.0,358.0,pending_review
UNUM00745,UNU-KEY E-Waste Dataset v44,CC BY 4.0,train,14296,9670,532_jpeg.rf.cfd3497e76dcfdaf57d9a882464f7993.jpg,532,61,Smartphone,mobile_phone,640,640,248,216,149.0,267.0,0.09712646484375,False,0,4c71cd52031d443cb1dd40704f02fcb9,1,,False,False,False,False,True,248,216,397.0,483.0,pending_review
UNUM00746,UNU-KEY E-Waste Dataset v44,CC BY 4.0,train,14328,9697,07ml3nh3QrzTLZ9UycfQQB2-50_jpeg.rf.d06a2ba6e2a7a434dd91843bee39d7e4.jpg,07ml3nh3QrzTLZ9UycfQQB2-50,61,Smartphone,mobile_phone,640,640,244,158,151.5,319.5,0.1181744384765625,True,0,0ced471cc51420d927bd1c77b43a46f4,1,,False,False,False,False,False,244,158,395.5,477.5,pending_review
UNUM00747,UNU-KEY E-Waste Dataset v44,CC BY 4.0,train,14330,9699,527_jpeg.rf.d0798ea12a7a5248dac7b0a057554a53.jpg,527,61,Smartphone,mobile_phone,640,640,142,114,267.0,493.0,0.32136474609375,False,0,2f18821813af579deeb939fe78412f8b,1,,False,False,False,False,True,142,114,409.0,607.0,pending_review
UNUM00748,UNU-KEY E-Waste Dataset v44,CC BY 4.0,train,14334,9703,Copy-of-IMG_20200328_140112_jpg.rf.d06e7fce0579fa83a65e49a7314b5635.jpg,Copy-of-IMG_20200328_140112,2,Bar-Phone,mobile_phone,640,640,81,167,217.0,304.0,0.1610546875,False,0,0caaafeaf719bed7e360c21b94957e98,2,,False,False,False,True,False,81,167,298.0,471.0,pending_review
UNUM00749,UNU-KEY E-Waste Dataset v44,CC BY 4.0,train,14335,9703,Copy-of-IMG_20200328_140112_jpg.rf.d06e7fce0579fa83a65e49a7314b5635.jpg,Copy-of-IMG_20200328_140112,2,Bar-Phone,mobile_phone,640,640,339,192,221.0,302.0,0.1629443359375,False,0,0caaafeaf719bed7e360c21b94957e98,2,,False,False,False,True,False,339,192,560.0,494.0,pending_review
UNUM00750,UNU-KEY E-Waste Dataset v44,CC BY 4.0,train,14337,9705,581_jpeg.rf.d0ccbe84530c9144d2d36d27f850b327.jpg,581,61,Smartphone,mobile_phone,640,640,161,304,479.0,256.0,0.299375,False,0,dde384ef06c20bc5dad80329bdb7ed67,2,,False,False,False,True,False,161,304,640.0,560.0,pending_review
UNUM00751,UNU-KEY E-Waste Dataset v44,CC BY 4.0,train,14338,9705,581_jpeg.rf.d0ccbe84530c9144d2d36d27f850b327.jpg,581,61,Smartphone,mobile_phone,640,640,129,115,359.0,178.0,0.1560107421875,False,0,dde384ef06c20bc5dad80329bdb7ed67,2,,False,False,False,True,False,129,115,488.0,293.0,pending_review
UNUM00752,UNU-KEY E-Waste Dataset v44,CC BY 4.0,train,14376,9731,489_jpeg.rf.d13e7c4348864afe954265e79efd2d6a.jpg,489,61,Smartphone,mobile_phone,640,640,211,110,224.0,369.0,0.201796875,False,0,e53c182135640f9ccd3ab24c4101dada,1,,False,False,False,False,False,211,110,435.0,479.0,pending_review
UNUM00753,UNU-KEY E-Waste Dataset v44,CC BY 4.0,train,14383,9737,10eb1a05f307c919_jpg.rf.d162b9158fa1d9d3c888d3bd205a13f4.jpg,10eb1a05f307c919,61,Smartphone,mobile_phone,640,640,168,19,324.0,596.0,0.4714453125,False,0,22f6be711c4c262d88ebacb29c1340bc,1,,False,False,False,False,False,168,19,492.0,615.0,pending_review
UNUM00754,UNU-KEY E-Waste Dataset v44,CC BY 4.0,train,14411,9761,764cacf04a925e9f_jpg.rf.d1a33591853de3ecfdc57b096b375ae5.jpg,764cacf04a925e9f,61,Smartphone,mobile_phone,640,640,55,200,535.0,274.0,0.3578857421875,False,0,221cba3077ad93d7c0c8dabde1162060,1,,False,False,False,False,False,55,200,590.0,474.0,pending_review
UNUM00755,UNU-KEY E-Waste Dataset v44,CC BY 4.0,train,14450,9786,OIP-hjSNKtUVNP1yvzPt-LOigAHaHa_jpg.rf.d21838d6f6a3d2c5286be87cdca15fef.jpg,OIP-hjSNKtUVNP1yvzPt-LOigAHaHa,61,Smartphone,mobile_phone,640,640,86,89,222.136,464.466,0.2518911605859375,True,0,6c5c713a0e5e4e0090250485a2211141,1,,False,False,False,False,False,86,89,308.13599999999997,553.466,pending_review
UNUM00756,UNU-KEY E-Waste Dataset v44,CC BY 4.0,train,14485,9812,593_jpeg.rf.d27b9018b24cf7a1d92eb04a35eae2f4.jpg,593,61,Smartphone,mobile_phone,640,640,13,141,615.0,333.0,0.49998779296875,False,0,f949237777c919bc5a16e8a92b267fb3,1,,False,False,False,False,True,13,141,628.0,474.0,pending_review
UNUM00757,UNU-KEY E-Waste Dataset v44,CC BY 4.0,train,14496,9822,OIP-PCRLv_pkr6KAkYAAcGflPAHaE__jpg.rf.d295294a93f0343ffdebddeb141815ae.jpg,OIP-PCRLv_pkr6KAkYAAcGflPAHaE_,61,Smartphone,mobile_phone,640,640,96,119,196.195,403.214,0.19313615900878905,True,0,6b38b3746057fa0c1914376e4915dfeb,1,,False,False,False,False,False,96,119,292.195,522.2139999999999,pending_review
UNUM00758,UNU-KEY E-Waste Dataset v44,CC BY 4.0,train,14530,9845,000000015552_jpg.rf.d325bc41d269f30b19c285490981b8ec.jpg,000000015552,61,Smartphone,mobile_phone,640,640,73,145,77.5,116.56,0.02205419921875,True,0,4ec0c7d63f6d443f90160dabc9885f61,1,Computer-Keyboard; Computer-Mouse; Laptop,True,False,False,False,False,73,145,150.5,261.56,pending_review
UNUM00759,UNU-KEY E-Waste Dataset v44,CC BY 4.0,train,14558,9865,564_jpg.rf.d383f856618f1e1545df1675557c4326.jpg,564,61,Smartphone,mobile_phone,640,640,14,191,626.0,191.0,0.2919091796875,False,0,acc863e7aa5e638d3226641ed648e11e,1,,False,False,False,False,True,14,191,640.0,382.0,pending_review
UNUM00760,UNU-KEY E-Waste Dataset v44,CC BY 4.0,train,14561,9867,IMG_20200329_152720_jpg.rf.d37848eea4e113e2fc0e4f85fb52aba7.jpg,IMG_20200329_152720,61,Smartphone,mobile_phone,640,640,146,435,125.0,194.0,0.0592041015625,False,0,c9c05e825303842666c93ff58c536968,2,Laptop,True,False,False,True,False,146,435,271.0,629.0,pending_review
UNUM00761,UNU-KEY E-Waste Dataset v44,CC BY 4.0,train,14562,9867,IMG_20200329_152720_jpg.rf.d37848eea4e113e2fc0e4f85fb52aba7.jpg,IMG_20200329_152720,61,Smartphone,mobile_phone,640,640,370,443,130.0,187.0,0.0593505859375,False,0,c9c05e825303842666c93ff58c536968,2,Laptop,True,False,False,True,False,370,443,500.0,630.0,pending_review
UNUM00762,UNU-KEY E-Waste Dataset v44,CC BY 4.0,train,14598,9893,567_jpg.rf.d4081bf5e5080371fdb2cdb153a3a18c.jpg,567,61,Smartphone,mobile_phone,640,640,2,165,602.0,176.0,0.258671875,False,0,f1fdbcefa4c41a053ac4dba8b2f1e5eb,1,,False,False,False,False,False,2,165,604.0,341.0,pending_review
UNUM00763,UNU-KEY E-Waste Dataset v44,CC BY 4.0,train,14617,9905,492_jpeg.rf.d44e5c4c1a7f6bd8ad5392969c128371.jpg,492,61,Smartphone,mobile_phone,640,640,201,221,402.0,261.0,0.2561572265625,False,0,5b322e8bec8192543abea8c1c2ad659c,1,,False,False,False,False,True,201,221,603.0,482.0,pending_review
UNUM00764,UNU-KEY E-Waste Dataset v44,CC BY 4.0,train,14686,9939,06CbOjiKnKQyAK0K6LLTyLM-1-v1647630209_jpeg.rf.d4d728a1105e6d4ff0183291beae3a08.jpg,06CbOjiKnKQyAK0K6LLTyLM-1-v1647630209,61,Smartphone,mobile_phone,640,640,182,148,315.333,346.667,0.26688365505615236,True,0,db634f07a087872c0248220f0f3f3d25,1,,False,False,False,False,False,182,148,497.333,494.667,pending_review
UNUM00765,UNU-KEY E-Waste Dataset v44,CC BY 4.0,train,14692,9944,575_jpeg.rf.d5114d8b8cc52a26f5206bc6e59332c8.jpg,575,61,Smartphone,mobile_phone,640,640,221,99,280.0,533.0,0.36435546875,False,0,bbfbf2bd49f6bd5f166bc9119ee00b2e,1,,False,False,False,False,False,221,99,501.0,632.0,pending_review
UNUM00766,UNU-KEY E-Waste Dataset v44,CC BY 4.0,train,14697,9949,WhatsApp-Video-2023-09-09-at-10_00_52-PM_mp4-30_jpg.rf.d51a4c499b28363dce4f58529891cb25.jpg,WhatsApp-Video-2023-09-09-at-10_00_52-PM_mp4-30,2,Bar-Phone,mobile_phone,640,640,207,179,140.0,360.0,0.123046875,False,0,0b5c200982425ea2ef4625ef92bf7727,1,,False,False,False,False,False,207,179,347.0,539.0,pending_review
UNUM00767,UNU-KEY E-Waste Dataset v44,CC BY 4.0,train,14722,9967,470_jpeg.rf.d562e411ecd4a4844fcbeb75c4f42e52.jpg,470,2,Bar-Phone,mobile_phone,640,640,146,65,251.0,529.0,0.32416748046875,False,0,5cb052ad4b7858895cb580cc2bbbdc4d,1,,False,False,False,False,False,146,65,397.0,594.0,pending_review
UNUM00768,UNU-KEY E-Waste Dataset v44,CC BY 4.0,train,14771,10011,shutterstock_1736005427212121212_jpeg.rf.d5e8c6b4dfa33afbe2f10134cc316e46.jpg,shutterstock_1736005427212121212,61,Smartphone,mobile_phone,640,640,336,191,132.813,213.724,0.06930011135742187,True,0,5db56db87aaec2f49ca2093bc988e089,2,,False,False,False,True,False,336,191,468.813,404.724,pending_review
UNUM00769,UNU-KEY E-Waste Dataset v44,CC BY 4.0,train,14772,10011,shutterstock_1736005427212121212_jpeg.rf.d5e8c6b4dfa33afbe2f10134cc316e46.jpg,shutterstock_1736005427212121212,61,Smartphone,mobile_phone,640,640,165,184,131.512,221.528,0.07112692953125,True,0,5db56db87aaec2f49ca2093bc988e089,2,,False,False,False,True,False,165,184,296.512,405.528,pending_review
UNUM00770,UNU-KEY E-Waste Dataset v44,CC BY 4.0,train,14779,10018,595_jpeg.rf.d5f4ae5827af2bc4881ce73a9007c9cf.jpg,595,61,Smartphone,mobile_phone,640,640,16,213,565.0,258.0,0.3558837890625,False,0,1f358f48a7c483b2675b0bb289f60b37,1,,False,False,False,False,True,16,213,581.0,471.0,pending_review
UNUM00771,UNU-KEY E-Waste Dataset v44,CC BY 4.0,train,14787,10025,IMG_20200329_152755_jpg.rf.d65244d6e2ac3ae4672a9a9abfd89094.jpg,IMG_20200329_152755,61,Smartphone,mobile_phone,640,640,100,305,152.0,180.0,0.066796875,False,0,c70c61e0cf7600a5e69a4d46764616b9,2,Laptop,True,False,False,True,False,100,305,252.0,485.0,pending_review
UNUM00772,UNU-KEY E-Waste Dataset v44,CC BY 4.0,train,14788,10025,IMG_20200329_152755_jpg.rf.d65244d6e2ac3ae4672a9a9abfd89094.jpg,IMG_20200329_152755,61,Smartphone,mobile_phone,640,640,60,110,195.0,138.0,0.0656982421875,False,0,c70c61e0cf7600a5e69a4d46764616b9,2,Laptop,True,False,False,True,False,60,110,255.0,248.0,pending_review
UNUM00773,UNU-KEY E-Waste Dataset v44,CC BY 4.0,train,14819,10050,471_jpeg.rf.d69471f32d0a62a23c9df15738b69204.jpg,471,61,Smartphone,mobile_phone,640,640,178,58,282.0,525.0,0.3614501953125,False,0,d706d54e378531c99490541b4d0b6c4f,1,,False,False,False,False,True,178,58,460.0,583.0,pending_review
UNUM00774,UNU-KEY E-Waste Dataset v44,CC BY 4.0,train,14849,10070,WhatsApp-Video-2023-09-09-at-10_00_52-PM_mp4-0_jpg.rf.d6914d8271cbba7287f9fa3a76252d2a.jpg,WhatsApp-Video-2023-09-09-at-10_00_52-PM_mp4-0,2,Bar-Phone,mobile_phone,640,640,273,230,116.0,257.0,0.072783203125,False,0,f74fec33f42a0a8f6e554ad820e3cb5d,1,,False,False,False,False,False,273,230,389.0,487.0,pending_review
UNUM00775,UNU-KEY E-Waste Dataset v44,CC BY 4.0,train,14894,10101,IMG_20200329_152730_jpg.rf.d79677bfefaa2d2c80639428f3338531.jpg,IMG_20200329_152730,61,Smartphone,mobile_phone,640,640,110,358,111.0,181.0,0.04905029296875,False,0,3678c9dc12488834d2bc6f52f752ea0c,2,Laptop,True,False,False,True,False,110,358,221.0,539.0,pending_review
UNUM00776,UNU-KEY E-Waste Dataset v44,CC BY 4.0,train,14895,10101,IMG_20200329_152730_jpg.rf.d79677bfefaa2d2c80639428f3338531.jpg,IMG_20200329_152730,61,Smartphone,mobile_phone,640,640,435,354,114.0,189.0,0.0526025390625,False,0,3678c9dc12488834d2bc6f52f752ea0c,2,Laptop,True,False,False,True,False,435,354,549.0,543.0,pending_review
UNUM00777,UNU-KEY E-Waste Dataset v44,CC BY 4.0,train,14901,10106,eedf08028f4d40d7_jpg.rf.d7a4f9b840bc4fe99079d7ec2bbecd9f.jpg,eedf08028f4d40d7,61,Smartphone,mobile_phone,640,640,98,28,193.0,535.0,0.25208740234375,False,0,f1a6e32ce136290b7cce0b677c44104f,2,,False,False,False,True,False,98,28,291.0,563.0,pending_review
UNUM00778,UNU-KEY E-Waste Dataset v44,CC BY 4.0,train,14902,10106,eedf08028f4d40d7_jpg.rf.d7a4f9b840bc4fe99079d7ec2bbecd9f.jpg,eedf08028f4d40d7,61,Smartphone,mobile_phone,640,640,281,44,244.0,516.0,0.3073828125,False,0,f1a6e32ce136290b7cce0b677c44104f,2,,False,False,False,True,False,281,44,525.0,560.0,pending_review
UNUM00779,UNU-KEY E-Waste Dataset v44,CC BY 4.0,train,14923,10117,506_jpeg.rf.d814b569b14ee27ecf07ac27e1264279.jpg,506,61,Smartphone,mobile_phone,640,640,156,18,330.0,612.0,0.49306640625,False,0,bd52ee11d2868c44fe7e9f23e7c3e040,1,,False,False,False,False,False,156,18,486.0,630.0,pending_review
UNUM00780,UNU-KEY E-Waste Dataset v44,CC BY 4.0,train,14939,10130,e4dbc32d77dc4631_jpg.rf.d81ca1d41ef39b8eeb8f567f37c93fa9.jpg,e4dbc32d77dc4631,61,Smartphone,mobile_phone,640,640,224,145,284.0,364.0,0.2523828125,False,0,9ec44122aec3408e376cc564c0ce510b,1,,False,False,False,False,False,224,145,508.0,509.0,pending_review
UNUM00781,UNU-KEY E-Waste Dataset v44,CC BY 4.0,train,14957,10143,IMG_20200329_152638_jpg.rf.d87fdd65f1ad7a4246349314786bccb0.jpg,IMG_20200329_152638,61,Smartphone,mobile_phone,640,640,184,136,298.0,153.0,0.1113134765625,False,0,90e39ad67f4a0ecf309a3416912c3fb1,2,,False,False,False,True,False,184,136,482.0,289.0,pending_review
UNUM00782,UNU-KEY E-Waste Dataset v44,CC BY 4.0,train,14958,10143,IMG_20200329_152638_jpg.rf.d87fdd65f1ad7a4246349314786bccb0.jpg,IMG_20200329_152638,61,Smartphone,mobile_phone,640,640,188,303,330.0,183.0,0.1474365234375,False,0,90e39ad67f4a0ecf309a3416912c3fb1,2,,False,False,False,True,False,188,303,518.0,486.0,pending_review
UNUM00783,UNU-KEY E-Waste Dataset v44,CC BY 4.0,train,14960,10145,IMG_20200329_152755_jpg.rf.d895a479679d74cc10444a0b822764bf.jpg,IMG_20200329_152755,61,Smartphone,mobile_phone,640,640,100,305,152.0,180.0,0.066796875,False,0,c70c61e0cf7600a5e69a4d46764616b9,2,Laptop,True,False,False,True,False,100,305,252.0,485.0,pending_review
UNUM00784,UNU-KEY E-Waste Dataset v44,CC BY 4.0,train,14961,10145,IMG_20200329_152755_jpg.rf.d895a479679d74cc10444a0b822764bf.jpg,IMG_20200329_152755,61,Smartphone,mobile_phone,640,640,60,110,195.0,138.0,0.0656982421875,False,0,c70c61e0cf7600a5e69a4d46764616b9,2,Laptop,True,False,False,True,False,60,110,255.0,248.0,pending_review
UNUM00785,UNU-KEY E-Waste Dataset v44,CC BY 4.0,train,14967,10150,499_jpeg.rf.d860c776b6ec5cfead5d25ce768ddfc7.jpg,499,61,Smartphone,mobile_phone,640,640,221,136,175.0,297.0,0.12689208984375,False,0,df4a13879a8f9ae21d40ca2b7ce69e79,1,,False,False,False,False,True,221,136,396.0,433.0,pending_review
UNUM00786,UNU-KEY E-Waste Dataset v44,CC BY 4.0,train,14969,10152,474_jpg.rf.d88db3c355d9e37b3cd7f3b947c6b66e.jpg,474,61,Smartphone,mobile_phone,640,640,150,38,349.0,468.0,0.398759765625,False,0,b743e3e0945f1f2adc4655c007ff0987,1,,False,False,False,False,False,150,38,499.0,506.0,pending_review
UNUM00787,UNU-KEY E-Waste Dataset v44,CC BY 4.0,train,14972,10155,454_jpeg.rf.d8b314a3cc2f42ff581ed44264c86c07.jpg,454,61,Smartphone,mobile_phone,640,640,183,70,275.0,491.0,0.32965087890625,False,0,5cf4db694bd0c3bc51293867a8aa744f,1,,False,False,False,False,True,183,70,458.0,561.0,pending_review
UNUM00788,UNU-KEY E-Waste Dataset v44,CC BY 4.0,train,14978,10161,Vyp4t2Vm_jpeg.rf.d8b185a175711c3c10c43b42306253d3.jpg,Vyp4t2Vm,61,Smartphone,mobile_phone,640,640,251,3,310.0,637.0,0.4821044921875,False,0,7414428373b682942e4661b096866db9,2,,False,False,False,True,False,251,3,561.0,640.0,pending_review
UNUM00789,UNU-KEY E-Waste Dataset v44,CC BY 4.0,train,14979,10161,Vyp4t2Vm_jpeg.rf.d8b185a175711c3c10c43b42306253d3.jpg,Vyp4t2Vm,61,Smartphone,mobile_phone,640,640,81,3,165.0,633.0,0.25499267578125,False,0,7414428373b682942e4661b096866db9,2,,False,False,False,True,False,81,3,246.0,636.0,pending_review
UNUM00790,UNU-KEY E-Waste Dataset v44,CC BY 4.0,train,15054,10228,577_jpeg.rf.da4868c3e9a0add38975c6ef4f781448.jpg,577,61,Smartphone,mobile_phone,640,640,195,23,325.0,617.0,0.48956298828125,False,0,998647dbb299b1902972eac2ef2351ad,1,,False,False,False,False,True,195,23,520.0,640.0,pending_review
UNUM00791,UNU-KEY E-Waste Dataset v44,CC BY 4.0,train,15075,10242,4f7d7633cb229392_jpg.rf.da915148217dc314d8abbebed6b4be34.jpg,4f7d7633cb229392,61,Smartphone,mobile_phone,640,640,53,70,226.0,413.0,0.2278759765625,False,0,b02bc9467b2c6d178a59939b9bb05fc6,3,,False,False,False,True,False,53,70,279.0,483.0,pending_review
UNUM00792,UNU-KEY E-Waste Dataset v44,CC BY 4.0,train,15076,10242,4f7d7633cb229392_jpg.rf.da915148217dc314d8abbebed6b4be34.jpg,4f7d7633cb229392,61,Smartphone,mobile_phone,640,640,296,67,62.0,417.0,0.0631201171875,False,0,b02bc9467b2c6d178a59939b9bb05fc6,3,,False,False,False,True,False,296,67,358.0,484.0,pending_review
UNUM00793,UNU-KEY E-Waste Dataset v44,CC BY 4.0,train,15077,10242,4f7d7633cb229392_jpg.rf.da915148217dc314d8abbebed6b4be34.jpg,4f7d7633cb229392,61,Smartphone,mobile_phone,640,640,365,68,228.0,420.0,0.2337890625,False,0,b02bc9467b2c6d178a59939b9bb05fc6,3,,False,False,False,True,False,365,68,593.0,488.0,pending_review
UNUM00794,UNU-KEY E-Waste Dataset v44,CC BY 4.0,train,15086,10250,IMG_20200329_152642_jpg.rf.dae99aa79d5f7335def3f67dc0715c1d.jpg,IMG_20200329_152642,61,Smartphone,mobile_phone,640,640,119,245,367.0,159.0,0.14246337890625,False,0,f5ced0f9c4de536276329b92967df0d5,2,,False,False,False,True,False,119,245,486.0,404.0,pending_review
UNUM00795,UNU-KEY E-Waste Dataset v44,CC BY 4.0,train,15087,10250,IMG_20200329_152642_jpg.rf.dae99aa79d5f7335def3f67dc0715c1d.jpg,IMG_20200329_152642,61,Smartphone,mobile_phone,640,640,171,408,286.0,115.0,0.0802978515625,False,0,f5ced0f9c4de536276329b92967df0d5,2,,False,False,False,True,False,171,408,457.0,523.0,pending_review
UNUM00796,UNU-KEY E-Waste Dataset v44,CC BY 4.0,train,15091,10254,491_jpeg.rf.db016208c87f82a60f45eb10bdc15209.jpg,491,61,Smartphone,mobile_phone,640,640,223,122,208.0,389.0,0.1975390625,False,0,9e58657b7083d12b423e909f8b1bcd15,1,,False,False,False,False,False,223,122,431.0,511.0,pending_review
UNUM00797,UNU-KEY E-Waste Dataset v44,CC BY 4.0,train,15166,10318,588_jpeg.rf.dc1bfe71bf4338b16a7df565c65d11b2.jpg,588,61,Smartphone,mobile_phone,640,640,8,194,581.0,293.0,0.41560791015625,False,0,f2a046bd827d597871af9736bbb5ac3c,1,,False,False,False,False,True,8,194,589.0,487.0,pending_review
UNUM00798,UNU-KEY E-Waste Dataset v44,CC BY 4.0,train,15218,10361,88_jpg.rf.dd07c991171c4a3029145357e8d58c94.jpg,88,61,Smartphone,mobile_phone,640,640,323,141,242.194,383.766,0.22691851221679687,True,0,992eac76fe5f08acacb288cafa259288,2,,False,False,False,True,False,323,141,565.194,524.7660000000001,pending_review
UNUM00799,UNU-KEY E-Waste Dataset v44,CC BY 4.0,train,15219,10361,88_jpg.rf.dd07c991171c4a3029145357e8d58c94.jpg,88,61,Smartphone,mobile_phone,640,640,30,144,262.084,386.106,0.24705128150390623,True,0,992eac76fe5f08acacb288cafa259288,2,,False,False,False,True,False,30,144,292.084,530.106,pending_review
UNUM00800,UNU-KEY E-Waste Dataset v44,CC BY 4.0,train,15280,10403,36_jpg.rf.dd4379afdf0ef051e6d8b75f7aacd366.jpg,36,61,Smartphone,mobile_phone,640,640,195,59,280.882,488.657,0.3350951061376953,True,0,32a2dd1c828959f3a427dd275d8d2092,1,,False,False,False,False,False,195,59,475.882,547.6569999999999,pending_review
UNUM00801,UNU-KEY E-Waste Dataset v44,CC BY 4.0,train,15296,10418,levanten-mobilephones-hero-4-m_jpeg.rf.ddad94d7c18359e5af5889ca3123d1c3.jpg,levanten-mobilephones-hero-4-m,61,Smartphone,mobile_phone,640,640,301,255,148.741,257.185,0.09339344259033204,True,0,1104f9b0c85fd6c4c80b4925004b84a4,2,,False,False,False,True,False,301,255,449.741,512.185,pending_review
UNUM00802,UNU-KEY E-Waste Dataset v44,CC BY 4.0,train,15297,10418,levanten-mobilephones-hero-4-m_jpeg.rf.ddad94d7c18359e5af5889ca3123d1c3.jpg,levanten-mobilephones-hero-4-m,61,Smartphone,mobile_phone,640,640,190,304,189.63,249.481,0.11550068854980468,True,0,1104f9b0c85fd6c4c80b4925004b84a4,2,,False,False,False,True,False,190,304,379.63,553.481,pending_review
UNUM00803,UNU-KEY E-Waste Dataset v44,CC BY 4.0,train,15312,10429,maxresdefault_jpeg.rf.ddde053c99a8760a57831f2646fc9c10.jpg,maxresdefault,61,Smartphone,mobile_phone,640,640,312,186,245.5,298.5,0.1789105224609375,True,0,6aea441fc1c006a780bce6be8f048fb2,5,,False,False,False,True,False,312,186,557.5,484.5,pending_review
UNUM00804,UNU-KEY E-Waste Dataset v44,CC BY 4.0,train,15313,10429,maxresdefault_jpeg.rf.ddde053c99a8760a57831f2646fc9c10.jpg,maxresdefault,61,Smartphone,mobile_phone,640,640,330,163,141.667,210.556,0.07282430872070313,True,0,6aea441fc1c006a780bce6be8f048fb2,5,,False,False,False,True,False,330,163,471.66700000000003,373.55600000000004,pending_review
UNUM00805,UNU-KEY E-Waste Dataset v44,CC BY 4.0,train,15314,10429,maxresdefault_jpeg.rf.ddde053c99a8760a57831f2646fc9c10.jpg,maxresdefault,61,Smartphone,mobile_phone,640,640,292,166,74.444,280.556,0.0509905050390625,True,0,6aea441fc1c006a780bce6be8f048fb2,5,,False,False,False,True,False,292,166,366.444,446.556,pending_review
UNUM00806,UNU-KEY E-Waste Dataset v44,CC BY 4.0,train,15315,10429,maxresdefault_jpeg.rf.ddde053c99a8760a57831f2646fc9c10.jpg,maxresdefault,61,Smartphone,mobile_phone,640,640,76,219,167.222,230.556,0.09412606306640627,True,0,6aea441fc1c006a780bce6be8f048fb2,5,,False,False,False,True,False,76,219,243.222,449.55600000000004,pending_review
UNUM00807,UNU-KEY E-Waste Dataset v44,CC BY 4.0,train,15316,10429,maxresdefault_jpeg.rf.ddde053c99a8760a57831f2646fc9c10.jpg,maxresdefault,61,Smartphone,mobile_phone,640,640,206,171,90.556,275.0,0.06079809570312499,True,0,6aea441fc1c006a780bce6be8f048fb2,5,,False,False,False,True,False,206,171,296.556,446.0,pending_review
UNUM00808,UNU-KEY E-Waste Dataset v44,CC BY 4.0,train,15319,10432,000000524866_jpg.rf.de0c060cf2340c2bf86952a6947f5324.jpg,000000524866,61,Smartphone,mobile_phone,640,640,216,187,181.11,236.63,0.10462905102539062,True,0,3e923ef86afba12450f31c4f41b9e232,3,Computer-Keyboard; Laptop,True,False,False,True,False,216,187,397.11,423.63,pending_review
UNUM00809,UNU-KEY E-Waste Dataset v44,CC BY 4.0,train,15320,10432,000000524866_jpg.rf.de0c060cf2340c2bf86952a6947f5324.jpg,000000524866,61,Smartphone,mobile_phone,640,640,372,119,267.69,400.46,0.26171664404296874,True,0,3e923ef86afba12450f31c4f41b9e232,3,Computer-Keyboard; Laptop,True,False,False,True,False,372,119,639.69,519.46,pending_review
UNUM00810,UNU-KEY E-Waste Dataset v44,CC BY 4.0,train,15321,10432,000000524866_jpg.rf.de0c060cf2340c2bf86952a6947f5324.jpg,000000524866,61,Smartphone,mobile_phone,640,640,185,138,218.43,99.2,0.052901015625000006,True,0,3e923ef86afba12450f31c4f41b9e232,3,Computer-Keyboard; Laptop,True,False,False,True,False,185,138,403.43,237.2,pending_review
UNUM00811,UNU-KEY E-Waste Dataset v44,CC BY 4.0,train,15324,10433,11_jpg.rf.de34b0457eb5439d0e6f189607aedfde.jpg,11,61,Smartphone,mobile_phone,640,640,134,61,410.947,518.737,0.5204429051245117,True,0,b8ee0d9e31cd77dd009db40dd91ba878,1,,False,False,False,False,False,134,61,544.947,579.737,pending_review
UNUM00812,UNU-KEY E-Waste Dataset v44,CC BY 4.0,train,15328,10437,521_jpeg.rf.de1150505cf341d0f2593176110222ed.jpg,521,61,Smartphone,mobile_phone,640,640,200,73,269.0,556.0,0.365146484375,False,0,a86c3878da949aa7e526cf5bcdf3b5d4,1,,False,False,False,False,False,200,73,469.0,629.0,pending_review
UNUM00813,UNU-KEY E-Waste Dataset v44,CC BY 4.0,train,15384,10442,best_budget_smartphone_-_lead_image_jpeg.rf.de1e1875474e18efb03bdd4c31125580.jpg,best_budget_smartphone_-_lead_image,61,Smartphone,mobile_phone,640,640,270,197,122.333,254.0,0.0758607958984375,True,0,50b311e58a6348e2561c3a56846369a4,1,,False,False,False,False,False,270,197,392.33299999999997,451.0,pending_review
UNUM00814,UNU-KEY E-Waste Dataset v44,CC BY 4.0,train,15411,10466,71hT9g8z1UL_jpeg.rf.de4cda7f8a8ead32c7303e59bbb64c8b.jpg,71hT9g8z1UL,61,Smartphone,mobile_phone,640,640,283,15,291.84,611.413,0.43563176249999996,True,0,21738ddc0a6be787ad7a07b4c67bf6ee,2,,False,False,False,True,False,283,15,574.8399999999999,626.413,pending_review
UNUM00815,UNU-KEY E-Waste Dataset v44,CC BY 4.0,train,15412,10466,71hT9g8z1UL_jpeg.rf.de4cda7f8a8ead32c7303e59bbb64c8b.jpg,71hT9g8z1UL,61,Smartphone,mobile_phone,640,640,73,19,215.467,596.267,0.3136617717016602,True,0,21738ddc0a6be787ad7a07b4c67bf6ee,2,,False,False,False,True,False,73,19,288.467,615.267,pending_review
UNUM00816,UNU-KEY E-Waste Dataset v44,CC BY 4.0,train,15435,10485,535_jpeg.rf.def1a548889caf5f16998d54fbcd1f8e.jpg,535,61,Smartphone,mobile_phone,640,640,188,122,255.0,485.0,0.30194091796875,False,0,d3c3dc5cd32c2e680075dc98480baeec,1,,False,False,False,False,False,188,122,443.0,607.0,pending_review
UNUM00817,UNU-KEY E-Waste Dataset v44,CC BY 4.0,train,15441,10490,569_jpg.rf.deccd479efeeb9cf3df7b5fc4f50b05a.jpg,569,61,Smartphone,mobile_phone,640,640,141,61,359.0,526.0,0.4610205078125,False,0,5b9dff826be58c338be2b7cee9c173d4,1,,False,False,False,False,True,141,61,500.0,587.0,pending_review
UNUM00818,UNU-KEY E-Waste Dataset v44,CC BY 4.0,train,15451,10495,image12_jpeg.rf.df19b3d52b1da784e9596f93198c779d.jpg,image12,61,Smartphone,mobile_phone,640,640,185,36,272.0,568.889,0.3777778515625,True,0,8e669c97e60c06884abef04366082b09,1,,False,False,False,False,False,185,36,457.0,604.889,pending_review
UNUM00819,UNU-KEY E-Waste Dataset v44,CC BY 4.0,train,15501,10498,Copy-of-IMG_20200328_140115_jpg.rf.df119b593f106d07ce9bf4b508722543.jpg,Copy-of-IMG_20200328_140115,2,Bar-Phone,mobile_phone,640,640,34,203,320.0,137.0,0.10703125,False,0,0ebf8c691adceb95b4208ec637cf17c2,2,,False,False,False,True,False,34,203,354.0,340.0,pending_review
UNUM00820,UNU-KEY E-Waste Dataset v44,CC BY 4.0,train,15502,10498,Copy-of-IMG_20200328_140115_jpg.rf.df119b593f106d07ce9bf4b508722543.jpg,Copy-of-IMG_20200328_140115,2,Bar-Phone,mobile_phone,640,640,1,350,396.0,208.0,0.20109375,False,0,0ebf8c691adceb95b4208ec637cf17c2,2,,False,False,False,True,False,1,350,397.0,558.0,pending_review
UNUM00821,UNU-KEY E-Waste Dataset v44,CC BY 4.0,train,15532,10523,592_jpeg.rf.df5ebb531157bcd8f85faa1da14b33b4.jpg,592,61,Smartphone,mobile_phone,640,640,8,147,565.0,292.0,0.402783203125,False,0,8ccfe8a2c7ed59c415bdba99253bb4a8,1,,False,False,False,False,False,8,147,573.0,439.0,pending_review
UNUM00822,UNU-KEY E-Waste Dataset v44,CC BY 4.0,train,15580,10561,depositphotos_144268225-stock-photo-modern-smartphone-with-thin-frames_jpg.rf.dff6d9ae710104f382b1e05ccbc4ef87.jpg,depositphotos_144268225-stock-photo-modern-smartphone-with-thin-frames,61,Smartphone,mobile_phone,640,640,1,15,300.8,603.733,0.44336642187499997,True,0,d76848e5f99f3033c91959f39ca1e3d7,1,,False,False,False,False,False,1,15,301.8,618.733,pending_review
UNUM00823,UNU-KEY E-Waste Dataset v44,CC BY 4.0,train,15597,10574,591_jpeg.rf.e0221ec9ce6b8e151e12c032b65037b6.jpg,591,61,Smartphone,mobile_phone,640,640,130,202,463.0,268.0,0.302939453125,False,0,72c82bfc93ffaf026ffe1176018ca091,1,,False,False,False,False,False,130,202,593.0,470.0,pending_review
UNUM00824,UNU-KEY E-Waste Dataset v44,CC BY 4.0,train,15617,10591,586_jpeg_jpg.rf.e1028eb814eebc1efb39dd52dfd849f1.jpg,586_jpeg,61,Smartphone,mobile_phone,640,640,76,118,557.0,359.0,0.48819091796875,False,0,e4fa807247aa9da995897362b2962c10,1,,False,False,False,False,False,76,118,633.0,477.0,pending_review
UNUM00825,UNU-KEY E-Waste Dataset v44,CC BY 4.0,train,15630,10600,80_jpg.rf.e0e227044b384902fe0ef3167ae8f344.jpg,80,61,Smartphone,mobile_phone,640,640,262,109,288.195,406.329,0.2858935208862305,True,0,1e2e96890dfd2e1ee8873ba9903e65ef,1,,False,False,False,False,False,262,109,550.1949999999999,515.329,pending_review
UNUM00826,UNU-KEY E-Waste Dataset v44,CC BY 4.0,train,15647,10613,521_jpeg.rf.e13efbb9a67b2352cf42121ac09be481.jpg,521,61,Smartphone,mobile_phone,640,640,179,65,310.0,560.0,0.423828125,False,0,a86c3878da949aa7e526cf5bcdf3b5d4,1,,False,False,False,False,False,179,65,489.0,625.0,pending_review
UNUM00827,UNU-KEY E-Waste Dataset v44,CC BY 4.0,train,15654,10616,510_jpeg.rf.e164f3496d01b5e0e52824ff9f7b7f02.jpg,510,61,Smartphone,mobile_phone,640,640,194,32,249.0,453.0,0.27538330078125,False,0,3414943d1db1000cd08a73973187064a,1,,False,False,False,False,False,194,32,443.0,485.0,pending_review
UNUM00828,UNU-KEY E-Waste Dataset v44,CC BY 4.0,train,15663,10623,495_jpeg.rf.e17716a357bf4de6a227c04139367d60.jpg,495,61,Smartphone,mobile_phone,640,640,237,138,168.0,294.0,0.1205859375,False,0,b38ce58a742ed1bd623e2faa9e19dffb,1,,False,False,False,False,True,237,138,405.0,432.0,pending_review
UNUM00829,UNU-KEY E-Waste Dataset v44,CC BY 4.0,train,15666,10625,473_jpg.rf.e12790dbf8d0cd601a60dfef80e5d804.jpg,473,61,Smartphone,mobile_phone,640,640,162,72,317.0,429.0,0.33201416015625,False,0,a4f5a98ef21f3ad3fb0cf35c114d9397,1,,False,False,False,False,True,162,72,479.0,501.0,pending_review
UNUM00830,UNU-KEY E-Waste Dataset v44,CC BY 4.0,train,15680,10637,Copy-of-IMG_20200328_135237_jpg.rf.e1a96884c5ebfd0cee7c507383381d30.jpg,Copy-of-IMG_20200328_135237,61,Smartphone,mobile_phone,640,640,33,203,607.0,310.0,0.4593994140625,False,0,c1bdf0f2e9b3bf2caffaca5c22e14ed7,1,,False,False,False,False,False,33,203,640.0,513.0,pending_review
UNUM00831,UNU-KEY E-Waste Dataset v44,CC BY 4.0,train,15708,10658,572_jpg.rf.e20175d70e7a829e1440b6821f119c6a.jpg,572,61,Smartphone,mobile_phone,640,640,1,171,602.0,146.0,0.214580078125,False,0,6145897b98040c29c186923cf78a1df0,1,,False,False,False,False,False,1,171,603.0,317.0,pending_review
UNUM00832,UNU-KEY E-Waste Dataset v44,CC BY 4.0,train,15725,10671,587_jpeg.rf.e249a67ba81f3bad8a434d5ffd7df080.jpg,587,61,Smartphone,mobile_phone,640,640,114,164,505.0,277.0,0.34151611328125,False,0,27afdc3bd46e05718b3bf342576389d6,1,,False,False,False,False,False,114,164,619.0,441.0,pending_review
UNUM00833,UNU-KEY E-Waste Dataset v44,CC BY 4.0,train,15839,10730,523_jpeg.rf.e3975dff93e1b8afaed82be4f8047c91.jpg,523,61,Smartphone,mobile_phone,640,640,149,18,331.0,622.0,0.5026416015625,False,0,b3db42f677af2f81d1a1ec98f92e287d,1,,False,False,False,False,False,149,18,480.0,640.0,pending_review
UNUM00834,UNU-KEY E-Waste Dataset v44,CC BY 4.0,train,15842,10733,232c131b2a688b96_jpg.rf.e364018954e10315e6d0572b1fb84147.jpg,232c131b2a688b96,61,Smartphone,mobile_phone,640,640,288,106,295.0,370.0,0.2664794921875,False,0,d2181b9a94a79f3597109891a440d844,1,,False,False,False,False,False,288,106,583.0,476.0,pending_review
UNUM00835,UNU-KEY E-Waste Dataset v44,CC BY 4.0,train,15850,10740,464_jpeg.rf.e3c07a82950c07f613a740e3060e1f6b.jpg,464,61,Smartphone,mobile_phone,640,640,144,220,240.0,408.0,0.2390625,False,0,1bb3a4ab941a840846e5b5a401778668,1,,False,False,False,False,True,144,220,384.0,628.0,pending_review
UNUM00836,UNU-KEY E-Waste Dataset v44,CC BY 4.0,train,15910,10782,000000395344_jpg.rf.e47337e03c4f94394b35eb2e9754faba.jpg,000000395344,2,Bar-Phone,mobile_phone,640,640,485,363,106.36,64.74,0.016810904296875,True,0,96bfe5156bc80999229134977936402a,1,Computer-Mouse; Flat-Panel-Monitor; Laptop,True,True,False,False,False,485,363,591.36,427.74,pending_review
UNUM00837,UNU-KEY E-Waste Dataset v44,CC BY 4.0,train,15919,10788,462_jpeg.rf.e471f62e0385bcb5d7dbb618ae0a835d.jpg,462,61,Smartphone,mobile_phone,640,640,183,168,241.0,449.0,0.26418212890625,False,0,a9c78ee06c792db5d49acea7131c675a,1,,False,False,False,False,False,183,168,424.0,617.0,pending_review
UNUM00838,UNU-KEY E-Waste Dataset v44,CC BY 4.0,train,15921,10790,budgetandroidphones-2048px-galaxya14-front-1-_jpeg.rf.e46cf5ea05be95ca72b587419a7934a5.jpg,budgetandroidphones-2048px-galaxya14-front-1-,61,Smartphone,mobile_phone,640,640,149,140,336.875,358.438,0.2947968780517578,True,0,9e7f8c345cc08f0bb314f07d4b6107d5,1,,False,False,False,False,False,149,140,485.875,498.438,pending_review
UNUM00839,UNU-KEY E-Waste Dataset v44,CC BY 4.0,train,15998,10846,000000422427_jpg.rf.e5963012fa150482bd3595c11581ab5b.jpg,000000422427,2,Bar-Phone,mobile_phone,640,640,46,353,206.016,88.448,0.04448657999999999,True,0,d4e80a963609369942d8ca6e8a6e5452,1,Laptop,True,False,False,False,False,46,353,252.016,441.448,pending_review
UNUM00840,UNU-KEY E-Waste Dataset v44,CC BY 4.0,train,16018,10861,OIP-F4XxckzGleyxEG9BxBAGSAHaFl_jpg.rf.e613699ef7a29610265b6e7351771f41.jpg,OIP-F4XxckzGleyxEG9BxBAGSAHaFl,61,Smartphone,mobile_phone,640,640,208,98,223.256,443.805,0.24189972919921876,True,0,fd95b161b4588ffdf994fea148511a80,1,,False,False,False,False,False,208,98,431.256,541.8050000000001,pending_review
UNUM00841,UNU-KEY E-Waste Dataset v44,CC BY 4.0,train,16091,10915,000000509733_jpg.rf.e776188ae2cfdaf5b414d1135857f019.jpg,000000509733,61,Smartphone,mobile_phone,640,640,332,204,23.94,15.49,0.00090534814453125,True,0,2237939ea9c8ac21e0312ef4f1642a6b,1,Computer-Mouse; Laptop,True,True,False,False,False,332,204,355.94,219.49,pending_review
UNUM00842,UNU-KEY E-Waste Dataset v44,CC BY 4.0,train,16118,10935,maxresdefault_jpg.rf.e7454feeeddf9b04c06da36b13cc2fd2.jpg,maxresdefault,61,Smartphone,mobile_phone,640,640,321,183,201.813,340.48,0.16775705625,True,0,856c190dbf428865c24c955af0ede843,2,,False,False,False,True,False,321,183,522.813,523.48,pending_review
UNUM00843,UNU-KEY E-Waste Dataset v44,CC BY 4.0,train,16119,10935,maxresdefault_jpg.rf.e7454feeeddf9b04c06da36b13cc2fd2.jpg,maxresdefault,61,Smartphone,mobile_phone,640,640,109,203,187.307,329.173,0.15052833767333984,True,0,856c190dbf428865c24c955af0ede843,2,,False,False,False,True,False,109,203,296.307,532.173,pending_review
UNUM00844,UNU-KEY E-Waste Dataset v44,CC BY 4.0,train,16122,10938,iphone-410324_1280_jpeg.rf.e7c8b4483c6a85fc9aedd2bcc50c888c.jpg,iphone-410324_1280,61,Smartphone,mobile_phone,640,640,169,144,248.0,321.5,0.194658203125,True,0,77a02aefcddd54ed7cea8211317a113d,1,,False,False,False,False,False,169,144,417.0,465.5,pending_review
UNUM00845,UNU-KEY E-Waste Dataset v44,CC BY 4.0,train,16144,10959,480_jpg.rf.e832ec7e74748f37c5158ef5c82e368e.jpg,480,61,Smartphone,mobile_phone,640,640,154,61,345.0,444.0,0.373974609375,False,0,43c85ab0471c11222e3b91597823ba59,1,,False,False,False,False,True,154,61,499.0,505.0,pending_review
UNUM00846,UNU-KEY E-Waste Dataset v44,CC BY 4.0,train,16171,10979,313_jpeg.rf.e8894a258f1f6350100f31767cacf1ea.jpg,313,61,Smartphone,mobile_phone,640,640,487,387,153.0,112.0,0.0418359375,False,0,4978954d2bc891dad79b2e3250926431,1,Laptop,True,False,False,False,True,487,387,640.0,499.0,pending_review
UNUM00847,UNU-KEY E-Waste Dataset v44,CC BY 4.0,train,16221,11020,83_jpg.rf.e984ffe96a07c5f95a8ca94fd2876fa8.jpg,83,61,Smartphone,mobile_phone,640,640,0,215,640.0,279.207,0.43626093749999995,True,0,a8c1735e985cae4119f9289f34446d20,1,,False,False,False,False,False,0,215,640.0,494.207,pending_review
UNUM00848,UNU-KEY E-Waste Dataset v44,CC BY 4.0,train,16266,11049,49abd03222309c69_jpg.rf.e9aa8907d625ce8a4058fa18e1099fde.jpg,49abd03222309c69,61,Smartphone,mobile_phone,640,640,139,45,472.0,595.0,0.68564453125,False,0,1be23cda0bce4b5ce80c3cbee338131e,1,,False,False,False,False,False,139,45,611.0,640.0,pending_review
UNUM00849,UNU-KEY E-Waste Dataset v44,CC BY 4.0,train,16286,11065,557_jpg.rf.ea30d8a35b4d7b1ab7e1624d5fff33b2.jpg,557,61,Smartphone,mobile_phone,640,640,146,55,354.0,433.0,0.3742236328125,False,0,3d55c968e5135f1836c1f1d97b1ab205,1,,False,False,False,False,False,146,55,500.0,488.0,pending_review
UNUM00850,UNU-KEY E-Waste Dataset v44,CC BY 4.0,train,16311,11090,549_jpeg.rf.ea8490ff2d81092681f3670d9e9d1c80.jpg,549,61,Smartphone,mobile_phone,640,640,170,84,260.0,387.0,0.245654296875,False,0,26971a29444d1e3599126edfe1dff5fc,1,,False,False,False,False,False,170,84,430.0,471.0,pending_review
UNUM00851,UNU-KEY E-Waste Dataset v44,CC BY 4.0,train,16351,11128,IMG_20200329_152720_jpg.rf.eb888847407b4a78ad41791058e58f77.jpg,IMG_20200329_152720,61,Smartphone,mobile_phone,640,640,146,435,125.0,194.0,0.0592041015625,False,0,c9c05e825303842666c93ff58c536968,2,Laptop,True,False,False,True,False,146,435,271.0,629.0,pending_review
UNUM00852,UNU-KEY E-Waste Dataset v44,CC BY 4.0,train,16352,11128,IMG_20200329_152720_jpg.rf.eb888847407b4a78ad41791058e58f77.jpg,IMG_20200329_152720,61,Smartphone,mobile_phone,640,640,370,443,130.0,187.0,0.0593505859375,False,0,c9c05e825303842666c93ff58c536968,2,Laptop,True,False,False,True,False,370,443,500.0,630.0,pending_review
UNUM00853,UNU-KEY E-Waste Dataset v44,CC BY 4.0,train,16381,11144,506_jpeg.rf.ec17ec2e20a605945035dc8a46780cd7.jpg,506,61,Smartphone,mobile_phone,640,640,156,18,330.0,612.0,0.49306640625,False,0,bd52ee11d2868c44fe7e9f23e7c3e040,1,,False,False,False,False,False,156,18,486.0,630.0,pending_review
UNUM00854,UNU-KEY E-Waste Dataset v44,CC BY 4.0,train,16395,11155,554_jpg.rf.ec353d859a52511e58a2565b98940bf5.jpg,554,61,Smartphone,mobile_phone,640,640,141,17,359.0,522.0,0.4575146484375,False,0,97f257642795281bb9b6761006a94d45,1,,False,False,False,False,False,141,17,500.0,539.0,pending_review
UNUM00855,UNU-KEY E-Waste Dataset v44,CC BY 4.0,train,16401,11161,503_jpeg.rf.ec825a8909c3d565ba470f0a5e85b884.jpg,503,61,Smartphone,mobile_phone,640,640,192,63,205.0,397.0,0.19869384765625,False,0,990a4cdf5f844469ffed096b52eb2d28,1,,False,False,False,False,True,192,63,397.0,460.0,pending_review
UNUM00856,UNU-KEY E-Waste Dataset v44,CC BY 4.0,train,16429,11182,60e679ce95de7ee0_jpg.rf.ecb0382417087b2c11849258f1702315.jpg,60e679ce95de7ee0,61,Smartphone,mobile_phone,640,640,106,28,375.0,592.0,0.5419921875,False,0,3a211ec488c3247168a2e4c05e246b5f,1,,False,False,False,False,False,106,28,481.0,620.0,pending_review
UNUM00857,UNU-KEY E-Waste Dataset v44,CC BY 4.0,train,16443,11195,475_jpg.rf.ecbebf10ad4bcbe0c06d1553683ddda3.jpg,475,61,Smartphone,mobile_phone,640,640,4,150,615.0,181.0,0.27176513671875,False,0,57b69cb621c131903b1c5bccd8d1ec29,1,,False,False,False,False,False,4,150,619.0,331.0,pending_review
UNUM00858,UNU-KEY E-Waste Dataset v44,CC BY 4.0,train,16456,11199,550_jpg.rf.ecff0c0454e71f1331441019b74e9427.jpg,550,61,Smartphone,mobile_phone,640,640,158,99,323.0,408.0,0.32173828125,False,0,f909dee6f473d1149d4434a69263b8ee,1,,False,False,False,False,False,158,99,481.0,507.0,pending_review
UNUM00859,UNU-KEY E-Waste Dataset v44,CC BY 4.0,train,16461,11204,563_jpg.rf.ecfb0363528a6a825fbe1473c12d1d8f.jpg,563,61,Smartphone,mobile_phone,640,640,22,174,592.0,173.0,0.2500390625,False,0,f9042bfcae2fa9adb59b4e32b3e1ae32,1,,False,False,False,False,False,22,174,614.0,347.0,pending_review
UNUM00860,UNU-KEY E-Waste Dataset v44,CC BY 4.0,train,16492,11226,043c9868ec03c044_jpg.rf.ed11f3fe292026020e4f625021cf8161.jpg,043c9868ec03c044,61,Smartphone,mobile_phone,640,640,2,2,602.0,638.0,0.937685546875,False,0,46eb15312c5f26557c82d307a7962148,1,,False,False,True,False,False,2,2,604.0,640.0,pending_review
UNUM00861,UNU-KEY E-Waste Dataset v44,CC BY 4.0,train,16514,11245,490_jpeg.rf.edd885be344109ad5085b144c106a035.jpg,490,61,Smartphone,mobile_phone,640,640,241,160,155.0,245.0,0.09271240234375,False,0,0e389fe00eb86edd2f910d9fdf228338,1,,False,False,False,False,False,241,160,396.0,405.0,pending_review
UNUM00862,UNU-KEY E-Waste Dataset v44,CC BY 4.0,train,16519,11250,80be94930358effb_jpg.rf.edfc3b2a79e39d0176c59fdb7fac0947.jpg,80be94930358effb,61,Smartphone,mobile_phone,640,640,125,62,193.0,506.0,0.2384228515625,False,0,fee523ea8f323ff89b92a726a619e9a4,2,,False,False,False,True,False,125,62,318.0,568.0,pending_review
UNUM00863,UNU-KEY E-Waste Dataset v44,CC BY 4.0,train,16520,11250,80be94930358effb_jpg.rf.edfc3b2a79e39d0176c59fdb7fac0947.jpg,80be94930358effb,61,Smartphone,mobile_phone,640,640,342,66,204.0,514.0,0.25599609375,False,0,fee523ea8f323ff89b92a726a619e9a4,2,,False,False,False,True,False,342,66,546.0,580.0,pending_review
UNUM00864,UNU-KEY E-Waste Dataset v44,CC BY 4.0,train,16528,11258,67_jpg.rf.ede619161eff9715e20fe7371b559bf3.jpg,67,61,Smartphone,mobile_phone,640,640,48,189,506.144,243.66,0.3010914234375,True,0,c4f4a1a759c720ef3cdfca6b71cf001f,1,,False,False,False,False,False,48,189,554.144,432.65999999999997,pending_review
UNUM00865,UNU-KEY E-Waste Dataset v44,CC BY 4.0,train,16536,11266,aa477c2ba30dba64_jpg.rf.ee00c98ca0c16f34ae50bdbd12aebca5.jpg,aa477c2ba30dba64,61,Smartphone,mobile_phone,640,640,130,92,377.0,464.0,0.4270703125,False,0,7c02dc5b93b4ab86b86f19e412d5cc6f,1,,False,False,False,False,False,130,92,507.0,556.0,pending_review
UNUM00866,UNU-KEY E-Waste Dataset v44,CC BY 4.0,train,16556,11283,539_jpeg.rf.65ba9af0ef0f152191dc87a100c81ec1.jpg,539,61,Smartphone,mobile_phone,640,640,38,184,587.0,329.0,0.47149169921875,False,0,60104d648b671672ef7724d48d8a220c,1,,False,False,False,False,True,38,184,625.0,513.0,pending_review
UNUM00867,UNU-KEY E-Waste Dataset v44,CC BY 4.0,train,16680,11343,IMG_20200329_152836_jpg.rf.66de1510fd6c566a5381b6613dfbe315.jpg,IMG_20200329_152836,61,Smartphone,mobile_phone,640,640,195,434,135.0,97.0,0.03197021484375,False,0,6f5df7664640aa9d33a73a1b6e499bb5,2,Laptop,True,False,False,True,False,195,434,330.0,531.0,pending_review
UNUM00868,UNU-KEY E-Waste Dataset v44,CC BY 4.0,train,16681,11343,IMG_20200329_152836_jpg.rf.66de1510fd6c566a5381b6613dfbe315.jpg,IMG_20200329_152836,61,Smartphone,mobile_phone,640,640,80,404,76.0,148.0,0.0274609375,False,0,6f5df7664640aa9d33a73a1b6e499bb5,2,Laptop,True,False,False,True,False,80,404,156.0,552.0,pending_review
UNUM00869,UNU-KEY E-Waste Dataset v44,CC BY 4.0,train,16686,11348,5b25d72fd2ff99e7e2dcf5e4dd7bf3c0_jpeg.rf.66dc3d32402b8c6c138c318441dff0a5.jpg,5b25d72fd2ff99e7e2dcf5e4dd7bf3c0,61,Smartphone,mobile_phone,640,640,211,9,286.933,617.067,0.43226778689208983,True,0,41a7ab681695f0fe5d5586920b092d3f,1,,False,False,False,False,False,211,9,497.933,626.067,pending_review
UNUM00870,UNU-KEY E-Waste Dataset v44,CC BY 4.0,train,16735,11381,WhatsApp-Video-2023-09-09-at-10_00_52-PM_mp4-45_jpg.rf.6794dabbf7dc2d03408ae10a1a0cb8b3.jpg,WhatsApp-Video-2023-09-09-at-10_00_52-PM_mp4-45,2,Bar-Phone,mobile_phone,640,640,345,203,139.0,343.0,0.11639892578125,False,0,1b7dee4fbedc5c3b8fec78e7c3f802f9,1,,False,False,False,False,False,345,203,484.0,546.0,pending_review
UNUM00871,UNU-KEY E-Waste Dataset v44,CC BY 4.0,train,16766,11393,000000503943_jpg.rf.67b40657295aac3120e958b0e06e83ef.jpg,000000503943,2,Bar-Phone,mobile_phone,640,640,340,365,94.861,63.718,0.01475672167480469,True,0,587686b3da67c9b4a7437d08d1c8bf07,1,Computer-Mouse; Flat-Panel-Monitor; Laptop,True,True,False,False,False,340,365,434.861,428.718,pending_review
UNUM00872,UNU-KEY E-Waste Dataset v44,CC BY 4.0,train,16772,11396,609a400cf7d13377_jpg.rf.67c59fd5117817a89b9dcb60bbe56600.jpg,609a400cf7d13377,61,Smartphone,mobile_phone,640,640,114,12,407.0,625.0,0.62103271484375,False,0,3435492c71f1284ad7bdc095daf8604a,1,,False,False,False,False,False,114,12,521.0,637.0,pending_review
UNUM00873,UNU-KEY E-Waste Dataset v44,CC BY 4.0,train,16779,11399,cd5187a94735e1e5_jpg.rf.67c876ef2d52f495097f6e3f753921c3.jpg,cd5187a94735e1e5,61,Smartphone,mobile_phone,640,640,168,4,308.0,636.0,0.4782421875,False,0,2ffa89fe22c46a1abc4ced89d0b90e5f,1,,False,False,False,False,False,168,4,476.0,640.0,pending_review
UNUM00874,UNU-KEY E-Waste Dataset v44,CC BY 4.0,train,16793,11412,548_jpeg.rf.67d6879cc169f24982b627c300402ff4.jpg,548,61,Smartphone,mobile_phone,640,640,169,71,287.0,473.0,0.33142333984375,False,0,53da8093ffa80c6cd599c7c1028bba4b,1,,False,False,False,False,True,169,71,456.0,544.0,pending_review
UNUM00875,UNU-KEY E-Waste Dataset v44,CC BY 4.0,train,16844,11449,518_jpg.rf.68bc0c24c6b96d7ec7794cbec8b034f5.jpg,518,61,Smartphone,mobile_phone,640,640,142,86,351.0,377.0,0.32306396484375,False,0,a52366293f3793d44ffe234d0c7d12a4,1,,False,False,False,False,True,142,86,493.0,463.0,pending_review
UNUM00876,UNU-KEY E-Waste Dataset v44,CC BY 4.0,train,16890,11484,521_jpeg.rf.6971a1bd22b766f66f7423ce20bcd438.jpg,521,61,Smartphone,mobile_phone,640,640,179,65,310.0,560.0,0.423828125,False,0,a86c3878da949aa7e526cf5bcdf3b5d4,1,,False,False,False,False,False,179,65,489.0,625.0,pending_review
UNUM00877,UNU-KEY E-Waste Dataset v44,CC BY 4.0,train,16918,11509,IMG_20200328_131708_jpg.rf.69a5bae07ae7b04d39c8f80fc6ff4f40.jpg,IMG_20200328_131708,61,Smartphone,mobile_phone,640,640,162,114,180.0,272.0,0.11953125,False,0,5deaf228b5617b0df75cb00bb124f2e5,1,,False,False,False,False,False,162,114,342.0,386.0,pending_review
UNUM00878,UNU-KEY E-Waste Dataset v44,CC BY 4.0,train,16932,11519,29_jpg.rf.6a477499ce9ca5e17c2aeb44f9a59294.jpg,29,61,Smartphone,mobile_phone,640,640,147,74,400.0,506.667,0.4947919921875,True,0,bdfb463cebf2d0b62aab2a55d7935a7d,1,,False,False,False,False,False,147,74,547.0,580.6669999999999,pending_review
UNUM00879,UNU-KEY E-Waste Dataset v44,CC BY 4.0,train,17090,11612,WhatsApp-Video-2023-09-09-at-10_00_52-PM_mp4-46_jpg.rf.6c2d5c8dffaf4a99d9527c1c83a732ae.jpg,WhatsApp-Video-2023-09-09-at-10_00_52-PM_mp4-46,2,Bar-Phone,mobile_phone,640,640,354,201,135.0,345.0,0.11370849609375,False,0,42f5540571bb80aacdb6b36f8375b39d,1,,False,False,False,False,False,354,201,489.0,546.0,pending_review
UNUM00880,UNU-KEY E-Waste Dataset v44,CC BY 4.0,train,17093,11615,453_jpeg.rf.6c310bafae9d8ee3b69efe588601a980.jpg,453,61,Smartphone,mobile_phone,640,640,148,196,163.0,293.0,0.11659912109375,False,0,f05d6ff645b8155e5c112f163e10c192,2,,False,False,False,True,True,148,196,311.0,489.0,pending_review
UNUM00881,UNU-KEY E-Waste Dataset v44,CC BY 4.0,train,17094,11615,453_jpeg.rf.6c310bafae9d8ee3b69efe588601a980.jpg,453,61,Smartphone,mobile_phone,640,640,308,199,161.0,298.0,0.1171337890625,False,0,f05d6ff645b8155e5c112f163e10c192,2,,False,False,False,True,True,308,199,469.0,497.0,pending_review
UNUM00882,UNU-KEY E-Waste Dataset v44,CC BY 4.0,train,17107,11625,381265924-800x600_jpeg.rf.6c3cfe9d1b61fd2ddf9b6355e32bab24.jpg,381265924-800x600,61,Smartphone,mobile_phone,640,640,193,225,98.133,183.467,0.04395548611083984,True,0,07a8f100d45d2db22cce79a98e7a3da4,1,,False,False,False,False,False,193,225,291.133,408.467,pending_review
UNUM00883,UNU-KEY E-Waste Dataset v44,CC BY 4.0,train,17132,11644,3_jpg.rf.6cc613907fa42cf953fb1e9850ae0230.jpg,3,61,Smartphone,mobile_phone,640,640,141,68,281.232,484.928,0.33295232250000006,True,0,113ab18b82c6841f8a898b76f451d40c,1,,False,False,False,False,False,141,68,422.232,552.928,pending_review
UNUM00884,UNU-KEY E-Waste Dataset v44,CC BY 4.0,train,17180,11682,000000329566_jpg.rf.6d27bd90d01ef0527a37e25092187c9b.jpg,000000329566,2,Bar-Phone,mobile_phone,640,640,189,453,136.666,72.64,0.024236860937499997,True,0,c2b1fc7366debf7d75c6d4e7dad4a434,1,Computer-Mouse; Laptop,True,False,False,False,False,189,453,325.666,525.64,pending_review
UNUM00885,UNU-KEY E-Waste Dataset v44,CC BY 4.0,train,17186,11686,661c1e47fc85b584_jpg.rf.6d37e5f5cad7c86118362597b68ea8f6.jpg,661c1e47fc85b584,61,Smartphone,mobile_phone,640,640,169,142,466.0,341.0,0.3879541015625,False,0,ee889c1570a2d1f4e3a8ddc484d2acb3,1,,False,False,False,False,False,169,142,635.0,483.0,pending_review
UNUM00886,UNU-KEY E-Waste Dataset v44,CC BY 4.0,train,17193,11693,4ac75cbd879d0598_jpg.rf.6d5e43929ed060faa0592b23c005bc46.jpg,4ac75cbd879d0598,61,Smartphone,mobile_phone,640,640,136,15,375.0,597.0,0.54656982421875,False,0,3d57e8b0b1bff3a83c1d52fc39cc46df,1,,False,False,False,False,False,136,15,511.0,612.0,pending_review
UNUM00887,UNU-KEY E-Waste Dataset v44,CC BY 4.0,train,17252,11730,547_jpeg.rf.6e5ad8d8f614bcb3896a5ccd631d148e.jpg,547,61,Smartphone,mobile_phone,640,640,200,146,212.0,345.0,0.178564453125,False,0,1896fabb97efaedca79ff6e05f501f1a,1,,False,False,False,False,True,200,146,412.0,491.0,pending_review
UNUM00888,UNU-KEY E-Waste Dataset v44,CC BY 4.0,train,17282,11757,e914e3db43989a58_jpg.rf.6eac140995288e104a6fe1ac923ca3fc.jpg,e914e3db43989a58,61,Smartphone,mobile_phone,640,640,138,85,442.0,475.0,0.5125732421875,False,0,30d97ead8ad034d7fa597656737c8b99,1,,False,False,False,False,False,138,85,580.0,560.0,pending_review
UNUM00889,UNU-KEY E-Waste Dataset v44,CC BY 4.0,train,17284,11759,levanten-mobilephones-hero-3-m_jpeg.rf.6efea367d64adbd55984d7850dad206e.jpg,levanten-mobilephones-hero-3-m,61,Smartphone,mobile_phone,640,640,118,344,260.741,247.111,0.15730461242919921,True,0,f81d980407bd211381693d88a7155479,2,,False,False,False,True,False,118,344,378.741,591.111,pending_review
UNUM00890,UNU-KEY E-Waste Dataset v44,CC BY 4.0,train,17285,11759,levanten-mobilephones-hero-3-m_jpeg.rf.6efea367d64adbd55984d7850dad206e.jpg,levanten-mobilephones-hero-3-m,61,Smartphone,mobile_phone,640,640,286,295,238.815,241.778,0.14096731706542967,True,0,f81d980407bd211381693d88a7155479,2,,False,False,False,True,False,286,295,524.815,536.778,pending_review
UNUM00891,UNU-KEY E-Waste Dataset v44,CC BY 4.0,train,17308,11777,front-back-view-mobile-phone_23-2147698196_jpg.rf.6eeeca5565043cbccc5515bde816a0e4.jpg,front-back-view-mobile-phone_23-2147698196,61,Smartphone,mobile_phone,640,640,82,88,234.121,468.243,0.26764042822998046,True,0,3fa9bbfffd5aadf64589b2f9d7008339,1,,False,False,False,False,False,82,88,316.121,556.2429999999999,pending_review
UNUM00892,UNU-KEY E-Waste Dataset v44,CC BY 4.0,train,17347,11804,IMG_20200329_152752_jpg.rf.6f5f64fb8bde7ad9b47577ebd0d00ff3.jpg,IMG_20200329_152752,61,Smartphone,mobile_phone,640,640,115,113,187.0,144.0,0.0657421875,False,0,5c207aebd08d2ab6265fc7479ec4a406,2,Laptop,True,False,False,True,False,115,113,302.0,257.0,pending_review
UNUM00893,UNU-KEY E-Waste Dataset v44,CC BY 4.0,train,17348,11804,IMG_20200329_152752_jpg.rf.6f5f64fb8bde7ad9b47577ebd0d00ff3.jpg,IMG_20200329_152752,61,Smartphone,mobile_phone,640,640,356,85,152.0,179.0,0.06642578125,False,0,5c207aebd08d2ab6265fc7479ec4a406,2,Laptop,True,False,False,True,False,356,85,508.0,264.0,pending_review
UNUM00894,UNU-KEY E-Waste Dataset v44,CC BY 4.0,train,17352,11808,528_jpeg.rf.6f9d0df6c034cbfecce97de60752040a.jpg,528,61,Smartphone,mobile_phone,640,640,264,251,128.0,225.0,0.0703125,False,0,707da1dfff32595d6d050360a6f4c99f,1,,False,False,False,False,True,264,251,392.0,476.0,pending_review
UNUM00895,UNU-KEY E-Waste Dataset v44,CC BY 4.0,train,17392,11841,513_jpg.rf.7032b364968500f991284f9983e8fa6a.jpg,513,61,Smartphone,mobile_phone,640,640,18,179,622.0,253.0,0.3841943359375,False,0,9f6c5f8795a6e9a649fe565493df3127,1,,False,False,False,False,True,18,179,640.0,432.0,pending_review
UNUM00896,UNU-KEY E-Waste Dataset v44,CC BY 4.0,train,17419,11864,508_jpeg.rf.7096c4f68ce3c204990f42d75a04c74c.jpg,508,61,Smartphone,mobile_phone,640,640,126,112,283.0,523.0,0.36135009765625,False,0,58ddca9a814d41b06afb98fcb74828fc,1,,False,False,False,False,True,126,112,409.0,635.0,pending_review
UNUM00897,UNU-KEY E-Waste Dataset v44,CC BY 4.0,train,17467,11904,457_jpeg.rf.7128ad937dd22ee828fd729e60a6717c.jpg,457,61,Smartphone,mobile_phone,640,640,144,74,375.0,524.0,0.479736328125,False,0,de96ab23138fca1f332a216deb20fd96,1,,False,False,False,False,False,144,74,519.0,598.0,pending_review
UNUM00898,UNU-KEY E-Waste Dataset v44,CC BY 4.0,train,17547,11952,WhatsApp-Video-2023-09-09-at-10_00_52-PM_mp4-35_jpg.rf.71f0a5a388d7d8bbc3d6bdde76a53773.jpg,WhatsApp-Video-2023-09-09-at-10_00_52-PM_mp4-35,2,Bar-Phone,mobile_phone,640,640,213,181,164.0,369.0,0.147744140625,False,0,eba20a0fbb24dd25104ca7cbb87d7107,1,,False,False,False,False,False,213,181,377.0,550.0,pending_review
UNUM00899,UNU-KEY E-Waste Dataset v44,CC BY 4.0,train,17556,11960,382649710-800x600_jpeg.rf.725618ee7a214f8e6e2b0f0b443ca474.jpg,382649710-800x600,61,Smartphone,mobile_phone,640,640,101,210,144.69,298.987,0.10561628181152344,True,0,51c4c6f01a29f53abf319164c94b281b,1,,False,False,False,False,False,101,210,245.69,508.987,pending_review
UNUM00900,UNU-KEY E-Waste Dataset v44,CC BY 4.0,train,17570,11971,Samsung-Galaxy-S23-Ultra-hands-on-10_jpeg.rf.72d758e28edbc7a39a28c8ec3bc5874e.jpg,Samsung-Galaxy-S23-Ultra-hands-on-10,61,Smartphone,mobile_phone,640,640,241,174,161.333,303.333,0.11947661838134767,True,0,c976eaf8ddaa3690d1cb803b0fd4c844,1,,False,False,False,False,False,241,174,402.33299999999997,477.333,pending_review
UNUM00901,UNU-KEY E-Waste Dataset v44,CC BY 4.0,train,17571,11972,505_jpeg.rf.72cb7f3fbe861111e23c1f230d07d754.jpg,505,61,Smartphone,mobile_phone,640,640,205,157,233.0,431.0,0.24517333984375,False,0,e4575e89ad1df49db44dd05899c7407b,1,,False,False,False,False,False,205,157,438.0,588.0,pending_review
UNUM00902,UNU-KEY E-Waste Dataset v44,CC BY 4.0,train,17572,11973,Copy-of-IMG_20200328_135222_jpg.rf.727a3d05645ffb0a5aa4fe167881be9c.jpg,Copy-of-IMG_20200328_135222,61,Smartphone,mobile_phone,640,640,169,58,292.0,515.0,0.367138671875,False,0,176180a96cfced2a3f4e2ae93fefb5aa,1,,False,False,False,False,False,169,58,461.0,573.0,pending_review
UNUM00903,UNU-KEY E-Waste Dataset v44,CC BY 4.0,train,17574,11975,WhatsApp-Video-2023-09-09-at-10_00_52-PM_mp4-28_jpg.rf.72b7bca05a2b01af194fcc4405221ccd.jpg,WhatsApp-Video-2023-09-09-at-10_00_52-PM_mp4-28,2,Bar-Phone,mobile_phone,640,640,169,177,149.0,355.0,0.12913818359375,False,0,fdcb5db6227235280c379d5bb0ca1362,1,,False,False,False,False,False,169,177,318.0,532.0,pending_review
UNUM00904,UNU-KEY E-Waste Dataset v44,CC BY 4.0,train,17581,11982,595_jpeg_jpg.rf.729c3d8fb6002caade4de223386c0f53.jpg,595_jpeg,61,Smartphone,mobile_phone,640,640,22,194,569.0,313.0,0.43480712890625,False,0,51757571b206f49735d38d6d88bbad1e,1,,False,False,False,False,False,22,194,591.0,507.0,pending_review
UNUM00905,UNU-KEY E-Waste Dataset v44,CC BY 4.0,train,17597,11995,000000426355_jpg.rf.72f6e92cb70a73d4638fea5b1bf1924b.jpg,000000426355,61,Smartphone,mobile_phone,640,640,28,246,185.95,128.64,0.05839992187499999,True,0,bb80a5499c511dabafd23d7445e53388,1,Flat-Panel-Monitor; Laptop; Microwave; Oven,True,False,False,False,False,28,246,213.95,374.64,pending_review
UNUM00906,UNU-KEY E-Waste Dataset v44,CC BY 4.0,train,17602,11998,57_jpg.rf.7305d80dc11f042a924113dea38531eb.jpg,57,61,Smartphone,mobile_phone,640,640,0,156,566.826,313.447,0.4337644268115235,True,0,21397185087306f059eae3cd010fef3a,1,,False,False,False,False,False,0,156,566.826,469.447,pending_review
UNUM00907,UNU-KEY E-Waste Dataset v44,CC BY 4.0,train,17613,12006,519_jpeg.rf.735d2c92db1f4337489a2a6571275831.jpg,519,61,Smartphone,mobile_phone,640,640,185,77,304.0,545.0,0.4044921875,False,0,5acdf4e93ff3963e5858894f4167b913,1,,False,False,False,False,True,185,77,489.0,622.0,pending_review
UNUM00908,UNU-KEY E-Waste Dataset v44,CC BY 4.0,train,17640,12027,IMG_20200329_152649_jpg.rf.734a5c0840df99004924f88f5831a393.jpg,IMG_20200329_152649,61,Smartphone,mobile_phone,640,640,218,435,99.0,191.0,0.04616455078125,False,0,888dafeb472b97358e0dc54b4415f2f7,2,Laptop,True,False,False,True,True,218,435,317.0,626.0,pending_review
UNUM00909,UNU-KEY E-Waste Dataset v44,CC BY 4.0,train,17641,12027,IMG_20200329_152649_jpg.rf.734a5c0840df99004924f88f5831a393.jpg,IMG_20200329_152649,61,Smartphone,mobile_phone,640,640,318,433,108.0,183.0,0.048251953125,False,0,888dafeb472b97358e0dc54b4415f2f7,2,Laptop,True,False,False,True,True,318,433,426.0,616.0,pending_review
UNUM00910,UNU-KEY E-Waste Dataset v44,CC BY 4.0,train,17645,12031,580_jpeg.rf.73b2dd6f3c24a55fc454d0475f3f6b3f.jpg,580,61,Smartphone,mobile_phone,640,640,66,160,566.0,293.0,0.4048779296875,False,0,c56045c52608a6f077f79498720d9b39,1,,False,False,False,False,False,66,160,632.0,453.0,pending_review
UNUM00911,UNU-KEY E-Waste Dataset v44,CC BY 4.0,train,17647,12033,e7fd02e288a7edc4_jpg.rf.73cbabe0e2a169f072aee3419b8c38ed.jpg,e7fd02e288a7edc4,61,Smartphone,mobile_phone,640,640,163,27,310.0,613.0,0.4639404296875,False,0,1f605414d27969349c20155defaeec7c,1,,False,False,False,False,False,163,27,473.0,640.0,pending_review
UNUM00912,UNU-KEY E-Waste Dataset v44,CC BY 4.0,train,17657,12043,459_jpeg.rf.7409bea1aee4bb1f2b7562abfc6d5bdd.jpg,459,61,Smartphone,mobile_phone,640,640,137,2,309.0,624.0,0.4707421875,False,0,a4b2aad2da22e3e5b77bc888661b5be6,1,,False,False,False,False,True,137,2,446.0,626.0,pending_review
UNUM00913,UNU-KEY E-Waste Dataset v44,CC BY 4.0,train,17677,12058,Copy-of-IMG_20200328_135230_jpg.rf.7457b2a062dc44d92dc79c694d195ffb.jpg,Copy-of-IMG_20200328_135230,61,Smartphone,mobile_phone,640,640,161,110,274.0,469.0,0.3137353515625,False,0,c0315064811d755bfb782024b8e47500,1,,False,False,False,False,False,161,110,435.0,579.0,pending_review
UNUM00914,UNU-KEY E-Waste Dataset v44,CC BY 4.0,train,17685,12064,576_jpeg.rf.743e2ec6e3df5803877c1794ccf2b5cd.jpg,576,61,Smartphone,mobile_phone,640,640,172,172,263.0,468.0,0.300498046875,False,0,f468b91f38a18365a7d69d1406d78f9a,1,,False,False,False,False,False,172,172,435.0,640.0,pending_review
UNUM00915,UNU-KEY E-Waste Dataset v44,CC BY 4.0,train,17715,12087,16ae96ebe17d3064_jpg.rf.74c3352700ccb0df114441ef7f074e31.jpg,16ae96ebe17d3064,61,Smartphone,mobile_phone,640,640,60,55,270.0,379.0,0.2498291015625,False,0,198c1fd5226a6fcea22d8a4b41b6b136,2,,False,False,False,True,False,60,55,330.0,434.0,pending_review
UNUM00916,UNU-KEY E-Waste Dataset v44,CC BY 4.0,train,17716,12087,16ae96ebe17d3064_jpg.rf.74c3352700ccb0df114441ef7f074e31.jpg,16ae96ebe17d3064,61,Smartphone,mobile_phone,640,640,319,99,229.0,445.0,0.24879150390625,False,0,198c1fd5226a6fcea22d8a4b41b6b136,2,,False,False,False,True,False,319,99,548.0,544.0,pending_review
UNUM00917,UNU-KEY E-Waste Dataset v44,CC BY 4.0,train,17720,12090,000000389667_jpg.rf.74fc83862f27e45233d0b2b1b5e1ece2.jpg,000000389667,2,Bar-Phone,mobile_phone,640,640,77,327,88.41,86.29,0.018625241455078125,True,0,e31ee8eea4ed7979821743e79c367ffe,1,Computer-Keyboard; Computer-Mouse; Flat-Panel-Monitor; Laptop,True,True,False,False,False,77,327,165.41,413.29,pending_review
UNUM00918,UNU-KEY E-Waste Dataset v44,CC BY 4.0,train,17728,12092,75_jpg.rf.74f53529973e736af40656ee56597346.jpg,75,61,Smartphone,mobile_phone,640,640,114,136,409.859,426.667,0.4269367918774414,True,0,e5e118fc91be4e55601c811714cedaca,1,,False,False,False,False,False,114,136,523.8589999999999,562.6669999999999,pending_review
UNUM00919,UNU-KEY E-Waste Dataset v44,CC BY 4.0,train,17734,12098,84_jpg.rf.7526b97312d48a83d22195514328443c.jpg,84,61,Smartphone,mobile_phone,640,640,2,153,629.251,354.729,0.544955024362793,True,0,9caa478d29fa0e80abebd80d6b0a378f,1,,False,False,False,False,False,2,153,631.251,507.729,pending_review
UNUM00920,UNU-KEY E-Waste Dataset v44,CC BY 4.0,train,17783,12142,556_jpg.rf.75fa04ff82b1070cc67ae6e5e55e2a7e.jpg,556,61,Smartphone,mobile_phone,640,640,6,159,620.0,161.0,0.243701171875,False,0,2311708b200e09a9f77aaeaf6f6f916e,1,,False,False,False,False,False,6,159,626.0,320.0,pending_review
UNUM00921,UNU-KEY E-Waste Dataset v44,CC BY 4.0,train,17789,12143,000000456658_jpg.rf.75bf1fd4675d859778ac41ace7930e45.jpg,000000456658,2,Bar-Phone,mobile_phone,640,640,113,170,20.61,34.22,0.0017218608398437499,True,0,268013fbac05becbe0473817040da8e7,1,Computer-Keyboard; Computer-Mouse; Flat-Panel-Monitor; Laptop,True,True,False,False,False,113,170,133.61,204.22,pending_review
UNUM00922,UNU-KEY E-Waste Dataset v44,CC BY 4.0,train,17841,12183,371845893907308e_jpg.rf.76e4db40aeeb2f56e68aa1e6b2a8ece9.jpg,371845893907308e,61,Smartphone,mobile_phone,640,640,47,336,83.0,105.0,0.02127685546875,False,0,987966ed2c5c2107054f6c04b9067cd5,1,,False,False,False,False,False,47,336,130.0,441.0,pending_review
UNUM00923,UNU-KEY E-Waste Dataset v44,CC BY 4.0,train,17868,12194,000000393692_jpg.rf.772153318176f0edcb19515cca11f7d8.jpg,000000393692,61,Smartphone,mobile_phone,640,640,416,372,76.51,49.56,0.0092574111328125,True,0,c803b7d31a00270c683b2cf72f1fe088,1,Computer-Mouse; Laptop,True,True,False,False,False,416,372,492.51,421.56,pending_review
UNUM00924,UNU-KEY E-Waste Dataset v44,CC BY 4.0,train,17889,12208,apple-iphone-14-pakistan-priceoye-3j7db_jpeg.rf.77a61e92134787606cd8d46920dda029.jpg,apple-iphone-14-pakistan-priceoye-3j7db,61,Smartphone,mobile_phone,640,640,247,7,315.2,628.8,0.48388124999999993,True,0,05fad2f99e96091823266d68d5e8e8e5,2,,False,False,False,True,False,247,7,562.2,635.8,pending_review
UNUM00925,UNU-KEY E-Waste Dataset v44,CC BY 4.0,train,17890,12208,apple-iphone-14-pakistan-priceoye-3j7db_jpeg.rf.77a61e92134787606cd8d46920dda029.jpg,apple-iphone-14-pakistan-priceoye-3j7db,61,Smartphone,mobile_phone,640,640,90,7,172.0,619.0,0.259931640625,False,0,05fad2f99e96091823266d68d5e8e8e5,2,,False,False,False,True,False,90,7,262.0,626.0,pending_review
UNUM00926,UNU-KEY E-Waste Dataset v44,CC BY 4.0,train,18013,12301,482_jpg.rf.78e48ce53376bff3727665f7c157a8d2.jpg,482,61,Smartphone,mobile_phone,640,640,162,35,312.0,371.0,0.28259765625,False,0,b00707d1114c626df438911e8dc18be4,1,,False,False,False,False,True,162,35,474.0,406.0,pending_review
UNUM00927,UNU-KEY E-Waste Dataset v44,CC BY 4.0,train,18015,12303,477_jpg.rf.78d364da77d2a13e4c62917c3da11cfc.jpg,477,61,Smartphone,mobile_phone,640,640,142,67,354.0,447.0,0.3863232421875,False,0,ca33c823346233f3f0349e74bd4fb7fd,1,,False,False,False,False,False,142,67,496.0,514.0,pending_review
UNUM00928,UNU-KEY E-Waste Dataset v44,CC BY 4.0,train,18034,12314,13_jpg.rf.79113119e90c12ab653c4be5abd217b1.jpg,13,61,Smartphone,mobile_phone,640,640,10,202,605.0,278.0,0.4106201171875,True,0,111ddd0e6ccd121e979fb32544600c5b,1,,False,False,False,False,False,10,202,615.0,480.0,pending_review
UNUM00929,UNU-KEY E-Waste Dataset v44,CC BY 4.0,train,18060,12331,490_jpeg.rf.794b823654138e409b55be001838fcfc.jpg,490,61,Smartphone,mobile_phone,640,640,231,138,169.0,287.0,0.11841552734375,False,0,0e389fe00eb86edd2f910d9fdf228338,1,,False,False,False,False,False,231,138,400.0,425.0,pending_review
UNUM00930,UNU-KEY E-Waste Dataset v44,CC BY 4.0,train,18068,12338,1ovwUq99_jpeg.rf.7982e3df592835590ea4cc5153511911.jpg,1ovwUq99,61,Smartphone,mobile_phone,640,640,271,7,282.0,628.0,0.43236328125,False,0,0a0e8b8fa912efd624a58f131da71de5,2,,False,False,False,True,False,271,7,553.0,635.0,pending_review
UNUM00931,UNU-KEY E-Waste Dataset v44,CC BY 4.0,train,18069,12338,1ovwUq99_jpeg.rf.7982e3df592835590ea4cc5153511911.jpg,1ovwUq99,61,Smartphone,mobile_phone,640,640,85,6,184.0,634.0,0.2848046875,False,0,0a0e8b8fa912efd624a58f131da71de5,2,,False,False,False,True,False,85,6,269.0,640.0,pending_review
UNUM00932,UNU-KEY E-Waste Dataset v44,CC BY 4.0,train,18082,12348,50_jpg.rf.798e386a65473c702eec0e22c3e0904a.jpg,50,61,Smartphone,mobile_phone,640,640,200,131,229.316,450.293,0.2520981191113281,True,0,825e540efb526f45890eab590712f4a2,1,,False,False,False,False,False,200,131,429.31600000000003,581.293,pending_review
UNUM00933,UNU-KEY E-Waste Dataset v44,CC BY 4.0,train,18095,12360,525_jpeg.rf.79ff95027964d243337ce820caeb0ffa.jpg,525,61,Smartphone,mobile_phone,640,640,166,111,334.0,289.0,0.2356591796875,False,0,70067ed0eafcf7b6aed7d099a23c7266,1,,False,False,False,False,True,166,111,500.0,400.0,pending_review
UNUM00934,UNU-KEY E-Waste Dataset v44,CC BY 4.0,train,18096,12361,26d3a12b7c0e8399_jpg.rf.79c8203ba2b58ca676516b90cc81d06e.jpg,26d3a12b7c0e8399,61,Smartphone,mobile_phone,640,640,294,149,346.0,491.0,0.4147607421875,False,0,1a5b5c6685ef25d76008c7f80ebe0e5b,1,,False,False,False,False,False,294,149,640.0,640.0,pending_review
UNUM00935,UNU-KEY E-Waste Dataset v44,CC BY 4.0,train,18111,12373,522_jpeg.rf.7a36a776c3cab72b386fd568d2e26a61.jpg,522,61,Smartphone,mobile_phone,640,640,159,68,310.0,537.0,0.4064208984375,False,0,930491a5ff32cd02cebd8b3460ae4ec6,1,,False,False,False,False,False,159,68,469.0,605.0,pending_review
UNUM00936,UNU-KEY E-Waste Dataset v44,CC BY 4.0,train,18163,12407,best_android_smartphone_uk_2023_phones-1-_jpeg.rf.7ad4732864a524ec65773f31b2eac2cd.jpg,best_android_smartphone_uk_2023_phones-1-,61,Smartphone,mobile_phone,640,640,165,148,304.688,341.563,0.2540775081640625,True,0,e232dbfac55adf33e6a430b70a0283c2,1,,False,False,False,False,False,165,148,469.688,489.563,pending_review
UNUM00937,UNU-KEY E-Waste Dataset v44,CC BY 4.0,train,18208,12437,D82659115_INWLD_Redmi_A2_NewLaunch_inspire_catpage_1400x800_1_jpeg.rf.7b5b2b1ec95377f24c94f4365e6ce839.jpg,D82659115_INWLD_Redmi_A2_NewLaunch_inspire_catpage_1400x800_1,61,Smartphone,mobile_phone,640,640,312,297,63.086,138.971,0.021404112563476563,True,0,20262e53bfb216cea98f871c4edb8150,3,,False,False,False,True,False,312,297,375.086,435.971,pending_review
UNUM00938,UNU-KEY E-Waste Dataset v44,CC BY 4.0,train,18209,12437,D82659115_INWLD_Redmi_A2_NewLaunch_inspire_catpage_1400x800_1_jpeg.rf.7b5b2b1ec95377f24c94f4365e6ce839.jpg,D82659115_INWLD_Redmi_A2_NewLaunch_inspire_catpage_1400x800_1,61,Smartphone,mobile_phone,640,640,423,218,64.0,130.743,0.020428593749999998,True,0,20262e53bfb216cea98f871c4edb8150,3,,False,False,False,True,False,423,218,487.0,348.743,pending_review
UNUM00939,UNU-KEY E-Waste Dataset v44,CC BY 4.0,train,18210,12437,D82659115_INWLD_Redmi_A2_NewLaunch_inspire_catpage_1400x800_1_jpeg.rf.7b5b2b1ec95377f24c94f4365e6ce839.jpg,D82659115_INWLD_Redmi_A2_NewLaunch_inspire_catpage_1400x800_1,61,Smartphone,mobile_phone,640,640,506,304,66.286,142.171,0.02300768287597656,True,0,20262e53bfb216cea98f871c4edb8150,3,,False,False,False,True,False,506,304,572.2860000000001,446.171,pending_review
UNUM00940,UNU-KEY E-Waste Dataset v44,CC BY 4.0,train,18232,12456,00EDcS6T2lOI59kegAD7sVK-7-v1677164147_jpeg.rf.7ba73b86338ea9b571ce2d12d05b1440.jpg,00EDcS6T2lOI59kegAD7sVK-7-v1677164147,61,Smartphone,mobile_phone,640,640,239,155,161.0,329.0,0.12931884765625,True,0,39dc68565392d3200460a50159279d05,1,,False,False,False,False,False,239,155,400.0,484.0,pending_review
UNUM00941,UNU-KEY E-Waste Dataset v44,CC BY 4.0,train,18233,12457,000000232661_jpg.rf.7bd848bf68c15306b26c630b5837d252.jpg,000000232661,2,Bar-Phone,mobile_phone,640,640,40,424,46.438,27.392,0.00310554125,True,0,d17ed931414aa034f52a098f6b915f62,1,Computer-Mouse; Flat-Panel-Monitor; Laptop,True,True,False,False,False,40,424,86.438,451.392,pending_review
UNUM00942,UNU-KEY E-Waste Dataset v44,CC BY 4.0,train,18240,12460,496_jpeg.rf.7bfbdf96f3652f2cd74896f3c873e3f7.jpg,496,61,Smartphone,mobile_phone,640,640,214,131,242.0,376.0,0.2221484375,False,0,3afc74105c058752af458f5d3a531afe,1,,False,False,False,False,False,214,131,456.0,507.0,pending_review
UNUM00943,UNU-KEY E-Waste Dataset v44,CC BY 4.0,train,18245,12463,451_jpeg.rf.7bec8f24cd22934e6e68a5d033997d89.jpg,451,61,Smartphone,mobile_phone,640,640,199,78,270.0,435.0,0.2867431640625,False,0,14854af8aed13b1fff6309c45dac7978,1,,False,False,False,False,False,199,78,469.0,513.0,pending_review
UNUM00944,UNU-KEY E-Waste Dataset v44,CC BY 4.0,train,18249,12467,27_jpg.rf.7bfb142a3087cb325f72cacbeca3d21b.jpg,27,61,Smartphone,mobile_phone,640,640,73,110,409.351,429.091,0.42883015122314455,True,0,4cb675bab2ad8bb31ed9830c1f01210a,1,,False,False,False,False,False,73,110,482.351,539.091,pending_review
UNUM00945,UNU-KEY E-Waste Dataset v44,CC BY 4.0,train,18263,12480,542_jpeg.rf.7bfcd64bc4dd2150a3ee2d84cf0d8f0b.jpg,542,61,Smartphone,mobile_phone,640,640,168,171,313.0,428.0,0.327060546875,False,0,424392dc83ea8650c9744e58388d1c8e,1,,False,False,False,False,True,168,171,481.0,599.0,pending_review
UNUM00946,UNU-KEY E-Waste Dataset v44,CC BY 4.0,train,18268,12482,000000548423_jpg.rf.7c4a7751581ccfc69f78d5a5affc4e67.jpg,000000548423,61,Smartphone,mobile_phone,640,640,443,342,32.9,24.52,0.0019695019531249997,True,0,cf36a0540e83e5a1028f6f0af0f7a903,1,Computer-Mouse; Flat-Panel-Monitor; Laptop,True,True,False,False,False,443,342,475.9,366.52,pending_review
UNUM00947,UNU-KEY E-Waste Dataset v44,CC BY 4.0,train,18405,12540,OIP-8NBxSMLB30wsn9W0k_SrsAHaK__jpg.rf.7da5bd2bf460374ea84796e403856857.jpg,OIP-8NBxSMLB30wsn9W0k_SrsAHaK_,61,Smartphone,mobile_phone,640,640,194,61,255.369,526.502,0.32825265927246094,True,0,28e56f31710c80788965180afa917f10,1,,False,False,False,False,False,194,61,449.369,587.502,pending_review
UNUM00948,UNU-KEY E-Waste Dataset v44,CC BY 4.0,train,18421,12551,471_jpeg.rf.7dbcd754611288816a1dc5607428bc24.jpg,471,61,Smartphone,mobile_phone,640,640,162,43,307.0,551.0,0.41298095703125,False,0,d706d54e378531c99490541b4d0b6c4f,1,,False,False,False,False,True,162,43,469.0,594.0,pending_review
UNUM00949,UNU-KEY E-Waste Dataset v44,CC BY 4.0,train,18423,12553,100_jpg.rf.7dbfed90bd1c4319c228f72a80375226.jpg,100,61,Smartphone,mobile_phone,640,640,42,110,326.47,321.493,0.2562446770263672,True,0,ac999dc32d195ccd9a7d60c524fd3fd9,2,,False,False,False,True,False,42,110,368.47,431.493,pending_review
UNUM00950,UNU-KEY E-Waste Dataset v44,CC BY 4.0,train,18424,12553,100_jpg.rf.7dbfed90bd1c4319c228f72a80375226.jpg,100,61,Smartphone,mobile_phone,640,640,250,169,315.521,352.348,0.2714189289746094,True,0,ac999dc32d195ccd9a7d60c524fd3fd9,2,,False,False,False,True,False,250,169,565.521,521.348,pending_review
UNUM00951,UNU-KEY E-Waste Dataset v44,CC BY 4.0,train,18443,12569,4_jpg.rf.7df026c65b4b01001dc44f1d73ba5e2e.jpg,4,61,Smartphone,mobile_phone,640,640,220,47,233.034,474.512,0.269964427265625,True,0,140e4e8b94b76b777883033568258aeb,1,,False,False,False,False,False,220,47,453.034,521.512,pending_review
UNUM00952,UNU-KEY E-Waste Dataset v44,CC BY 4.0,train,18477,12587,000000197805_jpg.rf.7e614a788e0b06d3555a18f5cc5ff472.jpg,000000197805,61,Smartphone,mobile_phone,640,640,370,257,35.597,50.701,0.004406258537597656,True,0,a84fcc3f7f861034ed6519b2fca5e1fd,1,Computer-Keyboard; Computer-Mouse; Flat-Panel-Monitor; Laptop,True,True,False,False,False,370,257,405.597,307.701,pending_review
UNUM00953,UNU-KEY E-Waste Dataset v44,CC BY 4.0,train,18544,12633,7b3ecddfbafdc3d0_jpg.rf.7f456a9f792a9f0c9d25754c80cf479b.jpg,7b3ecddfbafdc3d0,61,Smartphone,mobile_phone,640,640,209,139,82.0,151.0,0.0302294921875,False,0,7a949db650466f2da25781e927ebdc73,1,,False,False,False,False,False,209,139,291.0,290.0,pending_review
UNUM00954,UNU-KEY E-Waste Dataset v44,CC BY 4.0,train,18558,12644,558_jpg.rf.7f6403e5bf9c645246cb067535397f24.jpg,558,61,Smartphone,mobile_phone,640,640,153,97,328.0,415.0,0.33232421875,False,0,dcb786cc4a37b19d582cad3cbada01da,1,,False,False,False,False,False,153,97,481.0,512.0,pending_review
UNUM00955,UNU-KEY E-Waste Dataset v44,CC BY 4.0,train,18582,12667,504_jpeg.rf.801f58d41f439ca6ed05c49c381259e7.jpg,504,61,Smartphone,mobile_phone,640,640,148,35,295.0,519.0,0.37379150390625,False,0,4ad8997a2f7419da78108f8aa88c2434,1,,False,False,False,False,True,148,35,443.0,554.0,pending_review
UNUM00956,UNU-KEY E-Waste Dataset v44,CC BY 4.0,train,18584,12669,567_jpg.rf.800e5f7d3045d9845cbf3cf1b96216a6.jpg,567,61,Smartphone,mobile_phone,640,640,2,165,602.0,176.0,0.258671875,False,0,f1fdbcefa4c41a053ac4dba8b2f1e5eb,1,,False,False,False,False,False,2,165,604.0,341.0,pending_review
UNUM00957,UNU-KEY E-Waste Dataset v44,CC BY 4.0,train,18601,12680,levanten-mobilephones-hero-1-m_jpeg.rf.80462297079cc54a8b5fd122facb2901.jpg,levanten-mobilephones-hero-1-m,61,Smartphone,mobile_phone,640,640,320,307,110.222,292.741,0.07877563110839843,True,0,cd2bdab7cf2818e85f5c206be2597af1,2,,False,False,False,True,False,320,307,430.222,599.741,pending_review
UNUM00958,UNU-KEY E-Waste Dataset v44,CC BY 4.0,train,18602,12680,levanten-mobilephones-hero-1-m_jpeg.rf.80462297079cc54a8b5fd122facb2901.jpg,levanten-mobilephones-hero-1-m,61,Smartphone,mobile_phone,640,640,212,310,107.259,289.778,0.07588207642089845,True,0,cd2bdab7cf2818e85f5c206be2597af1,2,,False,False,False,True,False,212,310,319.259,599.778,pending_review
UNUM00959,UNU-KEY E-Waste Dataset v44,CC BY 4.0,train,18617,12693,Copy-of-IMG_20200328_134847_jpg.rf.8072ec009e6035cdac9a9af74702b352.jpg,Copy-of-IMG_20200328_134847,2,Bar-Phone,mobile_phone,640,640,1,144,570.0,195.0,0.2713623046875,False,0,70b99fcf202ccc9356a9bdfc14abf49c,1,,False,False,False,False,False,1,144,571.0,339.0,pending_review
UNUM00960,UNU-KEY E-Waste Dataset v44,CC BY 4.0,train,18626,12698,IMG-20200328-WA0046_jpg.rf.8069c6341d80ef858faa66bbb1fe90b1.jpg,IMG-20200328-WA0046,61,Smartphone,mobile_phone,640,640,169,13,310.0,550.0,0.416259765625,False,0,d5869727a8854e27833cb2228b26f516,1,,False,False,False,False,False,169,13,479.0,563.0,pending_review
UNUM00961,UNU-KEY E-Waste Dataset v44,CC BY 4.0,train,18631,12702,574_jpeg.rf.808ff71caa90bfeb36a900387131b0d2.jpg,574,61,Smartphone,mobile_phone,640,640,181,232,387.0,219.0,0.20691650390625,False,0,ccba3e5e7ed4fe104136e4bbd5332a21,1,,False,False,False,False,True,181,232,568.0,451.0,pending_review
UNUM00962,UNU-KEY E-Waste Dataset v44,CC BY 4.0,train,18635,12706,Copy-of-IMG_20200328_140107_jpg.rf.809bac030899d1fda75e3fcd43e8a78a.jpg,Copy-of-IMG_20200328_140107,2,Bar-Phone,mobile_phone,640,640,243,154,396.0,186.0,0.17982421875,False,0,bc73674adf8cfafddac38bdfa5616f0a,2,,False,False,False,True,False,243,154,639.0,340.0,pending_review
UNUM00963,UNU-KEY E-Waste Dataset v44,CC BY 4.0,train,18636,12706,Copy-of-IMG_20200328_140107_jpg.rf.809bac030899d1fda75e3fcd43e8a78a.jpg,Copy-of-IMG_20200328_140107,2,Bar-Phone,mobile_phone,640,640,240,370,372.0,190.0,0.17255859375,False,0,bc73674adf8cfafddac38bdfa5616f0a,2,,False,False,False,True,False,240,370,612.0,560.0,pending_review
UNUM00964,UNU-KEY E-Waste Dataset v44,CC BY 4.0,train,18638,12708,000000318174_jpg.rf.8094152b64b4b2984a5827e72a9ea28f.jpg,000000318174,2,Bar-Phone,mobile_phone,640,640,575,324,64.75,52.94,0.00836881103515625,True,0,462c6a322985d753991a51938abab1b5,1,Laptop,True,True,False,False,False,575,324,639.75,376.94,pending_review
UNUM00965,UNU-KEY E-Waste Dataset v44,CC BY 4.0,train,18657,12726,d9576e318f2b9396_jpg.rf.80f0b52292f36778e265b9f5e40907a6.jpg,d9576e318f2b9396,61,Smartphone,mobile_phone,640,640,165,80,324.0,480.0,0.3796875,False,0,371ac466b0732ed8fd1694a3ddd6e53f,1,,False,False,False,False,False,165,80,489.0,560.0,pending_review
UNUM00966,UNU-KEY E-Waste Dataset v44,CC BY 4.0,train,18659,12727,IMG_20200329_152734_jpg.rf.80f4e0d81f88399b50c1cb5711072640.jpg,IMG_20200329_152734,61,Smartphone,mobile_phone,640,640,47,287,150.0,190.0,0.069580078125,False,0,4a278a088b45b48cbb6fa844302e234a,2,Laptop,True,False,False,True,True,47,287,197.0,477.0,pending_review
UNUM00967,UNU-KEY E-Waste Dataset v44,CC BY 4.0,train,18660,12727,IMG_20200329_152734_jpg.rf.80f4e0d81f88399b50c1cb5711072640.jpg,IMG_20200329_152734,61,Smartphone,mobile_phone,640,640,462,301,146.0,185.0,0.0659423828125,False,0,4a278a088b45b48cbb6fa844302e234a,2,Laptop,True,False,False,True,True,462,301,608.0,486.0,pending_review
UNUM00968,UNU-KEY E-Waste Dataset v44,CC BY 4.0,train,18732,12791,000000237054_jpg.rf.824ee4cba21c3b87357e16b25f7a41bb.jpg,000000237054,61,Smartphone,mobile_phone,640,640,353,375,38.54,28.73,0.00270325732421875,True,0,661c0f80940094ceb9eb41a070652511,3,Computer-Keyboard; Computer-Mouse; Flat-Panel-Monitor; Laptop,True,True,False,True,False,353,375,391.54,403.73,pending_review
UNUM00969,UNU-KEY E-Waste Dataset v44,CC BY 4.0,train,18733,12791,000000237054_jpg.rf.824ee4cba21c3b87357e16b25f7a41bb.jpg,000000237054,61,Smartphone,mobile_phone,640,640,387,373,42.16,32.01,0.0032947792968749997,True,0,661c0f80940094ceb9eb41a070652511,3,Computer-Keyboard; Computer-Mouse; Flat-Panel-Monitor; Laptop,True,True,False,True,False,387,373,429.15999999999997,405.01,pending_review
UNUM00970,UNU-KEY E-Waste Dataset v44,CC BY 4.0,train,18734,12791,000000237054_jpg.rf.824ee4cba21c3b87357e16b25f7a41bb.jpg,000000237054,61,Smartphone,mobile_phone,640,640,225,373,36.38,27.37,0.0024309584960937503,True,0,661c0f80940094ceb9eb41a070652511,3,Computer-Keyboard; Computer-Mouse; Flat-Panel-Monitor; Laptop,True,True,False,True,False,225,373,261.38,400.37,pending_review
UNUM00971,UNU-KEY E-Waste Dataset v44,CC BY 4.0,train,18747,12801,458_jpeg.rf.82131ce36ebc751a2c14b00cb69b9d3c.jpg,458,61,Smartphone,mobile_phone,640,640,121,208,238.0,432.0,0.251015625,False,0,cd48cb39e5eabc029dde4c5d6a54e312,1,,False,False,False,False,True,121,208,359.0,640.0,pending_review
UNUM00972,UNU-KEY E-Waste Dataset v44,CC BY 4.0,train,18757,12808,D82130472_Mini-ART_April-2023_1400x800-2_jpeg.rf.8290baea095c07f97130a5ac37247e9f.jpg,D82130472_Mini-ART_April-2023_1400x800-2,61,Smartphone,mobile_phone,640,640,448,179,138.057,299.429,0.10092350940673826,True,0,a137fbe99ee0a0f0987f9ddd568e662e,1,,False,False,False,False,False,448,179,586.057,478.429,pending_review
UNUM00973,UNU-KEY E-Waste Dataset v44,CC BY 4.0,train,18779,12823,534_jpeg.rf.82ab4ef5a9ab4a18c8187d3200033216.jpg,534,61,Smartphone,mobile_phone,640,640,180,142,241.0,454.0,0.2671240234375,False,0,767789f7ac36c0ace12040dd5aae5c7c,1,,False,False,False,False,False,180,142,421.0,596.0,pending_review
UNUM00974,UNU-KEY E-Waste Dataset v44,CC BY 4.0,train,18780,12824,Best-Android-Phones-2023-Featured-2023_jpeg.rf.82d415d395c3099c697b102e58107bb1.jpg,Best-Android-Phones-2023-Featured-2023,61,Smartphone,mobile_phone,640,640,69,334,208.759,153.866,0.07842019603027345,True,0,1d6185343975a7d32aacd9a1728a7826,3,,False,False,False,True,False,69,334,277.759,487.866,pending_review
UNUM00975,UNU-KEY E-Waste Dataset v44,CC BY 4.0,train,18781,12824,Best-Android-Phones-2023-Featured-2023_jpeg.rf.82d415d395c3099c697b102e58107bb1.jpg,Best-Android-Phones-2023-Featured-2023,61,Smartphone,mobile_phone,640,640,206,169,207.927,318.96,0.1619150291015625,True,0,1d6185343975a7d32aacd9a1728a7826,3,,False,False,False,True,False,206,169,413.927,487.96,pending_review
UNUM00976,UNU-KEY E-Waste Dataset v44,CC BY 4.0,train,18782,12824,Best-Android-Phones-2023-Featured-2023_jpeg.rf.82d415d395c3099c697b102e58107bb1.jpg,Best-Android-Phones-2023-Featured-2023,61,Smartphone,mobile_phone,640,640,371,320,205.848,168.005,0.08443235654296875,True,0,1d6185343975a7d32aacd9a1728a7826,3,,False,False,False,True,False,371,320,576.848,488.005,pending_review
UNUM00977,UNU-KEY E-Waste Dataset v44,CC BY 4.0,train,18841,12849,6GRQ1HIu-1-_jpeg.rf.838d6449575ea9fd16843d32a63d458a.jpg,6GRQ1HIu-1-,61,Smartphone,mobile_phone,640,640,260,0,298.703,640.0,0.46672343749999995,True,0,4fbb9ff110c77b3493ea1dbf53306d57,2,,False,False,False,True,False,260,0,558.703,640.0,pending_review
UNUM00978,UNU-KEY E-Waste Dataset v44,CC BY 4.0,train,18842,12849,6GRQ1HIu-1-_jpeg.rf.838d6449575ea9fd16843d32a63d458a.jpg,6GRQ1HIu-1-,61,Smartphone,mobile_phone,640,640,81,0,217.287,640.0,0.3395109375,True,0,4fbb9ff110c77b3493ea1dbf53306d57,2,,False,False,False,True,False,81,0,298.28700000000003,640.0,pending_review
UNUM00979,UNU-KEY E-Waste Dataset v44,CC BY 4.0,train,18882,12879,f95f934422602f71_jpg.rf.83f8f27f1403a7627d53b3ad656afd66.jpg,f95f934422602f71,61,Smartphone,mobile_phone,640,640,408,316,204.0,206.0,0.10259765625,False,0,5dad5c24f98efc8953a280a5eb0ec3b2,1,,False,False,False,False,False,408,316,612.0,522.0,pending_review
UNUM00980,UNU-KEY E-Waste Dataset v44,CC BY 4.0,train,18910,12900,452_jpeg.rf.8437f4ac40b094df2f7e9b02a9cfdf0f.jpg,452,61,Smartphone,mobile_phone,640,640,216,71,270.0,443.0,0.2920166015625,False,0,f0ffbb5e9bbf53120def009f10c09aa8,1,,False,False,False,False,True,216,71,486.0,514.0,pending_review
UNUM00981,UNU-KEY E-Waste Dataset v44,CC BY 4.0,train,18983,12963,037aaaf3346af356_jpg.rf.854eb2202e25d0d33c7da7f71fb6701a.jpg,037aaaf3346af356,61,Smartphone,mobile_phone,640,640,129,53,364.0,559.0,0.496767578125,False,0,20e54e720ba878aff4094e1ab3dea68e,1,,False,False,False,False,False,129,53,493.0,612.0,pending_review
UNUM00982,UNU-KEY E-Waste Dataset v44,CC BY 4.0,train,18984,12964,506_jpeg.rf.854d7613f1601c7d615816826331f511.jpg,506,61,Smartphone,mobile_phone,640,640,167,34,298.0,572.0,0.41615234375,False,0,bd52ee11d2868c44fe7e9f23e7c3e040,1,,False,False,False,False,False,167,34,465.0,606.0,pending_review
UNUM00983,UNU-KEY E-Waste Dataset v44,CC BY 4.0,train,19023,12999,52_jpg.rf.86094d875614207b308356df806289cc.jpg,52,61,Smartphone,mobile_phone,640,640,37,127,473.308,385.703,0.4456941296972656,True,0,3bb3bac90257acba91308d9f155063f8,1,,False,False,False,False,False,37,127,510.308,512.703,pending_review
UNUM00984,UNU-KEY E-Waste Dataset v44,CC BY 4.0,train,19026,13002,best_nokia_phone_uk_2022_smartphones_jpeg.rf.85fbf1b2397f7c0b2c6f761bcf2b30a6.jpg,best_nokia_phone_uk_2022_smartphones,61,Smartphone,mobile_phone,640,640,0,140,447.36,320.0,0.34950000000000003,True,0,3f91ce89eb0eb9a910851dfeb087d7ea,1,,False,False,False,False,False,0,140,447.36,460.0,pending_review
UNUM00985,UNU-KEY E-Waste Dataset v44,CC BY 4.0,train,19040,13012,094d441c55f010a8_jpg.rf.865a41f7be9a85e68297cf3e5ce2d7d7.jpg,094d441c55f010a8,61,Smartphone,mobile_phone,640,640,52,5,587.0,607.0,0.86989501953125,False,0,5aee9cfcb881179a12a5b024640c5a7c,1,,False,False,True,False,False,52,5,639.0,612.0,pending_review
UNUM00986,UNU-KEY E-Waste Dataset v44,CC BY 4.0,train,19085,13048,2beba8b85f7dcc4e_jpg.rf.86a1df7d1ccc5dc36af5653028c5270e.jpg,2beba8b85f7dcc4e,61,Smartphone,mobile_phone,640,640,138,8,372.0,632.0,0.573984375,False,0,6b49484daa50bcb8ce179c1ec23f6330,1,,False,False,False,False,False,138,8,510.0,640.0,pending_review
UNUM00987,UNU-KEY E-Waste Dataset v44,CC BY 4.0,train,19093,13056,536_jpeg.rf.86eb8156aa3a053ead9d8d4364eb0236.jpg,536,61,Smartphone,mobile_phone,640,640,184,56,236.0,459.0,0.264462890625,False,0,f93056324518ed3faf4ed8556f30eb69,1,,False,False,False,False,True,184,56,420.0,515.0,pending_review
UNUM00988,UNU-KEY E-Waste Dataset v44,CC BY 4.0,train,19111,13068,000000325806_jpg.rf.872c1b7722a39556c06808c357d72877.jpg,000000325806,61,Smartphone,mobile_phone,640,640,208,247,23.37,40.27,0.0022976315917968755,True,0,71fdbb3043bae466fb0d8e4638296443,2,Computer-Keyboard; Computer-Mouse; Laptop,True,True,False,True,False,208,247,231.37,287.27,pending_review
UNUM00989,UNU-KEY E-Waste Dataset v44,CC BY 4.0,train,19115,13068,000000325806_jpg.rf.872c1b7722a39556c06808c357d72877.jpg,000000325806,61,Smartphone,mobile_phone,640,640,250,304,96.41,36.57,0.008607699462890625,True,0,71fdbb3043bae466fb0d8e4638296443,2,Computer-Keyboard; Computer-Mouse; Laptop,True,True,False,True,False,250,304,346.40999999999997,340.57,pending_review
UNUM00990,UNU-KEY E-Waste Dataset v44,CC BY 4.0,train,19124,13075,A14-5G-LP-KV-M_jpeg.rf.87801a1b97d0b1c00a78c054100016fa.jpg,A14-5G-LP-KV-M,61,Smartphone,mobile_phone,640,640,185,271,130.691,321.441,0.10256212336669922,True,0,b0740bf5c2393d623bec32ed1ea411e9,2,,False,False,False,True,False,185,271,315.69100000000003,592.441,pending_review
UNUM00991,UNU-KEY E-Waste Dataset v44,CC BY 4.0,train,19125,13075,A14-5G-LP-KV-M_jpeg.rf.87801a1b97d0b1c00a78c054100016fa.jpg,A14-5G-LP-KV-M,61,Smartphone,mobile_phone,640,640,310,276,143.664,302.703,0.10617071238281248,True,0,b0740bf5c2393d623bec32ed1ea411e9,2,,False,False,False,True,False,310,276,453.664,578.703,pending_review
UNUM00992,UNU-KEY E-Waste Dataset v44,CC BY 4.0,train,19191,13116,000000297876_jpg.rf.87c49c038feda68dee1b37346bf98138.jpg,000000297876,61,Smartphone,mobile_phone,640,640,302,313,62.84,30.68,0.00470686328125,True,0,2c8c9abc8f8de07afb45a211e39b1882,2,Computer-Keyboard; Flat-Panel-Monitor; Laptop,True,True,False,True,False,302,313,364.84000000000003,343.68,pending_review
UNUM00993,UNU-KEY E-Waste Dataset v44,CC BY 4.0,train,19192,13116,000000297876_jpg.rf.87c49c038feda68dee1b37346bf98138.jpg,000000297876,61,Smartphone,mobile_phone,640,640,400,338,46.75,39.05,0.004457000732421875,True,0,2c8c9abc8f8de07afb45a211e39b1882,2,Computer-Keyboard; Flat-Panel-Monitor; Laptop,True,True,False,True,False,400,338,446.75,377.05,pending_review
UNUM00994,UNU-KEY E-Waste Dataset v44,CC BY 4.0,train,19242,13150,000000254360_jpg.rf.88913af5913e753458cf4334c33e2051.jpg,000000254360,61,Smartphone,mobile_phone,640,640,473,315,28.48,46.34,0.003222078125,True,0,6b44654c7920be41304009ac57ea6c62,1,Computer-Mouse; Flat-Panel-Monitor; Laptop,True,True,False,False,False,473,315,501.48,361.34000000000003,pending_review
UNUM00995,UNU-KEY E-Waste Dataset v44,CC BY 4.0,train,19283,13178,473_jpg.rf.88ff5e4744b84f66b2bf432af97e5a3d.jpg,473,61,Smartphone,mobile_phone,640,640,162,72,317.0,429.0,0.33201416015625,False,0,a4f5a98ef21f3ad3fb0cf35c114d9397,1,,False,False,False,False,True,162,72,479.0,501.0,pending_review
UNUM00996,UNU-KEY E-Waste Dataset v44,CC BY 4.0,train,19325,13195,522_jpeg.rf.896559f4396447ee9360174c5d4d75ee.jpg,522,61,Smartphone,mobile_phone,640,640,175,88,285.0,505.0,0.35137939453125,False,0,930491a5ff32cd02cebd8b3460ae4ec6,1,,False,False,False,False,False,175,88,460.0,593.0,pending_review
UNUM00997,UNU-KEY E-Waste Dataset v44,CC BY 4.0,train,19344,13213,485_jpg.rf.89a31a8f7394f666984a45d5c37fce9b.jpg,485,61,Smartphone,mobile_phone,640,640,184,97,316.0,436.0,0.3363671875,False,0,285f099e9f8aa8a3018cc94d30d521a6,1,,False,False,False,False,True,184,97,500.0,533.0,pending_review
UNUM00998,UNU-KEY E-Waste Dataset v44,CC BY 4.0,train,19345,13214,Pixel_6a_1_jpeg.rf.89cdbbd08102269b43804d2456d47e5b.jpg,Pixel_6a_1,61,Smartphone,mobile_phone,640,640,70,178,531.6,272.0,0.35301562500000006,True,0,d27ad78f7a715ae8145556a67772e949,1,,False,False,False,False,False,70,178,601.6,450.0,pending_review
UNUM00999,UNU-KEY E-Waste Dataset v44,CC BY 4.0,train,19424,13272,8d8351714618ccf1_jpg.rf.8b40350454b7ac72eda326b1e997d3f5.jpg,8d8351714618ccf1,61,Smartphone,mobile_phone,640,640,12,0,410.0,640.0,0.640625,False,0,c7f60528a3c9a2d4e90a275a8b941007,2,,False,False,False,True,False,12,0,422.0,640.0,pending_review
UNUM01000,UNU-KEY E-Waste Dataset v44,CC BY 4.0,train,19425,13272,8d8351714618ccf1_jpg.rf.8b40350454b7ac72eda326b1e997d3f5.jpg,8d8351714618ccf1,61,Smartphone,mobile_phone,640,640,285,0,355.0,640.0,0.5546875,False,0,c7f60528a3c9a2d4e90a275a8b941007,2,,False,False,False,True,False,285,0,640.0,640.0,pending_review
UNUM01001,UNU-KEY E-Waste Dataset v44,CC BY 4.0,train,19454,13293,000000114729_jpg.rf.8b879fef6e465c602b6bdb199c8bc3b9.jpg,000000114729,61,Smartphone,mobile_phone,640,640,512,285,35.5,64.29,0.0055720092773437506,True,0,f2a1385e573a3888b16c801b0ad9f9fe,1,Computer-Keyboard; Computer-Mouse; Laptop,True,True,False,False,False,512,285,547.5,349.29,pending_review
UNUM01002,UNU-KEY E-Waste Dataset v44,CC BY 4.0,train,19484,13315,000000092217_jpg.rf.8be40cf441ab0e0488d925f5815e8360.jpg,000000092217,61,Smartphone,mobile_phone,640,640,112,130,50.39,89.91,0.011060949462890626,True,0,353f0610ad62fd2415a2f9cdb47ca70e,1,Computer-Mouse; Laptop,True,True,False,False,False,112,130,162.39,219.91,pending_review
UNUM01003,UNU-KEY E-Waste Dataset v44,CC BY 4.0,train,19507,13329,543_jpeg.rf.8c5b2a8588d96084367c307260cbaf64.jpg,543,61,Smartphone,mobile_phone,640,640,135,71,282.0,516.0,0.35525390625,False,0,78f483107a4563120c2e81a136fdb6f3,1,,False,False,False,False,False,135,71,417.0,587.0,pending_review
UNUM01004,UNU-KEY E-Waste Dataset v44,CC BY 4.0,train,19526,13343,520_jpeg.rf.8c728df3a5e9c7bd3c826063db477f1d.jpg,520,61,Smartphone,mobile_phone,640,640,141,100,281.0,497.0,0.34095947265625,False,0,5956a0dae92e2778ad48242046198d90,1,,False,False,False,False,True,141,100,422.0,597.0,pending_review
UNUM01005,UNU-KEY E-Waste Dataset v44,CC BY 4.0,train,19575,13378,000000539056_jpg.rf.8d72686648de9032e8fef0b61538f25b.jpg,000000539056,61,Smartphone,mobile_phone,640,640,489,305,53.02,49.43,0.0063983852539062505,True,0,dfb47e4bd4be0d680c63ddbb098e3dd1,1,Computer-Keyboard; Computer-Mouse; Laptop,True,True,False,False,False,489,305,542.02,354.43,pending_review
UNUM01006,UNU-KEY E-Waste Dataset v44,CC BY 4.0,train,19581,13381,Copy-of-IMG_20200328_135312_jpg.rf.8d40d1b0061bd512802dd2f88d7e4214.jpg,Copy-of-IMG_20200328_135312,61,Smartphone,mobile_phone,640,640,1,215,546.0,258.0,0.343916015625,False,0,3233c9e4c3fbfe8fbd9ea7528240bb1d,1,,False,False,False,False,True,1,215,547.0,473.0,pending_review
UNUM01007,UNU-KEY E-Waste Dataset v44,CC BY 4.0,train,19591,13390,533_jpeg.rf.8d7112fbe675fa295206468c5aa0ccf6.jpg,533,61,Smartphone,mobile_phone,640,640,178,157,232.0,445.0,0.25205078125,False,0,97907e5a61a4118144cef554562798d8,1,,False,False,False,False,False,178,157,410.0,602.0,pending_review
UNUM01008,UNU-KEY E-Waste Dataset v44,CC BY 4.0,train,19601,13395,541_jpeg.rf.8d795c2ec3ec7a44c3c8d2c093d3eb51.jpg,541,61,Smartphone,mobile_phone,640,640,215,149,237.0,446.0,0.2580615234375,False,0,f114c561ecbc6a11aa1924fd1f0e19ad,1,,False,False,False,False,True,215,149,452.0,595.0,pending_review
UNUM01009,UNU-KEY E-Waste Dataset v44,CC BY 4.0,train,19633,13416,Copy-of-IMG_20200328_222058_jpg.rf.8dfc0fa0a4dcf7c39db60b49af2b9364.jpg,Copy-of-IMG_20200328_222058,61,Smartphone,mobile_phone,640,640,113,13,317.0,625.0,0.48370361328125,False,0,db7eb76c8fd731de1f4cb64fa90fcac8,1,,False,False,False,False,False,113,13,430.0,638.0,pending_review
UNUM01010,UNU-KEY E-Waste Dataset v44,CC BY 4.0,train,19714,13461,487_jpeg.rf.8ef689aae9eb573272880880768b4845.jpg,487,61,Smartphone,mobile_phone,640,640,182,100,201.0,324.0,0.158994140625,False,0,7534bd5c745604a3a659f85094e577b4,1,,False,False,False,False,True,182,100,383.0,424.0,pending_review
UNUM01011,UNU-KEY E-Waste Dataset v44,CC BY 4.0,train,19751,13491,000000187379_jpg.rf.8f5890f19740c328a1e97fc6badf4c77.jpg,000000187379,61,Smartphone,mobile_phone,640,640,110,407,36.07,56.41,0.004967550537109375,True,0,4ff4edab844ba0d99ff6a58b0747db71,1,Computer-Keyboard; Computer-Mouse; Flat-Panel-Monitor; Laptop,True,True,False,False,False,110,407,146.07,463.40999999999997,pending_review
UNUM01012,UNU-KEY E-Waste Dataset v44,CC BY 4.0,train,19761,13495,000000372641_jpg.rf.8f76b9c64c88252e24400bd83c88a54b.jpg,000000372641,61,Smartphone,mobile_phone,640,640,168,225,39.66,60.92,0.0058986503906249994,True,0,f9beba6cb7ac53c0d73003c49222e221,1,Computer-Keyboard; Computer-Mouse; Flat-Panel-Monitor; Laptop,True,True,False,False,False,168,225,207.66,285.92,pending_review
UNUM01013,UNU-KEY E-Waste Dataset v44,CC BY 4.0,train,19772,13499,590_jpeg.rf.8f88240aa9c666e89c5fe2fcc798e946.jpg,590,61,Smartphone,mobile_phone,640,640,164,185,383.0,205.0,0.19168701171875,False,0,40754786cf6426fca19212d594351333,1,,False,False,False,False,True,164,185,547.0,390.0,pending_review
UNUM01014,UNU-KEY E-Waste Dataset v44,CC BY 4.0,train,19784,13506,599_jpeg.rf.8f82c89060ce1b1d2b88da24aef3cce8.jpg,599,61,Smartphone,mobile_phone,640,640,87,1,453.0,635.0,0.70228271484375,False,0,323d302f4120c013c578b1d39b5e2a9e,1,,False,False,False,False,True,87,1,540.0,636.0,pending_review
UNUM01015,UNU-KEY E-Waste Dataset v44,CC BY 4.0,train,19818,13529,30_jpg.rf.90074f5a6c036ab3086f5d81c2fa1c82.jpg,30,61,Smartphone,mobile_phone,640,640,131,66,377.916,506.618,0.46742931662109377,True,0,fa8063942f8308564adeb6a03b1d288a,1,,False,False,False,False,False,131,66,508.916,572.6179999999999,pending_review
UNUM01016,UNU-KEY E-Waste Dataset v44,CC BY 4.0,train,19860,13557,87_jpg.rf.90a38015194d5157ca1c1f7d66433622.jpg,87,61,Smartphone,mobile_phone,640,640,203,71,271.186,544.783,0.3606873111279297,True,0,14961c7355ae8bbc97dc71b9480e3e1c,1,,False,False,False,False,False,203,71,474.186,615.783,pending_review
UNUM01017,UNU-KEY E-Waste Dataset v44,CC BY 4.0,train,19867,13561,OIP-Ic2afB8k88WjubLCHMR7ZAHaE9_jpg.rf.90ade097f8643ecf85b919a087d14cb2.jpg,OIP-Ic2afB8k88WjubLCHMR7ZAHaE9,61,Smartphone,mobile_phone,640,640,326,176,212.867,357.112,0.18558925806640628,True,0,3b3bebbcb0ebfec911c0ebf3ee99295d,1,,False,False,False,False,False,326,176,538.867,533.1120000000001,pending_review
UNUM01018,UNU-KEY E-Waste Dataset v44,CC BY 4.0,train,19868,13562,000000451279_jpg.rf.90e4df8921e96478db86af04980ecfed.jpg,000000451279,2,Bar-Phone,mobile_phone,640,640,532,447,95.53,53.38,0.012449686035156251,True,0,045dd950a187f0a326bc0ae39b973ffd,1,Computer-Keyboard; Flat-Panel-Monitor; Laptop,True,True,False,False,False,532,447,627.53,500.38,pending_review
UNUM01019,UNU-KEY E-Waste Dataset v44,CC BY 4.0,train,19879,13569,IMG_20200329_201011_jpg.rf.9100093bf3ebaa7d47337cdd2874abcc.jpg,IMG_20200329_201011,61,Smartphone,mobile_phone,640,640,151,90,367.0,464.0,0.4157421875,False,0,8fc14384a91ff6d1e22b17091af0673e,1,,False,False,False,False,False,151,90,518.0,554.0,pending_review
UNUM01020,UNU-KEY E-Waste Dataset v44,CC BY 4.0,train,19895,13583,IMG_20200329_152708_jpg.rf.915ca8b4d72f46f0068a8f37af954da4.jpg,IMG_20200329_152708,61,Smartphone,mobile_phone,640,640,409,337,135.0,149.0,0.04910888671875,False,0,bf17835762b6849024e149a373ee5788,2,Laptop,True,False,False,True,False,409,337,544.0,486.0,pending_review
UNUM01021,UNU-KEY E-Waste Dataset v44,CC BY 4.0,train,19896,13583,IMG_20200329_152708_jpg.rf.915ca8b4d72f46f0068a8f37af954da4.jpg,IMG_20200329_152708,61,Smartphone,mobile_phone,640,640,420,141,127.0,155.0,0.04805908203125,False,0,bf17835762b6849024e149a373ee5788,2,Laptop,True,False,False,True,False,420,141,547.0,296.0,pending_review
UNUM01022,UNU-KEY E-Waste Dataset v44,CC BY 4.0,train,19907,13590,496_jpeg.rf.9160376aa230eff4d44d0a7ff21b003a.jpg,496,61,Smartphone,mobile_phone,640,640,214,131,242.0,376.0,0.2221484375,False,0,3afc74105c058752af458f5d3a531afe,1,,False,False,False,False,False,214,131,456.0,507.0,pending_review
UNUM01023,UNU-KEY E-Waste Dataset v44,CC BY 4.0,train,19959,13625,oneplus-10-pro-cnet-review-12-1-_jpeg.rf.9222127fb35216e9e974558102baa21f.jpg,oneplus-10-pro-cnet-review-12-1-,61,Smartphone,mobile_phone,640,640,332,164,186.667,403.2,0.183750328125,True,0,a8237327c1857584dc3784722fe2f593,4,,False,False,False,True,False,332,164,518.667,567.2,pending_review
UNUM01024,UNU-KEY E-Waste Dataset v44,CC BY 4.0,train,19960,13625,oneplus-10-pro-cnet-review-12-1-_jpeg.rf.9222127fb35216e9e974558102baa21f.jpg,oneplus-10-pro-cnet-review-12-1-,61,Smartphone,mobile_phone,640,640,531,161,109.333,406.933,0.10862110763916016,True,0,a8237327c1857584dc3784722fe2f593,4,,False,False,False,True,False,531,161,640.333,567.933,pending_review
UNUM01025,UNU-KEY E-Waste Dataset v44,CC BY 4.0,train,19961,13625,oneplus-10-pro-cnet-review-12-1-_jpeg.rf.9222127fb35216e9e974558102baa21f.jpg,oneplus-10-pro-cnet-review-12-1-,61,Smartphone,mobile_phone,640,640,139,201,179.733,362.667,0.15913874001708983,True,0,a8237327c1857584dc3784722fe2f593,4,,False,False,False,True,False,139,201,318.733,563.6669999999999,pending_review
UNUM01026,UNU-KEY E-Waste Dataset v44,CC BY 4.0,train,19962,13625,oneplus-10-pro-cnet-review-12-1-_jpeg.rf.9222127fb35216e9e974558102baa21f.jpg,oneplus-10-pro-cnet-review-12-1-,61,Smartphone,mobile_phone,640,640,0,158,128.0,402.133,0.1256665625,True,0,a8237327c1857584dc3784722fe2f593,4,,False,False,False,True,False,0,158,128.0,560.133,pending_review
UNUM01027,UNU-KEY E-Waste Dataset v44,CC BY 4.0,train,19974,13637,14_jpg.rf.923ac5bfaa71fa7119d6b2288f7a8285.jpg,14,61,Smartphone,mobile_phone,640,640,3,147,464.593,211.437,0.2398245853051758,True,0,9341316ef300278aaa353a8b6abfa692,2,,False,False,False,True,False,3,147,467.593,358.437,pending_review
UNUM01028,UNU-KEY E-Waste Dataset v44,CC BY 4.0,train,19975,13637,14_jpg.rf.923ac5bfaa71fa7119d6b2288f7a8285.jpg,14,61,Smartphone,mobile_phone,640,640,88,200,530.015,293.926,0.38033493381347655,True,0,9341316ef300278aaa353a8b6abfa692,2,,False,False,False,True,False,88,200,618.015,493.926,pending_review
UNUM01029,UNU-KEY E-Waste Dataset v44,CC BY 4.0,train,19984,13644,480_jpg.rf.925d56639f16da197c44d9d0daca94c3.jpg,480,61,Smartphone,mobile_phone,640,640,156,73,344.0,412.0,0.346015625,False,0,43c85ab0471c11222e3b91597823ba59,1,,False,False,False,False,True,156,73,500.0,485.0,pending_review
UNUM01030,UNU-KEY E-Waste Dataset v44,CC BY 4.0,train,19986,13646,33_jpg.rf.92555bcc37b83e404dfec032ea763e5d.jpg,33,61,Smartphone,mobile_phone,640,640,232,146,246.368,402.894,0.24233444578125,True,0,d7690ba2d2a93dee106c6567657cf80d,2,,False,False,False,True,False,232,146,478.368,548.894,pending_review
UNUM01031,UNU-KEY E-Waste Dataset v44,CC BY 4.0,train,19987,13646,33_jpg.rf.92555bcc37b83e404dfec032ea763e5d.jpg,33,61,Smartphone,mobile_phone,640,640,0,95,233.401,395.485,0.22535789669189454,True,0,d7690ba2d2a93dee106c6567657cf80d,2,,False,False,False,True,False,0,95,233.401,490.485,pending_review
UNUM01032,UNU-KEY E-Waste Dataset v44,CC BY 4.0,train,20028,13667,000000498125_jpg.rf.92b1b702a9fd9ef7455d3ab6e71ead26.jpg,000000498125,2,Bar-Phone,mobile_phone,640,640,30,386,73.114,23.718,0.004233686162109375,True,0,91a0aef6194860b3b0cf919cf3ea79b3,1,Computer-Mouse; Laptop,True,True,False,False,False,30,386,103.114,409.718,pending_review
UNUM01033,UNU-KEY E-Waste Dataset v44,CC BY 4.0,train,20064,13693,571_jpg.rf.92b3c132e6c817155f8239cf7395b780.jpg,571,61,Smartphone,mobile_phone,640,640,18,152,596.0,112.0,0.16296875,False,0,53960b1d90b2697896577c91cde821e8,1,,False,False,False,False,True,18,152,614.0,264.0,pending_review
UNUM01034,UNU-KEY E-Waste Dataset v44,CC BY 4.0,valid,29,22,569_jpg.rf.018031fd8741f928d953885f056e6e35.jpg,569,61,Smartphone,mobile_phone,640,640,141,61,359.0,526.0,0.4610205078125,False,0,5b9dff826be58c338be2b7cee9c173d4,1,,False,False,False,False,True,141,61,500.0,587.0,pending_review
UNUM01035,UNU-KEY E-Waste Dataset v44,CC BY 4.0,valid,94,74,537_jpeg.rf.03e01c34eaada69d125e057a2cf61336.jpg,537,61,Smartphone,mobile_phone,640,640,153,96,262.0,469.0,0.2999951171875,False,0,91d152c723b2e4356f60374bf7d4c744,1,,False,False,False,False,True,153,96,415.0,565.0,pending_review
UNUM01036,UNU-KEY E-Waste Dataset v44,CC BY 4.0,valid,101,80,Copy-of-IMG_20200328_135503_jpg.rf.05a135643cde743ad22dd8243cbe255c.jpg,Copy-of-IMG_20200328_135503,61,Smartphone,mobile_phone,640,640,1,151,639.0,268.0,0.418095703125,False,0,2a0c03226b1f31c221c1324c4f8e726b,1,,False,False,False,False,True,1,151,640.0,419.0,pending_review
UNUM01037,UNU-KEY E-Waste Dataset v44,CC BY 4.0,valid,115,93,62_jpg.rf.05cf1dac3f2a1d50d4a862ec64d20758.jpg,62,61,Smartphone,mobile_phone,640,640,137,170,396.19,355.556,0.3439153604492187,True,0,01814ec1d1f56ccc48a4225a5085c40e,1,,False,False,False,False,False,137,170,533.19,525.556,pending_review
UNUM01038,UNU-KEY E-Waste Dataset v44,CC BY 4.0,valid,122,100,IMG_20200329_152735_jpg.rf.06f56e15692d163c61e0a31f69a136d6.jpg,IMG_20200329_152735,61,Smartphone,mobile_phone,640,640,464,285,155.0,188.0,0.071142578125,False,0,f157ffd736ccb1eef198a4ac83257fdc,2,Laptop,True,False,False,True,False,464,285,619.0,473.0,pending_review
UNUM01039,UNU-KEY E-Waste Dataset v44,CC BY 4.0,valid,123,100,IMG_20200329_152735_jpg.rf.06f56e15692d163c61e0a31f69a136d6.jpg,IMG_20200329_152735,61,Smartphone,mobile_phone,640,640,56,273,137.0,195.0,0.06522216796875,False,0,f157ffd736ccb1eef198a4ac83257fdc,2,Laptop,True,False,False,True,False,56,273,193.0,468.0,pending_review
UNUM01040,UNU-KEY E-Waste Dataset v44,CC BY 4.0,valid,137,111,000000434145_jpg.rf.07229f5725b5c1cbc7e631daf8e19a1e.jpg,000000434145,2,Bar-Phone,mobile_phone,640,640,81,486,53.72,43.41,0.005693323242187499,True,0,a63acfd3792ea5247a7791eb65a1f410,1,Computer-Keyboard; Computer-Mouse; Flat-Panel-Monitor; Laptop,True,True,False,False,False,81,486,134.72,529.41,pending_review
UNUM01041,UNU-KEY E-Waste Dataset v44,CC BY 4.0,valid,158,126,511_jpeg.rf.06c87c010305fbaaafb538da3b50372b.jpg,511,61,Smartphone,mobile_phone,640,640,188,81,250.0,438.0,0.267333984375,False,0,05072cce1440115acc4bef1906ba00e6,1,,False,False,False,False,True,188,81,438.0,519.0,pending_review
UNUM01042,UNU-KEY E-Waste Dataset v44,CC BY 4.0,valid,216,173,465_jpeg.rf.0a753495d9f3bf311ab426a3ce01ab4c.jpg,465,61,Smartphone,mobile_phone,640,640,82,125,259.0,482.0,0.3047802734375,False,0,f2d8a0ce8ed48dba64a1fb6591ad3c1c,2,,False,False,False,True,False,82,125,341.0,607.0,pending_review
UNUM01043,UNU-KEY E-Waste Dataset v44,CC BY 4.0,valid,217,173,465_jpeg.rf.0a753495d9f3bf311ab426a3ce01ab4c.jpg,465,2,Bar-Phone,mobile_phone,640,640,340,167,191.0,366.0,0.1706689453125,False,0,f2d8a0ce8ed48dba64a1fb6591ad3c1c,2,,False,False,False,True,False,340,167,531.0,533.0,pending_review
UNUM01044,UNU-KEY E-Waste Dataset v44,CC BY 4.0,valid,224,178,526_jpeg.rf.0acbe4e5de2cd879d7076d4d72d6946f.jpg,526,61,Smartphone,mobile_phone,640,640,239,156,175.0,282.0,0.1204833984375,False,0,48b97bbfd3ec8415d482b44267292898,1,,False,False,False,False,False,239,156,414.0,438.0,pending_review
UNUM01045,UNU-KEY E-Waste Dataset v44,CC BY 4.0,valid,233,186,473_jpg.rf.0caaa79082fa8b3cfe892f2cc4afdaef.jpg,473,61,Smartphone,mobile_phone,640,640,170,78,282.0,421.0,0.2898486328125,False,0,a4f5a98ef21f3ad3fb0cf35c114d9397,1,,False,False,False,False,True,170,78,452.0,499.0,pending_review
UNUM01046,UNU-KEY E-Waste Dataset v44,CC BY 4.0,valid,246,199,Copy-of-IMG_20200328_135302_jpg.rf.0cd6c1a4f9b9b7b0fc31c6fddda07678.jpg,Copy-of-IMG_20200328_135302,61,Smartphone,mobile_phone,640,640,22,119,574.0,312.0,0.4372265625,False,0,6bafa31e01d8c1792db8cd65f0b2b1d2,1,,False,False,False,False,True,22,119,596.0,431.0,pending_review
UNUM01047,UNU-KEY E-Waste Dataset v44,CC BY 4.0,valid,255,207,539_jpeg.rf.0c842b0bd3133d309a50181a9dcb9dee.jpg,539,61,Smartphone,mobile_phone,640,640,38,184,587.0,329.0,0.47149169921875,False,0,60104d648b671672ef7724d48d8a220c,1,,False,False,False,False,True,38,184,625.0,513.0,pending_review
UNUM01048,UNU-KEY E-Waste Dataset v44,CC BY 4.0,valid,275,223,WhatsApp-Video-2023-09-09-at-10_00_52-PM_mp4-10_jpg.rf.0e5586a5fb556c520b56f9f25d360814.jpg,WhatsApp-Video-2023-09-09-at-10_00_52-PM_mp4-10,2,Bar-Phone,mobile_phone,640,640,254,272,111.0,262.0,0.0710009765625,False,0,75cff0ac29d07915cb6b6baa3649949e,1,,False,False,False,False,False,254,272,365.0,534.0,pending_review
UNUM01049,UNU-KEY E-Waste Dataset v44,CC BY 4.0,valid,284,231,98_jpg.rf.0f0430c0023255540a769826821fb07c.jpg,98,61,Smartphone,mobile_phone,640,640,141,98,194.582,189.971,0.09024642852050782,True,0,f30899ccdc234535687924f0dd6669aa,6,,False,False,False,True,False,141,98,335.582,287.971,pending_review
UNUM01050,UNU-KEY E-Waste Dataset v44,CC BY 4.0,valid,285,231,98_jpg.rf.0f0430c0023255540a769826821fb07c.jpg,98,61,Smartphone,mobile_phone,640,640,54,236,210.259,131.873,0.06769405543701171,True,0,f30899ccdc234535687924f0dd6669aa,6,,False,False,False,True,False,54,236,264.259,367.873,pending_review
UNUM01051,UNU-KEY E-Waste Dataset v44,CC BY 4.0,valid,286,231,98_jpg.rf.0f0430c0023255540a769826821fb07c.jpg,98,61,Smartphone,mobile_phone,640,640,174,361,152.161,202.882,0.07536798828613281,True,0,f30899ccdc234535687924f0dd6669aa,6,,False,False,False,True,False,174,361,326.161,563.8820000000001,pending_review
UNUM01052,UNU-KEY E-Waste Dataset v44,CC BY 4.0,valid,287,231,98_jpg.rf.0f0430c0023255540a769826821fb07c.jpg,98,61,Smartphone,mobile_phone,640,640,397,249,221.326,133.718,0.07225407731445312,True,0,f30899ccdc234535687924f0dd6669aa,6,,False,False,False,True,False,397,249,618.326,382.71799999999996,pending_review
UNUM01053,UNU-KEY E-Waste Dataset v44,CC BY 4.0,valid,288,231,98_jpg.rf.0f0430c0023255540a769826821fb07c.jpg,98,61,Smartphone,mobile_phone,640,640,273,260,165.072,189.971,0.0765597971484375,True,0,f30899ccdc234535687924f0dd6669aa,6,,False,False,False,True,False,273,260,438.072,449.971,pending_review
UNUM01054,UNU-KEY E-Waste Dataset v44,CC BY 4.0,valid,289,231,98_jpg.rf.0f0430c0023255540a769826821fb07c.jpg,98,61,Smartphone,mobile_phone,640,640,328,79,184.438,192.738,0.08678762510742187,True,0,f30899ccdc234535687924f0dd6669aa,6,,False,False,False,True,False,328,79,512.438,271.738,pending_review
UNUM01055,UNU-KEY E-Waste Dataset v44,CC BY 4.0,valid,345,282,04e9f42b51f842aa_jpg.rf.1214005c8e908f8869cd897a2807936d.jpg,04e9f42b51f842aa,61,Smartphone,mobile_phone,640,640,120,13,402.0,584.0,0.5731640625,False,0,09d4536849056ecc74f81bb085373aa3,1,,False,False,False,False,False,120,13,522.0,597.0,pending_review
UNUM01056,UNU-KEY E-Waste Dataset v44,CC BY 4.0,valid,501,374,590_jpeg.rf.177e1af248d92a6802204b252da9eda6.jpg,590,61,Smartphone,mobile_phone,640,640,164,185,383.0,205.0,0.19168701171875,False,0,40754786cf6426fca19212d594351333,1,,False,False,False,False,True,164,185,547.0,390.0,pending_review
UNUM01057,UNU-KEY E-Waste Dataset v44,CC BY 4.0,valid,543,409,ab61a8845a28193b_jpg.rf.1a01af3e3b6b77f3daa5a5aeef5c7bc8.jpg,ab61a8845a28193b,61,Smartphone,mobile_phone,640,640,152,10,336.0,624.0,0.511875,False,0,520297a9f5fe3e4172717ca33a8545fb,1,,False,False,False,False,False,152,10,488.0,634.0,pending_review
UNUM01058,UNU-KEY E-Waste Dataset v44,CC BY 4.0,valid,549,414,IMG_20200329_152635_jpg.rf.19f3f94108f270094e7bd2e81607e78a.jpg,IMG_20200329_152635,61,Smartphone,mobile_phone,640,640,169,201,323.0,179.0,0.14115478515625,False,0,0242a03e88498d745ed4d324cbeefd84,2,,False,False,False,True,True,169,201,492.0,380.0,pending_review
UNUM01059,UNU-KEY E-Waste Dataset v44,CC BY 4.0,valid,550,414,IMG_20200329_152635_jpg.rf.19f3f94108f270094e7bd2e81607e78a.jpg,IMG_20200329_152635,61,Smartphone,mobile_phone,640,640,185,390,303.0,178.0,0.1316748046875,False,0,0242a03e88498d745ed4d324cbeefd84,2,,False,False,False,True,True,185,390,488.0,568.0,pending_review
UNUM01060,UNU-KEY E-Waste Dataset v44,CC BY 4.0,valid,556,417,000000321960_jpg.rf.19465a93238745896cb96653ee17a13d.jpg,000000321960,61,Smartphone,mobile_phone,640,640,437,481,93.29,71.03,0.016177706787109378,True,0,d0186ed27c4bb672e61f8985505b2aee,1,Flat-Panel-Monitor; Laptop,True,True,False,False,False,437,481,530.29,552.03,pending_review
UNUM01061,UNU-KEY E-Waste Dataset v44,CC BY 4.0,valid,572,426,513_jpg.rf.1a67afa753ddbf61814cb0634be6b7d3.jpg,513,61,Smartphone,mobile_phone,640,640,35,190,596.0,220.0,0.3201171875,False,0,9f6c5f8795a6e9a649fe565493df3127,1,,False,False,False,False,True,35,190,631.0,410.0,pending_review
UNUM01062,UNU-KEY E-Waste Dataset v44,CC BY 4.0,valid,576,430,453_jpeg.rf.1aa4ab3849185f10010151f347075a0c.jpg,453,61,Smartphone,mobile_phone,640,640,148,196,163.0,293.0,0.11659912109375,False,0,f05d6ff645b8155e5c112f163e10c192,2,,False,False,False,True,True,148,196,311.0,489.0,pending_review
UNUM01063,UNU-KEY E-Waste Dataset v44,CC BY 4.0,valid,577,430,453_jpeg.rf.1aa4ab3849185f10010151f347075a0c.jpg,453,61,Smartphone,mobile_phone,640,640,308,199,161.0,298.0,0.1171337890625,False,0,f05d6ff645b8155e5c112f163e10c192,2,,False,False,False,True,True,308,199,469.0,497.0,pending_review
UNUM01064,UNU-KEY E-Waste Dataset v44,CC BY 4.0,valid,581,434,Copy-of-IMG_20200328_134903_jpg.rf.1ab099b27ad7a961a4746fca5a3386ac.jpg,Copy-of-IMG_20200328_134903,2,Bar-Phone,mobile_phone,640,640,66,201,527.0,224.0,0.288203125,False,0,44da6b81ec067abac949ca89a72a573c,1,,False,False,False,False,False,66,201,593.0,425.0,pending_review
UNUM01065,UNU-KEY E-Waste Dataset v44,CC BY 4.0,valid,676,494,IMG_20200329_152735_jpg.rf.1ee36e81ed8021a14375d478623a0c81.jpg,IMG_20200329_152735,61,Smartphone,mobile_phone,640,640,464,285,155.0,188.0,0.071142578125,False,0,f157ffd736ccb1eef198a4ac83257fdc,2,Laptop,True,False,False,True,False,464,285,619.0,473.0,pending_review
UNUM01066,UNU-KEY E-Waste Dataset v44,CC BY 4.0,valid,677,494,IMG_20200329_152735_jpg.rf.1ee36e81ed8021a14375d478623a0c81.jpg,IMG_20200329_152735,61,Smartphone,mobile_phone,640,640,56,273,137.0,195.0,0.06522216796875,False,0,f157ffd736ccb1eef198a4ac83257fdc,2,Laptop,True,False,False,True,False,56,273,193.0,468.0,pending_review
UNUM01067,UNU-KEY E-Waste Dataset v44,CC BY 4.0,valid,739,536,498_jpeg.rf.20a2315fc46c092af15ca86cc7dbb1b8.jpg,498,61,Smartphone,mobile_phone,640,640,201,83,255.0,423.0,0.26334228515625,False,0,7e3e84c4bccb168db9f6ee0fac14a427,1,,False,False,False,False,True,201,83,456.0,506.0,pending_review
UNUM01068,UNU-KEY E-Waste Dataset v44,CC BY 4.0,valid,770,544,IMG-20200328-WA0032_jpg.rf.233fe489f30d6b9b4f25e73ddaf4142f.jpg,IMG-20200328-WA0032,61,Smartphone,mobile_phone,640,640,165,4,315.0,600.0,0.46142578125,False,0,a5a0478d80f29d31a163c65634130db0,1,,False,False,False,False,True,165,4,480.0,604.0,pending_review
UNUM01069,UNU-KEY E-Waste Dataset v44,CC BY 4.0,valid,787,560,DSC04646_processed_jpeg.rf.22cccec40f323aaf64c1c386c14b7b9c.jpg,DSC04646_processed,61,Smartphone,mobile_phone,640,640,220,176,160.32,335.04,0.13113675,True,0,74e76136b585ae433dfa30098d917073,1,,False,False,False,False,False,220,176,380.32,511.04,pending_review
UNUM01070,UNU-KEY E-Waste Dataset v44,CC BY 4.0,valid,838,603,WhatsApp-Video-2023-09-09-at-10_00_52-PM_mp4-43_jpg.rf.26627e9fa2da794f6b135a3177dcb6bc.jpg,WhatsApp-Video-2023-09-09-at-10_00_52-PM_mp4-43,2,Bar-Phone,mobile_phone,640,640,293,224,153.0,348.0,0.129990234375,False,0,bd24a635d3ea2e4d63c205f8ec36a575,1,,False,False,False,False,False,293,224,446.0,572.0,pending_review
UNUM01071,UNU-KEY E-Waste Dataset v44,CC BY 4.0,valid,948,650,574_jpeg.rf.28c83e1a5bbc985882a419d2ba5438fb.jpg,574,61,Smartphone,mobile_phone,640,640,181,232,387.0,219.0,0.20691650390625,False,0,ccba3e5e7ed4fe104136e4bbd5332a21,1,,False,False,False,False,True,181,232,568.0,451.0,pending_review
UNUM01072,UNU-KEY E-Waste Dataset v44,CC BY 4.0,valid,961,661,Android-14-Google-Pixel-7-1247690136_jpeg.rf.2952e53f4422895f1294ca88b54ca92e.jpg,Android-14-Google-Pixel-7-1247690136,61,Smartphone,mobile_phone,640,640,341,144,161.067,367.644,0.14456864293945315,True,0,1ac6b783212f1ec72e6d2bad33ada4b6,2,,False,False,False,True,False,341,144,502.067,511.644,pending_review
UNUM01073,UNU-KEY E-Waste Dataset v44,CC BY 4.0,valid,962,661,Android-14-Google-Pixel-7-1247690136_jpeg.rf.2952e53f4422895f1294ca88b54ca92e.jpg,Android-14-Google-Pixel-7-1247690136,61,Smartphone,mobile_phone,640,640,140,147,161.422,365.511,0.14404667148925782,True,0,1ac6b783212f1ec72e6d2bad33ada4b6,2,,False,False,False,True,False,140,147,301.422,512.511,pending_review
UNUM01074,UNU-KEY E-Waste Dataset v44,CC BY 4.0,valid,966,665,5c3be2cc8d73580c_jpg.rf.29c881a42919840076f0f8dbfff372ec.jpg,5c3be2cc8d73580c,61,Smartphone,mobile_phone,640,640,84,17,444.0,616.0,0.667734375,False,0,d6cee394891460ecd3e476512635b885,1,,False,False,False,False,False,84,17,528.0,633.0,pending_review
UNUM01075,UNU-KEY E-Waste Dataset v44,CC BY 4.0,valid,1010,702,Copy-of-IMG_20200328_135457_jpg.rf.2b6c90dff189c116cd191c6cf378ccc8.jpg,Copy-of-IMG_20200328_135457,61,Smartphone,mobile_phone,640,640,144,36,313.0,589.0,0.45009033203125,False,0,547d183c81c7d6bdd985a9205f403db6,1,,False,False,False,False,False,144,36,457.0,625.0,pending_review
UNUM01076,UNU-KEY E-Waste Dataset v44,CC BY 4.0,valid,1019,707,716fe06c18c66ded_jpg.rf.2bd545ba2c5efa6b0f3e4f0511f8ac06.jpg,716fe06c18c66ded,61,Smartphone,mobile_phone,640,640,240,226,60.0,114.0,0.01669921875,False,0,f7cb134435e11baf5425420e91b6df58,2,Headphone,True,True,False,True,False,240,226,300.0,340.0,pending_review
UNUM01077,UNU-KEY E-Waste Dataset v44,CC BY 4.0,valid,1020,707,716fe06c18c66ded_jpg.rf.2bd545ba2c5efa6b0f3e4f0511f8ac06.jpg,716fe06c18c66ded,61,Smartphone,mobile_phone,640,640,318,271,75.0,118.0,0.0216064453125,False,0,f7cb134435e11baf5425420e91b6df58,2,Headphone,True,False,False,True,False,318,271,393.0,389.0,pending_review
UNUM01078,UNU-KEY E-Waste Dataset v44,CC BY 4.0,valid,1114,739,483_jpg.rf.2d1ffb19525a9c6f594e197fee4e0a04.jpg,483,61,Smartphone,mobile_phone,640,640,0,7,562.0,326.0,0.447294921875,False,0,9690055709a7e9617ec9e1bd39e1b56d,1,,False,False,False,False,True,0,7,562.0,333.0,pending_review
UNUM01079,UNU-KEY E-Waste Dataset v44,CC BY 4.0,valid,1122,745,IMG_20200329_152844_jpg.rf.2eb8d6d05fdf02d55fecd16bd290732e.jpg,IMG_20200329_152844,61,Smartphone,mobile_phone,640,640,128,228,111.0,162.0,0.0439013671875,False,0,bc3ca458236023e8ec9a8b5acb56e203,2,Laptop,True,False,False,True,True,128,228,239.0,390.0,pending_review
UNUM01080,UNU-KEY E-Waste Dataset v44,CC BY 4.0,valid,1123,745,IMG_20200329_152844_jpg.rf.2eb8d6d05fdf02d55fecd16bd290732e.jpg,IMG_20200329_152844,61,Smartphone,mobile_phone,640,640,80,59,200.0,123.0,0.06005859375,False,0,bc3ca458236023e8ec9a8b5acb56e203,2,Laptop,True,False,False,True,True,80,59,280.0,182.0,pending_review
UNUM01081,UNU-KEY E-Waste Dataset v44,CC BY 4.0,valid,1127,748,460_jpeg.rf.2ef9f585e4a63a10364179c3f6dad55b.jpg,460,61,Smartphone,mobile_phone,640,640,97,197,531.0,283.0,0.36687744140625,False,0,44ddda74ed587d7d9feef9f854e21ff3,1,,False,False,False,False,True,97,197,628.0,480.0,pending_review
UNUM01082,UNU-KEY E-Waste Dataset v44,CC BY 4.0,valid,1169,771,97_jpg.rf.30c08a1a3bdb11e2e62f7e7133474d7f.jpg,97,61,Smartphone,mobile_phone,640,640,0,141,242.073,203.109,0.12003712147705078,True,0,2203a22663acb3274af5cea7f85e6d0c,5,,False,False,False,True,False,0,141,242.073,344.10900000000004,pending_review
UNUM01083,UNU-KEY E-Waste Dataset v44,CC BY 4.0,valid,1170,771,97_jpg.rf.30c08a1a3bdb11e2e62f7e7133474d7f.jpg,97,61,Smartphone,mobile_phone,640,640,36,333,281.036,167.461,0.11489885155273438,True,0,2203a22663acb3274af5cea7f85e6d0c,5,,False,False,False,True,False,36,333,317.036,500.461,pending_review
UNUM01084,UNU-KEY E-Waste Dataset v44,CC BY 4.0,valid,1171,771,97_jpg.rf.30c08a1a3bdb11e2e62f7e7133474d7f.jpg,97,61,Smartphone,mobile_phone,640,640,254,141,176.58,169.948,0.07326518027343751,True,0,2203a22663acb3274af5cea7f85e6d0c,5,,False,False,False,True,False,254,141,430.58000000000004,310.948,pending_review
UNUM01085,UNU-KEY E-Waste Dataset v44,CC BY 4.0,valid,1172,771,97_jpg.rf.30c08a1a3bdb11e2e62f7e7133474d7f.jpg,97,61,Smartphone,mobile_phone,640,640,322,302,249.534,198.135,0.1207065895751953,True,0,2203a22663acb3274af5cea7f85e6d0c,5,,False,False,False,True,False,322,302,571.534,500.135,pending_review
UNUM01086,UNU-KEY E-Waste Dataset v44,CC BY 4.0,valid,1173,771,97_jpg.rf.30c08a1a3bdb11e2e62f7e7133474d7f.jpg,97,61,Smartphone,mobile_phone,640,640,465,141,174.922,218.86,0.09346540263671875,True,0,2203a22663acb3274af5cea7f85e6d0c,5,,False,False,False,True,False,465,141,639.922,359.86,pending_review
UNUM01087,UNU-KEY E-Waste Dataset v44,CC BY 4.0,valid,1218,805,IMG_20200329_152659_jpg.rf.32719241c08546a4aa2f2f8113415306.jpg,IMG_20200329_152659,61,Smartphone,mobile_phone,640,640,66,375,158.0,173.0,0.0667333984375,False,0,59338e5711199c131db3fd2947c1ac61,2,Laptop,True,False,False,True,False,66,375,224.0,548.0,pending_review
UNUM01088,UNU-KEY E-Waste Dataset v44,CC BY 4.0,valid,1219,805,IMG_20200329_152659_jpg.rf.32719241c08546a4aa2f2f8113415306.jpg,IMG_20200329_152659,61,Smartphone,mobile_phone,640,640,64,229,150.0,122.0,0.044677734375,False,0,59338e5711199c131db3fd2947c1ac61,2,Laptop,True,False,False,True,False,64,229,214.0,351.0,pending_review
UNUM01089,UNU-KEY E-Waste Dataset v44,CC BY 4.0,valid,1284,838,509_jpeg.rf.34ea70f13bc1bbe430df7ee0c1271b8b.jpg,509,61,Smartphone,mobile_phone,640,640,249,145,212.0,374.0,0.19357421875,False,0,cd60e908b848639bbc6c13d79edb5f7f,1,,False,False,False,False,True,249,145,461.0,519.0,pending_review
UNUM01090,UNU-KEY E-Waste Dataset v44,CC BY 4.0,valid,1294,846,483_jpg.rf.369af2d58b0a532734c1f0976e184d81.jpg,483,61,Smartphone,mobile_phone,640,640,1,153,537.0,177.0,0.23205322265625,False,0,46cca439ec13508cdf86c23dd254b9cd,1,,False,False,False,False,True,1,153,538.0,330.0,pending_review
UNUM01091,UNU-KEY E-Waste Dataset v44,CC BY 4.0,valid,1332,872,WhatsApp-Video-2023-09-09-at-10_00_52-PM_mp4-34_jpg.rf.36fc6aa8687da3a2faf2a4e6263200c9.jpg,WhatsApp-Video-2023-09-09-at-10_00_52-PM_mp4-34,2,Bar-Phone,mobile_phone,640,640,232,192,156.0,350.0,0.13330078125,False,0,2e93c1f976df3883ed46b2038c74d96c,1,,False,False,False,False,False,232,192,388.0,542.0,pending_review
UNUM01092,UNU-KEY E-Waste Dataset v44,CC BY 4.0,valid,1342,878,511_jpeg.rf.375c6100819a7420652f0730dade2ea4.jpg,511,61,Smartphone,mobile_phone,640,640,215,107,211.0,407.0,0.20966064453125,False,0,05072cce1440115acc4bef1906ba00e6,1,,False,False,False,False,True,215,107,426.0,514.0,pending_review
UNUM01093,UNU-KEY E-Waste Dataset v44,CC BY 4.0,valid,1363,896,513_jpg.rf.390b2f5a0eadc09a2ae79e478e3c784d.jpg,513,61,Smartphone,mobile_phone,640,640,18,179,622.0,253.0,0.3841943359375,False,0,9f6c5f8795a6e9a649fe565493df3127,1,,False,False,False,False,True,18,179,640.0,432.0,pending_review
UNUM01094,UNU-KEY E-Waste Dataset v44,CC BY 4.0,valid,1395,924,64_jpg.rf.3abcf9cbcf8dd99be19d93deddb1ba79.jpg,64,61,Smartphone,mobile_phone,640,640,225,164,157.746,305.352,0.1175977944140625,True,0,e2ac35f92fd3c5ed591cb16aca691ccb,1,,False,False,False,False,False,225,164,382.746,469.352,pending_review
UNUM01095,UNU-KEY E-Waste Dataset v44,CC BY 4.0,valid,1446,966,IMG-20200328-WA0045_jpg.rf.3e20a52dc142721e0bed64c0006ebddc.jpg,IMG-20200328-WA0045,61,Smartphone,mobile_phone,640,640,162,1,313.0,601.0,0.45926025390625,False,0,759a2127fe370748e7843eb36434a66c,1,,False,False,False,False,False,162,1,475.0,602.0,pending_review
UNUM01096,UNU-KEY E-Waste Dataset v44,CC BY 4.0,valid,1453,973,459_jpeg.rf.3efa3522c603f9347639a9d29e11a094.jpg,459,61,Smartphone,mobile_phone,640,640,123,3,343.0,630.0,0.5275634765625,False,0,a4b2aad2da22e3e5b77bc888661b5be6,1,,False,False,False,False,True,123,3,466.0,633.0,pending_review
UNUM01097,UNU-KEY E-Waste Dataset v44,CC BY 4.0,valid,1477,996,91b8b7528d4c25d7_jpg.rf.40b21bd8c832c0edd0a9e0c8445cad88.jpg,91b8b7528d4c25d7,61,Smartphone,mobile_phone,640,640,34,171,162.0,369.0,0.1459423828125,False,0,56e42bfba862f4bd1bc51d0bfab3b930,3,,False,False,False,True,False,34,171,196.0,540.0,pending_review
UNUM01098,UNU-KEY E-Waste Dataset v44,CC BY 4.0,valid,1478,996,91b8b7528d4c25d7_jpg.rf.40b21bd8c832c0edd0a9e0c8445cad88.jpg,91b8b7528d4c25d7,61,Smartphone,mobile_phone,640,640,240,170,171.0,362.0,0.1511279296875,False,0,56e42bfba862f4bd1bc51d0bfab3b930,3,,False,False,False,True,False,240,170,411.0,532.0,pending_review
UNUM01099,UNU-KEY E-Waste Dataset v44,CC BY 4.0,valid,1479,996,91b8b7528d4c25d7_jpg.rf.40b21bd8c832c0edd0a9e0c8445cad88.jpg,91b8b7528d4c25d7,61,Smartphone,mobile_phone,640,640,443,167,166.0,364.0,0.14751953125,False,0,56e42bfba862f4bd1bc51d0bfab3b930,3,,False,False,False,True,False,443,167,609.0,531.0,pending_review
UNUM01100,UNU-KEY E-Waste Dataset v44,CC BY 4.0,valid,1508,1023,571_jpg.rf.41aea473c8bc5d7aed83f6ca8d89c3af.jpg,571,61,Smartphone,mobile_phone,640,640,18,152,596.0,112.0,0.16296875,False,0,53960b1d90b2697896577c91cde821e8,1,,False,False,False,False,True,18,152,614.0,264.0,pending_review
UNUM01101,UNU-KEY E-Waste Dataset v44,CC BY 4.0,valid,1509,1024,WhatsApp-Video-2023-09-09-at-10_00_52-PM_mp4-31_jpg.rf.420c2b2b1f59f092162b8c7a3bd944f3.jpg,WhatsApp-Video-2023-09-09-at-10_00_52-PM_mp4-31,2,Bar-Phone,mobile_phone,640,640,211,195,128.0,318.0,0.099375,False,0,b5584d15352bd54d0473554bdacba943,1,,False,False,False,False,False,211,195,339.0,513.0,pending_review
UNUM01102,UNU-KEY E-Waste Dataset v44,CC BY 4.0,valid,1568,1059,304_jpeg.rf.43c4a7560b9b0ebafb80a15781a5bd40.jpg,304,61,Smartphone,mobile_phone,640,640,18,282,137.0,202.0,0.0675634765625,False,0,75a24abe24bd4036548fbb42cba7f00a,1,Laptop,True,False,False,False,False,18,282,155.0,484.0,pending_review
UNUM01103,UNU-KEY E-Waste Dataset v44,CC BY 4.0,valid,1577,1066,588_jpeg.rf.43dcc4b785bad30258679b2b00af94a8.jpg,588,61,Smartphone,mobile_phone,640,640,8,194,581.0,293.0,0.41560791015625,False,0,f2a046bd827d597871af9736bbb5ac3c,1,,False,False,False,False,True,8,194,589.0,487.0,pending_review
UNUM01104,UNU-KEY E-Waste Dataset v44,CC BY 4.0,valid,1596,1081,514_jpg.rf.44fd160ef52889c14509ef8549749e54.jpg,514,61,Smartphone,mobile_phone,640,640,104,64,396.0,573.0,0.553974609375,False,0,a2adf4a2af8c2751e1bfb5503342a741,1,,False,False,False,False,True,104,64,500.0,637.0,pending_review
UNUM01105,UNU-KEY E-Waste Dataset v44,CC BY 4.0,valid,1600,1083,000000009527_jpg.rf.442155afc827a80a1558d3ec3b59c80a.jpg,000000009527,2,Bar-Phone,mobile_phone,640,640,56,327,39.04,37.2,0.003545625,True,0,bed7d6778baef79e86a0e28aea07f731,1,Computer-Mouse; Laptop,True,True,False,False,False,56,327,95.03999999999999,364.2,pending_review
UNUM01106,UNU-KEY E-Waste Dataset v44,CC BY 4.0,valid,1622,1100,525_jpeg.rf.46bb9433897638e0bb037429292471a2.jpg,525,61,Smartphone,mobile_phone,640,640,166,111,334.0,289.0,0.2356591796875,False,0,70067ed0eafcf7b6aed7d099a23c7266,1,,False,False,False,False,True,166,111,500.0,400.0,pending_review
UNUM01107,UNU-KEY E-Waste Dataset v44,CC BY 4.0,valid,1683,1114,492_jpeg.rf.477e986e3fe94f3cb68ea5b152c46c0a.jpg,492,61,Smartphone,mobile_phone,640,640,199,212,414.0,280.0,0.2830078125,False,0,5b322e8bec8192543abea8c1c2ad659c,1,,False,False,False,False,True,199,212,613.0,492.0,pending_review
UNUM01108,UNU-KEY E-Waste Dataset v44,CC BY 4.0,valid,1703,1124,81_jpg.rf.480ab327281bcafae2f7eae5075cad87.jpg,81,61,Smartphone,mobile_phone,640,640,184,21,234.667,444.444,0.25462973668945316,True,0,62fe13523ade7b1757cc8327a7a17549,1,,False,False,False,False,False,184,21,418.66700000000003,465.444,pending_review
UNUM01109,UNU-KEY E-Waste Dataset v44,CC BY 4.0,valid,1756,1154,498_jpeg.rf.4aa1ee39b508a2aa7c658202a17df2a0.jpg,498,61,Smartphone,mobile_phone,640,640,201,83,255.0,423.0,0.26334228515625,False,0,7e3e84c4bccb168db9f6ee0fac14a427,1,,False,False,False,False,True,201,83,456.0,506.0,pending_review
UNUM01110,UNU-KEY E-Waste Dataset v44,CC BY 4.0,valid,1840,1213,486_jpg.rf.4db48bef29701738813967a7bb08a7a8.jpg,486,61,Smartphone,mobile_phone,640,640,137,114,381.0,471.0,0.43811279296875,False,0,e31c2e3b6b4d0ab302cc24b30b58f841,1,,False,False,False,False,True,137,114,518.0,585.0,pending_review
UNUM01111,UNU-KEY E-Waste Dataset v44,CC BY 4.0,valid,1867,1233,Copy-of-IMG_20200328_135240_jpg.rf.4f7bd90d210c3a1e97c9c071e5c41684.jpg,Copy-of-IMG_20200328_135240,61,Smartphone,mobile_phone,640,640,1,276,584.0,231.0,0.32935546875,False,0,21d49c44dd97cb78fc0647a16b3d6482,1,,False,False,False,False,True,1,276,585.0,507.0,pending_review
UNUM01112,UNU-KEY E-Waste Dataset v44,CC BY 4.0,valid,1880,1244,Copy-of-IMG_20200328_222123_jpg.rf.502ff80a4041d40ff37dbdc4fb823ba5.jpg,Copy-of-IMG_20200328_222123,61,Smartphone,mobile_phone,640,640,26,81,537.0,415.0,0.54407958984375,False,0,89bbd491525ac3425984d0cd837a9a4a,1,,False,False,False,False,True,26,81,563.0,496.0,pending_review
UNUM01113,UNU-KEY E-Waste Dataset v44,CC BY 4.0,valid,2023,1324,Reno-10-series_jpeg.rf.5525b28b42b97218572221d39aa5ac13.jpg,Reno-10-series,61,Smartphone,mobile_phone,640,640,383,98,148.8,490.667,0.17825012109375,True,0,2186450a1cb83f94f052e78176d12b43,3,,False,False,False,True,False,383,98,531.8,588.6669999999999,pending_review
UNUM01114,UNU-KEY E-Waste Dataset v44,CC BY 4.0,valid,2024,1324,Reno-10-series_jpeg.rf.5525b28b42b97218572221d39aa5ac13.jpg,Reno-10-series,61,Smartphone,mobile_phone,640,640,244,82,149.867,488.533,0.17874749782958982,True,0,2186450a1cb83f94f052e78176d12b43,3,,False,False,False,True,False,244,82,393.86699999999996,570.533,pending_review
UNUM01115,UNU-KEY E-Waste Dataset v44,CC BY 4.0,valid,2025,1324,Reno-10-series_jpeg.rf.5525b28b42b97218572221d39aa5ac13.jpg,Reno-10-series,61,Smartphone,mobile_phone,640,640,108,59,141.333,491.733,0.16967309592041016,True,0,2186450a1cb83f94f052e78176d12b43,3,,False,False,False,True,False,108,59,249.333,550.733,pending_review
UNUM01116,UNU-KEY E-Waste Dataset v44,CC BY 4.0,valid,2077,1364,d538cc6067e1aa32_jpg.rf.57366ea77efcb041aa8ffc6fea7c02a5.jpg,d538cc6067e1aa32,61,Smartphone,mobile_phone,640,640,469,421,69.0,123.0,0.02072021484375,False,0,63e24e63e53d1213f3ec3d575d074445,1,Flat-Panel-Monitor; Tablet,True,False,False,False,False,469,421,538.0,544.0,pending_review
UNUM01117,UNU-KEY E-Waste Dataset v44,CC BY 4.0,valid,2103,1383,Copy-of-IMG_20200328_140056_jpg.rf.59400e4dc7b8eb479306f5ead6155d96.jpg,Copy-of-IMG_20200328_140056,2,Bar-Phone,mobile_phone,640,640,55,185,585.0,287.0,0.40989990234375,False,0,1f247d91fdd5db238385a82329d4b8fb,1,,False,False,False,False,False,55,185,640.0,472.0,pending_review
UNUM01118,UNU-KEY E-Waste Dataset v44,CC BY 4.0,valid,2105,1385,66d3e13d3638f9e3_jpg.rf.58364f1725ccad8fa31ed65f67cbb409.jpg,66d3e13d3638f9e3,61,Smartphone,mobile_phone,640,640,107,122,319.0,262.0,0.2040478515625,False,0,7079d5a241ce6d10a4d5743b2c3e4065,1,,False,False,False,False,False,107,122,426.0,384.0,pending_review
UNUM01119,UNU-KEY E-Waste Dataset v44,CC BY 4.0,valid,2110,1390,464_jpeg.rf.5828d115686eaa7ce3ec9558129b98e2.jpg,464,61,Smartphone,mobile_phone,640,640,144,220,240.0,408.0,0.2390625,False,0,1bb3a4ab941a840846e5b5a401778668,1,,False,False,False,False,True,144,220,384.0,628.0,pending_review
UNUM01120,UNU-KEY E-Waste Dataset v44,CC BY 4.0,valid,2117,1397,598_jpeg.rf.5835f5cd278183db1b3e83210784e9a0.jpg,598,61,Smartphone,mobile_phone,640,640,148,63,310.0,577.0,0.4366943359375,False,0,e8541ce6f0d6c0f81927716e4805bfff,1,,False,False,False,False,True,148,63,458.0,640.0,pending_review
UNUM01121,UNU-KEY E-Waste Dataset v44,CC BY 4.0,valid,2177,1408,06f92f5456da8509_jpg.rf.5ad591ff1972d68152a182ea723f7dbb.jpg,06f92f5456da8509,61,Smartphone,mobile_phone,640,640,2,3,638.0,637.0,0.9922021484375,False,0,2f3f7f7b3117f3928cd4ed5d42d705b3,1,,False,False,True,False,False,2,3,640.0,640.0,pending_review
UNUM01122,UNU-KEY E-Waste Dataset v44,CC BY 4.0,valid,2178,1409,480_jpg.rf.5ad6158bd400f61706a3d299889b6666.jpg,480,61,Smartphone,mobile_phone,640,640,154,61,345.0,444.0,0.373974609375,False,0,43c85ab0471c11222e3b91597823ba59,1,,False,False,False,False,True,154,61,499.0,505.0,pending_review
UNUM01123,UNU-KEY E-Waste Dataset v44,CC BY 4.0,valid,2261,1457,532_jpeg.rf.5e1c800d3ef5120fa5cd4cd24186c11a.jpg,532,61,Smartphone,mobile_phone,640,640,248,216,149.0,267.0,0.09712646484375,False,0,4c71cd52031d443cb1dd40704f02fcb9,1,,False,False,False,False,True,248,216,397.0,483.0,pending_review
UNUM01124,UNU-KEY E-Waste Dataset v44,CC BY 4.0,valid,2304,1485,IMG_20200328_131506_jpg.rf.606db2821190494f0a26983287fa6313.jpg,IMG_20200328_131506,61,Smartphone,mobile_phone,640,640,225,68,210.0,452.0,0.23173828125,False,0,cb471a140983da396bf56a0e86131330,1,,False,False,False,False,True,225,68,435.0,520.0,pending_review
UNUM01125,UNU-KEY E-Waste Dataset v44,CC BY 4.0,valid,2319,1495,0e70c00f34a45c68_jpg.rf.5f69cfa5099ec7e25250f8e55d8af0cb.jpg,0e70c00f34a45c68,61,Smartphone,mobile_phone,640,640,107,44,202.0,525.0,0.2589111328125,False,0,98e8718d789af02d97dbfc883e745616,1,Computer-Mouse,True,False,False,False,False,107,44,309.0,569.0,pending_review
UNUM01126,UNU-KEY E-Waste Dataset v44,CC BY 4.0,valid,2328,1503,509_jpeg.rf.60cba17b77ab6a54757e137cb53b2b1d.jpg,509,61,Smartphone,mobile_phone,640,640,249,145,212.0,374.0,0.19357421875,False,0,cd60e908b848639bbc6c13d79edb5f7f,1,,False,False,False,False,True,249,145,461.0,519.0,pending_review
UNUM01127,UNU-KEY E-Waste Dataset v44,CC BY 4.0,valid,2330,1505,472_jpeg.rf.5fac063b8a911181321540d4de6b1988.jpg,472,61,Smartphone,mobile_phone,640,640,206,79,255.0,443.0,0.27579345703125,False,0,cf0cf1ec2e40feff3af3d74b2d097629,1,,False,False,False,False,True,206,79,461.0,522.0,pending_review
UNUM01128,UNU-KEY E-Waste Dataset v44,CC BY 4.0,valid,2391,1551,562_jpg.rf.645eef4ab0ef911a82cbf5dae801ad5f.jpg,562,61,Smartphone,mobile_phone,640,640,146,104,345.0,450.0,0.3790283203125,False,0,6377e45d22c1c140f3f18dcc1663840c,1,,False,False,False,False,True,146,104,491.0,554.0,pending_review
UNUM01129,UNU-KEY E-Waste Dataset v44,CC BY 4.0,valid,2444,1597,31_jpg.rf.65eefa38c029854971fce07c634193d3.jpg,31,61,Smartphone,mobile_phone,640,640,181,42,254.064,554.102,0.343694752265625,True,0,f157a7aa3401ade38510700003323aba,1,,False,False,False,False,False,181,42,435.06399999999996,596.102,pending_review
UNUM01130,UNU-KEY E-Waste Dataset v44,CC BY 4.0,valid,2480,1621,IMG_20200329_152804_jpg.rf.69299d2ed2d6599b0beef151de2d062c.jpg,IMG_20200329_152804,61,Smartphone,mobile_phone,640,640,112,336,144.0,162.0,0.056953125,False,0,f6bc20710e2e4462714dfa3cf56b65e3,2,Laptop,True,False,False,True,True,112,336,256.0,498.0,pending_review
UNUM01131,UNU-KEY E-Waste Dataset v44,CC BY 4.0,valid,2481,1621,IMG_20200329_152804_jpg.rf.69299d2ed2d6599b0beef151de2d062c.jpg,IMG_20200329_152804,61,Smartphone,mobile_phone,640,640,61,99,223.0,190.0,0.1034423828125,False,0,f6bc20710e2e4462714dfa3cf56b65e3,2,Laptop,True,False,False,True,True,61,99,284.0,289.0,pending_review
UNUM01132,UNU-KEY E-Waste Dataset v44,CC BY 4.0,valid,2483,1622,bfb03d953f719c71_jpg.rf.68dc8cd06fed373fb47b3757c7c68b36.jpg,bfb03d953f719c71,61,Smartphone,mobile_phone,640,640,179,47,216.0,479.0,0.25259765625,False,0,7775b3ec354c31a53016eb92d91ad3f6,1,,False,False,False,False,False,179,47,395.0,526.0,pending_review
UNUM01133,UNU-KEY E-Waste Dataset v44,CC BY 4.0,valid,2515,1647,6648410adb1b08cb_jpg.rf.6a970d223d1a7d00d45743a02d603036.jpg,6648410adb1b08cb,61,Smartphone,mobile_phone,640,640,131,355,201.0,240.0,0.1177734375,False,0,51d67770028a2335f5ddefa9d24860f9,1,Laptop,True,False,False,False,False,131,355,332.0,595.0,pending_review
UNUM01134,UNU-KEY E-Waste Dataset v44,CC BY 4.0,valid,2590,1694,androidphones-2048px-pixel7pro-front_jpeg.rf.6d1e5c8036284efaa840bdbeab99d369.jpg,androidphones-2048px-pixel7pro-front,61,Smartphone,mobile_phone,640,640,184,130,299.688,378.438,0.27688800621093745,True,0,0c69aaa91e41c3184762b0c80ef2f3e8,1,,False,False,False,False,False,184,130,483.688,508.438,pending_review
UNUM01135,UNU-KEY E-Waste Dataset v44,CC BY 4.0,valid,2688,1755,468_jpeg.rf.71a823bb25ca3b598cc5d85aad8c04e8.jpg,468,61,Smartphone,mobile_phone,640,640,190,20,282.0,549.0,0.3779736328125,False,0,7f0637294ae1cb104dbda8d4c2ee3a49,1,,False,False,False,False,True,190,20,472.0,569.0,pending_review
UNUM01136,UNU-KEY E-Waste Dataset v44,CC BY 4.0,valid,2702,1762,541_jpeg.rf.7211771530da66c9a3b9b5aec73f136b.jpg,541,61,Smartphone,mobile_phone,640,640,215,149,237.0,446.0,0.2580615234375,False,0,f114c561ecbc6a11aa1924fd1f0e19ad,1,,False,False,False,False,True,215,149,452.0,595.0,pending_review
UNUM01137,UNU-KEY E-Waste Dataset v44,CC BY 4.0,valid,2704,1764,a45a08ab8b0812a1_jpg.rf.72a15de5b48d2d8f593a21d06e80deb7.jpg,a45a08ab8b0812a1,61,Smartphone,mobile_phone,640,640,160,74,309.0,521.0,0.39303955078125,False,0,70dc95557e7fc882b798d722f6d852b7,1,,False,False,False,False,False,160,74,469.0,595.0,pending_review
UNUM01138,UNU-KEY E-Waste Dataset v44,CC BY 4.0,valid,2718,1778,a49f1462c771f796_jpg.rf.72bf1031bba5902898ba868a82767b3f.jpg,a49f1462c771f796,61,Smartphone,mobile_phone,640,640,118,118,428.0,356.0,0.3719921875,False,0,eb61f80c49d9207050789f94b091cf44,1,,False,False,False,False,False,118,118,546.0,474.0,pending_review
UNUM01139,UNU-KEY E-Waste Dataset v44,CC BY 4.0,valid,2789,1797,IMG_20200329_152659_jpg.rf.746b6c461e8a3b9ccd3b8112727d751a.jpg,IMG_20200329_152659,61,Smartphone,mobile_phone,640,640,66,375,158.0,173.0,0.0667333984375,False,0,59338e5711199c131db3fd2947c1ac61,2,Laptop,True,False,False,True,False,66,375,224.0,548.0,pending_review
UNUM01140,UNU-KEY E-Waste Dataset v44,CC BY 4.0,valid,2790,1797,IMG_20200329_152659_jpg.rf.746b6c461e8a3b9ccd3b8112727d751a.jpg,IMG_20200329_152659,61,Smartphone,mobile_phone,640,640,64,229,150.0,122.0,0.044677734375,False,0,59338e5711199c131db3fd2947c1ac61,2,Laptop,True,False,False,True,False,64,229,214.0,351.0,pending_review
UNUM01141,UNU-KEY E-Waste Dataset v44,CC BY 4.0,valid,2792,1799,IMG_20200329_152704_jpg.rf.741ab891b90a3b4738896e94c271746a.jpg,IMG_20200329_152704,61,Smartphone,mobile_phone,640,640,424,335,162.0,194.0,0.076728515625,False,0,473cd392df0e73a68d2df362d6ba4223,2,Laptop,True,False,False,True,True,424,335,586.0,529.0,pending_review
UNUM01142,UNU-KEY E-Waste Dataset v44,CC BY 4.0,valid,2793,1799,IMG_20200329_152704_jpg.rf.741ab891b90a3b4738896e94c271746a.jpg,IMG_20200329_152704,61,Smartphone,mobile_phone,640,640,437,143,112.0,140.0,0.03828125,False,0,473cd392df0e73a68d2df362d6ba4223,2,Laptop,True,False,False,True,True,437,143,549.0,283.0,pending_review
UNUM01143,UNU-KEY E-Waste Dataset v44,CC BY 4.0,valid,2802,1805,74db547d2b6520dc_jpg.rf.740f51dfc7422306ea5d9c136ce1c3ae.jpg,74db547d2b6520dc,61,Smartphone,mobile_phone,640,640,2,2,539.0,547.0,0.71980712890625,False,0,92a2e03096e161b19fe98c8113b26616,1,,False,False,False,False,False,2,2,541.0,549.0,pending_review
UNUM01144,UNU-KEY E-Waste Dataset v44,CC BY 4.0,valid,2816,1818,WhatsApp-Video-2023-09-09-at-10_00_52-PM_mp4-26_jpg.rf.75cf66f33ebedb86192c4d08d83d97ea.jpg,WhatsApp-Video-2023-09-09-at-10_00_52-PM_mp4-26,2,Bar-Phone,mobile_phone,640,640,205,182,144.0,324.0,0.11390625,False,0,882fb7a4a21cd0ee330e90b9eb803cac,1,,False,False,False,False,False,205,182,349.0,506.0,pending_review
UNUM01145,UNU-KEY E-Waste Dataset v44,CC BY 4.0,valid,2832,1824,Gear-Apple-iPhone-SE-2022-colors_jpeg.rf.75e6034036271f9b001f851d8b2f8d84.jpg,Gear-Apple-iPhone-SE-2022-colors,61,Smartphone,mobile_phone,640,640,373,140,130.351,358.998,0.11424743236816406,True,0,c2883f4cec8e8ac921fa8381a6222aeb,4,,False,False,False,True,False,373,140,503.351,498.998,pending_review
UNUM01146,UNU-KEY E-Waste Dataset v44,CC BY 4.0,valid,2833,1824,Gear-Apple-iPhone-SE-2022-colors_jpeg.rf.75e6034036271f9b001f851d8b2f8d84.jpg,Gear-Apple-iPhone-SE-2022-colors,61,Smartphone,mobile_phone,640,640,137,146,79.0,345.0,0.06654052734375,False,0,c2883f4cec8e8ac921fa8381a6222aeb,4,,False,False,False,True,False,137,146,216.0,491.0,pending_review
UNUM01147,UNU-KEY E-Waste Dataset v44,CC BY 4.0,valid,2834,1824,Gear-Apple-iPhone-SE-2022-colors_jpeg.rf.75e6034036271f9b001f851d8b2f8d84.jpg,Gear-Apple-iPhone-SE-2022-colors,61,Smartphone,mobile_phone,640,640,223,141,74.0,361.0,0.0652197265625,False,0,c2883f4cec8e8ac921fa8381a6222aeb,4,,False,False,False,True,False,223,141,297.0,502.0,pending_review
UNUM01148,UNU-KEY E-Waste Dataset v44,CC BY 4.0,valid,2835,1824,Gear-Apple-iPhone-SE-2022-colors_jpeg.rf.75e6034036271f9b001f851d8b2f8d84.jpg,Gear-Apple-iPhone-SE-2022-colors,61,Smartphone,mobile_phone,640,640,303,138,73.0,366.0,0.0652294921875,False,0,c2883f4cec8e8ac921fa8381a6222aeb,4,,False,False,False,True,False,303,138,376.0,504.0,pending_review
UNUM01149,UNU-KEY E-Waste Dataset v44,CC BY 4.0,valid,2846,1834,IMG_20200329_152622_jpg.rf.76478910a8809e34ec95f888a43c2728.jpg,IMG_20200329_152622,61,Smartphone,mobile_phone,640,640,139,143,173.0,362.0,0.1528955078125,False,0,e372b3135a98b4bc829c20558514f3a8,2,,False,False,False,True,True,139,143,312.0,505.0,pending_review
UNUM01150,UNU-KEY E-Waste Dataset v44,CC BY 4.0,valid,2847,1834,IMG_20200329_152622_jpg.rf.76478910a8809e34ec95f888a43c2728.jpg,IMG_20200329_152622,61,Smartphone,mobile_phone,640,640,342,91,241.0,456.0,0.26830078125,False,0,e372b3135a98b4bc829c20558514f3a8,2,,False,False,False,True,True,342,91,583.0,547.0,pending_review
UNUM01151,UNU-KEY E-Waste Dataset v44,CC BY 4.0,valid,2890,1860,479_jpg.rf.77a09118efdd5bfddc0321a3fbad0f78.jpg,479,61,Smartphone,mobile_phone,640,640,5,160,635.0,192.0,0.29765625,False,0,ad7d3af3ad1d682ac240da6edb876491,1,,False,False,False,False,True,5,160,640.0,352.0,pending_review
UNUM01152,UNU-KEY E-Waste Dataset v44,CC BY 4.0,valid,2905,1872,IMG_20200329_152654_jpg.rf.78d8fce46f48104327b898d361314c29.jpg,IMG_20200329_152654,61,Smartphone,mobile_phone,640,640,140,411,170.0,155.0,0.0643310546875,False,0,480e238f9f6d8a370915397b817dcc79,2,Laptop,True,False,False,True,True,140,411,310.0,566.0,pending_review
UNUM01153,UNU-KEY E-Waste Dataset v44,CC BY 4.0,valid,2906,1872,IMG_20200329_152654_jpg.rf.78d8fce46f48104327b898d361314c29.jpg,IMG_20200329_152654,61,Smartphone,mobile_phone,640,640,354,411,162.0,143.0,0.0565576171875,False,0,480e238f9f6d8a370915397b817dcc79,2,Laptop,True,False,False,True,True,354,411,516.0,554.0,pending_review
UNUM01154,UNU-KEY E-Waste Dataset v44,CC BY 4.0,valid,2917,1881,WhatsApp-Video-2023-09-09-at-10_00_52-PM_mp4-27_jpg.rf.7948d03bb21fb38da171898fd17a26ca.jpg,WhatsApp-Video-2023-09-09-at-10_00_52-PM_mp4-27,2,Bar-Phone,mobile_phone,640,640,183,188,144.0,338.0,0.118828125,False,0,e6c90371b51085ad7a5201ba07651440,1,,False,False,False,False,False,183,188,327.0,526.0,pending_review
UNUM01155,UNU-KEY E-Waste Dataset v44,CC BY 4.0,valid,2919,1883,IMG_20200329_201009_jpg.rf.7917d1b8e65fdd6dd3e7e66b698d20ec.jpg,IMG_20200329_201009,61,Smartphone,mobile_phone,640,640,132,78,294.0,492.0,0.35314453125,False,0,d1603521aff123b8229459c189f83a80,1,,False,False,False,False,False,132,78,426.0,570.0,pending_review
UNUM01156,UNU-KEY E-Waste Dataset v44,CC BY 4.0,valid,2927,1890,WhatsApp-Image-2023-09-09-at-9-46-12-PM_jpeg.rf.78bea078d6b38788f6f3d847e3920760.jpg,WhatsApp-Image-2023-09-09-at-9-46-12-PM,2,Bar-Phone,mobile_phone,640,640,251,155,155.0,325.0,0.12298583984375,False,0,a27842d63dfd4c99563f886edfd78500,1,,False,False,False,False,False,251,155,406.0,480.0,pending_review
UNUM01157,UNU-KEY E-Waste Dataset v44,CC BY 4.0,valid,2943,1904,Pn3JL6Dvj374auve6Vac3n_jpeg.rf.7a8bac74d077e679bdc2bea34a07571d.jpg,Pn3JL6Dvj374auve6Vac3n,61,Smartphone,mobile_phone,640,640,167,238,371.249,219.133,0.1986154958911133,True,0,397ed40ffb84eb055013df03f558d7f5,1,,False,False,False,False,False,167,238,538.249,457.13300000000004,pending_review
UNUM01158,UNU-KEY E-Waste Dataset v44,CC BY 4.0,valid,2976,1925,0e3af283ed27d17d_jpg.rf.7c43b5827f4d05a401cbc7b680d10348.jpg,0e3af283ed27d17d,61,Smartphone,mobile_phone,640,640,214,164,298.0,326.0,0.237177734375,False,0,fcc7723371c9e56a5f92d5fd28d1e9f0,1,,False,False,False,False,False,214,164,512.0,490.0,pending_review
UNUM01159,UNU-KEY E-Waste Dataset v44,CC BY 4.0,valid,2984,1931,4263315dedbc41ed_jpg.rf.7ca266e6622c6d9f0f82bd1cd901b43c.jpg,4263315dedbc41ed,61,Smartphone,mobile_phone,640,640,173,88,335.0,476.0,0.389306640625,False,0,ea427434fdadfd1971bb9965554c7745,1,,False,False,False,False,False,173,88,508.0,564.0,pending_review
UNUM01160,UNU-KEY E-Waste Dataset v44,CC BY 4.0,valid,3022,1952,584_jpeg.rf.7d9f52855191f9e314ede23eba99c934.jpg,584,61,Smartphone,mobile_phone,640,640,93,206,436.0,221.0,0.235244140625,False,0,ec96590e4df570d79b040e1726be3aed,1,,False,False,False,False,True,93,206,529.0,427.0,pending_review
UNUM01161,UNU-KEY E-Waste Dataset v44,CC BY 4.0,valid,3035,1965,555_jpg.rf.7ddafd491f7ea8990a43f1caeecacb3c.jpg,555,61,Smartphone,mobile_phone,640,640,5,149,635.0,170.0,0.2635498046875,False,0,23911f6033fd2092cf1a390d90f8502c,1,,False,False,False,False,True,5,149,640.0,319.0,pending_review
UNUM01162,UNU-KEY E-Waste Dataset v44,CC BY 4.0,valid,3042,1971,568_jpg.rf.7f934acb17b61350f63491f05cf86873.jpg,568,61,Smartphone,mobile_phone,640,640,2,178,637.0,210.0,0.3265869140625,False,0,a952203d791339ecb479a001d19e4d8e,1,,False,False,False,False,True,2,178,639.0,388.0,pending_review
UNUM01163,UNU-KEY E-Waste Dataset v44,CC BY 4.0,valid,3043,1972,e1065d5f5dbeac8b_jpg.rf.7f77b3bada1faccdbbbe434f21113b00.jpg,e1065d5f5dbeac8b,61,Smartphone,mobile_phone,640,640,78,163,452.0,319.0,0.352021484375,False,0,b66530778d528d3733cd67128c1a5b5d,1,,False,False,False,False,False,78,163,530.0,482.0,pending_review
UNUM01164,UNU-KEY E-Waste Dataset v44,CC BY 4.0,valid,3060,1987,593_jpeg.rf.8089286e6e0c86dc3c4498be356fc5e3.jpg,593,61,Smartphone,mobile_phone,640,640,13,141,615.0,333.0,0.49998779296875,False,0,f949237777c919bc5a16e8a92b267fb3,1,,False,False,False,False,True,13,141,628.0,474.0,pending_review
UNUM01165,UNU-KEY E-Waste Dataset v44,CC BY 4.0,valid,3091,2011,000000224190_jpg.rf.815c0cea0e19188d075c2bf00fc86f01.jpg,000000224190,61,Smartphone,mobile_phone,640,640,328,197,73.34,25.89,0.0046356752929687505,True,0,4373d66f06c368103e3d6cdae888f1f0,1,Computer-Mouse; Laptop,True,True,False,False,False,328,197,401.34000000000003,222.89,pending_review
UNUM01166,UNU-KEY E-Waste Dataset v44,CC BY 4.0,valid,3106,2022,63_jpg.rf.8230604ab60440fe8c9e0fd33b1c155e.jpg,63,61,Smartphone,mobile_phone,640,640,0,209,555.102,254.694,0.3451688202832031,True,0,75de3cb676d95280e5027ec674d142ef,1,,False,False,False,False,False,0,209,555.102,463.69399999999996,pending_review
UNUM01167,UNU-KEY E-Waste Dataset v44,CC BY 4.0,valid,3133,2044,000000392476_jpg.rf.83c32ec9c9209b16d30f17e34e0b13c4.jpg,000000392476,61,Smartphone,mobile_phone,640,640,292,364,29.09,50.17,0.0035630988769531254,True,0,e2cabd5f7ed87ec90370f4334feaa8fa,2,Computer-Keyboard; Computer-Mouse; Flat-Panel-Monitor; Laptop,True,True,False,True,False,292,364,321.09,414.17,pending_review
UNUM01168,UNU-KEY E-Waste Dataset v44,CC BY 4.0,valid,3134,2044,000000392476_jpg.rf.83c32ec9c9209b16d30f17e34e0b13c4.jpg,000000392476,2,Bar-Phone,mobile_phone,640,640,436,459,44.36,35.99,0.0038977451171875,True,0,e2cabd5f7ed87ec90370f4334feaa8fa,2,Computer-Keyboard; Computer-Mouse; Flat-Panel-Monitor; Laptop,True,True,False,True,False,436,459,480.36,494.99,pending_review
UNUM01169,UNU-KEY E-Waste Dataset v44,CC BY 4.0,valid,3175,2075,WhatsApp-Video-2023-09-09-at-10_00_52-PM_mp4-15_jpg.rf.8403958dfa0cc60f865cfe3bbf6561ab.jpg,WhatsApp-Video-2023-09-09-at-10_00_52-PM_mp4-15,2,Bar-Phone,mobile_phone,640,640,248,341,145.0,262.0,0.0927490234375,False,0,611b7eb2ac574e4fea4776bae284bd37,1,,False,False,False,False,False,248,341,393.0,603.0,pending_review
UNUM01170,UNU-KEY E-Waste Dataset v44,CC BY 4.0,valid,3178,2078,452_jpeg.rf.845c95312589a6efcf46bf0b262b5d97.jpg,452,61,Smartphone,mobile_phone,640,640,230,77,253.0,436.0,0.269306640625,False,0,f0ffbb5e9bbf53120def009f10c09aa8,1,,False,False,False,False,True,230,77,483.0,513.0,pending_review
UNUM01171,UNU-KEY E-Waste Dataset v44,CC BY 4.0,valid,3217,2112,508_jpeg.rf.8879a40f66bf6d74e0a1888dd106572b.jpg,508,61,Smartphone,mobile_phone,640,640,135,131,254.0,488.0,0.3026171875,False,0,58ddca9a814d41b06afb98fcb74828fc,1,,False,False,False,False,True,135,131,389.0,619.0,pending_review
UNUM01172,UNU-KEY E-Waste Dataset v44,CC BY 4.0,valid,3288,2160,f11a1a507420a47c_jpg.rf.8bfbc01bfdfc5da2f3c5bdbe853e82a7.jpg,f11a1a507420a47c,61,Smartphone,mobile_phone,640,640,16,87,246.0,474.0,0.284677734375,False,0,1570a9d08046f66c1838203a52a2b5fb,3,,False,False,False,True,False,16,87,262.0,561.0,pending_review
UNUM01173,UNU-KEY E-Waste Dataset v44,CC BY 4.0,valid,3289,2160,f11a1a507420a47c_jpg.rf.8bfbc01bfdfc5da2f3c5bdbe853e82a7.jpg,f11a1a507420a47c,61,Smartphone,mobile_phone,640,640,310,84,241.0,478.0,0.2812451171875,False,0,1570a9d08046f66c1838203a52a2b5fb,3,,False,False,False,True,False,310,84,551.0,562.0,pending_review
UNUM01174,UNU-KEY E-Waste Dataset v44,CC BY 4.0,valid,3290,2160,f11a1a507420a47c_jpg.rf.8bfbc01bfdfc5da2f3c5bdbe853e82a7.jpg,f11a1a507420a47c,61,Smartphone,mobile_phone,640,640,586,86,47.0,487.0,0.05588134765625,False,0,1570a9d08046f66c1838203a52a2b5fb,3,,False,False,False,True,False,586,86,633.0,573.0,pending_review
UNUM01175,UNU-KEY E-Waste Dataset v44,CC BY 4.0,valid,3334,2196,8b93da15822e306c_jpg.rf.8e434e913c5991427ff88dc72c756dbb.jpg,8b93da15822e306c,61,Smartphone,mobile_phone,640,640,169,80,301.0,514.0,0.3777197265625,False,0,5a4cad98b688d35bb212007a65f7a9ad,1,,False,False,False,False,False,169,80,470.0,594.0,pending_review
UNUM01176,UNU-KEY E-Waste Dataset v44,CC BY 4.0,valid,3345,2207,561_jpg.rf.8edcca0f9b8fb1621486a1a2c923074b.jpg,561,61,Smartphone,mobile_phone,640,640,141,12,359.0,486.0,0.4259619140625,False,0,36f09ff8a1645ef301fe1531c42fba1b,1,,False,False,False,False,True,141,12,500.0,498.0,pending_review
UNUM01177,UNU-KEY E-Waste Dataset v44,CC BY 4.0,valid,3373,2233,497_jpeg.rf.90f021e839fd84e4784d17fe32706f0e.jpg,497,61,Smartphone,mobile_phone,640,640,209,155,186.0,312.0,0.1416796875,False,0,b3d22513eb7f19ff16adfa8c446f68f3,1,,False,False,False,False,False,209,155,395.0,467.0,pending_review
UNUM01178,UNU-KEY E-Waste Dataset v44,CC BY 4.0,valid,3429,2279,NPI-Google-Pixel-7a-Shop-Banner-image-1280_png.rf.92c70f5206e8833cf093429220d09321.jpg,NPI-Google-Pixel-7a-Shop-Banner-image-1280,61,Smartphone,mobile_phone,640,640,305,118,190.653,413.642,0.1925343950830078,True,0,551ce976697d4f09f911a503751661bc,2,,False,False,False,True,False,305,118,495.653,531.642,pending_review
UNUM01179,UNU-KEY E-Waste Dataset v44,CC BY 4.0,valid,3430,2279,NPI-Google-Pixel-7a-Shop-Banner-image-1280_png.rf.92c70f5206e8833cf093429220d09321.jpg,NPI-Google-Pixel-7a-Shop-Banner-image-1280,61,Smartphone,mobile_phone,640,640,164,118,133.0,404.0,0.131181640625,False,0,551ce976697d4f09f911a503751661bc,2,,False,False,False,True,False,164,118,297.0,522.0,pending_review
UNUM01180,UNU-KEY E-Waste Dataset v44,CC BY 4.0,valid,3438,2286,051a95013a8ca693_jpg.rf.93a88461252d212450d6314f5b75371c.jpg,051a95013a8ca693,61,Smartphone,mobile_phone,640,640,143,116,322.0,414.0,0.325458984375,False,0,2a969ced6310c95a126377354532d7d7,1,,False,False,False,False,False,143,116,465.0,530.0,pending_review
UNUM01181,UNU-KEY E-Waste Dataset v44,CC BY 4.0,valid,3501,2318,602_jpeg.rf.96f5a55c92591585567947e36956ffd7.jpg,602,61,Smartphone,mobile_phone,640,640,48,165,512.0,277.0,0.34625,False,0,4a78ebb6f25a839a4eed042198b235b2,1,,False,False,False,False,True,48,165,560.0,442.0,pending_review
UNUM01182,UNU-KEY E-Waste Dataset v44,CC BY 4.0,valid,3502,2319,20_jpg.rf.96bc9363f7c185c126705dffd6608826.jpg,20,61,Smartphone,mobile_phone,640,640,36,116,275.401,334.495,0.22490297239990234,True,0,8c27eeecda9f82f455195360dfc9e380,2,,False,False,False,True,False,36,116,311.401,450.495,pending_review
UNUM01183,UNU-KEY E-Waste Dataset v44,CC BY 4.0,valid,3503,2319,20_jpg.rf.96bc9363f7c185c126705dffd6608826.jpg,20,61,Smartphone,mobile_phone,640,640,252,202,348.99,312.195,0.26599837170410157,True,0,8c27eeecda9f82f455195360dfc9e380,2,,False,False,False,True,False,252,202,600.99,514.1949999999999,pending_review
UNUM01184,UNU-KEY E-Waste Dataset v44,CC BY 4.0,valid,3530,2341,603_jpeg.rf.985ec4f3037dda15da6d99e6d4b4eb5c.jpg,603,61,Smartphone,mobile_phone,640,640,167,133,258.0,393.0,0.2475439453125,False,0,48f432e8d6d5c02da09b6621e1f86104,1,,False,False,False,False,True,167,133,425.0,526.0,pending_review
UNUM01185,UNU-KEY E-Waste Dataset v44,CC BY 4.0,valid,3541,2350,501_jpeg.rf.98d626e93a2c621c4e8abe2193bdbfa4.jpg,501,61,Smartphone,mobile_phone,640,640,461,333,113.0,125.0,0.03448486328125,False,0,41455812bcb9de8900b6859f02e2c433,1,Laptop,True,False,False,False,True,461,333,574.0,458.0,pending_review
UNUM01186,UNU-KEY E-Waste Dataset v44,CC BY 4.0,valid,3604,2391,000000145741_jpg.rf.9c132b3247ca9b610767ff4bbd9286a6.jpg,000000145741,61,Smartphone,mobile_phone,640,640,19,367,75.81,62.53,0.011573240478515625,True,0,ebb5374557f116e27b064ef3d0e133b9,1,Computer-Keyboard; Computer-Mouse; Flat-Panel-Monitor; Laptop,True,True,False,False,False,19,367,94.81,429.53,pending_review
UNUM01187,UNU-KEY E-Waste Dataset v44,CC BY 4.0,valid,3658,2432,26c6d37e5439dad2_jpg.rf.9eb04f49fca4baac50b532868110db03.jpg,26c6d37e5439dad2,61,Smartphone,mobile_phone,640,640,103,74,420.0,510.0,0.52294921875,False,0,2a6587a3caaee319699d306b5fc15a63,1,,False,False,False,False,False,103,74,523.0,584.0,pending_review
UNUM01188,UNU-KEY E-Waste Dataset v44,CC BY 4.0,valid,3730,2469,487_jpeg.rf.a1de77e2179ddb7a61cad96d437bd480.jpg,487,61,Smartphone,mobile_phone,640,640,182,100,201.0,324.0,0.158994140625,False,0,7534bd5c745604a3a659f85094e577b4,1,,False,False,False,False,True,182,100,383.0,424.0,pending_review
UNUM01189,UNU-KEY E-Waste Dataset v44,CC BY 4.0,valid,3832,2549,IMG_20200329_152734_jpg.rf.a67c1e2df78031630f6407a43f88224c.jpg,IMG_20200329_152734,61,Smartphone,mobile_phone,640,640,47,287,150.0,190.0,0.069580078125,False,0,4a278a088b45b48cbb6fa844302e234a,2,Laptop,True,False,False,True,True,47,287,197.0,477.0,pending_review
UNUM01190,UNU-KEY E-Waste Dataset v44,CC BY 4.0,valid,3833,2549,IMG_20200329_152734_jpg.rf.a67c1e2df78031630f6407a43f88224c.jpg,IMG_20200329_152734,61,Smartphone,mobile_phone,640,640,462,301,146.0,185.0,0.0659423828125,False,0,4a278a088b45b48cbb6fa844302e234a,2,Laptop,True,False,False,True,True,462,301,608.0,486.0,pending_review
UNUM01191,UNU-KEY E-Waste Dataset v44,CC BY 4.0,valid,3834,2550,467_jpeg.rf.a72f4073f7445c01117e145c3af799fa.jpg,467,61,Smartphone,mobile_phone,640,640,210,97,218.0,411.0,0.2187451171875,False,0,1b86a68a2290f60f663e4743a3c3ea74,1,,False,False,False,False,True,210,97,428.0,508.0,pending_review
UNUM01192,UNU-KEY E-Waste Dataset v44,CC BY 4.0,valid,3850,2565,495_jpeg.rf.a76c7bf450d483ed01ad502d412cce1a.jpg,495,61,Smartphone,mobile_phone,640,640,245,151,158.0,271.0,0.1045361328125,False,0,b38ce58a742ed1bd623e2faa9e19dffb,1,,False,False,False,False,True,245,151,403.0,422.0,pending_review
UNUM01193,UNU-KEY E-Waste Dataset v44,CC BY 4.0,valid,3882,2585,304_jpeg.rf.a8ff6b2c2c089107d071686b33308b1a.jpg,304,61,Smartphone,mobile_phone,640,640,18,282,137.0,202.0,0.0675634765625,False,0,75a24abe24bd4036548fbb42cba7f00a,1,Laptop,True,False,False,False,False,18,282,155.0,484.0,pending_review
UNUM01194,UNU-KEY E-Waste Dataset v44,CC BY 4.0,valid,3926,2625,497_jpeg.rf.ab966346d87f1122a8ae6846f3644542.jpg,497,61,Smartphone,mobile_phone,640,640,209,155,186.0,312.0,0.1416796875,False,0,b3d22513eb7f19ff16adfa8c446f68f3,1,,False,False,False,False,False,209,155,395.0,467.0,pending_review
UNUM01195,UNU-KEY E-Waste Dataset v44,CC BY 4.0,valid,3951,2643,37_jpg.rf.ac61fc10679c2dad0b8ded7ba3f93232.jpg,37,61,Smartphone,mobile_phone,640,640,115,210,179.859,328.244,0.1441348574121094,True,0,d2290cc619932b810a0679db27b8ad4a,2,,False,False,False,True,False,115,210,294.85900000000004,538.244,pending_review
UNUM01196,UNU-KEY E-Waste Dataset v44,CC BY 4.0,valid,3952,2643,37_jpg.rf.ac61fc10679c2dad0b8ded7ba3f93232.jpg,37,61,Smartphone,mobile_phone,640,640,302,76,170.867,293.77,0.12254784812011717,True,0,d2290cc619932b810a0679db27b8ad4a,2,,False,False,False,True,False,302,76,472.86699999999996,369.77,pending_review
UNUM01197,UNU-KEY E-Waste Dataset v44,CC BY 4.0,valid,3975,2660,2f441d1f99d1b54f_jpg.rf.ad975cd300299eb26e3a1a788a6cee1c.jpg,2f441d1f99d1b54f,61,Smartphone,mobile_phone,640,640,67,162,491.0,297.0,0.35602294921875,False,0,7c5761f58fb77320594a3b4c594a8640,1,,False,False,False,False,False,67,162,558.0,459.0,pending_review
UNUM01198,UNU-KEY E-Waste Dataset v44,CC BY 4.0,valid,4043,2715,_url-http_3A_2F_2Fvodafonenz-brightspot-s3-amazonaws-com_2F53_2Fd2_2Fd9213b3342599ad9910192a3e027_2Focs00312-tile-580x350-1-_jpeg.rf.b119f82edcec2082e8aa0d6b1c226a42.jpg,_url-http_3A_2F_2Fvodafonenz-brightspot-s3-amazonaws-com_2F53_2Fd2_2Fd9213b3342599ad9910192a3e027_2Focs00312-tile-580x350-1-,61,Smartphone,mobile_phone,640,640,299,165,176.271,309.153,0.1330437218334961,True,0,b76a8da10788ce70f20e0c2b992403ea,2,,False,False,False,True,False,299,165,475.27099999999996,474.153,pending_review
UNUM01199,UNU-KEY E-Waste Dataset v44,CC BY 4.0,valid,4044,2715,_url-http_3A_2F_2Fvodafonenz-brightspot-s3-amazonaws-com_2F53_2Fd2_2Fd9213b3342599ad9910192a3e027_2Focs00312-tile-580x350-1-_jpeg.rf.b119f82edcec2082e8aa0d6b1c226a42.jpg,_url-http_3A_2F_2Fvodafonenz-brightspot-s3-amazonaws-com_2F53_2Fd2_2Fd9213b3342599ad9910192a3e027_2Focs00312-tile-580x350-1-,61,Smartphone,mobile_phone,640,640,140,211,213.695,265.763,0.13865289132080078,True,0,b76a8da10788ce70f20e0c2b992403ea,2,,False,False,False,True,False,140,211,353.695,476.763,pending_review
UNUM01200,UNU-KEY E-Waste Dataset v44,CC BY 4.0,valid,4085,2748,Copy-of-IMG_20200328_215102_jpg.rf.b363bb94ee02354177563dcf50da5066.jpg,Copy-of-IMG_20200328_215102,61,Smartphone,mobile_phone,640,640,65,251,488.0,226.0,0.2692578125,False,0,1048b0dac4d60a924403a039058b68ce,1,,False,False,False,False,True,65,251,553.0,477.0,pending_review
UNUM01201,UNU-KEY E-Waste Dataset v44,CC BY 4.0,valid,4097,2758,9486518cfe8d2670_jpg.rf.b3fee5aa4de6e0365ae30be61d5721ce.jpg,9486518cfe8d2670,61,Smartphone,mobile_phone,640,640,15,57,67.0,514.0,0.0840771484375,False,0,162192be6f377110946af17cfa26f44b,3,,False,False,False,True,False,15,57,82.0,571.0,pending_review
UNUM01202,UNU-KEY E-Waste Dataset v44,CC BY 4.0,valid,4098,2758,9486518cfe8d2670_jpg.rf.b3fee5aa4de6e0365ae30be61d5721ce.jpg,9486518cfe8d2670,61,Smartphone,mobile_phone,640,640,81,65,268.0,513.0,0.335654296875,False,0,162192be6f377110946af17cfa26f44b,3,,False,False,False,True,False,81,65,349.0,578.0,pending_review
UNUM01203,UNU-KEY E-Waste Dataset v44,CC BY 4.0,valid,4099,2758,9486518cfe8d2670_jpg.rf.b3fee5aa4de6e0365ae30be61d5721ce.jpg,9486518cfe8d2670,61,Smartphone,mobile_phone,640,640,360,63,266.0,511.0,0.3318505859375,False,0,162192be6f377110946af17cfa26f44b,3,,False,False,False,True,False,360,63,626.0,574.0,pending_review
UNUM01204,UNU-KEY E-Waste Dataset v44,CC BY 4.0,valid,4100,2759,WhatsApp-Video-2023-09-09-at-10_00_52-PM_mp4-20_jpg.rf.b3bd51a58ad03ec99b0ba286a9d7e77c.jpg,WhatsApp-Video-2023-09-09-at-10_00_52-PM_mp4-20,2,Bar-Phone,mobile_phone,640,640,260,252,140.0,297.0,0.101513671875,False,0,1868ac6680fb33f0b10114063cd86b8c,1,,False,False,False,False,False,260,252,400.0,549.0,pending_review
UNUM01205,UNU-KEY E-Waste Dataset v44,CC BY 4.0,valid,4208,2806,32_jpg.rf.b6e518030d8ebd622f57ba1c161d8f25.jpg,32,61,Smartphone,mobile_phone,640,640,56,152,484.477,356.289,0.42142047327392573,True,0,02c0bcd6b9f906265b3374fb919ab924,1,,False,False,False,False,False,56,152,540.477,508.289,pending_review
UNUM01206,UNU-KEY E-Waste Dataset v44,CC BY 4.0,valid,4230,2823,458_jpeg_jpg.rf.b8bd254bb2416a9aecb3032749c23eec.jpg,458_jpeg,61,Smartphone,mobile_phone,640,640,62,211,324.0,429.0,0.339345703125,False,0,796ee27dcef110f5dfda8a21d8b60ee9,1,,False,False,False,False,False,62,211,386.0,640.0,pending_review
UNUM01207,UNU-KEY E-Waste Dataset v44,CC BY 4.0,valid,4262,2850,527_jpeg.rf.bae4b33c7efa7378ee911b77193249cc.jpg,527,61,Smartphone,mobile_phone,640,640,142,114,267.0,493.0,0.32136474609375,False,0,2f18821813af579deeb939fe78412f8b,1,,False,False,False,False,True,142,114,409.0,607.0,pending_review
UNUM01208,UNU-KEY E-Waste Dataset v44,CC BY 4.0,valid,4286,2861,000000046031_jpg.rf.bb6e0f8bca8255af63f025b7e7f39c7b.jpg,000000046031,61,Smartphone,mobile_phone,640,640,109,318,42.47,52.93,0.005488127685546875,True,0,1d9f531195c398ad816ca2d3ca5dfedc,1,Computer-Keyboard; Computer-Mouse; Flat-Panel-Monitor; Laptop,True,True,False,False,False,109,318,151.47,370.93,pending_review
UNUM01209,UNU-KEY E-Waste Dataset v44,CC BY 4.0,valid,4320,2892,IMG-20200328-WA0033_jpg.rf.bd6396af695ca90954d9d1a81bc14046.jpg,IMG-20200328-WA0033,61,Smartphone,mobile_phone,640,640,165,13,315.0,594.0,0.4568115234375,False,0,ba88e28be83c05651eb53814f4e9255b,1,,False,False,False,False,True,165,13,480.0,607.0,pending_review
UNUM01210,UNU-KEY E-Waste Dataset v44,CC BY 4.0,valid,4326,2895,000000573815_jpg.rf.bc7bd8e55dddaa67bd0b90af46a7ddd5.jpg,000000573815,2,Bar-Phone,mobile_phone,640,640,112,495,96.038,67.904,0.015921299687499998,True,0,56d91a0584f61c01665a4deeef74edc4,1,Computer-Mouse; Flat-Panel-Monitor; Laptop,True,True,False,False,False,112,495,208.038,562.904,pending_review
UNUM01211,UNU-KEY E-Waste Dataset v44,CC BY 4.0,valid,4382,2910,502_jpeg.rf.be59b2a3210909f573e54dcf26ba933c.jpg,502,61,Smartphone,mobile_phone,640,640,93,231,399.0,202.0,0.1967724609375,False,0,56e89aee175591576b7857b589b95b6d,1,,False,False,False,False,True,93,231,492.0,433.0,pending_review
UNUM01212,UNU-KEY E-Waste Dataset v44,CC BY 4.0,valid,4387,2914,03f3b58bb0640422_jpg.rf.be6a602c10fafd81f0649b3daab1be88.jpg,03f3b58bb0640422,61,Smartphone,mobile_phone,640,640,216,17,208.0,574.0,0.291484375,False,0,7d5f61fd87e2b27e3d12fd7a52b24721,1,,False,False,False,False,False,216,17,424.0,591.0,pending_review
UNUM01213,UNU-KEY E-Waste Dataset v44,CC BY 4.0,valid,4446,2956,IMG_20200329_152858_jpg.rf.c03cf62cec40bbdef5aff2c02b251ead.jpg,IMG_20200329_152858,61,Smartphone,mobile_phone,640,640,1,313,134.0,157.0,0.0513623046875,False,0,146872accc287acf82c7761527849a55,2,Laptop,True,False,False,True,True,1,313,135.0,470.0,pending_review
UNUM01214,UNU-KEY E-Waste Dataset v44,CC BY 4.0,valid,4447,2956,IMG_20200329_152858_jpg.rf.c03cf62cec40bbdef5aff2c02b251ead.jpg,IMG_20200329_152858,61,Smartphone,mobile_phone,640,640,174,340,184.0,95.0,0.04267578125,False,0,146872accc287acf82c7761527849a55,2,Laptop,True,False,False,True,True,174,340,358.0,435.0,pending_review
UNUM01215,UNU-KEY E-Waste Dataset v44,CC BY 4.0,valid,4472,2976,454_jpeg.rf.c08f266d0f97ad02c6eb49fc936e6944.jpg,454,61,Smartphone,mobile_phone,640,640,183,70,275.0,491.0,0.32965087890625,False,0,5cf4db694bd0c3bc51293867a8aa744f,1,,False,False,False,False,True,183,70,458.0,561.0,pending_review
UNUM01216,UNU-KEY E-Waste Dataset v44,CC BY 4.0,valid,4484,2986,IMG_20200329_152857_jpg.rf.c1be2a3fa365144d12112803ee306580.jpg,IMG_20200329_152857,61,Smartphone,mobile_phone,640,640,7,320,137.0,148.0,0.049501953125,False,0,586c6c8349d095faeed5ea65438789e7,2,Laptop,True,False,False,True,True,7,320,144.0,468.0,pending_review
UNUM01217,UNU-KEY E-Waste Dataset v44,CC BY 4.0,valid,4485,2986,IMG_20200329_152857_jpg.rf.c1be2a3fa365144d12112803ee306580.jpg,IMG_20200329_152857,61,Smartphone,mobile_phone,640,640,184,338,177.0,97.0,0.04191650390625,False,0,586c6c8349d095faeed5ea65438789e7,2,Laptop,True,False,False,True,True,184,338,361.0,435.0,pending_review
UNUM01218,UNU-KEY E-Waste Dataset v44,CC BY 4.0,valid,4502,2997,Samsung_Galaxy_S23_Ultra_design_display_flat_leak_drdNBC_jpg.rf.c2671cf005b2e964c0b853a884f491ae.jpg,Samsung_Galaxy_S23_Ultra_design_display_flat_leak_drdNBC,61,Smartphone,mobile_phone,640,640,135,230,497.849,269.004,0.3269613583886719,True,0,0cb51c361b6c414c1a1abc75d60c0e5e,2,,False,False,False,True,False,135,230,632.8489999999999,499.004,pending_review
UNUM01219,UNU-KEY E-Waste Dataset v44,CC BY 4.0,valid,4503,2997,Samsung_Galaxy_S23_Ultra_design_display_flat_leak_drdNBC_jpg.rf.c2671cf005b2e964c0b853a884f491ae.jpg,Samsung_Galaxy_S23_Ultra_design_display_flat_leak_drdNBC,61,Smartphone,mobile_phone,640,640,80,139,429.641,198.247,0.2079468733569336,True,0,0cb51c361b6c414c1a1abc75d60c0e5e,2,,False,False,False,True,False,80,139,509.641,337.247,pending_review
UNUM01220,UNU-KEY E-Waste Dataset v44,CC BY 4.0,valid,4586,3004,99_jpg.rf.c09d3ed18f247d96788aee11c40333e8.jpg,99,61,Smartphone,mobile_phone,640,640,2,179,401.342,308.026,0.30181584690429686,True,0,797a3f0f2b51d8363daf0e2d755023a9,2,,False,False,False,True,False,2,179,403.342,487.026,pending_review
UNUM01221,UNU-KEY E-Waste Dataset v44,CC BY 4.0,valid,4587,3004,99_jpg.rf.c09d3ed18f247d96788aee11c40333e8.jpg,99,61,Smartphone,mobile_phone,640,640,235,152,404.645,313.806,0.31000983610839844,True,0,797a3f0f2b51d8363daf0e2d755023a9,2,,False,False,False,True,False,235,152,639.645,465.806,pending_review
UNUM01222,UNU-KEY E-Waste Dataset v44,CC BY 4.0,valid,4589,3006,497_jpeg.rf.c2717b1a6dd788644dac43fcf8994a7c.jpg,497,61,Smartphone,mobile_phone,640,640,222,175,165.0,272.0,0.1095703125,False,0,b3d22513eb7f19ff16adfa8c446f68f3,1,,False,False,False,False,False,222,175,387.0,447.0,pending_review
UNUM01223,UNU-KEY E-Waste Dataset v44,CC BY 4.0,valid,4593,3007,000000226171_jpg.rf.c2f80a62b5dc76a3a7d02b9771a68f2a.jpg,000000226171,2,Bar-Phone,mobile_phone,640,640,0,358,68.64,36.63,0.0061383867187500005,True,0,27bac628e7245c67362af8fd40fc823b,1,Computer-Keyboard; Flat-Panel-Monitor; Laptop,True,True,False,False,False,0,358,68.64,394.63,pending_review
UNUM01224,UNU-KEY E-Waste Dataset v44,CC BY 4.0,valid,4630,3038,503_jpeg.rf.c59cbec7ec338773b2126c621c64755d.jpg,503,61,Smartphone,mobile_phone,640,640,192,63,205.0,397.0,0.19869384765625,False,0,990a4cdf5f844469ffed096b52eb2d28,1,,False,False,False,False,True,192,63,397.0,460.0,pending_review
UNUM01225,UNU-KEY E-Waste Dataset v44,CC BY 4.0,valid,4649,3056,484_jpg.rf.c598e84128d3898527b31b3e714c8bf1.jpg,484,61,Smartphone,mobile_phone,640,640,2,148,558.0,234.0,0.318779296875,False,0,d694cdbf43f1620cc82c195b802c142c,1,,False,False,False,False,True,2,148,560.0,382.0,pending_review
UNUM01226,UNU-KEY E-Waste Dataset v44,CC BY 4.0,valid,4655,3062,6_jpg.rf.c685e4b4034ba0e03742284a5cf44eca.jpg,6,61,Smartphone,mobile_phone,640,640,180,59,234.525,464.812,0.2661377790527344,True,0,7573393ef7f12339b850266fe1e7dc80,1,,False,False,False,False,False,180,59,414.525,523.812,pending_review
UNUM01227,UNU-KEY E-Waste Dataset v44,CC BY 4.0,valid,4764,3150,000000310972_jpg.rf.cc3ff57dffa7831151bc954543a74701.jpg,000000310972,61,Smartphone,mobile_phone,640,640,263,408,27.571,51.622,0.0034747806689453126,True,0,13aea89c4f5286b91d93089804f570d5,1,Computer-Keyboard; Computer-Mouse; Flat-Panel-Monitor; Laptop,True,True,False,False,False,263,408,290.571,459.622,pending_review
UNUM01228,UNU-KEY E-Waste Dataset v44,CC BY 4.0,valid,4781,3163,517_jpg.rf.cc4d2b15b4adf763e3bb8e9ce836966b.jpg,517,61,Smartphone,mobile_phone,640,640,140,94,352.0,354.0,0.30421875,False,0,6ef7142d0425293c06ee00dcdfcc32da,1,,False,False,False,False,True,140,94,492.0,448.0,pending_review
UNUM01229,UNU-KEY E-Waste Dataset v44,CC BY 4.0,valid,4783,3165,565_jpg.rf.cc66b022fb02d6ab558c3456907b839d.jpg,565,61,Smartphone,mobile_phone,640,640,151,128,310.0,413.0,0.3125732421875,False,0,9a0fec917f51ee98e47ab43b63fcb312,1,,False,False,False,False,True,151,128,461.0,541.0,pending_review
UNUM01230,UNU-KEY E-Waste Dataset v44,CC BY 4.0,valid,4788,3170,92_jpg.rf.ce486fc3decdf7604eccc592a30d28dc.jpg,92,61,Smartphone,mobile_phone,640,640,112,53,285.882,501.176,0.3497978448046875,True,0,529eec22ed87abd6d251663ba010f11c,2,,False,False,False,True,False,112,53,397.882,554.1759999999999,pending_review
UNUM01231,UNU-KEY E-Waste Dataset v44,CC BY 4.0,valid,4789,3170,92_jpg.rf.ce486fc3decdf7604eccc592a30d28dc.jpg,92,61,Smartphone,mobile_phone,640,640,380,139,248.235,421.176,0.25525054775390627,True,0,529eec22ed87abd6d251663ba010f11c,2,,False,False,False,True,False,380,139,628.235,560.1759999999999,pending_review
UNUM01232,UNU-KEY E-Waste Dataset v44,CC BY 4.0,valid,4797,3177,81eaf2533dd7a21d_jpg.rf.ce84dc8cf05129d73f61ea20a7f4d555.jpg,81eaf2533dd7a21d,61,Smartphone,mobile_phone,640,640,5,39,268.0,558.0,0.36509765625,False,0,210d8162203f30cae68d500730941c72,3,,False,False,False,True,False,5,39,273.0,597.0,pending_review
UNUM01233,UNU-KEY E-Waste Dataset v44,CC BY 4.0,valid,4798,3177,81eaf2533dd7a21d_jpg.rf.ce84dc8cf05129d73f61ea20a7f4d555.jpg,81eaf2533dd7a21d,61,Smartphone,mobile_phone,640,640,298,43,277.0,556.0,0.376005859375,False,0,210d8162203f30cae68d500730941c72,3,,False,False,False,True,False,298,43,575.0,599.0,pending_review
UNUM01234,UNU-KEY E-Waste Dataset v44,CC BY 4.0,valid,4799,3177,81eaf2533dd7a21d_jpg.rf.ce84dc8cf05129d73f61ea20a7f4d555.jpg,81eaf2533dd7a21d,61,Smartphone,mobile_phone,640,640,603,39,37.0,561.0,0.05067626953125,False,0,210d8162203f30cae68d500730941c72,3,,False,False,False,True,False,603,39,640.0,600.0,pending_review
UNUM01235,UNU-KEY E-Waste Dataset v44,CC BY 4.0,valid,4859,3224,IMG_20200329_152649_jpg.rf.d158b42739de747d6b44f90f2734d946.jpg,IMG_20200329_152649,61,Smartphone,mobile_phone,640,640,218,435,99.0,191.0,0.04616455078125,False,0,888dafeb472b97358e0dc54b4415f2f7,2,Laptop,True,False,False,True,True,218,435,317.0,626.0,pending_review
UNUM01236,UNU-KEY E-Waste Dataset v44,CC BY 4.0,valid,4860,3224,IMG_20200329_152649_jpg.rf.d158b42739de747d6b44f90f2734d946.jpg,IMG_20200329_152649,61,Smartphone,mobile_phone,640,640,318,433,108.0,183.0,0.048251953125,False,0,888dafeb472b97358e0dc54b4415f2f7,2,Laptop,True,False,False,True,True,318,433,426.0,616.0,pending_review
UNUM01237,UNU-KEY E-Waste Dataset v44,CC BY 4.0,valid,4889,3246,280a91c3be0c5433_jpg.rf.d337b18f3ae9395d0eb04b57f8c4b407.jpg,280a91c3be0c5433,61,Smartphone,mobile_phone,640,640,4,82,603.0,478.0,0.7036962890625,False,0,b4325c808800ede47fb8aa5d63cf8886,1,,False,False,False,False,False,4,82,607.0,560.0,pending_review
UNUM01238,UNU-KEY E-Waste Dataset v44,CC BY 4.0,valid,4912,3264,564_jpg.rf.d42da3315c3a3f0990479d2a77cdc28b.jpg,564,61,Smartphone,mobile_phone,640,640,14,191,626.0,191.0,0.2919091796875,False,0,acc863e7aa5e638d3226641ed648e11e,1,,False,False,False,False,True,14,191,640.0,382.0,pending_review
UNUM01239,UNU-KEY E-Waste Dataset v44,CC BY 4.0,valid,4957,3296,573_jpg.rf.d60fb0dc4058e3aa51d61ddbce78de8a.jpg,573,61,Smartphone,mobile_phone,640,640,141,39,359.0,399.0,0.34970947265625,False,0,0a37b7fcdc5e46ccfc0ab4f94ac96381,1,,False,False,False,False,True,141,39,500.0,438.0,pending_review
UNUM01240,UNU-KEY E-Waste Dataset v44,CC BY 4.0,valid,4982,3319,596_jpeg.rf.d72649bb1d93af44d3edbd8804a515d8.jpg,596,61,Smartphone,mobile_phone,640,640,200,102,272.0,381.0,0.2530078125,False,0,e9a219cdf9ee8622cbebc59121b39256,1,,False,False,False,False,True,200,102,472.0,483.0,pending_review
UNUM01241,UNU-KEY E-Waste Dataset v44,CC BY 4.0,valid,4986,3323,WhatsApp-Video-2023-09-09-at-10_00_52-PM_mp4-38_jpg.rf.d75afce43bced4d25a28dcd4ce51ca96.jpg,WhatsApp-Video-2023-09-09-at-10_00_52-PM_mp4-38,2,Bar-Phone,mobile_phone,640,640,258,162,179.0,382.0,0.1669384765625,False,0,2489fb2cfe753eacbb7e0583223eeacd,1,,False,False,False,False,False,258,162,437.0,544.0,pending_review
UNUM01242,UNU-KEY E-Waste Dataset v44,CC BY 4.0,valid,4989,3326,2d07cb417233b995_jpg.rf.d799a6a576f79775a6f4922d2ebe8405.jpg,2d07cb417233b995,61,Smartphone,mobile_phone,640,640,176,196,141.0,274.0,0.0943212890625,False,0,bb6e6192a5ff59b4627feb54d37a5bc9,1,,False,False,False,False,False,176,196,317.0,470.0,pending_review
UNUM01243,UNU-KEY E-Waste Dataset v44,CC BY 4.0,valid,5056,3353,41_jpg.rf.d895ff21e14009e08a4275a3e60ce16f.jpg,41,61,Smartphone,mobile_phone,640,640,141,101,286.202,526.382,0.36780171182617183,True,0,1d31b67ce221fced29ba3e6310dca0dc,1,,False,False,False,False,False,141,101,427.202,627.382,pending_review
UNUM01244,UNU-KEY E-Waste Dataset v44,CC BY 4.0,valid,5138,3415,Copy-of-IMG_20200328_222053_jpg.rf.dc4c56df6eabbfa077683430b0f6c815.jpg,Copy-of-IMG_20200328_222053,61,Smartphone,mobile_phone,640,640,0,145,638.0,248.0,0.3862890625,False,0,59c8d2e6c832a87e2b402265294c5d55,1,,False,False,False,False,False,0,145,638.0,393.0,pending_review
UNUM01245,UNU-KEY E-Waste Dataset v44,CC BY 4.0,valid,5162,3437,1200px-Android_Smartphones_jpeg.rf.dee4e8d1ce732c7a28fb08bfc5141fc1.jpg,1200px-Android_Smartphones,61,Smartphone,mobile_phone,640,640,8,157,169.067,367.467,0.15167613107666017,True,0,cf509920fc8b431343daae2246114bd5,3,,False,False,False,True,False,8,157,177.067,524.467,pending_review
UNUM01246,UNU-KEY E-Waste Dataset v44,CC BY 4.0,valid,5163,3437,1200px-Android_Smartphones_jpeg.rf.dee4e8d1ce732c7a28fb08bfc5141fc1.jpg,1200px-Android_Smartphones,61,Smartphone,mobile_phone,640,640,217,124,190.4,407.467,0.18940848828124998,True,0,cf509920fc8b431343daae2246114bd5,3,,False,False,False,True,False,217,124,407.4,531.467,pending_review
UNUM01247,UNU-KEY E-Waste Dataset v44,CC BY 4.0,valid,5164,3437,1200px-Android_Smartphones_jpeg.rf.dee4e8d1ce732c7a28fb08bfc5141fc1.jpg,1200px-Android_Smartphones,61,Smartphone,mobile_phone,640,640,455,132,184.0,392.533,0.17633318359375,True,0,cf509920fc8b431343daae2246114bd5,3,,False,False,False,True,False,455,132,639.0,524.533,pending_review
UNUM01248,UNU-KEY E-Waste Dataset v44,CC BY 4.0,valid,5222,3461,471_jpeg.rf.e05e2db4a3bb6453cb13f0c05a536036.jpg,471,61,Smartphone,mobile_phone,640,640,162,43,307.0,551.0,0.41298095703125,False,0,d706d54e378531c99490541b4d0b6c4f,1,,False,False,False,False,True,162,43,469.0,594.0,pending_review
UNUM01249,UNU-KEY E-Waste Dataset v44,CC BY 4.0,valid,5238,3476,519_jpeg.rf.e1d103b836b7d86393e29f2e4efed3e1.jpg,519,61,Smartphone,mobile_phone,640,640,210,97,254.0,506.0,0.313779296875,False,0,5acdf4e93ff3963e5858894f4167b913,1,,False,False,False,False,True,210,97,464.0,603.0,pending_review
UNUM01250,UNU-KEY E-Waste Dataset v44,CC BY 4.0,valid,5263,3491,000000337448_jpg.rf.e21f541caa2c238b9fd7c36f09b5cdbc.jpg,000000337448,61,Smartphone,mobile_phone,640,640,0,308,37.517,72.486,0.006639299956054688,True,0,0cf0c03b4177add3e00d74c166abf8bc,1,CRT-Monitor; Computer-Keyboard; Computer-Mouse; Flat-Panel-Monitor; Laptop,True,True,False,False,False,0,308,37.517,380.486,pending_review
UNUM01251,UNU-KEY E-Waste Dataset v44,CC BY 4.0,valid,5283,3510,456_jpeg.rf.e4ade5768aa1b5404049b3fa94ac637b.jpg,456,61,Smartphone,mobile_phone,640,640,117,34,354.0,576.0,0.4978125,False,0,570768035d97463b4857c2cac45c7801,1,,False,False,False,False,True,117,34,471.0,610.0,pending_review
UNUM01252,UNU-KEY E-Waste Dataset v44,CC BY 4.0,valid,5298,3521,WhatsApp-Video-2023-09-09-at-10_00_52-PM_mp4-3_jpg.rf.e50b680c798b95d5ab075722d1646def.jpg,WhatsApp-Video-2023-09-09-at-10_00_52-PM_mp4-3,2,Bar-Phone,mobile_phone,640,640,249,237,124.0,230.0,0.06962890625,False,0,e10f00c4ab82786bd5045127b50a7744,1,,False,False,False,False,False,249,237,373.0,467.0,pending_review
UNUM01253,UNU-KEY E-Waste Dataset v44,CC BY 4.0,valid,5356,3567,b93140871fe2f4f9_jpg.rf.e87bf8190f6a65b74531328aaafe1b7b.jpg,b93140871fe2f4f9,61,Smartphone,mobile_phone,640,640,67,141,318.0,357.0,0.2771630859375,False,0,b8c6a69e4abdc416c80ed89a991e0de0,1,,False,False,False,False,False,67,141,385.0,498.0,pending_review
UNUM01254,UNU-KEY E-Waste Dataset v44,CC BY 4.0,valid,5370,3577,540_jpeg.rf.e8de911df4c41cce2aea9127d3cf8158.jpg,540,61,Smartphone,mobile_phone,640,640,203,72,245.0,414.0,0.2476318359375,False,0,93716ef46b546899b3d12fc8e91af649,1,,False,False,False,False,True,203,72,448.0,486.0,pending_review
UNUM01255,UNU-KEY E-Waste Dataset v44,CC BY 4.0,valid,5385,3587,000000551344_jpg.rf.ea27eb1d8ea946abae6b9671f96fa48f.jpg,000000551344,2,Bar-Phone,mobile_phone,640,640,169,474,84.56,59.78,0.01234130078125,True,0,267b4eee2e6989d6147f6f6f5e82f000,2,CRT-Monitor; Computer-Keyboard; Computer-Mouse; Laptop,True,True,False,True,False,169,474,253.56,533.78,pending_review
UNUM01256,UNU-KEY E-Waste Dataset v44,CC BY 4.0,valid,5390,3587,000000551344_jpg.rf.ea27eb1d8ea946abae6b9671f96fa48f.jpg,000000551344,2,Bar-Phone,mobile_phone,640,640,87,388,40.4,41.88,0.0041307421875,True,0,267b4eee2e6989d6147f6f6f5e82f000,2,CRT-Monitor; Computer-Keyboard; Computer-Mouse; Laptop,True,True,False,True,False,87,388,127.4,429.88,pending_review
UNUM01257,UNU-KEY E-Waste Dataset v44,CC BY 4.0,valid,5399,3595,000000534081_jpg.rf.eac8eea4bbdd3c6e9914dd11058a0b86.jpg,000000534081,61,Smartphone,mobile_phone,640,640,366,388,39.32,27.34,0.002624533203125,True,0,9d573dbd1cde3ad3bdcb1a653507c089,1,Computer-Keyboard; Computer-Mouse; Flat-Panel-Monitor; Laptop,True,True,False,False,False,366,388,405.32,415.34,pending_review
UNUM01258,UNU-KEY E-Waste Dataset v44,CC BY 4.0,valid,5495,3648,Copy-of-IMG_20200328_135457_jpg.rf.ee73a6a5de0e4a0f03b2e1a0f450a424.jpg,Copy-of-IMG_20200328_135457,61,Smartphone,mobile_phone,640,640,144,36,313.0,589.0,0.45009033203125,False,0,547d183c81c7d6bdd985a9205f403db6,1,,False,False,False,False,False,144,36,457.0,625.0,pending_review
UNUM01259,UNU-KEY E-Waste Dataset v44,CC BY 4.0,valid,5511,3661,47_jpg.rf.eee4775f36632a38d9655faf58ddaef3.jpg,47,61,Smartphone,mobile_phone,640,640,181,55,295.477,512.0,0.36934625,True,0,67cf446277f769709ea0c211252ce750,1,,False,False,False,False,False,181,55,476.477,567.0,pending_review
UNUM01260,UNU-KEY E-Waste Dataset v44,CC BY 4.0,valid,5512,3662,2694f07a-c11e-4a14-b185-14e018ff94dc_A32-Phone-Mockup_jpeg.rf.efdfaf43fa8ca44f6ae45853b7d4b9a0.jpg,2694f07a-c11e-4a14-b185-14e018ff94dc_A32-Phone-Mockup,61,Smartphone,mobile_phone,640,640,86,208,325.966,240.367,0.19128776738769532,True,0,ae0ee7b664d8e317f4fe2591871f8620,2,,False,False,False,True,False,86,208,411.966,448.36699999999996,pending_review
UNUM01261,UNU-KEY E-Waste Dataset v44,CC BY 4.0,valid,5513,3662,2694f07a-c11e-4a14-b185-14e018ff94dc_A32-Phone-Mockup_jpeg.rf.efdfaf43fa8ca44f6ae45853b7d4b9a0.jpg,2694f07a-c11e-4a14-b185-14e018ff94dc_A32-Phone-Mockup,61,Smartphone,mobile_phone,640,640,271,181,280.141,244.691,0.16735347029052736,True,0,ae0ee7b664d8e317f4fe2591871f8620,2,,False,False,False,True,False,271,181,551.1410000000001,425.69100000000003,pending_review
UNUM01262,UNU-KEY E-Waste Dataset v44,CC BY 4.0,valid,5546,3686,479_jpg.rf.f0c0bd22ff3082afadd9b734495bea37.jpg,479,61,Smartphone,mobile_phone,640,640,5,160,635.0,192.0,0.29765625,False,0,ad7d3af3ad1d682ac240da6edb876491,1,,False,False,False,False,True,5,160,640.0,352.0,pending_review
UNUM01263,UNU-KEY E-Waste Dataset v44,CC BY 4.0,valid,5617,3735,542_jpeg.rf.f3ea6aa8501c138951eec3f665ec106c.jpg,542,61,Smartphone,mobile_phone,640,640,168,171,313.0,428.0,0.327060546875,False,0,424392dc83ea8650c9744e58388d1c8e,1,,False,False,False,False,True,168,171,481.0,599.0,pending_review
UNUM01264,UNU-KEY E-Waste Dataset v44,CC BY 4.0,valid,5623,3739,536_jpeg.rf.f45eb9b4cc4962100024beab5d657f88.jpg,536,61,Smartphone,mobile_phone,640,640,184,56,236.0,459.0,0.264462890625,False,0,f93056324518ed3faf4ed8556f30eb69,1,,False,False,False,False,True,184,56,420.0,515.0,pending_review
UNUM01265,UNU-KEY E-Waste Dataset v44,CC BY 4.0,valid,5678,3773,499_jpeg.rf.f6afd6c2b2487a7ee83b9e2d48e56483.jpg,499,61,Smartphone,mobile_phone,640,640,212,133,193.0,314.0,0.1479541015625,False,0,df4a13879a8f9ae21d40ca2b7ce69e79,1,,False,False,False,False,True,212,133,405.0,447.0,pending_review
UNUM01266,UNU-KEY E-Waste Dataset v44,CC BY 4.0,valid,5714,3800,526_jpeg.rf.f85611d53e42b6dc17994afc2988203a.jpg,526,61,Smartphone,mobile_phone,640,640,239,156,175.0,282.0,0.1204833984375,False,0,48b97bbfd3ec8415d482b44267292898,1,,False,False,False,False,False,239,156,414.0,438.0,pending_review
UNUM01267,UNU-KEY E-Waste Dataset v44,CC BY 4.0,valid,5715,3801,60_jpg.rf.f83983d9963bcdd58a88d509fd9c06cb.jpg,60,61,Smartphone,mobile_phone,640,640,86,311,471.455,192.118,0.22113035080566404,True,0,4ceb2cb63986911f77edf111b42c6a97,1,,False,False,False,False,False,86,311,557.4549999999999,503.118,pending_review
UNUM01268,UNU-KEY E-Waste Dataset v44,CC BY 4.0,valid,5778,3842,WhatsApp-Video-2023-09-09-at-10_00_52-PM_mp4-11_jpg.rf.fa745b535e080bf91f67fc6d66a7ada1.jpg,WhatsApp-Video-2023-09-09-at-10_00_52-PM_mp4-11,2,Bar-Phone,mobile_phone,640,640,244,275,125.0,270.0,0.0823974609375,False,0,fe16964e696763cde16ad3cdb4e18c2c,1,,False,False,False,False,False,244,275,369.0,545.0,pending_review
UNUM01269,UNU-KEY E-Waste Dataset v44,CC BY 4.0,valid,5802,3853,492_jpeg.rf.fb755314bc3a13652b3f2b845a809e5c.jpg,492,61,Smartphone,mobile_phone,640,640,199,212,414.0,280.0,0.2830078125,False,0,5b322e8bec8192543abea8c1c2ad659c,1,,False,False,False,False,True,199,212,613.0,492.0,pending_review
UNUM01270,UNU-KEY E-Waste Dataset v44,CC BY 4.0,valid,5810,3859,Samsung-Mobile-Phone-PNG_png.rf.fbc43e2373a15a18e85ba54c3bc3acfd.jpg,Samsung-Mobile-Phone-PNG,61,Smartphone,mobile_phone,640,640,196,80,255.467,480.0,0.299375390625,True,0,210967d5d13bc1ae844a185fc286f63f,1,,False,False,False,False,False,196,80,451.467,560.0,pending_review
UNUM01271,UNU-KEY E-Waste Dataset v44,CC BY 4.0,valid,5811,3860,realme-c21y-rmx-3263-3gb-32gb-6-5-smartphone_jpeg.rf.fb9b5ec0440a58b8eb0390a70cb79bc8.jpg,realme-c21y-rmx-3263-3gb-32gb-6-5-smartphone,61,Smartphone,mobile_phone,640,640,175,18,286.08,609.28,0.4255439999999999,True,0,75cb16a02f73f1d041d2d09b81e879a0,1,,False,False,False,False,False,175,18,461.08,627.28,pending_review
UNUM01272,UNU-KEY E-Waste Dataset v44,CC BY 4.0,valid,5841,3879,515_jpg.rf.fc61a749316c19bf8aa0086a23efba62.jpg,515,61,Smartphone,mobile_phone,640,640,114,27,406.0,500.0,0.49560546875,False,0,d3854d73791ee9ac319dab970681d171,1,,False,False,False,False,True,114,27,520.0,527.0,pending_review
UNUM01273,UNU-KEY E-Waste Dataset v44,CC BY 4.0,valid,5844,3882,468_jpeg.rf.fd4d51e3b330dd63660dee97f4f40061.jpg,468,61,Smartphone,mobile_phone,640,640,180,12,294.0,578.0,0.414873046875,False,0,7f0637294ae1cb104dbda8d4c2ee3a49,1,,False,False,False,False,True,180,12,474.0,590.0,pending_review
UNUM01274,UNU-KEY E-Waste Dataset v44,CC BY 4.0,valid,5865,3897,548_jpeg.rf.fc55b52ed04c2ad938c7b8ee5995b7a3.jpg,548,61,Smartphone,mobile_phone,640,640,169,71,287.0,473.0,0.33142333984375,False,0,53da8093ffa80c6cd599c7c1028bba4b,1,,False,False,False,False,True,169,71,456.0,544.0,pending_review
UNUM01275,UNU-KEY E-Waste Dataset v44,CC BY 4.0,valid,5868,3900,381265925-800x600_jpeg.rf.fe27437ae0368fe3f668176a5cfc719f.jpg,381265925-800x600,61,Smartphone,mobile_phone,640,640,314,163,134.4,268.8,0.0882,True,0,723fa5a73bb636ecb9cbe5f09fc2faac,1,,False,False,False,False,False,314,163,448.4,431.8,pending_review
UNUM01276,UNU-KEY E-Waste Dataset v44,CC BY 4.0,valid,5880,3907,Copy-of-IMG_20200328_222105_jpg.rf.fedbe00a7ca79c69a700d2c1dc04e73a.jpg,Copy-of-IMG_20200328_222105,61,Smartphone,mobile_phone,640,640,0,147,634.0,231.0,0.3575537109375,False,0,a89ced3beddeba6bc72db836544dc407,1,,False,False,False,False,True,0,147,634.0,378.0,pending_review
UNUM01277,UNU-KEY E-Waste Dataset v44,CC BY 4.0,valid,5887,3914,56_jpg.rf.ffae68393aae638adc8d3866e8625d8f.jpg,56,61,Smartphone,mobile_phone,640,640,19,185,609.802,282.496,0.42057281687500003,True,0,6c3583640925d8b297af8bc82157e468,1,,False,False,False,False,False,19,185,628.802,467.496,pending_review
